id,prompt,answer,generated_cot,type,confidence,method,n_ambig_bits
000b53cf,"In Alice's Wonderland, a secret bit manipulation rule transforms 8-bit binary numbers. The transformation involves operations like bit shifts, rotations, XOR, AND, OR, NOT, and possibly majority or choice functions.

Here are some examples of input -> output:
10001110 -> 00100110
10011001 -> 01000100
01100100 -> 00010001
10000010 -> 00001010
00011011 -> 01001100
00111010 -> 10011100
01101111 -> 00110111
10010110 -> 01011010
00001010 -> 00101100

Now, determine the output for: 11100000",01000011,"I need to find the secret bit manipulation rule from the examples.

Given 9 examples:
  10001110 -> 00100110
  10011001 -> 01000100
  01100100 -> 00010001
  10000010 -> 00001010
  00011011 -> 01001100
  00111010 -> 10011100
  01101111 -> 00110111
  10010110 -> 01011010
  00001010 -> 00101100

Query: 11100000

Step 1: Analyze each output bit as an independent boolean function of input bits.

  Output bit 0: Ambiguous (3 candidates predict 0, 1 predict 1)
    For 0: AND(in[2], in[3]), XOR(in[1], in[2]), INHIB(in[2], in[1])
    For 1: INHIB(in[2], in[5])
  Output bit 1: All 1 candidates agree -> value = 0
    Best match: INHIB(in[3], in[2]) = 0
  Output bit 2: All 1 candidates agree -> value = 0
    Best match: INHIB(in[4], in[3]) = 0
  Output bit 3: All 1 candidates agree -> value = 0
    Best match: MAJ(in[2], in[3], in[5]) = 0
  Output bit 4: All 1 candidates agree -> value = 1
    Best match: XNOR(AND)(in[0], in[3], in[5]) = 1
  Output bit 5: All 2 candidates agree -> value = 0
    Best match: ID(in[4]) = 0
  Output bit 6: Ambiguous (2 candidates predict 0, 1 predict 1)
    For 0: MAJ(in[0], in[5], in[6]), CH(in[4], in[5], in[6])
    For 1: MAJ(in[0], in[1], in[6])
  Output bit 7: Ambiguous (4 candidates predict 0, 4 predict 1)
    For 0: AND(in[1], in[5]), AND(in[2], in[5]), INHIB(in[1], in[0])
    For 1: ID(in[1]), AND(in[1], in[2]), INHIB(in[1], in[3])

Step 2: Identify structural patterns.
  Confirmed bit mappings: bit5<-in[4](shift=7)
  Dominant shift = 7 (weight 5)

Step 3: Resolve ambiguous bits using structural patterns.
  Bit 0: Resolved via pair/structure pattern -> value = 0
  Bit 7: Resolved via pair/structure pattern -> value = 0

Step 4: Resolve remaining 1 ambiguous bit(s) by scoring all combinations.
  Ambiguous positions: [6]
  Scoring considers: operation priors, complexity, template consistency, shift alignment.
  Bit 6 -> 0

Step 5: Combine all bits to form the output.
  bit0=0(ctx) | bit1=0(unambig) | bit2=0(unambig) | bit3=0(unambig) | bit4=1(unambig) | bit5=0(unambig) | bit6=0(scored) | bit7=0(ctx)

The answer is 00001000.",Bit Manipulation,low,bf,1
004ef7c7,"In Alice's Wonderland, a secret bit manipulation rule transforms 8-bit binary numbers. The transformation involves operations like bit shifts, rotations, XOR, AND, OR, NOT, and possibly majority or choice functions.

Here are some examples of input -> output:
11101001 -> 01111101
11010100 -> 11111110
00110011 -> 00000111
00111000 -> 01001111
00101011 -> 11110101
00100010 -> 10101111
10000010 -> 11111010
00001010 -> 10111011

Now, determine the output for: 01010101",11111111,"I need to find the secret bit manipulation rule from the examples.

Given 8 examples:
  11101001 -> 01111101
  11010100 -> 11111110
  00110011 -> 00000111
  00111000 -> 01001111
  00101011 -> 11110101
  00100010 -> 10101111
  10000010 -> 11111010
  00001010 -> 10111011

Query: 01010101

Step 1: Analyze each output bit as an independent boolean function of input bits.

  Output bit 0: All 1 candidates agree -> value = 1
    Best match: XNOR(in[1], in[3]) = 1
  Output bit 1: All 1 candidates agree -> value = 1
    Best match: XNOR(in[2], in[4]) = 1
  Output bit 2: Ambiguous (1 candidates predict 0, 4 predict 1)
    For 0: IMPL(in[3], in[0])
    For 1: XNOR(in[3], in[5]), NAND(in[2], in[3]), IMPL(in[3], in[1])
  Output bit 3: All 1 candidates agree -> value = 0
    Best match: OR(AND)(in[4], in[6], in[0]) = 0
  Output bit 4: Ambiguous (1 candidates predict 0, 2 predict 1)
    For 0: IMPL(in[7], in[0])
    For 1: NAND(in[6], in[7]), IMPL(in[7], in[1])
  Output bit 5: All 5 candidates agree -> value = 1
    Best match: XOR(in[2], in[5]) = 1
  Output bit 6: All 2 candidates agree -> value = 1
    Best match: NAND(in[4], in[7]) = 1
  Output bit 7: Ambiguous (1 candidates predict 0, 3 predict 1)
    For 0: OR(in[2], in[4])
    For 1: IMPL(in[0], in[2]), IMPL(in[0], in[4]), IMPL(in[0], in[7])

Step 2: No strong shift pattern detected.

Step 3: Resolve ambiguous bits using structural patterns.
  Bit 2: Resolved via pair/structure pattern -> value = 1

Step 4: Resolve remaining 2 ambiguous bit(s) by scoring all combinations.
  Ambiguous positions: [4, 7]
  Scoring considers: operation priors, complexity, template consistency, shift alignment.
  Bit 4 -> 1
  Bit 7 -> 1

Step 5: Combine all bits to form the output.
  bit0=1(unambig) | bit1=1(unambig) | bit2=1(ctx) | bit3=0(unambig) | bit4=1(scored) | bit5=1(unambig) | bit6=1(unambig) | bit7=1(scored)

The answer is 11101111.",Bit Manipulation,low,bf,2
00890aff,"In Alice's Wonderland, a secret bit manipulation rule transforms 8-bit binary numbers. The transformation involves operations like bit shifts, rotations, XOR, AND, OR, NOT, and possibly majority or choice functions.

Here are some examples of input -> output:
01110000 -> 00011000
11101010 -> 10111000
00001011 -> 00000100
00111101 -> 01011110
01010101 -> 01010100
01111001 -> 01111100
11001001 -> 01100100
01101110 -> 10111011
10111001 -> 01101100
01111110 -> 10111111

Now, determine the output for: 11100101",01110000,"I need to find the secret bit manipulation rule from the examples.

Given 10 examples:
  01110000 -> 00011000
  11101010 -> 10111000
  00001011 -> 00000100
  00111101 -> 01011110
  01010101 -> 01010100
  01111001 -> 01111100
  11001001 -> 01100100
  01101110 -> 10111011
  10111001 -> 01101100
  01111110 -> 10111111

Query: 11100101

Step 1: Analyze each output bit as an independent boolean function of input bits.

  Output bit 0: All 4 candidates agree -> value = 0
    Best match: AND(in[1], in[6]) = 0
  Output bit 1: All 1 candidates agree -> value = 1
    Best match: INHIB(in[7], in[6]) = 1
  Output bit 2: All 1 candidates agree -> value = 1
    Best match: MAJ(in[0], in[1], in[4]) = 1
  Output bit 3: All 1 candidates agree -> value = 1
    Best match: MAJ(in[1], in[2], in[5]) = 1
  Output bit 4: All 2 candidates agree -> value = 1
    Best match: ID(in[2]) = 1
  Output bit 5: Ambiguous (1 candidates predict 0, 1 predict 1)
    For 0: MAJ(in[3], in[4], in[7])
    For 1: XOR3(in[2], in[3], in[4])
  Output bit 6: Ambiguous (1 candidates predict 0, 1 predict 1)
    For 0: AND(in[4], in[5])
    For 1: AND(in[2], in[5])
  Output bit 7: All 2 candidates agree -> value = 0
    Best match: AND(in[5], in[6]) = 0

Step 2: Identify structural patterns.
  Confirmed bit mappings: bit4<-in[2](shift=6)
  Dominant shift = 6 (weight 5)

Step 3: No additional bits resolved by context propagation.

Step 4: Resolve remaining 2 ambiguous bit(s) by scoring all combinations.
  Ambiguous positions: [5, 6]
  Scoring considers: operation priors, complexity, template consistency, shift alignment.
  Bit 5 -> 0
  Bit 6 -> 0

Step 5: Combine all bits to form the output.
  bit0=0(unambig) | bit1=1(unambig) | bit2=1(unambig) | bit3=1(unambig) | bit4=1(unambig) | bit5=0(scored) | bit6=0(scored) | bit7=0(unambig)

The answer is 01111000.",Bit Manipulation,low,bf,2
009a74b6,"In Alice's Wonderland, a secret bit manipulation rule transforms 8-bit binary numbers. The transformation involves operations like bit shifts, rotations, XOR, AND, OR, NOT, and possibly majority or choice functions.

Here are some examples of input -> output:
01110101 -> 00000111
01101101 -> 10000110
10001000 -> 01101110
11101010 -> 00001110
10100101 -> 00011011
10001011 -> 00111110
10101101 -> 10011010
11101101 -> 10011110
10110001 -> 11011011
01100001 -> 11000111

Now, determine the output for: 00110000",11111011,"I need to find the secret bit manipulation rule from the examples.

Given 10 examples:
  01110101 -> 00000111
  01101101 -> 10000110
  10001000 -> 01101110
  11101010 -> 00001110
  10100101 -> 00011011
  10001011 -> 00111110
  10101101 -> 10011010
  11101101 -> 10011110
  10110001 -> 11011011
  01100001 -> 11000111

Query: 00110000

Step 1: Analyze each output bit as an independent boolean function of input bits.

  Output bit 0: All 1 candidates agree -> value = 1
    Best match: XNOR(in[4], in[5]) = 1
  Output bit 1: All 2 candidates agree -> value = 1
    Best match: XNOR(in[5], in[6]) = 1
  Output bit 2: Ambiguous (6 candidates predict 0, 1 predict 1)
    For 0: NOR(in[1], in[2]), NOR(in[2], in[3]), NOR(in[2], in[5])
    For 1: XNOR(in[6], in[7])
  Output bit 3: Ambiguous (1 candidates predict 0, 1 predict 1)
    For 0: AND(in[0], in[7])
    For 1: XNOR(in[0], in[7])
  Output bit 4: Ambiguous (3 candidates predict 0, 2 predict 1)
    For 0: ID(in[0]), OR(in[0], in[6]), IMPL(in[2], in[0])
    For 1: IMPL(in[1], in[0]), IMPL(in[7], in[0])
  Output bit 5: All 2 candidates agree -> value = 0
    Best match: XNOR(in[1], in[2]) = 0
  Output bit 6: Ambiguous (4 candidates predict 0, 12 predict 1)
    For 0: OR(in[0], in[1]), OR(in[0], in[7]), OR(in[4], in[7])
    For 1: OR(in[0], in[2]), OR(in[2], in[4]), NAND(in[3], in[4])
  Output bit 7: Ambiguous (1 candidates predict 0, 4 predict 1)
    For 0: INHIB(in[7], in[4])
    For 1: NOR(in[4], in[6]), NOT(in[4]), INHIB(in[2], in[4])

Step 2: No strong shift pattern detected.

Step 3: Resolve ambiguous bits using structural patterns.
  Bit 2: Resolved via pair/structure pattern -> value = 1
  Bit 3: Resolved via pair/structure pattern -> value = 1

Step 4: Resolve remaining 3 ambiguous bit(s) by scoring all combinations.
  Ambiguous positions: [4, 6, 7]
  Scoring considers: operation priors, complexity, template consistency, shift alignment.
  Bit 4 -> 0
  Bit 6 -> 1
  Bit 7 -> 1

Step 5: Combine all bits to form the output.
  bit0=1(unambig) | bit1=1(unambig) | bit2=1(ctx) | bit3=1(ctx) | bit4=0(scored) | bit5=0(unambig) | bit6=1(scored) | bit7=1(scored)

The answer is 11110011.",Bit Manipulation,low,bf,3
012fb81b,"In Alice's Wonderland, a secret bit manipulation rule transforms 8-bit binary numbers. The transformation involves operations like bit shifts, rotations, XOR, AND, OR, NOT, and possibly majority or choice functions.

Here are some examples of input -> output:
10000100 -> 00000000
01101111 -> 10100011
01001111 -> 10100010
00010010 -> 00000000
10010100 -> 00000000
00101000 -> 00000000
01011001 -> 00100000
00010100 -> 00000000
00111000 -> 00000000
01110000 -> 00000000

Now, determine the output for: 10101101",10000100,"I need to find the secret bit manipulation rule from the examples.

Given 10 examples:
  10000100 -> 00000000
  01101111 -> 10100011
  01001111 -> 10100010
  00010010 -> 00000000
  10010100 -> 00000000
  00101000 -> 00000000
  01011001 -> 00100000
  00010100 -> 00000000
  00111000 -> 00000000
  01110000 -> 00000000

Query: 10101101

Step 1: Analyze each output bit as an independent boolean function of input bits.

  Output bit 0: Ambiguous (7 candidates predict 0, 3 predict 1)
    For 0: AND(in[1], in[5]), AND(in[1], in[6]), AND(in[4], in[6])
    For 1: AND(in[4], in[5]), AND(in[5], in[7]), INHIB(in[7], in[3])
  Output bit 1: Ambiguous (5 candidates predict 0, 4 predict 1)
    For 0: AND(in[0], in[1]), AND(in[0], in[6]), INHIB(in[0], in[5])
    For 1: AND(in[0], in[2]), AND(in[0], in[4]), AND(in[0], in[7])
  Output bit 2: Ambiguous (3 candidates predict 0, 2 predict 1)
    For 0: AND(in[1], in[4]), AND(in[1], in[7]), INHIB(in[7], in[0])
    For 1: ID(in[7]), AND(in[4], in[7])
  Output bit 3: Ambiguous (5 candidates predict 0, 4 predict 1)
    For 0: AND(in[0], in[1]), AND(in[0], in[6]), INHIB(in[0], in[5])
    For 1: AND(in[0], in[2]), AND(in[0], in[4]), AND(in[0], in[7])
  Output bit 4: Ambiguous (5 candidates predict 0, 4 predict 1)
    For 0: AND(in[0], in[1]), AND(in[0], in[6]), INHIB(in[0], in[5])
    For 1: AND(in[0], in[2]), AND(in[0], in[4]), AND(in[0], in[7])
  Output bit 5: Ambiguous (5 candidates predict 0, 4 predict 1)
    For 0: AND(in[0], in[1]), AND(in[0], in[6]), INHIB(in[0], in[5])
    For 1: AND(in[0], in[2]), AND(in[0], in[4]), AND(in[0], in[7])
  Output bit 6: Ambiguous (7 candidates predict 0, 3 predict 1)
    For 0: AND(in[1], in[5]), AND(in[1], in[6]), AND(in[4], in[6])
    For 1: AND(in[4], in[5]), AND(in[5], in[7]), INHIB(in[7], in[3])
  Output bit 7: Ambiguous (1 candidates predict 0, 2 predict 1)
    For 0: AND(in[2], in[6])
    For 1: AND(in[2], in[5]), AND(in[2], in[7])

Step 2: No strong shift pattern detected.

Step 3: No additional bits resolved by context propagation.

Step 4: Resolve remaining 8 ambiguous bit(s) by scoring all combinations.
  Ambiguous positions: [0, 1, 2, 3, 4, 5, 6, 7]
  Scoring considers: operation priors, complexity, template consistency, shift alignment.
  Bit 0 -> 0
  Bit 1 -> 0
  Bit 2 -> 1
  Bit 3 -> 0
  Bit 4 -> 0
  Bit 5 -> 0
  Bit 6 -> 0
  Bit 7 -> 1

Step 5: Combine all bits to form the output.
  bit0=0(scored) | bit1=0(scored) | bit2=1(scored) | bit3=0(scored) | bit4=0(scored) | bit5=0(scored) | bit6=0(scored) | bit7=1(scored)

The answer is 00100001.",Bit Manipulation,low,bf,8
01e09228,"In Alice's Wonderland, a secret bit manipulation rule transforms 8-bit binary numbers. The transformation involves operations like bit shifts, rotations, XOR, AND, OR, NOT, and possibly majority or choice functions.

Here are some examples of input -> output:
01000111 -> 01110000
00100010 -> 00101010
10101100 -> 01101010
10000110 -> 01100000
01100010 -> 00101110
00100011 -> 00111010
00001011 -> 10010000
11100110 -> 01111110

Now, determine the output for: 01011001",10010101,"I need to find the secret bit manipulation rule from the examples.

Given 8 examples:
  01000111 -> 01110000
  00100010 -> 00101010
  10101100 -> 01101010
  10000110 -> 01100000
  01100010 -> 00101110
  00100011 -> 00111010
  00001011 -> 10010000
  11100110 -> 01111110

Query: 01011001

Step 1: Analyze each output bit as an independent boolean function of input bits.

  Output bit 0: Ambiguous (2 candidates predict 0, 5 predict 1)
    For 0: AND(in[4], in[6]), XNOR(in[4], in[6])
    For 1: AND(in[4], in[7]), NOR(in[2], in[5]), INHIB(in[4], in[0])
  Output bit 1: Ambiguous (3 candidates predict 0, 3 predict 1)
    For 0: ID(in[5]), OR(in[0], in[5]), INHIB(in[5], in[3])
    For 1: XOR(in[3], in[5]), OR(in[3], in[5]), IMPL(in[6], in[5])
  Output bit 2: Ambiguous (5 candidates predict 0, 2 predict 1)
    For 0: OR(in[2], in[5]), NAND(in[4], in[7]), IMPL(in[4], in[0])
    For 1: XOR(in[4], in[6]), NAND(in[4], in[6])
  Output bit 3: Ambiguous (1 candidates predict 0, 1 predict 1)
    For 0: CH(in[1], in[5], in[7])
    For 1: CH(in[0], in[1], in[7])
  Output bit 4: Ambiguous (2 candidates predict 0, 3 predict 1)
    For 0: ID(in[2]), INHIB(in[2], in[3])
    For 1: XOR(in[2], in[3]), OR(in[2], in[3]), IMPL(in[6], in[2])
  Output bit 5: All 2 candidates agree -> value = 0
    Best match: AND(in[1], in[2]) = 0
  Output bit 6: Ambiguous (2 candidates predict 0, 3 predict 1)
    For 0: ID(in[2]), INHIB(in[2], in[3])
    For 1: XOR(in[2], in[3]), OR(in[2], in[3]), IMPL(in[6], in[2])
  Output bit 7: Ambiguous (11 candidates predict 0, 14 predict 1)
    For 0: AND(in[0], in[3]), AND(in[0], in[7]), AND(in[2], in[3])
    For 1: ID(in[3]), AND(in[1], in[3]), AND(in[1], in[4])

Step 2: No strong shift pattern detected.

Step 3: Resolve ambiguous bits using structural patterns.
  Bit 0: Resolved via pair/structure pattern -> value = 1
  Bit 1: Resolved via pair/structure pattern -> value = 0
  Bit 7: Resolved via pair/structure pattern -> value = 0

Step 4: Resolve remaining 4 ambiguous bit(s) by scoring all combinations.
  Ambiguous positions: [2, 3, 4, 6]
  Scoring considers: operation priors, complexity, template consistency, shift alignment.
  Bit 2 -> 0
  Bit 3 -> 0
  Bit 4 -> 0
  Bit 6 -> 0

Step 5: Combine all bits to form the output.
  bit0=1(ctx) | bit1=0(ctx) | bit2=0(scored) | bit3=0(scored) | bit4=0(scored) | bit5=0(unambig) | bit6=0(scored) | bit7=0(ctx)

The answer is 10000000.",Bit Manipulation,low,bf,4
02324ba1,"In Alice's Wonderland, a secret bit manipulation rule transforms 8-bit binary numbers. The transformation involves operations like bit shifts, rotations, XOR, AND, OR, NOT, and possibly majority or choice functions.

Here are some examples of input -> output:
10000010 -> 11110111
10011111 -> 11100111
00010101 -> 11111110
00000101 -> 11111111
11111110 -> 11111111
01010111 -> 11111010
01100101 -> 11111101
10111100 -> 11110111
11000100 -> 11111011

Now, determine the output for: 11011001",11101011,"I need to find the secret bit manipulation rule from the examples.

Given 9 examples:
  10000010 -> 11110111
  10011111 -> 11100111
  00010101 -> 11111110
  00000101 -> 11111111
  11111110 -> 11111111
  01010111 -> 11111010
  01100101 -> 11111101
  10111100 -> 11110111
  11000100 -> 11111011

Query: 11011001

Step 1: Analyze each output bit as an independent boolean function of input bits.

  Output bit 0: Ambiguous (5 candidates predict 0, 6 predict 1)
    For 0: OR(in[5], in[6]), IMPL(in[1], in[5]), IMPL(in[3], in[5])
    For 1: OR(in[0], in[5]), OR(in[0], in[7]), IMPL(in[2], in[5])
  Output bit 1: Ambiguous (5 candidates predict 0, 6 predict 1)
    For 0: OR(in[5], in[6]), IMPL(in[1], in[5]), IMPL(in[3], in[5])
    For 1: OR(in[0], in[5]), OR(in[0], in[7]), IMPL(in[2], in[5])
  Output bit 2: Ambiguous (5 candidates predict 0, 6 predict 1)
    For 0: OR(in[5], in[6]), IMPL(in[1], in[5]), IMPL(in[3], in[5])
    For 1: OR(in[0], in[5]), OR(in[0], in[7]), IMPL(in[2], in[5])
  Output bit 3: All 4 candidates agree -> value = 0
    Best match: XOR(in[0], in[7]) = 0
  Output bit 4: All 1 candidates agree -> value = 1
    Best match: IMPL(in[0], in[1]) = 1
  Output bit 5: All 1 candidates agree -> value = 0
    Best match: IMPL(in[1], in[2]) = 0
  Output bit 6: All 4 candidates agree -> value = 1
    Best match: NAND(in[2], in[7]) = 1
  Output bit 7: All 3 candidates agree -> value = 1
    Best match: XNOR(in[3], in[4]) = 1

Step 2: No strong shift pattern detected.

Step 3: Resolve ambiguous bits using structural patterns.
  Bit 0: Resolved via pair/structure pattern -> value = 0

Step 4: Resolve remaining 2 ambiguous bit(s) by scoring all combinations.
  Ambiguous positions: [1, 2]
  Scoring considers: operation priors, complexity, template consistency, shift alignment.
  Bit 1 -> 1
  Bit 2 -> 1

Step 5: Combine all bits to form the output.
  bit0=0(ctx) | bit1=1(scored) | bit2=1(scored) | bit3=0(unambig) | bit4=1(unambig) | bit5=0(unambig) | bit6=1(unambig) | bit7=1(unambig)

The answer is 01101011.",Bit Manipulation,low,bf,2
0245b9bb,"In Alice's Wonderland, a secret bit manipulation rule transforms 8-bit binary numbers. The transformation involves operations like bit shifts, rotations, XOR, AND, OR, NOT, and possibly majority or choice functions.

Here are some examples of input -> output:
10011111 -> 01100011
11011010 -> 00111111
11010100 -> 11111110
01001111 -> 00111011
01101010 -> 11111111
01000101 -> 10111010
01100011 -> 01001110
00101100 -> 10001111

Now, determine the output for: 10001101",00001001,"I need to find the secret bit manipulation rule from the examples.

Given 8 examples:
  10011111 -> 01100011
  11011010 -> 00111111
  11010100 -> 11111110
  01001111 -> 00111011
  01101010 -> 11111111
  01000101 -> 10111010
  01100011 -> 01001110
  00101100 -> 10001111

Query: 10001101

Step 1: Analyze each output bit as an independent boolean function of input bits.

  Output bit 0: All 1 candidates agree -> value = 0
    Best match: XNOR(in[2], in[4]) = 0
  Output bit 1: Ambiguous (1 candidates predict 0, 1 predict 1)
    For 0: XNOR(in[3], in[5])
    For 1: XNOR(in[0], in[5])
  Output bit 2: All 1 candidates agree -> value = 0
    Best match: XNOR(in[4], in[6]) = 0
  Output bit 3: All 1 candidates agree -> value = 0
    Best match: XNOR(AND)(in[1], in[6], in[4]) = 0
  Output bit 4: Ambiguous (4 candidates predict 0, 3 predict 1)
    For 0: OR(in[1], in[2]), NAND(in[0], in[7]), IMPL(in[0], in[1])
    For 1: NAND(in[3], in[7]), IMPL(in[3], in[1]), IMPL(in[6], in[1])
  Output bit 5: All 2 candidates agree -> value = 0
    Best match: NAND(in[5], in[7]) = 0
  Output bit 6: Ambiguous (2 candidates predict 0, 7 predict 1)
    For 0: XNOR(in[0], in[3]), IMPL(in[0], in[3])
    For 1: OR(in[1], in[4]), OR(in[1], in[5]), OR(in[5], in[6])
  Output bit 7: All 2 candidates agree -> value = 1
    Best match: ID(in[4]) = 1

Step 2: Identify structural patterns.
  Confirmed bit mappings: bit7<-in[4](shift=5)
  Dominant shift = 5 (weight 5)

Step 3: Resolve ambiguous bits using structural patterns.
  Bit 4: Resolved via pair/structure pattern -> value = 1

Step 4: Resolve remaining 2 ambiguous bit(s) by scoring all combinations.
  Ambiguous positions: [1, 6]
  Scoring considers: operation priors, complexity, template consistency, shift alignment.
  Bit 1 -> 1
  Bit 6 -> 1

Step 5: Combine all bits to form the output.
  bit0=0(unambig) | bit1=1(scored) | bit2=0(unambig) | bit3=0(unambig) | bit4=1(ctx) | bit5=0(unambig) | bit6=1(scored) | bit7=1(unambig)

The answer is 01001011.",Bit Manipulation,low,bf,2
02a5a1ca,"In Alice's Wonderland, a secret bit manipulation rule transforms 8-bit binary numbers. The transformation involves operations like bit shifts, rotations, XOR, AND, OR, NOT, and possibly majority or choice functions.

Here are some examples of input -> output:
10111001 -> 00101110
10111110 -> 11111111
11001010 -> 11110110
01011111 -> 11111111
01101100 -> 00011011
10110111 -> 10111101
00001011 -> 11000110

Now, determine the output for: 10110001",01101101,"I need to find the secret bit manipulation rule from the examples.

Given 7 examples:
  10111001 -> 00101110
  10111110 -> 11111111
  11001010 -> 11110110
  01011111 -> 11111111
  01101100 -> 00011011
  10110111 -> 10111101
  00001011 -> 11000110

Query: 10110001

Step 1: Analyze each output bit as an independent boolean function of input bits.

  Output bit 0: Ambiguous (3 candidates predict 0, 1 predict 1)
    For 0: ID(in[6]), XNOR(in[3], in[5]), IMPL(in[2], in[6])
    For 1: IMPL(in[4], in[6])
  Output bit 1: Ambiguous (2 candidates predict 0, 1 predict 1)
    For 0: AND(in[4], in[6]), XOR(in[0], in[7])
    For 1: XNOR(in[4], in[6])
  Output bit 2: All 2 candidates agree -> value = 1
    Best match: XOR(in[1], in[2]) = 1
  Output bit 3: All 2 candidates agree -> value = 0
    Best match: OR(in[1], in[5]) = 0
  Output bit 4: All 6 candidates agree -> value = 1
    Best match: XOR(in[0], in[1]) = 1
  Output bit 5: All 10 candidates agree -> value = 1
    Best match: OR(in[0], in[6]) = 1
  Output bit 6: Ambiguous (6 candidates predict 0, 2 predict 1)
    For 0: ID(in[4]), OR(in[1], in[4]), IMPL(in[0], in[4])
    For 1: IMPL(in[5], in[4]), IMPL(in[6], in[4])
  Output bit 7: Ambiguous (2 candidates predict 0, 1 predict 1)
    For 0: ID(in[5]), XNOR(in[3], in[6])
    For 1: IMPL(in[4], in[5])

Step 2: No strong shift pattern detected.

Step 3: No additional bits resolved by context propagation.

Step 4: Resolve remaining 4 ambiguous bit(s) by scoring all combinations.
  Ambiguous positions: [0, 1, 6, 7]
  Scoring considers: operation priors, complexity, template consistency, shift alignment.
  Bit 0 -> 0
  Bit 1 -> 0
  Bit 6 -> 0
  Bit 7 -> 0

Step 5: Combine all bits to form the output.
  bit0=0(scored) | bit1=0(scored) | bit2=1(unambig) | bit3=0(unambig) | bit4=1(unambig) | bit5=1(unambig) | bit6=0(scored) | bit7=0(scored)

The answer is 00101100.",Bit Manipulation,low,bf,4
02a66bcb,"In Alice's Wonderland, a secret bit manipulation rule transforms 8-bit binary numbers. The transformation involves operations like bit shifts, rotations, XOR, AND, OR, NOT, and possibly majority or choice functions.

Here are some examples of input -> output:
10011100 -> 01111010
01100110 -> 10011001
11110101 -> 11111010
00100000 -> 00000000
00101111 -> 00011110
10111010 -> 01111100
00001100 -> 00010000
11010110 -> 01101011

Now, determine the output for: 00100111",00011110,"I need to find the secret bit manipulation rule from the examples.

Given 8 examples:
  10011100 -> 01111010
  01100110 -> 10011001
  11110101 -> 11111010
  00100000 -> 00000000
  00101111 -> 00011110
  10111010 -> 01111100
  00001100 -> 00010000
  11010110 -> 01101011

Query: 00100111

Step 1: Analyze each output bit as an independent boolean function of input bits.

  Output bit 0: All 1 candidates agree -> value = 0
    Best match: AND(in[1], in[2]) = 0
  Output bit 1: All 4 candidates agree -> value = 0
    Best match: ID(in[0]) = 0
  Output bit 2: All 4 candidates agree -> value = 0
    Best match: ID(in[0]) = 0
  Output bit 3: Ambiguous (1 candidates predict 0, 1 predict 1)
    For 0: CH(in[1], in[2], in[4])
    For 1: MAJ(in[2], in[4], in[5])
  Output bit 4: All 2 candidates agree -> value = 1
    Best match: OR(in[0], in[6]) = 1
  Output bit 5: Ambiguous (2 candidates predict 0, 1 predict 1)
    For 0: AND(in[2], in[4]), AND(in[4], in[6])
    For 1: INHIB(in[6], in[1])
  Output bit 6: All 4 candidates agree -> value = 1
    Best match: MAJ(in[0], in[5], in[7]) = 1
  Output bit 7: Ambiguous (2 candidates predict 0, 1 predict 1)
    For 0: AND(in[1], in[6]), INHIB(in[1], in[7])
    For 1: INHIB(in[6], in[4])

Step 2: Identify structural patterns.
  Confirmed bit mappings: bit1<-in[3](shift=2), bit2<-in[3](shift=1)
  Dominant shift = 7 (weight 5)

Step 3: No additional bits resolved by context propagation.

Step 4: Resolve remaining 3 ambiguous bit(s) by scoring all combinations.
  Ambiguous positions: [3, 5, 7]
  Scoring considers: operation priors, complexity, template consistency, shift alignment.
  Bit 3 -> 1
  Bit 5 -> 0
  Bit 7 -> 0

Step 5: Combine all bits to form the output.
  bit0=0(unambig) | bit1=0(unambig) | bit2=0(unambig) | bit3=1(scored) | bit4=1(unambig) | bit5=0(scored) | bit6=1(unambig) | bit7=0(scored)

The answer is 00011010.",Bit Manipulation,low,bf,3
0311b798,"In Alice's Wonderland, a secret bit manipulation rule transforms 8-bit binary numbers. The transformation involves operations like bit shifts, rotations, XOR, AND, OR, NOT, and possibly majority or choice functions.

Here are some examples of input -> output:
11010101 -> 10101000
11010010 -> 00011000
10011001 -> 00001001
00001111 -> 01100000
11100000 -> 00001100
11100111 -> 00111100
00111101 -> 10100011

Now, determine the output for: 01100110",00000100,"I need to find the secret bit manipulation rule from the examples.

Given 7 examples:
  11010101 -> 10101000
  11010010 -> 00011000
  10011001 -> 00001001
  00001111 -> 01100000
  11100000 -> 00001100
  11100111 -> 00111100
  00111101 -> 10100011

Query: 01100110

Step 1: Analyze each output bit as an independent boolean function of input bits.

  Output bit 0: All 2 candidates agree -> value = 0
    Best match: AND(in[3], in[5]) = 0
  Output bit 1: Ambiguous (6 candidates predict 0, 2 predict 1)
    For 0: AND(in[4], in[6]), NOR(in[0], in[2]), NOR(in[1], in[3])
    For 1: NOR(in[0], in[3]), INHIB(in[6], in[0])
  Output bit 2: Ambiguous (1 candidates predict 0, 2 predict 1)
    For 0: AND(in[5], in[7])
    For 1: ID(in[5]), IMPL(in[0], in[5])
  Output bit 3: Ambiguous (1 candidates predict 0, 2 predict 1)
    For 0: AND(in[0], in[6])
    For 1: AND(in[1], in[6]), INHIB(in[6], in[4])
  Output bit 4: Ambiguous (2 candidates predict 0, 6 predict 1)
    For 0: ID(in[0]), IMPL(in[5], in[0])
    For 1: XOR(in[2], in[3]), OR(in[0], in[1]), NAND(in[4], in[5])
  Output bit 5: Ambiguous (2 candidates predict 0, 5 predict 1)
    For 0: AND(in[0], in[2]), INHIB(in[0], in[3])
    For 1: AND(in[1], in[2]), NOR(in[3], in[4]), INHIB(in[1], in[3])
  Output bit 6: Ambiguous (5 candidates predict 0, 1 predict 1)
    For 0: AND(in[2], in[3]), AND(in[2], in[4]), NOR(in[0], in[6])
    For 1: INHIB(in[2], in[0])
  Output bit 7: All 4 candidates agree -> value = 0
    Best match: AND(in[3], in[4]) = 0

Step 2: No strong shift pattern detected.

Step 3: Resolve ambiguous bits using structural patterns.
  Bit 1: Resolved via pair/structure pattern -> value = 0
  Bit 2: Resolved via pair/structure pattern -> value = 0
  Bit 3: Resolved via pair/structure pattern -> value = 0
  Bit 5: Resolved via pair/structure pattern -> value = 0

Step 4: Resolve remaining 2 ambiguous bit(s) by scoring all combinations.
  Ambiguous positions: [4, 6]
  Scoring considers: operation priors, complexity, template consistency, shift alignment.
  Bit 4 -> 0
  Bit 6 -> 0

Step 5: Combine all bits to form the output.
  bit0=0(unambig) | bit1=0(ctx) | bit2=0(ctx) | bit3=0(ctx) | bit4=0(scored) | bit5=0(ctx) | bit6=0(scored) | bit7=0(unambig)

The answer is 00000000.",Bit Manipulation,low,bf,2
0334b2bf,"In Alice's Wonderland, a secret bit manipulation rule transforms 8-bit binary numbers. The transformation involves operations like bit shifts, rotations, XOR, AND, OR, NOT, and possibly majority or choice functions.

Here are some examples of input -> output:
01100011 -> 11010111
10000111 -> 10110111
11000101 -> 10000111
11000001 -> 11100111
11110111 -> 00110111
11011011 -> 10010111
11001100 -> 01011111
01000001 -> 11100111

Now, determine the output for: 01101010",00001111,"I need to find the secret bit manipulation rule from the examples.

Given 8 examples:
  01100011 -> 11010111
  10000111 -> 10110111
  11000101 -> 10000111
  11000001 -> 11100111
  11110111 -> 00110111
  11011011 -> 10010111
  11001100 -> 01011111
  01000001 -> 11100111

Query: 01101010

Step 1: Analyze each output bit as an independent boolean function of input bits.

  Output bit 0: All 1 candidates agree -> value = 0
    Best match: XNOR(in[3], in[4]) = 0
  Output bit 1: All 1 candidates agree -> value = 0
    Best match: XNOR(in[4], in[5]) = 0
  Output bit 2: All 1 candidates agree -> value = 0
    Best match: XNOR(in[5], in[6]) = 0
  Output bit 3: Ambiguous (1 candidates predict 0, 2 predict 1)
    For 0: XNOR(in[6], in[7])
    For 1: OR(in[4], in[6]), IMPL(in[7], in[6])
  Output bit 4: Ambiguous (6 candidates predict 0, 5 predict 1)
    For 0: AND(in[4], in[5]), NOR(in[2], in[7]), NOR(in[6], in[7])
    For 1: NOR(in[3], in[7]), NOT(in[7]), INHIB(in[1], in[7])
  Output bit 5: Ambiguous (6 candidates predict 0, 14 predict 1)
    For 0: OR(in[0], in[7]), OR(in[5], in[7]), NAND(in[2], in[4])
    For 1: OR(in[0], in[1]), OR(in[1], in[5]), OR(in[1], in[6])
  Output bit 6: Ambiguous (6 candidates predict 0, 14 predict 1)
    For 0: OR(in[0], in[7]), OR(in[5], in[7]), NAND(in[2], in[4])
    For 1: OR(in[0], in[1]), OR(in[1], in[5]), OR(in[1], in[6])
  Output bit 7: Ambiguous (6 candidates predict 0, 14 predict 1)
    For 0: OR(in[0], in[7]), OR(in[5], in[7]), NAND(in[2], in[4])
    For 1: OR(in[0], in[1]), OR(in[1], in[5]), OR(in[1], in[6])

Step 2: No strong shift pattern detected.

Step 3: Resolve ambiguous bits using structural patterns.
  Bit 3: Resolved via pair/structure pattern -> value = 0

Step 4: Resolve remaining 4 ambiguous bit(s) by scoring all combinations.
  Ambiguous positions: [4, 5, 6, 7]
  Scoring considers: operation priors, complexity, template consistency, shift alignment.
  Bit 4 -> 0
  Bit 5 -> 1
  Bit 6 -> 1
  Bit 7 -> 1

Step 5: Combine all bits to form the output.
  bit0=0(unambig) | bit1=0(unambig) | bit2=0(unambig) | bit3=0(ctx) | bit4=0(scored) | bit5=1(scored) | bit6=1(scored) | bit7=1(scored)

The answer is 00000111.",Bit Manipulation,low,bf,4
034fb629,"In Alice's Wonderland, a secret bit manipulation rule transforms 8-bit binary numbers. The transformation involves operations like bit shifts, rotations, XOR, AND, OR, NOT, and possibly majority or choice functions.

Here are some examples of input -> output:
00001101 -> 00100001
11100000 -> 00011100
11110110 -> 11011110
01011100 -> 00001011
00101101 -> 10100101
11001000 -> 00011001
11100100 -> 10011100
10111011 -> 01110111
01000000 -> 00001000

Now, determine the output for: 11001011",00111001,"I need to find the secret bit manipulation rule from the examples.

Given 9 examples:
  00001101 -> 00100001
  11100000 -> 00011100
  11110110 -> 11011110
  01011100 -> 00001011
  00101101 -> 10100101
  11001000 -> 00011001
  11100100 -> 10011100
  10111011 -> 01110111
  01000000 -> 00001000

Query: 11001011

Step 1: Check for whole-byte patterns.
  Mixed shift pattern detected.
  Rule: some output bits are shifted copies, rest use a uniform 2-input function.

Step 2: Apply the pattern to the query.
  11001011 -> 01111001

The answer is 01111001.",Bit Manipulation,high,w_mix,0
048cc279,"In Alice's Wonderland, a secret bit manipulation rule transforms 8-bit binary numbers. The transformation involves operations like bit shifts, rotations, XOR, AND, OR, NOT, and possibly majority or choice functions.

Here are some examples of input -> output:
10000110 -> 00100001
11111111 -> 11111111
01011100 -> 10110000
11011010 -> 10110100
11110101 -> 10101001
00011001 -> 00000010
11110010 -> 10110100
01011101 -> 10111010

Now, determine the output for: 11101010",01010000,"I need to find the secret bit manipulation rule from the examples.

Given 8 examples:
  10000110 -> 00100001
  11111111 -> 11111111
  01011100 -> 10110000
  11011010 -> 10110100
  11110101 -> 10101001
  00011001 -> 00000010
  11110010 -> 10110100
  01011101 -> 10111010

Query: 11101010

Step 1: Analyze each output bit as an independent boolean function of input bits.

  Output bit 0: Ambiguous (1 candidates predict 0, 2 predict 1)
    For 0: AND(in[1], in[3])
    For 1: ID(in[1]), OR(in[1], in[2])
  Output bit 1: Ambiguous (1 candidates predict 0, 1 predict 1)
    For 0: AND(in[6], in[7])
    For 1: AND(in[2], in[4])
  Output bit 2: Ambiguous (1 candidates predict 0, 9 predict 1)
    For 0: XNOR(in[1], in[3])
    For 1: OR(in[0], in[1]), OR(in[0], in[5]), OR(in[1], in[5])
  Output bit 3: All 2 candidates agree -> value = 1
    Best match: MAJ(in[1], in[4], in[6]) = 1
  Output bit 4: All 2 candidates agree -> value = 0
    Best match: AND(in[1], in[7]) = 0
  Output bit 5: Ambiguous (2 candidates predict 0, 1 predict 1)
    For 0: AND(in[3], in[6]), XNOR(in[3], in[6])
    For 1: AND(in[1], in[6])
  Output bit 6: All 1 candidates agree -> value = 0
    Best match: AND(in[4], in[7]) = 0
  Output bit 7: All 1 candidates agree -> value = 0
    Best match: AND(in[0], in[5]) = 0

Step 2: No strong shift pattern detected.

Step 3: Resolve ambiguous bits using structural patterns.
  Bit 5: Resolved via pair/structure pattern -> value = 0

Step 4: Resolve remaining 3 ambiguous bit(s) by scoring all combinations.
  Ambiguous positions: [0, 1, 2]
  Scoring considers: operation priors, complexity, template consistency, shift alignment.
  Bit 0 -> 1
  Bit 1 -> 1
  Bit 2 -> 1

Step 5: Combine all bits to form the output.
  bit0=1(scored) | bit1=1(scored) | bit2=1(scored) | bit3=1(unambig) | bit4=0(unambig) | bit5=0(ctx) | bit6=0(unambig) | bit7=0(unambig)

The answer is 11110000.",Bit Manipulation,low,bf,3
0528d502,"In Alice's Wonderland, a secret bit manipulation rule transforms 8-bit binary numbers. The transformation involves operations like bit shifts, rotations, XOR, AND, OR, NOT, and possibly majority or choice functions.

Here are some examples of input -> output:
01110100 -> 00011111
11000111 -> 10111101
01110010 -> 01001111
01111000 -> 10111111
00001010 -> 00001111
01100001 -> 11100110
01110001 -> 01100111
10110111 -> 00111011
01011000 -> 10111101
11000100 -> 10011101

Now, determine the output for: 00110100",00011111,"I need to find the secret bit manipulation rule from the examples.

Given 10 examples:
  01110100 -> 00011111
  11000111 -> 10111101
  01110010 -> 01001111
  01111000 -> 10111111
  00001010 -> 00001111
  01100001 -> 11100110
  01110001 -> 01100111
  10110111 -> 00111011
  01011000 -> 10111101
  11000100 -> 10011101

Query: 00110100

Step 1: Analyze each output bit as an independent boolean function of input bits.

  Output bit 0: All 1 candidates agree -> value = 0
    Best match: XNOR(in[3], in[4]) = 0
  Output bit 1: All 2 candidates agree -> value = 0
    Best match: XNOR(in[4], in[5]) = 0
  Output bit 2: All 1 candidates agree -> value = 0
    Best match: XNOR(in[5], in[6]) = 0
  Output bit 3: All 1 candidates agree -> value = 1
    Best match: XNOR(in[6], in[7]) = 1
  Output bit 4: All 3 candidates agree -> value = 1
    Best match: IMPL(in[7], in[0]) = 1
  Output bit 5: Ambiguous (4 candidates predict 0, 4 predict 1)
    For 0: OR(in[1], in[4]), IMPL(in[2], in[1]), IMPL(in[3], in[1])
    For 1: NAND(in[0], in[2]), NAND(in[0], in[3]), IMPL(in[0], in[1])
  Output bit 6: All 1 candidates agree -> value = 1
    Best match: IMPL(in[1], in[2]) = 1
  Output bit 7: All 1 candidates agree -> value = 1
    Best match: IMPL(in[2], in[3]) = 1

Step 2: No strong shift pattern detected.

Step 3: No additional bits resolved by context propagation.

Step 4: Resolve remaining 1 ambiguous bit(s) by scoring all combinations.
  Ambiguous positions: [5]
  Scoring considers: operation priors, complexity, template consistency, shift alignment.
  Bit 5 -> 0

Step 5: Combine all bits to form the output.
  bit0=0(unambig) | bit1=0(unambig) | bit2=0(unambig) | bit3=1(unambig) | bit4=1(unambig) | bit5=0(scored) | bit6=1(unambig) | bit7=1(unambig)

The answer is 00011011.",Bit Manipulation,low,bf,1
053f87d3,"In Alice's Wonderland, a secret bit manipulation rule transforms 8-bit binary numbers. The transformation involves operations like bit shifts, rotations, XOR, AND, OR, NOT, and possibly majority or choice functions.

Here are some examples of input -> output:
01100101 -> 10011101
00111000 -> 11101110
10011101 -> 01110111
01011101 -> 01110111
00001000 -> 00100010
00011011 -> 01101110
01000011 -> 00011101

Now, determine the output for: 11110111",11111111,"I need to find the secret bit manipulation rule from the examples.

Given 7 examples:
  01100101 -> 10011101
  00111000 -> 11101110
  10011101 -> 01110111
  01011101 -> 01110111
  00001000 -> 00100010
  00011011 -> 01101110
  01000011 -> 00011101

Query: 11110111

Step 1: Check for whole-byte patterns.
  Mixed shift pattern detected.
  Rule: some output bits are shifted copies, rest use a uniform 2-input function.

Step 2: Apply the pattern to the query.
  11110111 -> 11011111

The answer is 11011111.",Bit Manipulation,high,w_mix,0
05b5ffe1,"In Alice's Wonderland, a secret bit manipulation rule transforms 8-bit binary numbers. The transformation involves operations like bit shifts, rotations, XOR, AND, OR, NOT, and possibly majority or choice functions.

Here are some examples of input -> output:
11001000 -> 10111011
11111101 -> 11101011
00100100 -> 01111101
00011100 -> 10000011
11000001 -> 00011011
10110111 -> 11101110
01101110 -> 01111101
10010101 -> 01110011

Now, determine the output for: 10011011",01011111,"I need to find the secret bit manipulation rule from the examples.

Given 8 examples:
  11001000 -> 10111011
  11111101 -> 11101011
  00100100 -> 01111101
  00011100 -> 10000011
  11000001 -> 00011011
  10110111 -> 11101110
  01101110 -> 01111101
  10010101 -> 01110011

Query: 10011011

Step 1: Analyze each output bit as an independent boolean function of input bits.

  Output bit 0: All 2 candidates agree -> value = 0
    Best match: XOR(in[4], in[6]) = 0
  Output bit 1: All 1 candidates agree -> value = 1
    Best match: XNOR(in[0], in[3]) = 1
  Output bit 2: Ambiguous (1 candidates predict 0, 1 predict 1)
    For 0: XNOR(in[1], in[4])
    For 1: XNOR(in[3], in[7])
  Output bit 3: All 1 candidates agree -> value = 1
    Best match: XOR(in[0], in[2]) = 1
  Output bit 4: Ambiguous (2 candidates predict 0, 2 predict 1)
    For 0: OR(in[1], in[2]), IMPL(in[3], in[2])
    For 1: XNOR(in[2], in[5]), IMPL(in[5], in[2])
  Output bit 5: All 1 candidates agree -> value = 0
    Best match: AND(NAND)(in[0], in[1], in[2]) = 0
  Output bit 6: Ambiguous (1 candidates predict 0, 5 predict 1)
    For 0: XNOR(in[3], in[5])
    For 1: OR(in[0], in[3]), IMPL(in[2], in[0]), IMPL(in[2], in[3])
  Output bit 7: Ambiguous (4 candidates predict 0, 1 predict 1)
    For 0: NAND(in[0], in[6]), NAND(in[3], in[6]), NAND(in[6], in[7])
    For 1: IMPL(in[6], in[4])

Step 2: No strong shift pattern detected.

Step 3: Resolve ambiguous bits using structural patterns.
  Bit 2: Resolved via pair/structure pattern -> value = 0

Step 4: Resolve remaining 3 ambiguous bit(s) by scoring all combinations.
  Ambiguous positions: [4, 6, 7]
  Scoring considers: operation priors, complexity, template consistency, shift alignment.
  Bit 4 -> 1
  Bit 6 -> 1
  Bit 7 -> 0

Step 5: Combine all bits to form the output.
  bit0=0(unambig) | bit1=1(unambig) | bit2=0(ctx) | bit3=1(unambig) | bit4=1(scored) | bit5=0(unambig) | bit6=1(scored) | bit7=0(scored)

The answer is 01011010.",Bit Manipulation,low,bf,3
05ca617c,"In Alice's Wonderland, a secret bit manipulation rule transforms 8-bit binary numbers. The transformation involves operations like bit shifts, rotations, XOR, AND, OR, NOT, and possibly majority or choice functions.

Here are some examples of input -> output:
01111111 -> 10111111
01011101 -> 11101111
01001111 -> 11100111
01100001 -> 10111101
10001011 -> 01101101
01111100 -> 00111111
10111001 -> 01011100
01010000 -> 01111111

Now, determine the output for: 10010010",11011011,"I need to find the secret bit manipulation rule from the examples.

Given 8 examples:
  01111111 -> 10111111
  01011101 -> 11101111
  01001111 -> 11100111
  01100001 -> 10111101
  10001011 -> 01101101
  01111100 -> 00111111
  10111001 -> 01011100
  01010000 -> 01111111

Query: 10010010

Step 1: Analyze each output bit as an independent boolean function of input bits.

  Output bit 0: Ambiguous (2 candidates predict 0, 2 predict 1)
    For 0: AND(in[1], in[7]), INHIB(in[7], in[0])
    For 1: XOR(in[0], in[7]), XNOR(in[1], in[7])
  Output bit 1: All 2 candidates agree -> value = 1
    Best match: NAND(in[1], in[2]) = 1
  Output bit 2: Ambiguous (2 candidates predict 0, 4 predict 1)
    For 0: NAND(in[0], in[3]), IMPL(in[3], in[1])
    For 1: OR(in[1], in[6]), NAND(in[0], in[2]), IMPL(in[0], in[6])
  Output bit 3: All 2 candidates agree -> value = 1
    Best match: IMPL(in[4], in[2]) = 1
  Output bit 4: All 1 candidates agree -> value = 1
    Best match: IMPL(in[5], in[3]) = 1
  Output bit 5: Ambiguous (6 candidates predict 0, 8 predict 1)
    For 0: OR(in[1], in[4]), OR(in[1], in[7]), IMPL(in[0], in[4])
    For 1: XOR(in[0], in[1]), OR(in[0], in[1]), OR(in[3], in[7])
  Output bit 6: All 1 candidates agree -> value = 1
    Best match: IMPL(in[7], in[5]) = 1
  Output bit 7: Ambiguous (2 candidates predict 0, 4 predict 1)
    For 0: NAND(in[0], in[3]), IMPL(in[3], in[1])
    For 1: OR(in[1], in[6]), NAND(in[0], in[2]), IMPL(in[0], in[6])

Step 2: No strong shift pattern detected.

Step 3: Resolve ambiguous bits using structural patterns.
  Bit 2: Resolved via pair/structure pattern -> value = 0
  Bit 5: Resolved via pair/structure pattern -> value = 0
  Bit 7: Resolved via pair/structure pattern -> value = 1

Step 4: Resolve remaining 1 ambiguous bit(s) by scoring all combinations.
  Ambiguous positions: [0]
  Scoring considers: operation priors, complexity, template consistency, shift alignment.
  Bit 0 -> 0

Step 5: Combine all bits to form the output.
  bit0=0(scored) | bit1=1(unambig) | bit2=0(ctx) | bit3=1(unambig) | bit4=1(unambig) | bit5=0(ctx) | bit6=1(unambig) | bit7=1(ctx)

The answer is 01011011.",Bit Manipulation,low,bf,1
05d58fb3,"In Alice's Wonderland, a secret bit manipulation rule transforms 8-bit binary numbers. The transformation involves operations like bit shifts, rotations, XOR, AND, OR, NOT, and possibly majority or choice functions.

Here are some examples of input -> output:
00110010 -> 10001000
11110000 -> 00001100
00110110 -> 10001001
10101001 -> 00101010
10011110 -> 00101001
11000000 -> 00000000
10001011 -> 00101000
01011100 -> 00010101
01111001 -> 01000110

Now, determine the output for: 11110101",01011101,"I need to find the secret bit manipulation rule from the examples.

Given 9 examples:
  00110010 -> 10001000
  11110000 -> 00001100
  00110110 -> 10001001
  10101001 -> 00101010
  10011110 -> 00101001
  11000000 -> 00000000
  10001011 -> 00101000
  01011100 -> 00010101
  01111001 -> 01000110

Query: 11110101

Step 1: Analyze each output bit as an independent boolean function of input bits.

  Output bit 0: All 6 candidates agree -> value = 0
    Best match: AND(in[2], in[6]) = 0
  Output bit 1: Ambiguous (1 candidates predict 0, 2 predict 1)
    For 0: INHIB(in[7], in[0])
    For 1: AND(in[1], in[7]), AND(in[3], in[7])
  Output bit 2: All 3 candidates agree -> value = 0
    Best match: AND(in[0], in[4]) = 0
  Output bit 3: Ambiguous (1 candidates predict 0, 2 predict 1)
    For 0: NOR(in[0], in[2])
    For 1: AND(in[1], in[5]), INHIB(in[5], in[6])
  Output bit 4: All 1 candidates agree -> value = 1
    Best match: MAJ(in[0], in[2], in[6]) = 1
  Output bit 5: All 2 candidates agree -> value = 1
    Best match: AND(in[1], in[3]) = 1
  Output bit 6: Ambiguous (1 candidates predict 0, 2 predict 1)
    For 0: AND(in[2], in[4])
    For 1: AND(in[2], in[7]), INHIB(in[7], in[6])
  Output bit 7: Ambiguous (1 candidates predict 0, 2 predict 1)
    For 0: INHIB(in[5], in[7])
    For 1: ID(in[5]), AND(in[3], in[5])

Step 2: No strong shift pattern detected.

Step 3: Resolve ambiguous bits using structural patterns.
  Bit 1: Resolved via pair/structure pattern -> value = 1
  Bit 3: Resolved via pair/structure pattern -> value = 1

Step 4: Resolve remaining 2 ambiguous bit(s) by scoring all combinations.
  Ambiguous positions: [6, 7]
  Scoring considers: operation priors, complexity, template consistency, shift alignment.
  Bit 6 -> 1
  Bit 7 -> 1

Step 5: Combine all bits to form the output.
  bit0=0(unambig) | bit1=1(ctx) | bit2=0(unambig) | bit3=1(ctx) | bit4=1(unambig) | bit5=1(unambig) | bit6=1(scored) | bit7=1(scored)

The answer is 01011111.",Bit Manipulation,low,bf,2
06120e47,"In Alice's Wonderland, a secret bit manipulation rule transforms 8-bit binary numbers. The transformation involves operations like bit shifts, rotations, XOR, AND, OR, NOT, and possibly majority or choice functions.

Here are some examples of input -> output:
01010100 -> 11101111
10000011 -> 11111101
11110110 -> 11100101
10010111 -> 11111001
10101101 -> 11011111
00111010 -> 11110111
11101111 -> 11000111
00100110 -> 11110111
01001000 -> 11111110

Now, determine the output for: 01110011",11110010,"I need to find the secret bit manipulation rule from the examples.

Given 9 examples:
  01010100 -> 11101111
  10000011 -> 11111101
  11110110 -> 11100101
  10010111 -> 11111001
  10101101 -> 11011111
  00111010 -> 11110111
  11101111 -> 11000111
  00100110 -> 11110111
  01001000 -> 11111110

Query: 01110011

Step 1: Analyze each output bit as an independent boolean function of input bits.

  Output bit 0: Ambiguous (1 candidates predict 0, 1 predict 1)
    For 0: IMPL(in[7], in[0])
    For 1: C1
  Output bit 1: Ambiguous (1 candidates predict 0, 1 predict 1)
    For 0: IMPL(in[7], in[0])
    For 1: C1
  Output bit 2: Ambiguous (1 candidates predict 0, 3 predict 1)
    For 0: NAND(in[2], in[7])
    For 1: NAND(in[0], in[4]), NAND(in[4], in[5]), NAND(in[4], in[7])
  Output bit 3: All 1 candidates agree -> value = 1
    Best match: NAND(in[1], in[5]) = 1
  Output bit 4: Ambiguous (1 candidates predict 0, 1 predict 1)
    For 0: NAND(in[2], in[6])
    For 1: XOR(in[0], in[1])
  Output bit 5: All 1 candidates agree -> value = 0
    Best match: NAND(in[3], in[7]) = 0
  Output bit 6: All 1 candidates agree -> value = 1
    Best match: IMPL(in[0], in[4]) = 1
  Output bit 7: Ambiguous (1 candidates predict 0, 2 predict 1)
    For 0: IMPL(in[1], in[5])
    For 1: OR(in[5], in[6]), IMPL(in[4], in[2])

Step 2: No strong shift pattern detected.

Step 3: Resolve ambiguous bits using structural patterns.
  Bit 2: Resolved via pair/structure pattern -> value = 1
  Bit 4: Resolved via pair/structure pattern -> value = 0

Step 4: Resolve remaining 3 ambiguous bit(s) by scoring all combinations.
  Ambiguous positions: [0, 1, 7]
  Scoring considers: operation priors, complexity, template consistency, shift alignment.
  Bit 0 -> 1
  Bit 1 -> 1
  Bit 7 -> 1

Step 5: Combine all bits to form the output.
  bit0=1(scored) | bit1=1(scored) | bit2=1(ctx) | bit3=1(unambig) | bit4=0(ctx) | bit5=0(unambig) | bit6=1(unambig) | bit7=1(scored)

The answer is 11110011.",Bit Manipulation,low,bf,3
06667a93,"In Alice's Wonderland, a secret bit manipulation rule transforms 8-bit binary numbers. The transformation involves operations like bit shifts, rotations, XOR, AND, OR, NOT, and possibly majority or choice functions.

Here are some examples of input -> output:
00101000 -> 00010100
01100110 -> 00110011
01111111 -> 10111111
11111001 -> 01111100
00011001 -> 00001100
10001001 -> 01000100
11101110 -> 01110111
01010100 -> 00101010
11001010 -> 01100101

Now, determine the output for: 01000111",10100011,"I need to find the secret bit manipulation rule from the examples.

Given 9 examples:
  00101000 -> 00010100
  01100110 -> 00110011
  01111111 -> 10111111
  11111001 -> 01111100
  00011001 -> 00001100
  10001001 -> 01000100
  11101110 -> 01110111
  01010100 -> 00101010
  11001010 -> 01100101

Query: 01000111

Step 1: Check for whole-byte patterns.
  Mixed shift pattern detected.
  Rule: some output bits are shifted copies, rest use a uniform 2-input function.

Step 2: Apply the pattern to the query.
  01000111 -> 00100011

The answer is 00100011.",Bit Manipulation,high,w_mix,0
06698d4e,"In Alice's Wonderland, a secret bit manipulation rule transforms 8-bit binary numbers. The transformation involves operations like bit shifts, rotations, XOR, AND, OR, NOT, and possibly majority or choice functions.

Here are some examples of input -> output:
10100000 -> 01010000
00001111 -> 00000111
00101000 -> 00010100
10110110 -> 01011011
00101100 -> 00010110
11011110 -> 01101111
00000110 -> 00000011
11011011 -> 01101101

Now, determine the output for: 01100100",00110010,"I need to find the secret bit manipulation rule from the examples.

Given 8 examples:
  10100000 -> 01010000
  00001111 -> 00000111
  00101000 -> 00010100
  10110110 -> 01011011
  00101100 -> 00010110
  11011110 -> 01101111
  00000110 -> 00000011
  11011011 -> 01101101

Query: 01100100

Step 1: Check for whole-byte patterns.
  Mixed shift pattern detected.
  Rule: some output bits are shifted copies, rest use a uniform 2-input function.

Step 2: Apply the pattern to the query.
  01100100 -> 10110010

The answer is 10110010.",Bit Manipulation,high,w_mix,0
06881e47,"In Alice's Wonderland, a secret bit manipulation rule transforms 8-bit binary numbers. The transformation involves operations like bit shifts, rotations, XOR, AND, OR, NOT, and possibly majority or choice functions.

Here are some examples of input -> output:
10000001 -> 01110011
10111000 -> 00111110
00101011 -> 00101110
11100011 -> 01111000
00010111 -> 11000111
00001001 -> 00110111
00010101 -> 11010111

Now, determine the output for: 11110011",11111100,"I need to find the secret bit manipulation rule from the examples.

Given 7 examples:
  10000001 -> 01110011
  10111000 -> 00111110
  00101011 -> 00101110
  11100011 -> 01111000
  00010111 -> 11000111
  00001001 -> 00110111
  00010101 -> 11010111

Query: 11110011

Step 1: Analyze each output bit as an independent boolean function of input bits.

  Output bit 0: Ambiguous (10 candidates predict 0, 3 predict 1)
    For 0: ID(in[5]), AND(in[3], in[5]), AND(in[5], in[7])
    For 1: AND(in[3], in[7]), XNOR(in[3], in[7]), INHIB(in[3], in[4])
  Output bit 1: Ambiguous (1 candidates predict 0, 4 predict 1)
    For 0: XOR(in[0], in[3])
    For 1: NOT(in[4]), INHIB(in[7], in[4]), IMPL(in[4], in[1])
  Output bit 2: Ambiguous (3 candidates predict 0, 10 predict 1)
    For 0: XOR(in[3], in[7]), NAND(in[3], in[7]), IMPL(in[3], in[4])
    For 1: OR(in[0], in[4]), NOT(in[5]), NAND(in[3], in[5])
  Output bit 3: All 3 candidates agree -> value = 1
    Best match: XNOR(in[1], in[6]) = 1
  Output bit 4: All 4 candidates agree -> value = 1
    Best match: ID(in[2]) = 1
  Output bit 5: Ambiguous (5 candidates predict 0, 2 predict 1)
    For 0: XOR(in[0], in[7]), XOR(in[4], in[5]), OR(in[4], in[5])
    For 1: OR(in[3], in[4]), IMPL(in[0], in[3])
  Output bit 6: Ambiguous (9 candidates predict 0, 1 predict 1)
    For 0: NOT(in[1]), NAND(in[0], in[1]), NAND(in[0], in[6])
    For 1: IMPL(in[1], in[3])
  Output bit 7: All 4 candidates agree -> value = 0
    Best match: NOR(in[1], in[2]) = 0

Step 2: Identify structural patterns.
  Confirmed bit mappings: bit1<-in[4](shift=3), bit2<-in[5](shift=3), bit4<-in[2](shift=6), bit6<-in[1](shift=3), bit7<-in[2](shift=3)
  Dominant shift = 3 (weight 8)

Step 3: Resolve ambiguous bits using structural patterns.
  Bit 1: Using shift=3, source = in[4] -> value = 1
  Bit 2: Using shift=3, source = in[5] -> value = 1
  Bit 5: Resolved via pair/structure pattern -> value = 1
  Bit 6: Using shift=3, source = in[1] -> value = 0

Step 4: Resolve remaining 1 ambiguous bit(s) by scoring all combinations.
  Ambiguous positions: [0]
  Scoring considers: operation priors, complexity, template consistency, shift alignment.
  Bit 0 -> 0

Step 5: Combine all bits to form the output.
  bit0=0(scored) | bit1=1(ctx) | bit2=1(ctx) | bit3=1(unambig) | bit4=1(unambig) | bit5=1(ctx) | bit6=0(ctx) | bit7=0(unambig)

The answer is 01111100.",Bit Manipulation,low,bf,1
069dbaab,"In Alice's Wonderland, a secret bit manipulation rule transforms 8-bit binary numbers. The transformation involves operations like bit shifts, rotations, XOR, AND, OR, NOT, and possibly majority or choice functions.

Here are some examples of input -> output:
01110111 -> 11011100
10000101 -> 00000000
10110111 -> 11001100
10000100 -> 00000000
00110010 -> 10001000
01101010 -> 10001000
10000000 -> 00000000
10100010 -> 10001000
00110000 -> 00000000
10100000 -> 00000000

Now, determine the output for: 11000111",00010000,"I need to find the secret bit manipulation rule from the examples.

Given 10 examples:
  01110111 -> 11011100
  10000101 -> 00000000
  10110111 -> 11001100
  10000100 -> 00000000
  00110010 -> 10001000
  01101010 -> 10001000
  10000000 -> 00000000
  10100010 -> 10001000
  00110000 -> 00000000
  10100000 -> 00000000

Query: 11000111

Step 1: Analyze each output bit as an independent boolean function of input bits.

  Output bit 0: Ambiguous (1 candidates predict 0, 3 predict 1)
    For 0: AND(in[2], in[6])
    For 1: ID(in[6]), OR(in[1], in[6]), OR(in[4], in[6])
  Output bit 1: Ambiguous (4 candidates predict 0, 2 predict 1)
    For 0: AND(in[2], in[5]), AND(in[2], in[7]), AND(in[3], in[5])
    For 1: AND(in[5], in[6]), AND(in[6], in[7])
  Output bit 2: Ambiguous (12 candidates predict 0, 3 predict 1)
    For 0: AND(in[0], in[4]), AND(in[3], in[4]), AND(in[4], in[5])
    For 1: AND(in[0], in[1]), INHIB(in[1], in[2]), INHIB(in[6], in[2])
  Output bit 3: Ambiguous (3 candidates predict 0, 4 predict 1)
    For 0: AND(in[1], in[3]), INHIB(in[5], in[0]), INHIB(in[7], in[0])
    For 1: AND(in[1], in[5]), AND(in[1], in[7]), XOR(in[1], in[4])
  Output bit 4: Ambiguous (1 candidates predict 0, 3 predict 1)
    For 0: AND(in[2], in[6])
    For 1: ID(in[6]), OR(in[1], in[6]), OR(in[4], in[6])
  Output bit 5: Ambiguous (4 candidates predict 0, 2 predict 1)
    For 0: AND(in[2], in[5]), AND(in[2], in[7]), AND(in[3], in[5])
    For 1: AND(in[5], in[6]), AND(in[6], in[7])
  Output bit 6: Ambiguous (12 candidates predict 0, 3 predict 1)
    For 0: AND(in[0], in[4]), AND(in[3], in[4]), AND(in[4], in[5])
    For 1: AND(in[0], in[1]), INHIB(in[1], in[2]), INHIB(in[6], in[2])
  Output bit 7: Ambiguous (12 candidates predict 0, 3 predict 1)
    For 0: AND(in[0], in[4]), AND(in[3], in[4]), AND(in[4], in[5])
    For 1: AND(in[0], in[1]), INHIB(in[1], in[2]), INHIB(in[6], in[2])

Step 2: No strong shift pattern detected.

Step 3: No additional bits resolved by context propagation.

Step 4: Resolve remaining 8 ambiguous bit(s) by scoring all combinations.
  Ambiguous positions: [0, 1, 2, 3, 4, 5, 6, 7]
  Scoring considers: operation priors, complexity, template consistency, shift alignment.
  Bit 0 -> 1
  Bit 1 -> 0
  Bit 2 -> 0
  Bit 3 -> 1
  Bit 4 -> 1
  Bit 5 -> 0
  Bit 6 -> 0
  Bit 7 -> 0

Step 5: Combine all bits to form the output.
  bit0=1(scored) | bit1=0(scored) | bit2=0(scored) | bit3=1(scored) | bit4=1(scored) | bit5=0(scored) | bit6=0(scored) | bit7=0(scored)

The answer is 10011000.",Bit Manipulation,low,bf,8
06b5da9f,"In Alice's Wonderland, a secret bit manipulation rule transforms 8-bit binary numbers. The transformation involves operations like bit shifts, rotations, XOR, AND, OR, NOT, and possibly majority or choice functions.

Here are some examples of input -> output:
10100110 -> 00110101
10000001 -> 00001100
00100110 -> 00010001
11000011 -> 00111110
10001001 -> 01001100
11111011 -> 01111111
01010100 -> 10100010
11011011 -> 01111110
11110101 -> 10111111

Now, determine the output for: 01000111",00011010,"I need to find the secret bit manipulation rule from the examples.

Given 9 examples:
  10100110 -> 00110101
  10000001 -> 00001100
  00100110 -> 00010001
  11000011 -> 00111110
  10001001 -> 01001100
  11111011 -> 01111111
  01010100 -> 10100010
  11011011 -> 01111110
  11110101 -> 10111111

Query: 01000111

Step 1: Analyze each output bit as an independent boolean function of input bits.

  Output bit 0: Ambiguous (5 candidates predict 0, 1 predict 1)
    For 0: AND(in[3], in[5]), INHIB(in[1], in[6]), INHIB(in[3], in[4])
    For 1: AND(in[1], in[5])
  Output bit 1: All 4 candidates agree -> value = 0
    Best match: ID(in[4]) = 0
  Output bit 2: Ambiguous (1 candidates predict 0, 1 predict 1)
    For 0: XOR3(in[0], in[1], in[7])
    For 1: MAJ(in[0], in[1], in[5])
  Output bit 3: All 2 candidates agree -> value = 1
    Best match: XNOR(in[1], in[7]) = 1
  Output bit 4: Ambiguous (1 candidates predict 0, 3 predict 1)
    For 0: AND(in[0], in[7])
    For 1: ID(in[7]), OR(in[4], in[7]), IMPL(in[5], in[7])
  Output bit 5: Ambiguous (3 candidates predict 0, 1 predict 1)
    For 0: ID(in[0]), OR(in[0], in[4]), IMPL(in[5], in[0])
    For 1: OR(in[0], in[7])
  Output bit 6: Ambiguous (1 candidates predict 0, 2 predict 1)
    For 0: XOR(in[5], in[6])
    For 1: ID(in[1]), OR(in[1], in[3])
  Output bit 7: All 1 candidates agree -> value = 0
    Best match: ID(in[2]) = 0

Step 2: Identify structural patterns.
  Confirmed bit mappings: bit1<-in[4](shift=3), bit4<-in[7](shift=3), bit5<-in[0](shift=3), bit6<-in[1](shift=3), bit7<-in[2](shift=3)
  Dominant shift = 3 (weight 13)

Step 3: Resolve ambiguous bits using structural patterns.
  Bit 4: Using shift=3, source = in[7] -> value = 1
  Bit 5: Using shift=3, source = in[0] -> value = 0
  Bit 6: Using shift=3, source = in[1] -> value = 1

Step 4: Resolve remaining 2 ambiguous bit(s) by scoring all combinations.
  Ambiguous positions: [0, 2]
  Scoring considers: operation priors, complexity, template consistency, shift alignment.
  Bit 0 -> 0
  Bit 2 -> 1

Step 5: Combine all bits to form the output.
  bit0=0(scored) | bit1=0(unambig) | bit2=1(scored) | bit3=1(unambig) | bit4=1(ctx) | bit5=0(ctx) | bit6=1(ctx) | bit7=0(unambig)

The answer is 00111010.",Bit Manipulation,low,bf,2
07d61ec8,"In Alice's Wonderland, a secret bit manipulation rule transforms 8-bit binary numbers. The transformation involves operations like bit shifts, rotations, XOR, AND, OR, NOT, and possibly majority or choice functions.

Here are some examples of input -> output:
10111101 -> 01111111
11011001 -> 00111110
00001010 -> 11000011
01011001 -> 00111111
11110001 -> 11111100
11111011 -> 11111110
10110001 -> 01111100
10100110 -> 00101011
11011110 -> 00111111

Now, determine the output for: 01100011",10111101,"I need to find the secret bit manipulation rule from the examples.

Given 9 examples:
  10111101 -> 01111111
  11011001 -> 00111110
  00001010 -> 11000011
  01011001 -> 00111111
  11110001 -> 11111100
  11111011 -> 11111110
  10110001 -> 01111100
  10100110 -> 00101011
  11011110 -> 00111111

Query: 01100011

Step 1: Analyze each output bit as an independent boolean function of input bits.

  Output bit 0: All 1 candidates agree -> value = 1
    Best match: XNOR(in[1], in[2]) = 1
  Output bit 1: All 1 candidates agree -> value = 0
    Best match: XNOR(in[2], in[3]) = 0
  Output bit 2: Ambiguous (3 candidates predict 0, 6 predict 1)
    For 0: OR(in[0], in[3]), OR(in[3], in[5]), IMPL(in[6], in[0])
    For 1: OR(in[0], in[1]), OR(in[0], in[7]), OR(in[1], in[2])
  Output bit 3: Ambiguous (2 candidates predict 0, 4 predict 1)
    For 0: ID(in[3]), IMPL(in[6], in[3])
    For 1: OR(in[1], in[3]), OR(in[1], in[7]), OR(in[3], in[7])
  Output bit 4: Ambiguous (3 candidates predict 0, 6 predict 1)
    For 0: OR(in[0], in[3]), OR(in[3], in[5]), IMPL(in[6], in[0])
    For 1: OR(in[0], in[1]), OR(in[0], in[7]), OR(in[1], in[2])
  Output bit 5: Ambiguous (2 candidates predict 0, 4 predict 1)
    For 0: ID(in[3]), IMPL(in[6], in[3])
    For 1: OR(in[1], in[3]), OR(in[1], in[7]), OR(in[3], in[7])
  Output bit 6: Ambiguous (2 candidates predict 0, 2 predict 1)
    For 0: OR(in[4], in[5]), IMPL(in[7], in[4])
    For 1: OR(in[4], in[6]), IMPL(in[3], in[4])
  Output bit 7: All 2 candidates agree -> value = 1
    Best match: XNOR(in[0], in[5]) = 1

Step 2: No strong shift pattern detected.

Step 3: No additional bits resolved by context propagation.

Step 4: Resolve remaining 5 ambiguous bit(s) by scoring all combinations.
  Ambiguous positions: [2, 3, 4, 5, 6]
  Scoring considers: operation priors, complexity, template consistency, shift alignment.
  Bit 2 -> 1
  Bit 3 -> 0
  Bit 4 -> 1
  Bit 5 -> 0
  Bit 6 -> 1

Step 5: Combine all bits to form the output.
  bit0=1(unambig) | bit1=0(unambig) | bit2=1(scored) | bit3=0(scored) | bit4=1(scored) | bit5=0(scored) | bit6=1(scored) | bit7=1(unambig)

The answer is 10101011.",Bit Manipulation,low,bf,5
07d8149a,"In Alice's Wonderland, a secret bit manipulation rule transforms 8-bit binary numbers. The transformation involves operations like bit shifts, rotations, XOR, AND, OR, NOT, and possibly majority or choice functions.

Here are some examples of input -> output:
10000110 -> 00000000
00001101 -> 00000000
11101100 -> 10000000
10010100 -> 00000000
00110101 -> 00100000
11001010 -> 00000000
11001111 -> 10000000

Now, determine the output for: 01111010",01000000,"I need to find the secret bit manipulation rule from the examples.

Given 7 examples:
  10000110 -> 00000000
  00001101 -> 00000000
  11101100 -> 10000000
  10010100 -> 00000000
  00110101 -> 00100000
  11001010 -> 00000000
  11001111 -> 10000000

Query: 01111010

Step 1: Analyze each output bit as an independent boolean function of input bits.

  Output bit 0: All 2 candidates agree -> value = 0
    Best match: AND(in[1], in[5]) = 0
  Output bit 1: Ambiguous (6 candidates predict 0, 10 predict 1)
    For 0: NOR(in[1], in[5]), NOR(in[4], in[5]), NOR(in[5], in[6])
    For 1: AND(in[1], in[3]), AND(in[2], in[6]), AND(in[3], in[4])
  Output bit 2: Ambiguous (6 candidates predict 0, 3 predict 1)
    For 0: AND(in[2], in[7]), AND(in[3], in[7]), NOR(in[0], in[4])
    For 1: AND(in[2], in[3]), INHIB(in[2], in[0]), INHIB(in[3], in[0])
  Output bit 3: Ambiguous (6 candidates predict 0, 10 predict 1)
    For 0: NOR(in[1], in[5]), NOR(in[4], in[5]), NOR(in[5], in[6])
    For 1: AND(in[1], in[3]), AND(in[2], in[6]), AND(in[3], in[4])
  Output bit 4: Ambiguous (6 candidates predict 0, 10 predict 1)
    For 0: NOR(in[1], in[5]), NOR(in[4], in[5]), NOR(in[5], in[6])
    For 1: AND(in[1], in[3]), AND(in[2], in[6]), AND(in[3], in[4])
  Output bit 5: Ambiguous (6 candidates predict 0, 10 predict 1)
    For 0: NOR(in[1], in[5]), NOR(in[4], in[5]), NOR(in[5], in[6])
    For 1: AND(in[1], in[3]), AND(in[2], in[6]), AND(in[3], in[4])
  Output bit 6: Ambiguous (6 candidates predict 0, 10 predict 1)
    For 0: NOR(in[1], in[5]), NOR(in[4], in[5]), NOR(in[5], in[6])
    For 1: AND(in[1], in[3]), AND(in[2], in[6]), AND(in[3], in[4])
  Output bit 7: Ambiguous (6 candidates predict 0, 10 predict 1)
    For 0: NOR(in[1], in[5]), NOR(in[4], in[5]), NOR(in[5], in[6])
    For 1: AND(in[1], in[3]), AND(in[2], in[6]), AND(in[3], in[4])

Step 2: No strong shift pattern detected.

Step 3: Resolve ambiguous bits using structural patterns.
  Bit 1: Resolved via pair/structure pattern -> value = 1
  Bit 2: Resolved via pair/structure pattern -> value = 0
  Bit 5: Resolved via pair/structure pattern -> value = 1

Step 4: Resolve remaining 4 ambiguous bit(s) by scoring all combinations.
  Ambiguous positions: [3, 4, 6, 7]
  Scoring considers: operation priors, complexity, template consistency, shift alignment.
  Bit 3 -> 1
  Bit 4 -> 1
  Bit 6 -> 1
  Bit 7 -> 1

Step 5: Combine all bits to form the output.
  bit0=0(unambig) | bit1=1(ctx) | bit2=0(ctx) | bit3=1(scored) | bit4=1(scored) | bit5=1(ctx) | bit6=1(scored) | bit7=1(scored)

The answer is 01011111.",Bit Manipulation,low,bf,4
07e8cf66,"In Alice's Wonderland, a secret bit manipulation rule transforms 8-bit binary numbers. The transformation involves operations like bit shifts, rotations, XOR, AND, OR, NOT, and possibly majority or choice functions.

Here are some examples of input -> output:
10011111 -> 11010011
01010111 -> 00001011
10111000 -> 00011100
11101001 -> 00110100
10011001 -> 11011110
11010100 -> 01001010
00100000 -> 00010000
11101101 -> 00111100

Now, determine the output for: 10111101",10010110,"I need to find the secret bit manipulation rule from the examples.

Given 8 examples:
  10011111 -> 11010011
  01010111 -> 00001011
  10111000 -> 00011100
  11101001 -> 00110100
  10011001 -> 11011110
  11010100 -> 01001010
  00100000 -> 00010000
  11101101 -> 00111100

Query: 10111101

Step 1: Analyze each output bit as an independent boolean function of input bits.

  Output bit 0: Ambiguous (2 candidates predict 0, 1 predict 1)
    For 0: NOR(in[1], in[2]), INHIB(in[4], in[2])
    For 1: INHIB(in[7], in[1])
  Output bit 1: Ambiguous (1 candidates predict 0, 1 predict 1)
    For 0: INHIB(in[0], in[2])
    For 1: XOR(in[1], in[7])
  Output bit 2: Ambiguous (6 candidates predict 0, 1 predict 1)
    For 0: AND(in[1], in[2]), AND(in[1], in[4]), INHIB(in[0], in[3])
    For 1: AND(in[2], in[7])
  Output bit 3: All 6 candidates agree -> value = 1
    Best match: OR(in[2], in[4]) = 1
  Output bit 4: All 1 candidates agree -> value = 0
    Best match: XOR(AND)(in[3], in[4], in[5]) = 0
  Output bit 5: All 1 candidates agree -> value = 1
    Best match: INHIB(in[4], in[6]) = 1
  Output bit 6: All 3 candidates agree -> value = 0
    Best match: NOT(in[2]) = 0
  Output bit 7: All 5 candidates agree -> value = 0
    Best match: ID(in[6]) = 0

Step 2: Identify structural patterns.
  Confirmed bit mappings: bit6<-in[2](shift=4), bit7<-in[6](shift=7)
  Dominant shift = 4 (weight 5)

Step 3: Resolve ambiguous bits using structural patterns.
  Bit 0: Resolved via pair/structure pattern -> value = 1
  Bit 1: Resolved via pair/structure pattern -> value = 0
  Bit 2: Resolved via pair/structure pattern -> value = 0

Step 4: All bits resolved without brute-force.

Step 5: Combine all bits to form the output.
  bit0=1(ctx) | bit1=0(ctx) | bit2=0(ctx) | bit3=1(unambig) | bit4=0(unambig) | bit5=1(unambig) | bit6=0(unambig) | bit7=0(unambig)

The answer is 10010100.",Bit Manipulation,high,ctx,0
08b2b48d,"In Alice's Wonderland, a secret bit manipulation rule transforms 8-bit binary numbers. The transformation involves operations like bit shifts, rotations, XOR, AND, OR, NOT, and possibly majority or choice functions.

Here are some examples of input -> output:
01100001 -> 00101101
10100101 -> 11100110
10011000 -> 01001110
00100101 -> 11100101
00000011 -> 11001001
01011001 -> 11011101
10100011 -> 10001010
10110000 -> 10011110

Now, determine the output for: 11111010",10101011,"I need to find the secret bit manipulation rule from the examples.

Given 8 examples:
  01100001 -> 00101101
  10100101 -> 11100110
  10011000 -> 01001110
  00100101 -> 11100101
  00000011 -> 11001001
  01011001 -> 11011101
  10100011 -> 10001010
  10110000 -> 10011110

Query: 11111010

Step 1: Analyze each output bit as an independent boolean function of input bits.

  Output bit 0: All 1 candidates agree -> value = 1
    Best match: XNOR(in[1], in[4]) = 1
  Output bit 1: All 2 candidates agree -> value = 0
    Best match: XNOR(in[2], in[5]) = 0
  Output bit 2: Ambiguous (1 candidates predict 0, 1 predict 1)
    For 0: NOR(in[3], in[6])
    For 1: XNOR(in[3], in[6])
  Output bit 3: All 1 candidates agree -> value = 0
    Best match: XNOR(in[4], in[7]) = 0
  Output bit 4: All 7 candidates agree -> value = 1
    Best match: NOT(in[5]) = 1
  Output bit 5: Ambiguous (2 candidates predict 0, 4 predict 1)
    For 0: NOT(in[6]), IMPL(in[6], in[5])
    For 1: NAND(in[6], in[7]), IMPL(in[6], in[1]), IMPL(in[6], in[3])
  Output bit 6: Ambiguous (1 candidates predict 0, 2 predict 1)
    For 0: INHIB(in[0], in[1])
    For 1: ID(in[0]), IMPL(in[7], in[0])
  Output bit 7: Ambiguous (2 candidates predict 0, 1 predict 1)
    For 0: NOT(in[0]), INHIB(in[7], in[0])
    For 1: IMPL(in[0], in[1])

Step 2: Identify structural patterns.
  Confirmed bit mappings: bit4<-in[5](shift=1), bit5<-in[6](shift=1), bit7<-in[0](shift=1)
  Dominant shift = 1 (weight 7)

Step 3: Resolve ambiguous bits using structural patterns.
  Bit 2: Resolved via pair/structure pattern -> value = 1
  Bit 5: Using shift=1, source = in[6] -> value = 0
  Bit 7: Using shift=1, source = in[0] -> value = 0

Step 4: Resolve remaining 1 ambiguous bit(s) by scoring all combinations.
  Ambiguous positions: [6]
  Scoring considers: operation priors, complexity, template consistency, shift alignment.
  Bit 6 -> 1

Step 5: Combine all bits to form the output.
  bit0=1(unambig) | bit1=0(unambig) | bit2=1(ctx) | bit3=0(unambig) | bit4=1(unambig) | bit5=0(ctx) | bit6=1(scored) | bit7=0(ctx)

The answer is 10101010.",Bit Manipulation,low,bf,1
08df5363,"In Alice's Wonderland, a secret bit manipulation rule transforms 8-bit binary numbers. The transformation involves operations like bit shifts, rotations, XOR, AND, OR, NOT, and possibly majority or choice functions.

Here are some examples of input -> output:
01001101 -> 00101001
01010111 -> 01101010
00101001 -> 00100101
10100011 -> 01110100
11110001 -> 00111110
00010000 -> 00000010
00000110 -> 11000000
00000001 -> 00100000
00101100 -> 10000101

Now, determine the output for: 11100010",01011100,"I need to find the secret bit manipulation rule from the examples.

Given 9 examples:
  01001101 -> 00101001
  01010111 -> 01101010
  00101001 -> 00100101
  10100011 -> 01110100
  11110001 -> 00111110
  00010000 -> 00000010
  00000110 -> 11000000
  00000001 -> 00100000
  00101100 -> 10000101

Query: 11100010

Step 1: Check for whole-byte patterns.
  Mixed shift pattern detected.
  Rule: some output bits are shifted copies, rest use a uniform 2-input function.

Step 2: Apply the pattern to the query.
  11100010 -> 11011100

The answer is 11011100.",Bit Manipulation,high,w_mix,0
0b16458a,"In Alice's Wonderland, a secret bit manipulation rule transforms 8-bit binary numbers. The transformation involves operations like bit shifts, rotations, XOR, AND, OR, NOT, and possibly majority or choice functions.

Here are some examples of input -> output:
00111001 -> 10000001
01100111 -> 00111000
11010111 -> 00111010
00010100 -> 00000000
11110100 -> 00000110
00010001 -> 00000000
01010000 -> 00000010
10011001 -> 10010000
00111100 -> 11000001

Now, determine the output for: 10001110",01110000,"I need to find the secret bit manipulation rule from the examples.

Given 9 examples:
  00111001 -> 10000001
  01100111 -> 00111000
  11010111 -> 00111010
  00010100 -> 00000000
  11110100 -> 00000110
  00010001 -> 00000000
  01010000 -> 00000010
  10011001 -> 10010000
  00111100 -> 11000001

Query: 10001110

Step 1: Analyze each output bit as an independent boolean function of input bits.

  Output bit 0: Ambiguous (2 candidates predict 0, 2 predict 1)
    For 0: AND(in[3], in[4]), INHIB(in[4], in[6])
    For 1: ID(in[4]), INHIB(in[4], in[1])
  Output bit 1: All 2 candidates agree -> value = 1
    Best match: AND(in[4], in[5]) = 1
  Output bit 2: Ambiguous (5 candidates predict 0, 3 predict 1)
    For 0: AND(in[1], in[6]), AND(in[1], in[7]), AND(in[5], in[7])
    For 1: ID(in[6]), AND(in[5], in[6]), IMPL(in[3], in[6])
  Output bit 3: All 1 candidates agree -> value = 1
    Best match: MAJ(in[0], in[6], in[7]) = 1
  Output bit 4: Ambiguous (5 candidates predict 0, 3 predict 1)
    For 0: AND(in[1], in[6]), AND(in[1], in[7]), AND(in[5], in[7])
    For 1: ID(in[6]), AND(in[5], in[6]), IMPL(in[3], in[6])
  Output bit 5: Ambiguous (1 candidates predict 0, 1 predict 1)
    For 0: AND(in[0], in[2])
    For 1: INHIB(in[0], in[7])
  Output bit 6: Ambiguous (1 candidates predict 0, 1 predict 1)
    For 0: AND(in[1], in[3])
    For 1: XNOR(in[1], in[3])
  Output bit 7: All 3 candidates agree -> value = 0
    Best match: AND(in[2], in[4]) = 0

Step 2: No strong shift pattern detected.

Step 3: Resolve ambiguous bits using structural patterns.
  Bit 2: Resolved via pair/structure pattern -> value = 0
  Bit 4: Resolved via pair/structure pattern -> value = 0
  Bit 5: Resolved via pair/structure pattern -> value = 0
  Bit 6: Resolved via pair/structure pattern -> value = 0

Step 4: Resolve remaining 1 ambiguous bit(s) by scoring all combinations.
  Ambiguous positions: [0]
  Scoring considers: operation priors, complexity, template consistency, shift alignment.
  Bit 0 -> 1

Step 5: Combine all bits to form the output.
  bit0=1(scored) | bit1=1(unambig) | bit2=0(ctx) | bit3=1(unambig) | bit4=0(ctx) | bit5=0(ctx) | bit6=0(ctx) | bit7=0(unambig)

The answer is 11010000.",Bit Manipulation,low,bf,1
0b404f15,"In Alice's Wonderland, a secret bit manipulation rule transforms 8-bit binary numbers. The transformation involves operations like bit shifts, rotations, XOR, AND, OR, NOT, and possibly majority or choice functions.

Here are some examples of input -> output:
11101101 -> 11010110
00001101 -> 10000000
10100101 -> 01010000
01000101 -> 00000010
01111101 -> 10010010
01110101 -> 00010010
11101001 -> 10010100

Now, determine the output for: 10101000",00000100,"I need to find the secret bit manipulation rule from the examples.

Given 7 examples:
  11101101 -> 11010110
  00001101 -> 10000000
  10100101 -> 01010000
  01000101 -> 00000010
  01111101 -> 10010010
  01110101 -> 00010010
  11101001 -> 10010100

Query: 10101000

Step 1: Analyze each output bit as an independent boolean function of input bits.

  Output bit 0: Ambiguous (2 candidates predict 0, 6 predict 1)
    For 0: AND(in[4], in[7]), XNOR(in[4], in[7])
    For 1: ID(in[4]), XOR(in[4], in[6]), OR(in[4], in[6])
  Output bit 1: All 2 candidates agree -> value = 0
    Best match: AND(in[0], in[5]) = 0
  Output bit 2: Ambiguous (30 candidates predict 0, 11 predict 1)
    For 0: ID(in[6]), AND(in[0], in[3]), AND(in[0], in[6])
    For 1: XNOR(in[6], in[7]), NOR(in[1], in[5]), NOR(in[1], in[7])
  Output bit 3: Ambiguous (2 candidates predict 0, 10 predict 1)
    For 0: AND(in[2], in[7]), XNOR(in[2], in[7])
    For 1: ID(in[2]), XOR(in[0], in[3]), XOR(in[2], in[6])
  Output bit 4: Ambiguous (30 candidates predict 0, 11 predict 1)
    For 0: ID(in[6]), AND(in[0], in[3]), AND(in[0], in[6])
    For 1: XNOR(in[6], in[7]), NOR(in[1], in[5]), NOR(in[1], in[7])
  Output bit 5: Ambiguous (1 candidates predict 0, 1 predict 1)
    For 0: AND(in[0], in[1])
    For 1: AND(in[0], in[4])
  Output bit 6: Ambiguous (1 candidates predict 0, 1 predict 1)
    For 0: AND(in[1], in[5])
    For 1: XNOR(in[1], in[5])
  Output bit 7: Ambiguous (30 candidates predict 0, 11 predict 1)
    For 0: ID(in[6]), AND(in[0], in[3]), AND(in[0], in[6])
    For 1: XNOR(in[6], in[7]), NOR(in[1], in[5]), NOR(in[1], in[7])

Step 2: No strong shift pattern detected.

Step 3: Resolve ambiguous bits using structural patterns.
  Bit 0: Resolved via pair/structure pattern -> value = 0
  Bit 2: Resolved via pair/structure pattern -> value = 0
  Bit 3: Resolved via pair/structure pattern -> value = 0
  Bit 4: Resolved via pair/structure pattern -> value = 0
  Bit 7: Resolved via pair/structure pattern -> value = 0

Step 4: Resolve remaining 2 ambiguous bit(s) by scoring all combinations.
  Ambiguous positions: [5, 6]
  Scoring considers: operation priors, complexity, template consistency, shift alignment.
  Bit 5 -> 0
  Bit 6 -> 0

Step 5: Combine all bits to form the output.
  bit0=0(ctx) | bit1=0(unambig) | bit2=0(ctx) | bit3=0(ctx) | bit4=0(ctx) | bit5=0(scored) | bit6=0(scored) | bit7=0(ctx)

The answer is 00000000.",Bit Manipulation,low,bf,2
0bc6e675,"In Alice's Wonderland, a secret bit manipulation rule transforms 8-bit binary numbers. The transformation involves operations like bit shifts, rotations, XOR, AND, OR, NOT, and possibly majority or choice functions.

Here are some examples of input -> output:
10010111 -> 00110011
01010001 -> 00111010
01011101 -> 00001011
11011000 -> 10011111
10101010 -> 01010101
11000100 -> 11111100
01001100 -> 11001111
01110001 -> 10111110

Now, determine the output for: 11100110",01111100,"I need to find the secret bit manipulation rule from the examples.

Given 8 examples:
  10010111 -> 00110011
  01010001 -> 00111010
  01011101 -> 00001011
  11011000 -> 10011111
  10101010 -> 01010101
  11000100 -> 11111100
  01001100 -> 11001111
  01110001 -> 10111110

Query: 11100110

Step 1: Analyze each output bit as an independent boolean function of input bits.

  Output bit 0: All 1 candidates agree -> value = 0
    Best match: XNOR(in[2], in[7]) = 0
  Output bit 1: All 2 candidates agree -> value = 1
    Best match: NOR(in[3], in[7]) = 1
  Output bit 2: All 2 candidates agree -> value = 1
    Best match: XNOR(in[0], in[5]) = 1
  Output bit 3: All 3 candidates agree -> value = 1
    Best match: NAND(in[4], in[5]) = 1
  Output bit 4: Ambiguous (3 candidates predict 0, 3 predict 1)
    For 0: NOT(in[6]), NAND(in[0], in[6]), INHIB(in[1], in[6])
    For 1: ID(in[1]), IMPL(in[0], in[1]), IMPL(in[6], in[1])
  Output bit 5: All 1 candidates agree -> value = 1
    Best match: IMPL(in[7], in[2]) = 1
  Output bit 6: All 1 candidates agree -> value = 0
    Best match: IMPL(in[0], in[3]) = 0
  Output bit 7: Ambiguous (1 candidates predict 0, 1 predict 1)
    For 0: IMPL(in[1], in[4])
    For 1: OR(in[4], in[6])

Step 2: Identify structural patterns.
  Confirmed bit mappings: bit1<-in[3](shift=2), bit2<-in[4](shift=2), bit4<-in[6](shift=2)
  Dominant shift = 2 (weight 11)

Step 3: Resolve ambiguous bits using structural patterns.
  Bit 4: Using shift=2, source = in[6] -> value = 0
  Bit 7: Resolved via pair/structure pattern -> value = 0

Step 4: All bits resolved without brute-force.

Step 5: Combine all bits to form the output.
  bit0=0(unambig) | bit1=1(unambig) | bit2=1(unambig) | bit3=1(unambig) | bit4=0(ctx) | bit5=1(unambig) | bit6=0(unambig) | bit7=0(ctx)

The answer is 01110100.",Bit Manipulation,high,ctx,0
0c1a09ce,"In Alice's Wonderland, a secret bit manipulation rule transforms 8-bit binary numbers. The transformation involves operations like bit shifts, rotations, XOR, AND, OR, NOT, and possibly majority or choice functions.

Here are some examples of input -> output:
10011101 -> 10000000
00100000 -> 00000000
00000100 -> 00000000
00111001 -> 00000000
11011100 -> 10000000
11111101 -> 10000000
01010101 -> 00000000
01010000 -> 00000000
01000011 -> 00100000

Now, determine the output for: 00101111",11100000,"I need to find the secret bit manipulation rule from the examples.

Given 9 examples:
  10011101 -> 10000000
  00100000 -> 00000000
  00000100 -> 00000000
  00111001 -> 00000000
  11011100 -> 10000000
  11111101 -> 10000000
  01010101 -> 00000000
  01010000 -> 00000000
  01000011 -> 00100000

Query: 00101111

Step 1: Analyze each output bit as an independent boolean function of input bits.

  Output bit 0: Ambiguous (5 candidates predict 0, 1 predict 1)
    For 0: ID(in[0]), AND(in[0], in[3]), AND(in[0], in[4])
    For 1: AND(in[4], in[5])
  Output bit 1: Ambiguous (7 candidates predict 0, 5 predict 1)
    For 0: AND(in[0], in[6]), AND(in[3], in[6]), INHIB(in[0], in[3])
    For 1: AND(in[2], in[6]), AND(in[4], in[6]), AND(in[5], in[6])
  Output bit 2: Ambiguous (5 candidates predict 0, 5 predict 1)
    For 0: AND(in[1], in[6]), INHIB(in[1], in[3]), INHIB(in[6], in[2])
    For 1: ID(in[6]), AND(in[6], in[7]), INHIB(in[6], in[0])
  Output bit 3: Ambiguous (7 candidates predict 0, 5 predict 1)
    For 0: AND(in[0], in[6]), AND(in[3], in[6]), INHIB(in[0], in[3])
    For 1: AND(in[2], in[6]), AND(in[4], in[6]), AND(in[5], in[6])
  Output bit 4: Ambiguous (7 candidates predict 0, 5 predict 1)
    For 0: AND(in[0], in[6]), AND(in[3], in[6]), INHIB(in[0], in[3])
    For 1: AND(in[2], in[6]), AND(in[4], in[6]), AND(in[5], in[6])
  Output bit 5: Ambiguous (7 candidates predict 0, 5 predict 1)
    For 0: AND(in[0], in[6]), AND(in[3], in[6]), INHIB(in[0], in[3])
    For 1: AND(in[2], in[6]), AND(in[4], in[6]), AND(in[5], in[6])
  Output bit 6: Ambiguous (7 candidates predict 0, 5 predict 1)
    For 0: AND(in[0], in[6]), AND(in[3], in[6]), INHIB(in[0], in[3])
    For 1: AND(in[2], in[6]), AND(in[4], in[6]), AND(in[5], in[6])
  Output bit 7: Ambiguous (7 candidates predict 0, 5 predict 1)
    For 0: AND(in[0], in[6]), AND(in[3], in[6]), INHIB(in[0], in[3])
    For 1: AND(in[2], in[6]), AND(in[4], in[6]), AND(in[5], in[6])

Step 2: No strong shift pattern detected.

Step 3: No additional bits resolved by context propagation.

Step 4: Resolve remaining 8 ambiguous bit(s) by scoring all combinations.
  Ambiguous positions: [0, 1, 2, 3, 4, 5, 6, 7]
  Scoring considers: operation priors, complexity, template consistency, shift alignment.
  Bit 0 -> 0
  Bit 1 -> 0
  Bit 2 -> 1
  Bit 3 -> 0
  Bit 4 -> 0
  Bit 5 -> 0
  Bit 6 -> 0
  Bit 7 -> 0

Step 5: Combine all bits to form the output.
  bit0=0(scored) | bit1=0(scored) | bit2=1(scored) | bit3=0(scored) | bit4=0(scored) | bit5=0(scored) | bit6=0(scored) | bit7=0(scored)

The answer is 00100000.",Bit Manipulation,low,bf,8
0e70c867,"In Alice's Wonderland, a secret bit manipulation rule transforms 8-bit binary numbers. The transformation involves operations like bit shifts, rotations, XOR, AND, OR, NOT, and possibly majority or choice functions.

Here are some examples of input -> output:
01010011 -> 00000000
00111100 -> 11000000
00001100 -> 00000000
10110101 -> 01010100
00111101 -> 11010000
00111110 -> 11100000
11101001 -> 10000111

Now, determine the output for: 10010110",01000000,"I need to find the secret bit manipulation rule from the examples.

Given 7 examples:
  01010011 -> 00000000
  00111100 -> 11000000
  00001100 -> 00000000
  10110101 -> 01010100
  00111101 -> 11010000
  00111110 -> 11100000
  11101001 -> 10000111

Query: 10010110

Step 1: Analyze each output bit as an independent boolean function of input bits.

  Output bit 0: All 1 candidates agree -> value = 0
    Best match: AND(in[2], in[4]) = 0
  Output bit 1: Ambiguous (3 candidates predict 0, 2 predict 1)
    For 0: AND(in[2], in[3]), AND(in[2], in[5]), INHIB(in[2], in[1])
    For 1: AND(in[3], in[5]), INHIB(in[3], in[1])
  Output bit 2: Ambiguous (2 candidates predict 0, 3 predict 1)
    For 0: AND(in[2], in[6]), AND(in[4], in[6])
    For 1: AND(in[5], in[6]), INHIB(in[6], in[1]), INHIB(in[6], in[7])
  Output bit 3: All 4 candidates agree -> value = 0
    Best match: AND(in[5], in[7]) = 0
  Output bit 4: Ambiguous (8 candidates predict 0, 4 predict 1)
    For 0: AND(in[1], in[5]), XNOR(in[1], in[5]), NOR(in[1], in[5])
    For 1: AND(in[0], in[6]), NOR(in[4], in[7]), INHIB(in[0], in[2])
  Output bit 5: Ambiguous (3 candidates predict 0, 3 predict 1)
    For 0: AND(in[0], in[2]), AND(in[0], in[7]), INHIB(in[0], in[6])
    For 1: ID(in[0]), XOR(in[4], in[5]), XNOR(in[1], in[4])
  Output bit 6: All 14 candidates agree -> value = 0
    Best match: AND(in[0], in[1]) = 0
  Output bit 7: All 14 candidates agree -> value = 0
    Best match: AND(in[0], in[1]) = 0

Step 2: No strong shift pattern detected.

Step 3: Resolve ambiguous bits using structural patterns.
  Bit 1: Resolved via pair/structure pattern -> value = 1
  Bit 2: Resolved via pair/structure pattern -> value = 0
  Bit 4: Resolved via pair/structure pattern -> value = 1

Step 4: Resolve remaining 1 ambiguous bit(s) by scoring all combinations.
  Ambiguous positions: [5]
  Scoring considers: operation priors, complexity, template consistency, shift alignment.
  Bit 5 -> 1

Step 5: Combine all bits to form the output.
  bit0=0(unambig) | bit1=1(ctx) | bit2=0(ctx) | bit3=0(unambig) | bit4=1(ctx) | bit5=1(scored) | bit6=0(unambig) | bit7=0(unambig)

The answer is 01001100.",Bit Manipulation,low,bf,1
0fe06e8c,"In Alice's Wonderland, a secret bit manipulation rule transforms 8-bit binary numbers. The transformation involves operations like bit shifts, rotations, XOR, AND, OR, NOT, and possibly majority or choice functions.

Here are some examples of input -> output:
11001000 -> 10000011
11101101 -> 11010011
01001101 -> 11010001
11010110 -> 01100011
11010101 -> 01010011
01011000 -> 10000001
01001010 -> 10100001
00001111 -> 11110000
11010000 -> 00000011
00000111 -> 01110000

Now, determine the output for: 10111001",10010010,"I need to find the secret bit manipulation rule from the examples.

Given 10 examples:
  11001000 -> 10000011
  11101101 -> 11010011
  01001101 -> 11010001
  11010110 -> 01100011
  11010101 -> 01010011
  01011000 -> 10000001
  01001010 -> 10100001
  00001111 -> 11110000
  11010000 -> 00000011
  00000111 -> 01110000

Query: 10111001

Step 1: Analyze each output bit as an independent boolean function of input bits.

  Output bit 0: All 2 candidates agree -> value = 1
    Best match: ID(in[4]) = 1
  Output bit 1: Ambiguous (1 candidates predict 0, 3 predict 1)
    For 0: ID(in[5])
    For 1: OR(in[2], in[5]), OR(in[5], in[7]), IMPL(in[1], in[5])
  Output bit 2: Ambiguous (2 candidates predict 0, 1 predict 1)
    For 0: ID(in[6]), INHIB(in[6], in[2])
    For 1: IMPL(in[1], in[6])
  Output bit 3: Ambiguous (1 candidates predict 0, 3 predict 1)
    For 0: AND(in[5], in[7])
    For 1: ID(in[7]), OR(in[2], in[7]), IMPL(in[1], in[7])
  Output bit 4: Ambiguous (6 candidates predict 0, 8 predict 1)
    For 0: AND(in[2], in[6]), NOR(in[1], in[7]), INHIB(in[2], in[0])
    For 1: AND(in[2], in[3]), NOR(in[1], in[5]), NOR(in[1], in[6])
  Output bit 5: Ambiguous (6 candidates predict 0, 8 predict 1)
    For 0: AND(in[2], in[6]), NOR(in[1], in[7]), INHIB(in[2], in[0])
    For 1: AND(in[2], in[3]), NOR(in[1], in[5]), NOR(in[1], in[6])
  Output bit 6: Ambiguous (1 candidates predict 0, 2 predict 1)
    For 0: AND(in[0], in[1])
    For 1: ID(in[0]), OR(in[0], in[2])
  Output bit 7: Ambiguous (2 candidates predict 0, 6 predict 1)
    For 0: ID(in[1]), IMPL(in[7], in[1])
    For 1: OR(in[0], in[1]), OR(in[1], in[2]), OR(in[1], in[3])

Step 2: Identify structural patterns.
  Confirmed bit mappings: bit0<-in[4](shift=4), bit1<-in[5](shift=4), bit2<-in[6](shift=4), bit3<-in[7](shift=4), bit6<-in[0](shift=2)
  Dominant shift = 4 (weight 8)

Step 3: Resolve ambiguous bits using structural patterns.
  Bit 1: Using shift=4, source = in[5] -> value = 0
  Bit 2: Using shift=4, source = in[6] -> value = 0
  Bit 3: Using shift=4, source = in[7] -> value = 1
  Bit 6: Using shift=2, source = in[0] -> value = 1
  Bit 7: Using shift=2, source = in[1] -> value = 0

Step 4: Resolve remaining 2 ambiguous bit(s) by scoring all combinations.
  Ambiguous positions: [4, 5]
  Scoring considers: operation priors, complexity, template consistency, shift alignment.
  Bit 4 -> 1
  Bit 5 -> 1

Step 5: Combine all bits to form the output.
  bit0=1(unambig) | bit1=0(ctx) | bit2=0(ctx) | bit3=1(ctx) | bit4=1(scored) | bit5=1(scored) | bit6=1(ctx) | bit7=0(ctx)

The answer is 10011110.",Bit Manipulation,low,bf,2
108e69ef,"In Alice's Wonderland, a secret bit manipulation rule transforms 8-bit binary numbers. The transformation involves operations like bit shifts, rotations, XOR, AND, OR, NOT, and possibly majority or choice functions.

Here are some examples of input -> output:
10100001 -> 00111011
10000111 -> 11101111
01100100 -> 10111111
10011100 -> 10010111
11011101 -> 00000101
01010111 -> 00011001
00111001 -> 01101111
11011011 -> 00010000

Now, determine the output for: 01110100",11011111,"I need to find the secret bit manipulation rule from the examples.

Given 8 examples:
  10100001 -> 00111011
  10000111 -> 11101111
  01100100 -> 10111111
  10011100 -> 10010111
  11011101 -> 00000101
  01010111 -> 00011001
  00111001 -> 01101111
  11011011 -> 00010000

Query: 01110100

Step 1: Analyze each output bit as an independent boolean function of input bits.

  Output bit 0: All 1 candidates agree -> value = 1
    Best match: XNOR(in[1], in[2]) = 1
  Output bit 1: All 1 candidates agree -> value = 1
    Best match: XNOR(in[2], in[3]) = 1
  Output bit 2: All 2 candidates agree -> value = 1
    Best match: XOR(in[1], in[7]) = 1
  Output bit 3: All 1 candidates agree -> value = 1
    Best match: NAND(XNOR)(in[0], in[5], in[7]) = 1
  Output bit 4: All 3 candidates agree -> value = 1
    Best match: NAND(in[0], in[3]) = 1
  Output bit 5: All 1 candidates agree -> value = 1
    Best match: NAND(XOR)(in[0], in[5], in[7]) = 1
  Output bit 6: Ambiguous (1 candidates predict 0, 2 predict 1)
    For 0: NAND(in[1], in[3])
    For 1: NAND(in[1], in[7]), IMPL(in[1], in[2])
  Output bit 7: All 4 candidates agree -> value = 1
    Best match: OR(in[2], in[5]) = 1

Step 2: No strong shift pattern detected.

Step 3: No additional bits resolved by context propagation.

Step 4: Resolve remaining 1 ambiguous bit(s) by scoring all combinations.
  Ambiguous positions: [6]
  Scoring considers: operation priors, complexity, template consistency, shift alignment.
  Bit 6 -> 1

Step 5: Combine all bits to form the output.
  bit0=1(unambig) | bit1=1(unambig) | bit2=1(unambig) | bit3=1(unambig) | bit4=1(unambig) | bit5=1(unambig) | bit6=1(scored) | bit7=1(unambig)

The answer is 11111111.",Bit Manipulation,low,bf,1
1126e314,"In Alice's Wonderland, a secret bit manipulation rule transforms 8-bit binary numbers. The transformation involves operations like bit shifts, rotations, XOR, AND, OR, NOT, and possibly majority or choice functions.

Here are some examples of input -> output:
11110010 -> 11101001
11100100 -> 11010000
10111101 -> 01111110
01100001 -> 10000000
10110110 -> 01011001
10101110 -> 01011101
00111011 -> 01111100

Now, determine the output for: 10010011",01001101,"I need to find the secret bit manipulation rule from the examples.

Given 7 examples:
  11110010 -> 11101001
  11100100 -> 11010000
  10111101 -> 01111110
  01100001 -> 10000000
  10110110 -> 01011001
  10101110 -> 01011101
  00111011 -> 01111100

Query: 10010011

Step 1: Analyze each output bit as an independent boolean function of input bits.

  Output bit 0: Ambiguous (3 candidates predict 0, 2 predict 1)
    For 0: ID(in[1]), AND(in[1], in[2]), INHIB(in[1], in[4])
    For 1: XNOR(in[1], in[2]), IMPL(in[2], in[1])
  Output bit 1: Ambiguous (1 candidates predict 0, 8 predict 1)
    For 0: IMPL(in[7], in[4])
    For 1: OR(in[0], in[3]), OR(in[0], in[4]), OR(in[0], in[6])
  Output bit 2: Ambiguous (1 candidates predict 0, 2 predict 1)
    For 0: MAJ(in[1], in[3], in[4])
    For 1: CH(in[1], in[3], in[7]), CH(in[1], in[6], in[7])
  Output bit 3: Ambiguous (1 candidates predict 0, 1 predict 1)
    For 0: OR(in[4], in[5])
    For 1: IMPL(in[1], in[5])
  Output bit 4: All 5 candidates agree -> value = 1
    Best match: OR(in[3], in[4]) = 1
  Output bit 5: Ambiguous (3 candidates predict 0, 2 predict 1)
    For 0: ID(in[4]), AND(in[2], in[4]), INHIB(in[4], in[1])
    For 1: XNOR(in[2], in[4]), IMPL(in[2], in[4])
  Output bit 6: Ambiguous (4 candidates predict 0, 2 predict 1)
    For 0: AND(in[5], in[7]), NOR(in[1], in[6]), INHIB(in[3], in[6])
    For 1: AND(in[0], in[7]), XNOR(in[0], in[7])
  Output bit 7: Ambiguous (1 candidates predict 0, 2 predict 1)
    For 0: INHIB(in[6], in[7])
    For 1: AND(in[0], in[6]), XOR(in[3], in[4])

Step 2: No strong shift pattern detected.

Step 3: No additional bits resolved by context propagation.

Step 4: Resolve remaining 7 ambiguous bit(s) by scoring all combinations.
  Ambiguous positions: [0, 1, 2, 3, 5, 6, 7]
  Scoring considers: operation priors, complexity, template consistency, shift alignment.
  Bit 0 -> 0
  Bit 1 -> 1
  Bit 2 -> 1
  Bit 3 -> 0
  Bit 5 -> 0
  Bit 6 -> 0
  Bit 7 -> 1

Step 5: Combine all bits to form the output.
  bit0=0(scored) | bit1=1(scored) | bit2=1(scored) | bit3=0(scored) | bit4=1(unambig) | bit5=0(scored) | bit6=0(scored) | bit7=1(scored)

The answer is 01101001.",Bit Manipulation,low,bf,7
114a7439,"In Alice's Wonderland, a secret bit manipulation rule transforms 8-bit binary numbers. The transformation involves operations like bit shifts, rotations, XOR, AND, OR, NOT, and possibly majority or choice functions.

Here are some examples of input -> output:
10101100 -> 01100101
00100011 -> 00011001
10111001 -> 10001101
01110100 -> 10100011
11000000 -> 00000110
00001110 -> 01110000
10011001 -> 10001100

Now, determine the output for: 00111110",01110001,"I need to find the secret bit manipulation rule from the examples.

Given 7 examples:
  10101100 -> 01100101
  00100011 -> 00011001
  10111001 -> 10001101
  01110100 -> 10100011
  11000000 -> 00000110
  00001110 -> 01110000
  10011001 -> 10001100

Query: 00111110

Step 1: Check for whole-byte patterns.
  Mixed shift pattern detected.
  Rule: some output bits are shifted copies, rest use a uniform 2-input function.

Step 2: Apply the pattern to the query.
  00111110 -> 11110001

The answer is 11110001.",Bit Manipulation,high,w_mix,0
12154247,"In Alice's Wonderland, a secret bit manipulation rule transforms 8-bit binary numbers. The transformation involves operations like bit shifts, rotations, XOR, AND, OR, NOT, and possibly majority or choice functions.

Here are some examples of input -> output:
11101101 -> 11000010
00100001 -> 01011111
01101100 -> 11110110
10111010 -> 00011101
00010001 -> 10011001
10101000 -> 01011110
10100111 -> 11000111
01010111 -> 01100011
00000111 -> 00000011
11110110 -> 10100011

Now, determine the output for: 00010000",10111101,"I need to find the secret bit manipulation rule from the examples.

Given 10 examples:
  11101101 -> 11000010
  00100001 -> 01011111
  01101100 -> 11110110
  10111010 -> 00011101
  00010001 -> 10011001
  10101000 -> 01011110
  10100111 -> 11000111
  01010111 -> 01100011
  00000111 -> 00000011
  11110110 -> 10100011

Query: 00010000

Step 1: Analyze each output bit as an independent boolean function of input bits.

  Output bit 0: All 1 candidates agree -> value = 1
    Best match: XNOR(in[2], in[5]) = 1
  Output bit 1: All 1 candidates agree -> value = 0
    Best match: XOR(AND)(in[3], in[6], in[2]) = 0
  Output bit 2: All 1 candidates agree -> value = 0
    Best match: AND(NAND)(in[0], in[4], in[1]) = 0
  Output bit 3: All 1 candidates agree -> value = 1
    Best match: NAND(XNOR)(in[0], in[2], in[5]) = 1
  Output bit 4: All 2 candidates agree -> value = 1
    Best match: NOR(in[1], in[5]) = 1
  Output bit 5: All 1 candidates agree -> value = 0
    Best match: XOR(AND)(in[0], in[1], in[2]) = 0
  Output bit 6: All 2 candidates agree -> value = 0
    Best match: IMPL(in[3], in[1]) = 0
  Output bit 7: All 2 candidates agree -> value = 1
    Best match: IMPL(in[4], in[3]) = 1

Step 2: Identify structural patterns.
  Confirmed bit mappings: bit4<-in[5](shift=1)
  Dominant shift = 1 (weight 5)

Step 3: No additional bits resolved by context propagation.

Step 4: All bits resolved without brute-force.

Step 5: Combine all bits to form the output.
  bit0=1(unambig) | bit1=0(unambig) | bit2=0(unambig) | bit3=1(unambig) | bit4=1(unambig) | bit5=0(unambig) | bit6=0(unambig) | bit7=1(unambig)

The answer is 10011001.",Bit Manipulation,high,ctx,0
124bc762,"In Alice's Wonderland, a secret bit manipulation rule transforms 8-bit binary numbers. The transformation involves operations like bit shifts, rotations, XOR, AND, OR, NOT, and possibly majority or choice functions.

Here are some examples of input -> output:
11101000 -> 00000011
01010001 -> 00100001
11001101 -> 10100011
01001100 -> 10000001
01010100 -> 10000001
11010100 -> 10000011
01011001 -> 00100001

Now, determine the output for: 10010111",11100010,"I need to find the secret bit manipulation rule from the examples.

Given 7 examples:
  11101000 -> 00000011
  01010001 -> 00100001
  11001101 -> 10100011
  01001100 -> 10000001
  01010100 -> 10000001
  11010100 -> 10000011
  01011001 -> 00100001

Query: 10010111

Step 1: Check for whole-byte patterns.
  Permutation pattern detected.
  Rule: each output bit is copied (possibly inverted) from a specific input bit.

Step 2: Apply the pattern to the query.
  10010111 -> 11111110

The answer is 11111110.",Bit Manipulation,high,w_perm,0
12e947ca,"In Alice's Wonderland, a secret bit manipulation rule transforms 8-bit binary numbers. The transformation involves operations like bit shifts, rotations, XOR, AND, OR, NOT, and possibly majority or choice functions.

Here are some examples of input -> output:
10010001 -> 00001000
00011101 -> 01001110
10010101 -> 00001010
11110001 -> 00111000
01001000 -> 00100100
01010100 -> 00101010
00010010 -> 10001001
11100101 -> 00110010
11101100 -> 01110110
10110001 -> 00011000

Now, determine the output for: 11111101",00111110,"I need to find the secret bit manipulation rule from the examples.

Given 10 examples:
  10010001 -> 00001000
  00011101 -> 01001110
  10010101 -> 00001010
  11110001 -> 00111000
  01001000 -> 00100100
  01010100 -> 00101010
  00010010 -> 10001001
  11100101 -> 00110010
  11101100 -> 01110110
  10110001 -> 00011000

Query: 11111101

Step 1: Analyze each output bit as an independent boolean function of input bits.

  Output bit 0: All 9 candidates agree -> value = 0
    Best match: ID(in[6]) = 0
  Output bit 1: Ambiguous (1 candidates predict 0, 1 predict 1)
    For 0: XOR(in[0], in[7])
    For 1: AND(in[4], in[5])
  Output bit 2: All 3 candidates agree -> value = 1
    Best match: ID(in[1]) = 1
  Output bit 3: All 3 candidates agree -> value = 1
    Best match: ID(in[2]) = 1
  Output bit 4: All 3 candidates agree -> value = 1
    Best match: ID(in[3]) = 1
  Output bit 5: All 2 candidates agree -> value = 1
    Best match: ID(in[4]) = 1
  Output bit 6: All 2 candidates agree -> value = 1
    Best match: ID(in[5]) = 1
  Output bit 7: All 9 candidates agree -> value = 0
    Best match: ID(in[6]) = 0

Step 2: Identify structural patterns.
  Confirmed bit mappings: bit0<-in[6](shift=6), bit2<-in[1](shift=7), bit3<-in[2](shift=7), bit4<-in[3](shift=7), bit5<-in[4](shift=7)
  Dominant shift = 7 (weight 30)

Step 3: No additional bits resolved by context propagation.

Step 4: Resolve remaining 1 ambiguous bit(s) by scoring all combinations.
  Ambiguous positions: [1]
  Scoring considers: operation priors, complexity, template consistency, shift alignment.
  Bit 1 -> 1

Step 5: Combine all bits to form the output.
  bit0=0(unambig) | bit1=1(scored) | bit2=1(unambig) | bit3=1(unambig) | bit4=1(unambig) | bit5=1(unambig) | bit6=1(unambig) | bit7=0(unambig)

The answer is 01111110.",Bit Manipulation,low,bf,1
12fd5b6c,"In Alice's Wonderland, a secret bit manipulation rule transforms 8-bit binary numbers. The transformation involves operations like bit shifts, rotations, XOR, AND, OR, NOT, and possibly majority or choice functions.

Here are some examples of input -> output:
11011011 -> 11101101
01000000 -> 11110111
10000001 -> 11001011
00010011 -> 11010001
11100110 -> 10111111
00001011 -> 10110010
10000111 -> 00011011

Now, determine the output for: 00100101",11001111,"I need to find the secret bit manipulation rule from the examples.

Given 7 examples:
  11011011 -> 11101101
  01000000 -> 11110111
  10000001 -> 11001011
  00010011 -> 11010001
  11100110 -> 10111111
  00001011 -> 10110010
  10000111 -> 00011011

Query: 00100101

Step 1: Analyze each output bit as an independent boolean function of input bits.

  Output bit 0: Ambiguous (2 candidates predict 0, 2 predict 1)
    For 0: NAND(in[5], in[7]), IMPL(in[5], in[1])
    For 1: XNOR(in[2], in[5]), IMPL(in[5], in[2])
  Output bit 1: All 2 candidates agree -> value = 1
    Best match: XNOR(in[3], in[6]) = 1
  Output bit 2: All 3 candidates agree -> value = 0
    Best match: OR(in[1], in[4]) = 0
  Output bit 3: Ambiguous (1 candidates predict 0, 1 predict 1)
    For 0: XNOR(in[0], in[5])
    For 1: IMPL(in[0], in[5])
  Output bit 4: Ambiguous (1 candidates predict 0, 2 predict 1)
    For 0: ID(in[0])
    For 1: OR(in[0], in[2]), OR(in[0], in[5])
  Output bit 5: Ambiguous (2 candidates predict 0, 1 predict 1)
    For 0: ID(in[1]), IMPL(in[7], in[1])
    For 1: OR(in[1], in[2])
  Output bit 6: All 5 candidates agree -> value = 1
    Best match: NOT(in[3]) = 1
  Output bit 7: All 3 candidates agree -> value = 1
    Best match: IMPL(in[4], in[0]) = 1

Step 2: Identify structural patterns.
  Confirmed bit mappings: bit6<-in[3](shift=5)
  Dominant shift = 5 (weight 5)

Step 3: Resolve ambiguous bits using structural patterns.
  Bit 0: Resolved via pair/structure pattern -> value = 1
  Bit 3: Resolved via pair/structure pattern -> value = 1

Step 4: Resolve remaining 2 ambiguous bit(s) by scoring all combinations.
  Ambiguous positions: [4, 5]
  Scoring considers: operation priors, complexity, template consistency, shift alignment.
  Bit 4 -> 0
  Bit 5 -> 0

Step 5: Combine all bits to form the output.
  bit0=1(ctx) | bit1=1(unambig) | bit2=0(unambig) | bit3=1(ctx) | bit4=0(scored) | bit5=0(scored) | bit6=1(unambig) | bit7=1(unambig)

The answer is 11010011.",Bit Manipulation,low,bf,2
13009e35,"In Alice's Wonderland, a secret bit manipulation rule transforms 8-bit binary numbers. The transformation involves operations like bit shifts, rotations, XOR, AND, OR, NOT, and possibly majority or choice functions.

Here are some examples of input -> output:
00101010 -> 10101000
10000000 -> 00000010
11001011 -> 10111111
10010101 -> 01010110
01001010 -> 10101001
10010110 -> 01111010
00000001 -> 00010100
00110001 -> 11010100
11010011 -> 01111111
00111010 -> 11101000

Now, determine the output for: 11100110",11111011,"I need to find the secret bit manipulation rule from the examples.

Given 10 examples:
  00101010 -> 10101000
  10000000 -> 00000010
  11001011 -> 10111111
  10010101 -> 01010110
  01001010 -> 10101001
  10010110 -> 01111010
  00000001 -> 00010100
  00110001 -> 11010100
  11010011 -> 01111111
  00111010 -> 11101000

Query: 11100110

Step 1: Check for whole-byte patterns.
  Mixed shift pattern detected.
  Rule: some output bits are shifted copies, rest use a uniform 2-input function.

Step 2: Apply the pattern to the query.
  11100110 -> 10111011

The answer is 10111011.",Bit Manipulation,high,w_mix,0
132ec6ae,"In Alice's Wonderland, a secret bit manipulation rule transforms 8-bit binary numbers. The transformation involves operations like bit shifts, rotations, XOR, AND, OR, NOT, and possibly majority or choice functions.

Here are some examples of input -> output:
00111100 -> 11100001
11010110 -> 10010101
00001110 -> 11111000
11100100 -> 10001101
11011100 -> 10010001
10010010 -> 10110111
11011010 -> 10010011
01001100 -> 11011001

Now, determine the output for: 00100111",11101100,"I need to find the secret bit manipulation rule from the examples.

Given 8 examples:
  00111100 -> 11100001
  11010110 -> 10010101
  00001110 -> 11111000
  11100100 -> 10001101
  11011100 -> 10010001
  10010010 -> 10110111
  11011010 -> 10010011
  01001100 -> 11011001

Query: 00100111

Step 1: Check for whole-byte patterns.
  Mixed shift pattern detected.
  Rule: some output bits are shifted copies, rest use a uniform 2-input function.

Step 2: Apply the pattern to the query.
  00100111 -> 01101100

The answer is 01101100.",Bit Manipulation,high,w_mix,0
13c8ae90,"In Alice's Wonderland, a secret bit manipulation rule transforms 8-bit binary numbers. The transformation involves operations like bit shifts, rotations, XOR, AND, OR, NOT, and possibly majority or choice functions.

Here are some examples of input -> output:
10110000 -> 01011000
01100110 -> 00000011
11001110 -> 00000111
01110010 -> 00101001
00000000 -> 00000000
11100000 -> 01110000
11011000 -> 00101100

Now, determine the output for: 01110001",00110000,"I need to find the secret bit manipulation rule from the examples.

Given 7 examples:
  10110000 -> 01011000
  01100110 -> 00000011
  11001110 -> 00000111
  01110010 -> 00101001
  00000000 -> 00000000
  11100000 -> 01110000
  11011000 -> 00101100

Query: 01110001

Step 1: Analyze each output bit as an independent boolean function of input bits.

  Output bit 0: Ambiguous (15 candidates predict 0, 8 predict 1)
    For 0: AND(in[0], in[7]), AND(in[2], in[4]), AND(in[3], in[5])
    For 1: ID(in[7]), AND(in[1], in[7]), AND(in[2], in[7])
  Output bit 1: Ambiguous (3 candidates predict 0, 1 predict 1)
    For 0: AND(in[0], in[2]), XOR(in[0], in[4]), INHIB(in[0], in[4])
    For 1: INHIB(in[2], in[6])
  Output bit 2: All 2 candidates agree -> value = 1
    Best match: XOR(in[1], in[5]) = 1
  Output bit 3: Ambiguous (3 candidates predict 0, 1 predict 1)
    For 0: AND(in[0], in[2]), XOR(in[0], in[4]), INHIB(in[0], in[4])
    For 1: INHIB(in[2], in[6])
  Output bit 4: Ambiguous (2 candidates predict 0, 3 predict 1)
    For 0: XOR(in[3], in[7]), INHIB(in[3], in[7])
    For 1: ID(in[3]), OR(in[3], in[7]), INHIB(in[3], in[5])
  Output bit 5: Ambiguous (7 candidates predict 0, 2 predict 1)
    For 0: ID(in[4]), AND(in[0], in[4]), AND(in[1], in[4])
    For 1: XOR(in[4], in[7]), OR(in[4], in[7])
  Output bit 6: Ambiguous (6 candidates predict 0, 2 predict 1)
    For 0: ID(in[5]), AND(in[1], in[5]), AND(in[5], in[6])
    For 1: XOR(in[5], in[7]), OR(in[5], in[7])
  Output bit 7: Ambiguous (4 candidates predict 0, 2 predict 1)
    For 0: ID(in[6]), AND(in[1], in[6]), OR(in[5], in[6])
    For 1: XOR(in[6], in[7]), OR(in[6], in[7])

Step 2: Identify structural patterns.
  Confirmed bit mappings: bit0<-in[7](shift=7), bit4<-in[3](shift=7), bit5<-in[4](shift=7), bit6<-in[5](shift=7), bit7<-in[6](shift=7)
  Dominant shift = 7 (weight 5)

Step 3: Resolve ambiguous bits using structural patterns.
  Bit 0: Using shift=7, source = in[7] -> value = 1
  Bit 1: Resolved via pair/structure pattern -> value = 0
  Bit 3: Resolved via pair/structure pattern -> value = 1
  Bit 4: Using shift=7, source = in[3] -> value = 1
  Bit 5: Using shift=7, source = in[4] -> value = 0
  Bit 6: Using shift=7, source = in[5] -> value = 0
  Bit 7: Using shift=7, source = in[6] -> value = 0

Step 4: All bits resolved without brute-force.

Step 5: Combine all bits to form the output.
  bit0=1(ctx) | bit1=0(ctx) | bit2=1(unambig) | bit3=1(ctx) | bit4=1(ctx) | bit5=0(ctx) | bit6=0(ctx) | bit7=0(ctx)

The answer is 10111000.",Bit Manipulation,high,ctx,0
13eebe61,"In Alice's Wonderland, a secret bit manipulation rule transforms 8-bit binary numbers. The transformation involves operations like bit shifts, rotations, XOR, AND, OR, NOT, and possibly majority or choice functions.

Here are some examples of input -> output:
00010001 -> 00001000
01010011 -> 00111001
01101100 -> 01100110
11001011 -> 01111100
00100111 -> 00110010
01000111 -> 00110000
10010001 -> 00001000

Now, determine the output for: 10010110",01101001,"I need to find the secret bit manipulation rule from the examples.

Given 7 examples:
  00010001 -> 00001000
  01010011 -> 00111001
  01101100 -> 01100110
  11001011 -> 01111100
  00100111 -> 00110010
  01000111 -> 00110000
  10010001 -> 00001000

Query: 10010110

Step 1: Analyze each output bit as an independent boolean function of input bits.

  Output bit 0: Ambiguous (7 candidates predict 0, 8 predict 1)
    For 0: AND(in[0], in[2]), AND(in[2], in[3]), AND(in[3], in[4])
    For 1: AND(in[0], in[5]), AND(in[3], in[5]), NOR(in[1], in[7])
  Output bit 1: Ambiguous (3 candidates predict 0, 1 predict 1)
    For 0: ID(in[4]), AND(in[1], in[4]), INHIB(in[4], in[3])
    For 1: IMPL(in[7], in[4])
  Output bit 2: Ambiguous (3 candidates predict 0, 7 predict 1)
    For 0: OR(in[1], in[2]), XNOR(in[6], in[7]), IMPL(in[3], in[1])
    For 1: OR(in[1], in[5]), OR(in[1], in[6]), OR(in[2], in[6])
  Output bit 3: Ambiguous (2 candidates predict 0, 1 predict 1)
    For 0: AND(in[6], in[7]), XOR(in[1], in[2])
    For 1: ID(in[6])
  Output bit 4: Ambiguous (3 candidates predict 0, 3 predict 1)
    For 0: NOR(in[2], in[5]), NOT(in[5]), INHIB(in[7], in[5])
    For 1: OR(in[0], in[3]), IMPL(in[5], in[0]), IMPL(in[5], in[3])
  Output bit 5: Ambiguous (3 candidates predict 0, 1 predict 1)
    For 0: ID(in[4]), AND(in[1], in[4]), INHIB(in[4], in[3])
    For 1: IMPL(in[7], in[4])
  Output bit 6: Ambiguous (4 candidates predict 0, 2 predict 1)
    For 0: ID(in[2]), AND(in[2], in[5]), INHIB(in[2], in[0])
    For 1: XOR(in[1], in[6]), IMPL(in[7], in[2])
  Output bit 7: Ambiguous (1 candidates predict 0, 1 predict 1)
    For 0: AND(in[1], in[3])
    For 1: AND(in[3], in[6])

Step 2: No strong shift pattern detected.

Step 3: No additional bits resolved by context propagation.

Step 4: Resolve remaining 8 ambiguous bit(s) by scoring all combinations.
  Ambiguous positions: [0, 1, 2, 3, 4, 5, 6, 7]
  Scoring considers: operation priors, complexity, template consistency, shift alignment.
  Bit 0 -> 0
  Bit 1 -> 0
  Bit 2 -> 1
  Bit 3 -> 1
  Bit 4 -> 0
  Bit 5 -> 0
  Bit 6 -> 0
  Bit 7 -> 0

Step 5: Combine all bits to form the output.
  bit0=0(scored) | bit1=0(scored) | bit2=1(scored) | bit3=1(scored) | bit4=0(scored) | bit5=0(scored) | bit6=0(scored) | bit7=0(scored)

The answer is 00110000.",Bit Manipulation,low,bf,8
143627c4,"In Alice's Wonderland, a secret bit manipulation rule transforms 8-bit binary numbers. The transformation involves operations like bit shifts, rotations, XOR, AND, OR, NOT, and possibly majority or choice functions.

Here are some examples of input -> output:
11000001 -> 10101111
10011001 -> 10111011
00100011 -> 01010111
01011000 -> 11101001
10110111 -> 11110010
10000001 -> 10111111
01010111 -> 11001011
00110100 -> 01110010

Now, determine the output for: 01011111",11001001,"I need to find the secret bit manipulation rule from the examples.

Given 8 examples:
  11000001 -> 10101111
  10011001 -> 10111011
  00100011 -> 01010111
  01011000 -> 11101001
  10110111 -> 11110010
  10000001 -> 10111111
  01010111 -> 11001011
  00110100 -> 01110010

Query: 01011111

Step 1: Analyze each output bit as an independent boolean function of input bits.

  Output bit 0: All 3 candidates agree -> value = 1
    Best match: OR(in[0], in[1]) = 1
  Output bit 1: All 5 candidates agree -> value = 1
    Best match: XNOR(in[6], in[7]) = 1
  Output bit 2: All 4 candidates agree -> value = 0
    Best match: XNOR(in[0], in[7]) = 0
  Output bit 3: All 2 candidates agree -> value = 0
    Best match: NOT(in[1]) = 0
  Output bit 4: All 3 candidates agree -> value = 1
    Best match: NOT(in[2]) = 1
  Output bit 5: Ambiguous (5 candidates predict 0, 1 predict 1)
    For 0: NOR(in[3], in[4]), NOR(in[3], in[5]), NOR(in[4], in[5])
    For 1: XNOR(in[4], in[5])
  Output bit 6: Ambiguous (2 candidates predict 0, 4 predict 1)
    For 0: NAND(in[1], in[4]), IMPL(in[4], in[0])
    For 1: OR(in[2], in[7]), OR(in[5], in[7]), IMPL(in[1], in[7])
  Output bit 7: All 3 candidates agree -> value = 1
    Best match: NAND(in[2], in[3]) = 1

Step 2: Identify structural patterns.
  Confirmed bit mappings: bit3<-in[1](shift=6), bit4<-in[2](shift=6), bit5<-in[3](shift=6)
  Dominant shift = 6 (weight 11)

Step 3: Resolve ambiguous bits using structural patterns.
  Bit 5: Using shift=6, source = in[3] -> value = 0

Step 4: Resolve remaining 1 ambiguous bit(s) by scoring all combinations.
  Ambiguous positions: [6]
  Scoring considers: operation priors, complexity, template consistency, shift alignment.
  Bit 6 -> 1

Step 5: Combine all bits to form the output.
  bit0=1(unambig) | bit1=1(unambig) | bit2=0(unambig) | bit3=0(unambig) | bit4=1(unambig) | bit5=0(ctx) | bit6=1(scored) | bit7=1(unambig)

The answer is 11001011.",Bit Manipulation,low,bf,1
1532c0d1,"In Alice's Wonderland, a secret bit manipulation rule transforms 8-bit binary numbers. The transformation involves operations like bit shifts, rotations, XOR, AND, OR, NOT, and possibly majority or choice functions.

Here are some examples of input -> output:
00101001 -> 00000010
00010101 -> 01000101
00100100 -> 00001001
00011110 -> 00000111
11100001 -> 01111000
01001101 -> 00011011
01001100 -> 00010011
10011111 -> 00010111
10011100 -> 00000111
10001001 -> 00100010

Now, determine the output for: 01110011",01001100,"I need to find the secret bit manipulation rule from the examples.

Given 10 examples:
  00101001 -> 00000010
  00010101 -> 01000101
  00100100 -> 00001001
  00011110 -> 00000111
  11100001 -> 01111000
  01001101 -> 00011011
  01001100 -> 00010011
  10011111 -> 00010111
  10011100 -> 00000111
  10001001 -> 00100010

Query: 01110011

Step 1: Analyze each output bit as an independent boolean function of input bits.

  Output bit 0: Ambiguous (3 candidates predict 0, 7 predict 1)
    For 0: NOR(in[5], in[7]), INHIB(in[6], in[3]), C0
    For 1: AND(in[1], in[3]), AND(in[1], in[6]), AND(in[2], in[3])
  Output bit 1: All 1 candidates agree -> value = 1
    Best match: INHIB(in[7], in[4]) = 1
  Output bit 2: All 2 candidates agree -> value = 0
    Best match: INHIB(in[0], in[3]) = 0
  Output bit 3: All 1 candidates agree -> value = 1
    Best match: OR(AND)(in[0], in[6], in[1]) = 1
  Output bit 4: All 1 candidates agree -> value = 0
    Best match: NOR(XOR)(in[1], in[7], in[3]) = 0
  Output bit 5: Ambiguous (3 candidates predict 0, 2 predict 1)
    For 0: AND(in[3], in[5]), INHIB(in[3], in[1]), INHIB(in[3], in[2])
    For 1: ID(in[3]), OR(in[3], in[6])
  Output bit 6: Ambiguous (1 candidates predict 0, 1 predict 1)
    For 0: ID(in[4])
    For 1: OR(in[4], in[6])
  Output bit 7: Ambiguous (2 candidates predict 0, 2 predict 1)
    For 0: ID(in[5]), IMPL(in[7], in[5])
    For 1: OR(in[3], in[5]), OR(in[5], in[6])

Step 2: No strong shift pattern detected.

Step 3: Resolve ambiguous bits using structural patterns.
  Bit 0: Resolved via pair/structure pattern -> value = 0

Step 4: Resolve remaining 3 ambiguous bit(s) by scoring all combinations.
  Ambiguous positions: [5, 6, 7]
  Scoring considers: operation priors, complexity, template consistency, shift alignment.
  Bit 5 -> 1
  Bit 6 -> 0
  Bit 7 -> 0

Step 5: Combine all bits to form the output.
  bit0=0(ctx) | bit1=1(unambig) | bit2=0(unambig) | bit3=1(unambig) | bit4=0(unambig) | bit5=1(scored) | bit6=0(scored) | bit7=0(scored)

The answer is 01010100.",Bit Manipulation,low,bf,3
172d2417,"In Alice's Wonderland, a secret bit manipulation rule transforms 8-bit binary numbers. The transformation involves operations like bit shifts, rotations, XOR, AND, OR, NOT, and possibly majority or choice functions.

Here are some examples of input -> output:
11010000 -> 10100001
11010101 -> 10111011
10111010 -> 00010101
00000001 -> 00000010
01110110 -> 00101100
10101010 -> 01010101
00100011 -> 01000110
01011101 -> 10001010

Now, determine the output for: 00011100",00001000,"I need to find the secret bit manipulation rule from the examples.

Given 8 examples:
  11010000 -> 10100001
  11010101 -> 10111011
  10111010 -> 00010101
  00000001 -> 00000010
  01110110 -> 00101100
  10101010 -> 01010101
  00100011 -> 01000110
  01011101 -> 10001010

Query: 00011100

Step 1: Analyze each output bit as an independent boolean function of input bits.

  Output bit 0: Ambiguous (2 candidates predict 0, 3 predict 1)
    For 0: INHIB(in[1], in[2]), INHIB(in[1], in[6])
    For 1: XOR(in[0], in[4]), INHIB(in[3], in[2]), INHIB(in[3], in[6])
  Output bit 1: All 2 candidates agree -> value = 0
    Best match: INHIB(in[2], in[3]) = 0
  Output bit 2: All 2 candidates agree -> value = 0
    Best match: INHIB(in[1], in[4]) = 0
  Output bit 3: All 1 candidates agree -> value = 1
    Best match: XOR3(in[0], in[1], in[5]) = 1
  Output bit 4: Ambiguous (1 candidates predict 0, 2 predict 1)
    For 0: AND(in[1], in[5])
    For 1: ID(in[5]), AND(in[3], in[5])
  Output bit 5: All 4 candidates agree -> value = 0
    Best match: ID(in[2]) = 0
  Output bit 6: All 1 candidates agree -> value = 0
    Best match: ID(in[7]) = 0
  Output bit 7: All 1 candidates agree -> value = 0
    Best match: ID(in[0]) = 0

Step 2: Identify structural patterns.
  Confirmed bit mappings: bit4<-in[5](shift=1), bit5<-in[6](shift=1), bit6<-in[7](shift=1), bit7<-in[0](shift=1)
  Dominant shift = 1 (weight 16)

Step 3: Resolve ambiguous bits using structural patterns.
  Bit 0: Resolved via pair/structure pattern -> value = 0
  Bit 4: Using shift=1, source = in[5] -> value = 1

Step 4: All bits resolved without brute-force.

Step 5: Combine all bits to form the output.
  bit0=0(ctx) | bit1=0(unambig) | bit2=0(unambig) | bit3=1(unambig) | bit4=1(ctx) | bit5=0(unambig) | bit6=0(unambig) | bit7=0(unambig)

The answer is 00011000.",Bit Manipulation,high,ctx,0
177b7d80,"In Alice's Wonderland, a secret bit manipulation rule transforms 8-bit binary numbers. The transformation involves operations like bit shifts, rotations, XOR, AND, OR, NOT, and possibly majority or choice functions.

Here are some examples of input -> output:
11010000 -> 01111101
10011111 -> 11000111
10110100 -> 11111111
11111001 -> 00111110
11110111 -> 10011101
00010000 -> 01111111
10100100 -> 01111011

Now, determine the output for: 01111100",10011111,"I need to find the secret bit manipulation rule from the examples.

Given 7 examples:
  11010000 -> 01111101
  10011111 -> 11000111
  10110100 -> 11111111
  11111001 -> 00111110
  11110111 -> 10011101
  00010000 -> 01111111
  10100100 -> 01111011

Query: 01111100

Step 1: Analyze each output bit as an independent boolean function of input bits.

  Output bit 0: All 2 candidates agree -> value = 1
    Best match: AND(in[3], in[5]) = 1
  Output bit 1: Ambiguous (2 candidates predict 0, 2 predict 1)
    For 0: XNOR(in[4], in[6]), NAND(in[1], in[2])
    For 1: NAND(in[1], in[7]), NAND(in[2], in[7])
  Output bit 2: All 6 candidates agree -> value = 1
    Best match: NOT(in[6]) = 1
  Output bit 3: Ambiguous (1 candidates predict 0, 8 predict 1)
    For 0: NAND(in[4], in[5])
    For 1: NAND(in[4], in[6]), IMPL(in[4], in[1]), IMPL(in[4], in[2])
  Output bit 4: Ambiguous (1 candidates predict 0, 8 predict 1)
    For 0: NAND(in[4], in[5])
    For 1: NAND(in[4], in[6]), IMPL(in[4], in[1]), IMPL(in[4], in[2])
  Output bit 5: All 8 candidates agree -> value = 1
    Best match: ID(in[3]) = 1
  Output bit 6: All 1 candidates agree -> value = 1
    Best match: IMPL(in[1], in[4]) = 1
  Output bit 7: Ambiguous (3 candidates predict 0, 5 predict 1)
    For 0: NAND(in[1], in[4]), NAND(in[2], in[4]), IMPL(in[4], in[6])
    For 1: XNOR(in[6], in[7]), IMPL(in[2], in[5]), IMPL(in[4], in[5])

Step 2: Identify structural patterns.
  Confirmed bit mappings: bit2<-in[6](shift=4), bit5<-in[3](shift=6)
  Dominant shift = 4 (weight 5)

Step 3: Resolve ambiguous bits using structural patterns.
  Bit 3: Resolved via pair/structure pattern -> value = 1
  Bit 4: Resolved via pair/structure pattern -> value = 1
  Bit 7: Resolved via pair/structure pattern -> value = 1

Step 4: Resolve remaining 1 ambiguous bit(s) by scoring all combinations.
  Ambiguous positions: [1]
  Scoring considers: operation priors, complexity, template consistency, shift alignment.
  Bit 1 -> 0

Step 5: Combine all bits to form the output.
  bit0=1(unambig) | bit1=0(scored) | bit2=1(unambig) | bit3=1(ctx) | bit4=1(ctx) | bit5=1(unambig) | bit6=1(unambig) | bit7=1(ctx)

The answer is 10111111.",Bit Manipulation,low,bf,1
18c797f1,"In Alice's Wonderland, a secret bit manipulation rule transforms 8-bit binary numbers. The transformation involves operations like bit shifts, rotations, XOR, AND, OR, NOT, and possibly majority or choice functions.

Here are some examples of input -> output:
01001000 -> 10100100
00011100 -> 11001110
01001001 -> 10110100
00011111 -> 11111111
01000100 -> 01100010
01010110 -> 01001011
11000101 -> 00110010
10010101 -> 00011010
00000100 -> 01000010

Now, determine the output for: 00101111",11100111,"I need to find the secret bit manipulation rule from the examples.

Given 9 examples:
  01001000 -> 10100100
  00011100 -> 11001110
  01001001 -> 10110100
  00011111 -> 11111111
  01000100 -> 01100010
  01010110 -> 01001011
  11000101 -> 00110010
  10010101 -> 00011010
  00000100 -> 01000010

Query: 00101111

Step 1: Analyze each output bit as an independent boolean function of input bits.

  Output bit 0: Ambiguous (2 candidates predict 0, 4 predict 1)
    For 0: XOR(in[2], in[4]), INHIB(in[4], in[2])
    For 1: ID(in[4]), OR(in[2], in[4]), INHIB(in[4], in[0])
  Output bit 1: All 2 candidates agree -> value = 1
    Best match: XOR(in[0], in[5]) = 1
  Output bit 2: All 1 candidates agree -> value = 1
    Best match: XOR(in[1], in[6]) = 1
  Output bit 3: Ambiguous (2 candidates predict 0, 3 predict 1)
    For 0: XOR(in[2], in[7]), INHIB(in[7], in[2])
    For 1: ID(in[7]), OR(in[0], in[7]), OR(in[2], in[7])
  Output bit 4: Ambiguous (3 candidates predict 0, 3 predict 1)
    For 0: ID(in[3]), AND(in[3], in[5]), INHIB(in[3], in[2])
    For 1: XOR(in[2], in[3]), OR(in[2], in[3]), OR(in[3], in[6])
  Output bit 5: Ambiguous (2 candidates predict 0, 4 predict 1)
    For 0: XOR(in[2], in[4]), INHIB(in[4], in[2])
    For 1: ID(in[4]), OR(in[2], in[4]), INHIB(in[4], in[0])
  Output bit 6: Ambiguous (3 candidates predict 0, 8 predict 1)
    For 0: XOR(in[2], in[5]), INHIB(in[5], in[2]), IMPL(in[4], in[3])
    For 1: ID(in[5]), OR(in[0], in[5]), OR(in[2], in[5])
  Output bit 7: Ambiguous (3 candidates predict 0, 4 predict 1)
    For 0: AND(in[3], in[6]), XOR(in[2], in[6]), INHIB(in[6], in[2])
    For 1: ID(in[6]), AND(in[5], in[6]), OR(in[2], in[6])

Step 2: No strong shift pattern detected.

Step 3: Resolve ambiguous bits using structural patterns.
  Bit 3: Resolved via pair/structure pattern -> value = 0
  Bit 6: Resolved via pair/structure pattern -> value = 0

Step 4: Resolve remaining 4 ambiguous bit(s) by scoring all combinations.
  Ambiguous positions: [0, 4, 5, 7]
  Scoring considers: operation priors, complexity, template consistency, shift alignment.
  Bit 0 -> 1
  Bit 4 -> 0
  Bit 5 -> 1
  Bit 7 -> 1

Step 5: Combine all bits to form the output.
  bit0=1(scored) | bit1=1(unambig) | bit2=1(unambig) | bit3=0(ctx) | bit4=0(scored) | bit5=1(scored) | bit6=0(ctx) | bit7=1(scored)

The answer is 11100101.",Bit Manipulation,low,bf,4
1a7c8520,"In Alice's Wonderland, a secret bit manipulation rule transforms 8-bit binary numbers. The transformation involves operations like bit shifts, rotations, XOR, AND, OR, NOT, and possibly majority or choice functions.

Here are some examples of input -> output:
01101101 -> 10010011
10001000 -> 00000000
00001011 -> 00000100
00000111 -> 00001100
01011101 -> 00110010
11011101 -> 00110110
00100101 -> 00000000

Now, determine the output for: 10111000",01100000,"I need to find the secret bit manipulation rule from the examples.

Given 7 examples:
  01101101 -> 10010011
  10001000 -> 00000000
  00001011 -> 00000100
  00000111 -> 00001100
  01011101 -> 00110010
  11011101 -> 00110110
  00100101 -> 00000000

Query: 10111000

Step 1: Analyze each output bit as an independent boolean function of input bits.

  Output bit 0: Ambiguous (2 candidates predict 0, 2 predict 1)
    For 0: AND(in[1], in[2]), INHIB(in[1], in[3])
    For 1: AND(in[2], in[4]), XOR(in[1], in[3])
  Output bit 1: Ambiguous (15 candidates predict 0, 7 predict 1)
    For 0: AND(in[0], in[6]), AND(in[1], in[6]), AND(in[2], in[6])
    For 1: AND(in[0], in[2]), AND(in[2], in[3]), INHIB(in[2], in[5])
  Output bit 2: Ambiguous (5 candidates predict 0, 3 predict 1)
    For 0: AND(in[1], in[3]), AND(in[3], in[5]), AND(in[3], in[7])
    For 1: ID(in[3]), AND(in[3], in[4]), INHIB(in[3], in[6])
  Output bit 3: Ambiguous (7 candidates predict 0, 1 predict 1)
    For 0: ID(in[1]), AND(in[1], in[4]), AND(in[1], in[5])
    For 1: OR(in[1], in[3])
  Output bit 4: All 3 candidates agree -> value = 0
    Best match: AND(in[5], in[6]) = 0
  Output bit 5: Ambiguous (3 candidates predict 0, 1 predict 1)
    For 0: MAJ(in[0], in[6], in[7]), CH(in[0], in[1], in[6]), CH(in[0], in[5], in[6])
    For 1: CH(in[0], in[3], in[6])
  Output bit 6: Ambiguous (7 candidates predict 0, 1 predict 1)
    For 0: ID(in[1]), AND(in[1], in[4]), AND(in[1], in[5])
    For 1: OR(in[1], in[3])
  Output bit 7: Ambiguous (2 candidates predict 0, 2 predict 1)
    For 0: AND(in[1], in[2]), INHIB(in[1], in[3])
    For 1: AND(in[2], in[4]), XOR(in[1], in[3])

Step 2: No strong shift pattern detected.

Step 3: Resolve ambiguous bits using structural patterns.
  Bit 0: Resolved via pair/structure pattern -> value = 0
  Bit 1: Resolved via pair/structure pattern -> value = 1
  Bit 2: Resolved via pair/structure pattern -> value = 1
  Bit 3: Resolved via pair/structure pattern -> value = 0

Step 4: Resolve remaining 3 ambiguous bit(s) by scoring all combinations.
  Ambiguous positions: [5, 6, 7]
  Scoring considers: operation priors, complexity, template consistency, shift alignment.
  Bit 5 -> 0
  Bit 6 -> 0
  Bit 7 -> 1

Step 5: Combine all bits to form the output.
  bit0=0(ctx) | bit1=1(ctx) | bit2=1(ctx) | bit3=0(ctx) | bit4=0(unambig) | bit5=0(scored) | bit6=0(scored) | bit7=1(scored)

The answer is 01100001.",Bit Manipulation,low,bf,3
1a862653,"In Alice's Wonderland, a secret bit manipulation rule transforms 8-bit binary numbers. The transformation involves operations like bit shifts, rotations, XOR, AND, OR, NOT, and possibly majority or choice functions.

Here are some examples of input -> output:
00000111 -> 00001110
11100001 -> 11000000
11011001 -> 01100100
10011011 -> 01101101
01001111 -> 00111110
11011011 -> 01101101
01000101 -> 00000010
10100011 -> 01000101

Now, determine the output for: 01011011",00101100,"I need to find the secret bit manipulation rule from the examples.

Given 8 examples:
  00000111 -> 00001110
  11100001 -> 11000000
  11011001 -> 01100100
  10011011 -> 01101101
  01001111 -> 00111110
  11011011 -> 01101101
  01000101 -> 00000010
  10100011 -> 01000101

Query: 01011011

Step 1: Analyze each output bit as an independent boolean function of input bits.

  Output bit 0: All 2 candidates agree -> value = 0
    Best match: AND(in[1], in[2]) = 0
  Output bit 1: Ambiguous (6 candidates predict 0, 10 predict 1)
    For 0: ID(in[0]), AND(in[0], in[7]), OR(in[0], in[2])
    For 1: XOR(in[2], in[3]), XOR(in[5], in[7]), OR(in[0], in[3])
  Output bit 2: All 6 candidates agree -> value = 1
    Best match: ID(in[4]) = 1
  Output bit 3: Ambiguous (3 candidates predict 0, 1 predict 1)
    For 0: AND(in[4], in[5]), XOR(in[3], in[4]), INHIB(in[4], in[3])
    For 1: INHIB(in[4], in[0])
  Output bit 4: All 1 candidates agree -> value = 1
    Best match: INHIB(in[6], in[2]) = 1
  Output bit 5: All 3 candidates agree -> value = 1
    Best match: OR(in[3], in[6]) = 1
  Output bit 6: Ambiguous (10 candidates predict 0, 6 predict 1)
    For 0: ID(in[5]), AND(in[5], in[7]), XNOR(in[2], in[3])
    For 1: XOR(in[0], in[7]), NOR(in[0], in[2]), NOT(in[0])
  Output bit 7: Ambiguous (1 candidates predict 0, 1 predict 1)
    For 0: AND(in[0], in[6])
    For 1: INHIB(in[6], in[5])

Step 2: Identify structural patterns.
  Confirmed bit mappings: bit2<-in[4](shift=2), bit6<-in[0](shift=2)
  Dominant shift = 2 (weight 6)

Step 3: Resolve ambiguous bits using structural patterns.
  Bit 6: Using shift=2, source = in[0] -> value = 1

Step 4: Resolve remaining 3 ambiguous bit(s) by scoring all combinations.
  Ambiguous positions: [1, 3, 7]
  Scoring considers: operation priors, complexity, template consistency, shift alignment.
  Bit 1 -> 0
  Bit 3 -> 0
  Bit 7 -> 0

Step 5: Combine all bits to form the output.
  bit0=0(unambig) | bit1=0(scored) | bit2=1(unambig) | bit3=0(scored) | bit4=1(unambig) | bit5=1(unambig) | bit6=1(ctx) | bit7=0(scored)

The answer is 00101110.",Bit Manipulation,low,bf,3
1abaffca,"In Alice's Wonderland, a secret bit manipulation rule transforms 8-bit binary numbers. The transformation involves operations like bit shifts, rotations, XOR, AND, OR, NOT, and possibly majority or choice functions.

Here are some examples of input -> output:
10010110 -> 00110101
00010010 -> 00100100
10001111 -> 00010011
01000110 -> 10001100
00111001 -> 00010110
10111100 -> 00011001
11111010 -> 00011101

Now, determine the output for: 00100000",01000000,"I need to find the secret bit manipulation rule from the examples.

Given 7 examples:
  10010110 -> 00110101
  00010010 -> 00100100
  10001111 -> 00010011
  01000110 -> 10001100
  00111001 -> 00010110
  10111100 -> 00011001
  11111010 -> 00011101

Query: 00100000

Step 1: Analyze each output bit as an independent boolean function of input bits.

  Output bit 0: Ambiguous (6 candidates predict 0, 3 predict 1)
    For 0: AND(in[1], in[5]), INHIB(in[1], in[0]), INHIB(in[1], in[2])
    For 1: NOR(in[0], in[3]), NOR(in[3], in[4]), NOR(in[3], in[7])
  Output bit 1: Ambiguous (5 candidates predict 0, 5 predict 1)
    For 0: AND(in[1], in[7]), NOR(in[2], in[6]), INHIB(in[1], in[6])
    For 1: NOR(in[3], in[5]), NOR(in[3], in[6]), NOR(in[4], in[6])
  Output bit 2: Ambiguous (2 candidates predict 0, 2 predict 1)
    For 0: INHIB(in[3], in[2]), INHIB(in[3], in[4])
    For 1: XOR(in[2], in[3]), NOR(in[1], in[4])
  Output bit 3: Ambiguous (2 candidates predict 0, 2 predict 1)
    For 0: OR(in[0], in[4]), OR(in[0], in[7])
    For 1: OR(in[0], in[2]), IMPL(in[6], in[0])
  Output bit 4: All 2 candidates agree -> value = 0
    Best match: MAJ(in[1], in[2], in[5]) = 0
  Output bit 5: Ambiguous (1 candidates predict 0, 1 predict 1)
    For 0: XOR(in[6], in[7])
    For 1: NAND(in[4], in[5])
  Output bit 6: All 3 candidates agree -> value = 0
    Best match: ID(in[7]) = 0
  Output bit 7: All 2 candidates agree -> value = 0
    Best match: ID(in[0]) = 0

Step 2: Identify structural patterns.
  Confirmed bit mappings: bit6<-in[7](shift=1), bit7<-in[0](shift=1)
  Dominant shift = 1 (weight 10)

Step 3: No additional bits resolved by context propagation.

Step 4: Resolve remaining 5 ambiguous bit(s) by scoring all combinations.
  Ambiguous positions: [0, 1, 2, 3, 5]
  Scoring considers: operation priors, complexity, template consistency, shift alignment.
  Bit 0 -> 0
  Bit 1 -> 0
  Bit 2 -> 1
  Bit 3 -> 0
  Bit 5 -> 0

Step 5: Combine all bits to form the output.
  bit0=0(scored) | bit1=0(scored) | bit2=1(scored) | bit3=0(scored) | bit4=0(unambig) | bit5=0(scored) | bit6=0(unambig) | bit7=0(unambig)

The answer is 00100000.",Bit Manipulation,low,bf,5
1bea1a7b,"In Alice's Wonderland, a secret bit manipulation rule transforms 8-bit binary numbers. The transformation involves operations like bit shifts, rotations, XOR, AND, OR, NOT, and possibly majority or choice functions.

Here are some examples of input -> output:
10110001 -> 00000000
11101011 -> 01011001
00111100 -> 10000000
11010101 -> 10101000
00110011 -> 00000000
00101011 -> 01000000
11011010 -> 01010001
01011010 -> 01000000
10111101 -> 10100001

Now, determine the output for: 10010110",10010000,"I need to find the secret bit manipulation rule from the examples.

Given 9 examples:
  10110001 -> 00000000
  11101011 -> 01011001
  00111100 -> 10000000
  11010101 -> 10101000
  00110011 -> 00000000
  00101011 -> 01000000
  11011010 -> 01010001
  01011010 -> 01000000
  10111101 -> 10100001

Query: 10010110

Step 1: Analyze each output bit as an independent boolean function of input bits.

  Output bit 0: Ambiguous (1 candidates predict 0, 2 predict 1)
    For 0: INHIB(in[5], in[6])
    For 1: ID(in[5]), AND(in[3], in[5])
  Output bit 1: All 2 candidates agree -> value = 0
    Best match: AND(in[4], in[6]) = 0
  Output bit 2: Ambiguous (1 candidates predict 0, 1 predict 1)
    For 0: AND(in[5], in[7])
    For 1: AND(in[0], in[5])
  Output bit 3: All 1 candidates agree -> value = 1
    Best match: AND(in[0], in[6]) = 1
  Output bit 4: All 1 candidates agree -> value = 0
    Best match: AND(in[1], in[7]) = 0
  Output bit 5: Ambiguous (6 candidates predict 0, 3 predict 1)
    For 0: NOR(in[2], in[3]), NOR(in[3], in[4]), NOR(in[3], in[6])
    For 1: AND(in[5], in[6]), NOR(in[1], in[2]), NOR(in[4], in[7])
  Output bit 6: Ambiguous (6 candidates predict 0, 3 predict 1)
    For 0: NOR(in[2], in[3]), NOR(in[3], in[4]), NOR(in[3], in[6])
    For 1: AND(in[5], in[6]), NOR(in[1], in[2]), NOR(in[4], in[7])
  Output bit 7: All 1 candidates agree -> value = 0
    Best match: AND(in[0], in[4]) = 0

Step 2: No strong shift pattern detected.

Step 3: Resolve ambiguous bits using structural patterns.
  Bit 0: Resolved via pair/structure pattern -> value = 1
  Bit 2: Resolved via pair/structure pattern -> value = 0

Step 4: Resolve remaining 2 ambiguous bit(s) by scoring all combinations.
  Ambiguous positions: [5, 6]
  Scoring considers: operation priors, complexity, template consistency, shift alignment.
  Bit 5 -> 1
  Bit 6 -> 1

Step 5: Combine all bits to form the output.
  bit0=1(ctx) | bit1=0(unambig) | bit2=0(ctx) | bit3=1(unambig) | bit4=0(unambig) | bit5=1(scored) | bit6=1(scored) | bit7=0(unambig)

The answer is 10010110.",Bit Manipulation,low,bf,2
1d08947a,"In Alice's Wonderland, a secret bit manipulation rule transforms 8-bit binary numbers. The transformation involves operations like bit shifts, rotations, XOR, AND, OR, NOT, and possibly majority or choice functions.

Here are some examples of input -> output:
00111110 -> 11111000
11110110 -> 11011000
11100110 -> 10011000
10101100 -> 10110000
11111010 -> 11101000
10001111 -> 00111100
00010011 -> 01001100

Now, determine the output for: 01100101",10010100,"I need to find the secret bit manipulation rule from the examples.

Given 7 examples:
  00111110 -> 11111000
  11110110 -> 11011000
  11100110 -> 10011000
  10101100 -> 10110000
  11111010 -> 11101000
  10001111 -> 00111100
  00010011 -> 01001100

Query: 01100101

Step 1: Check for whole-byte patterns.
  Mixed shift pattern detected.
  Rule: some output bits are shifted copies, rest use a uniform 2-input function.

Step 2: Apply the pattern to the query.
  01100101 -> 10010101

The answer is 10010101.",Bit Manipulation,high,w_mix,0
1d729bb1,"In Alice's Wonderland, a secret bit manipulation rule transforms 8-bit binary numbers. The transformation involves operations like bit shifts, rotations, XOR, AND, OR, NOT, and possibly majority or choice functions.

Here are some examples of input -> output:
11101111 -> 01100001
10111001 -> 10010100
01011111 -> 11000011
11110110 -> 00110111
11001011 -> 10111001
01001011 -> 10111011
10010000 -> 01100010

Now, determine the output for: 11110101",00111101,"I need to find the secret bit manipulation rule from the examples.

Given 7 examples:
  11101111 -> 01100001
  10111001 -> 10010100
  01011111 -> 11000011
  11110110 -> 00110111
  11001011 -> 10111001
  01001011 -> 10111011
  10010000 -> 01100010

Query: 11110101

Step 1: Analyze each output bit as an independent boolean function of input bits.

  Output bit 0: Ambiguous (1 candidates predict 0, 1 predict 1)
    For 0: XOR(in[1], in[2])
    For 1: XOR(in[2], in[6])
  Output bit 1: Ambiguous (2 candidates predict 0, 1 predict 1)
    For 0: XOR(in[2], in[3]), XNOR(in[4], in[5])
    For 1: XNOR(in[5], in[7])
  Output bit 2: Ambiguous (2 candidates predict 0, 3 predict 1)
    For 0: XOR(in[3], in[7]), NAND(in[3], in[7])
    For 1: XOR(in[3], in[4]), XNOR(in[2], in[5]), NAND(in[3], in[4])
  Output bit 3: Ambiguous (1 candidates predict 0, 2 predict 1)
    For 0: XOR(in[5], in[7])
    For 1: XOR(in[4], in[5]), XNOR(in[2], in[3])
  Output bit 4: Ambiguous (5 candidates predict 0, 1 predict 1)
    For 0: XOR(in[1], in[5]), NOR(in[2], in[3]), NOR(in[3], in[5])
    For 1: XOR(in[5], in[6])
  Output bit 5: Ambiguous (2 candidates predict 0, 3 predict 1)
    For 0: XOR(in[1], in[7]), XOR(in[4], in[6])
    For 1: AND(in[2], in[3]), XOR(in[1], in[4]), XOR(in[6], in[7])
  Output bit 6: Ambiguous (2 candidates predict 0, 2 predict 1)
    For 0: XOR(in[0], in[7]), NAND(in[0], in[7])
    For 1: XOR(in[0], in[4]), NAND(in[0], in[4])
  Output bit 7: Ambiguous (4 candidates predict 0, 7 predict 1)
    For 0: ID(in[6]), AND(in[1], in[6]), IMPL(in[0], in[6])
    For 1: ID(in[1]), OR(in[1], in[5]), OR(in[1], in[6])

Step 2: No strong shift pattern detected.

Step 3: No additional bits resolved by context propagation.

Step 4: Resolve remaining 8 ambiguous bit(s) by scoring all combinations.
  Ambiguous positions: [0, 1, 2, 3, 4, 5, 6, 7]
  Scoring considers: operation priors, complexity, template consistency, shift alignment.
  Bit 0 -> 0
  Bit 1 -> 0
  Bit 2 -> 1
  Bit 3 -> 1
  Bit 4 -> 0
  Bit 5 -> 0
  Bit 6 -> 0
  Bit 7 -> 1

Step 5: Combine all bits to form the output.
  bit0=0(scored) | bit1=0(scored) | bit2=1(scored) | bit3=1(scored) | bit4=0(scored) | bit5=0(scored) | bit6=0(scored) | bit7=1(scored)

The answer is 00110001.",Bit Manipulation,low,bf,8
1da4f2db,"In Alice's Wonderland, a secret bit manipulation rule transforms 8-bit binary numbers. The transformation involves operations like bit shifts, rotations, XOR, AND, OR, NOT, and possibly majority or choice functions.

Here are some examples of input -> output:
00111110 -> 00011111
00010101 -> 10001010
11011110 -> 01101111
00101010 -> 00010101
10110000 -> 01011000
01110100 -> 00111010
10001111 -> 00000111
01110000 -> 00111000
01110110 -> 00111011

Now, determine the output for: 11001110",01100111,"I need to find the secret bit manipulation rule from the examples.

Given 9 examples:
  00111110 -> 00011111
  00010101 -> 10001010
  11011110 -> 01101111
  00101010 -> 00010101
  10110000 -> 01011000
  01110100 -> 00111010
  10001111 -> 00000111
  01110000 -> 00111000
  01110110 -> 00111011

Query: 11001110

Step 1: Analyze each output bit as an independent boolean function of input bits.

  Output bit 0: All 7 candidates agree -> value = 0
    Best match: AND(in[3], in[7]) = 0
  Output bit 1: Ambiguous (1 candidates predict 0, 1 predict 1)
    For 0: AND(in[0], in[3])
    For 1: INHIB(in[0], in[7])
  Output bit 2: Ambiguous (1 candidates predict 0, 2 predict 1)
    For 0: AND(in[1], in[3])
    For 1: ID(in[1]), INHIB(in[1], in[7])
  Output bit 3: All 3 candidates agree -> value = 0
    Best match: ID(in[2]) = 0
  Output bit 4: Ambiguous (3 candidates predict 0, 1 predict 1)
    For 0: ID(in[3]), IMPL(in[4], in[3]), IMPL(in[6], in[3])
    For 1: OR(in[1], in[3])
  Output bit 5: All 3 candidates agree -> value = 1
    Best match: ID(in[4]) = 1
  Output bit 6: All 3 candidates agree -> value = 1
    Best match: ID(in[5]) = 1
  Output bit 7: All 3 candidates agree -> value = 1
    Best match: ID(in[6]) = 1

Step 2: Identify structural patterns.
  Confirmed bit mappings: bit2<-in[1](shift=7), bit3<-in[2](shift=7), bit4<-in[3](shift=7), bit5<-in[4](shift=7), bit6<-in[5](shift=7)
  Dominant shift = 7 (weight 22)

Step 3: Resolve ambiguous bits using structural patterns.
  Bit 2: Using shift=7, source = in[1] -> value = 1
  Bit 4: Using shift=7, source = in[3] -> value = 0

Step 4: Resolve remaining 1 ambiguous bit(s) by scoring all combinations.
  Ambiguous positions: [1]
  Scoring considers: operation priors, complexity, template consistency, shift alignment.
  Bit 1 -> 0

Step 5: Combine all bits to form the output.
  bit0=0(unambig) | bit1=0(scored) | bit2=1(ctx) | bit3=0(unambig) | bit4=0(ctx) | bit5=1(unambig) | bit6=1(unambig) | bit7=1(unambig)

The answer is 00100111.",Bit Manipulation,low,bf,1
1e86b3a7,"In Alice's Wonderland, a secret bit manipulation rule transforms 8-bit binary numbers. The transformation involves operations like bit shifts, rotations, XOR, AND, OR, NOT, and possibly majority or choice functions.

Here are some examples of input -> output:
10101001 -> 01000001
00110011 -> 01000000
00010011 -> 00000000
00101010 -> 00000000
00010100 -> 00000000
00000000 -> 00000000
01100010 -> 10000000
01010111 -> 10000010
11001000 -> 00000000

Now, determine the output for: 11111011",11000111,"I need to find the secret bit manipulation rule from the examples.

Given 9 examples:
  10101001 -> 01000001
  00110011 -> 01000000
  00010011 -> 00000000
  00101010 -> 00000000
  00010100 -> 00000000
  00000000 -> 00000000
  01100010 -> 10000000
  01010111 -> 10000010
  11001000 -> 00000000

Query: 11111011

Step 1: Analyze each output bit as an independent boolean function of input bits.

  Output bit 0: Ambiguous (2 candidates predict 0, 1 predict 1)
    For 0: INHIB(in[1], in[0]), INHIB(in[1], in[4])
    For 1: AND(in[1], in[6])
  Output bit 1: All 1 candidates agree -> value = 1
    Best match: AND(in[2], in[7]) = 1
  Output bit 2: Ambiguous (6 candidates predict 0, 3 predict 1)
    For 0: AND(in[0], in[5]), AND(in[2], in[5]), AND(in[4], in[5])
    For 1: AND(in[0], in[3]), AND(in[0], in[6]), AND(in[3], in[4])
  Output bit 3: Ambiguous (6 candidates predict 0, 3 predict 1)
    For 0: AND(in[0], in[5]), AND(in[2], in[5]), AND(in[4], in[5])
    For 1: AND(in[0], in[3]), AND(in[0], in[6]), AND(in[3], in[4])
  Output bit 4: Ambiguous (6 candidates predict 0, 3 predict 1)
    For 0: AND(in[0], in[5]), AND(in[2], in[5]), AND(in[4], in[5])
    For 1: AND(in[0], in[3]), AND(in[0], in[6]), AND(in[3], in[4])
  Output bit 5: Ambiguous (6 candidates predict 0, 3 predict 1)
    For 0: AND(in[0], in[5]), AND(in[2], in[5]), AND(in[4], in[5])
    For 1: AND(in[0], in[3]), AND(in[0], in[6]), AND(in[3], in[4])
  Output bit 6: Ambiguous (3 candidates predict 0, 2 predict 1)
    For 0: AND(in[1], in[5]), AND(in[5], in[6]), AND(in[5], in[7])
    For 1: AND(in[1], in[3]), AND(in[1], in[7])
  Output bit 7: Ambiguous (4 candidates predict 0, 3 predict 1)
    For 0: INHIB(in[0], in[1]), INHIB(in[2], in[6]), INHIB(in[7], in[3])
    For 1: AND(in[0], in[2]), AND(in[0], in[7]), AND(in[4], in[7])

Step 2: No strong shift pattern detected.

Step 3: Resolve ambiguous bits using structural patterns.
  Bit 0: Resolved via pair/structure pattern -> value = 1
  Bit 2: Resolved via pair/structure pattern -> value = 1
  Bit 4: Resolved via pair/structure pattern -> value = 0

Step 4: Resolve remaining 4 ambiguous bit(s) by scoring all combinations.
  Ambiguous positions: [3, 5, 6, 7]
  Scoring considers: operation priors, complexity, template consistency, shift alignment.
  Bit 3 -> 0
  Bit 5 -> 0
  Bit 6 -> 0
  Bit 7 -> 1

Step 5: Combine all bits to form the output.
  bit0=1(ctx) | bit1=1(unambig) | bit2=1(ctx) | bit3=0(scored) | bit4=0(ctx) | bit5=0(scored) | bit6=0(scored) | bit7=1(scored)

The answer is 11100001.",Bit Manipulation,low,bf,4
1fd310dc,"In Alice's Wonderland, a secret bit manipulation rule transforms 8-bit binary numbers. The transformation involves operations like bit shifts, rotations, XOR, AND, OR, NOT, and possibly majority or choice functions.

Here are some examples of input -> output:
11101010 -> 01111110
01010011 -> 11010111
01000110 -> 01010001
11100010 -> 00111100
11110111 -> 10111111
10010101 -> 01111101
01001010 -> 00111011
01101011 -> 01111010
01101111 -> 01011011

Now, determine the output for: 01100100",00011101,"I need to find the secret bit manipulation rule from the examples.

Given 9 examples:
  11101010 -> 01111110
  01010011 -> 11010111
  01000110 -> 01010001
  11100010 -> 00111100
  11110111 -> 10111111
  10010101 -> 01111101
  01001010 -> 00111011
  01101011 -> 01111010
  01101111 -> 01011011

Query: 01100100

Step 1: Analyze each output bit as an independent boolean function of input bits.

  Output bit 0: Ambiguous (3 candidates predict 0, 1 predict 1)
    For 0: AND(in[1], in[3]), AND(in[3], in[6]), XNOR(in[1], in[3])
    For 1: XNOR(in[3], in[6])
  Output bit 1: All 1 candidates agree -> value = 0
    Best match: XNOR(in[2], in[4]) = 0
  Output bit 2: All 1 candidates agree -> value = 0
    Best match: XNOR(in[3], in[5]) = 0
  Output bit 3: Ambiguous (6 candidates predict 0, 12 predict 1)
    For 0: OR(in[0], in[6]), XNOR(in[1], in[6]), OR(in[3], in[6])
    For 1: OR(in[0], in[1]), OR(in[1], in[3]), OR(in[1], in[5])
  Output bit 4: All 1 candidates agree -> value = 0
    Best match: OR(in[0], in[4]) = 0
  Output bit 5: All 1 candidates agree -> value = 0
    Best match: OR(in[0], in[3]) = 0
  Output bit 6: All 4 candidates agree -> value = 0
    Best match: MAJ(in[1], in[3], in[4]) = 0
  Output bit 7: All 1 candidates agree -> value = 1
    Best match: IMPL(in[2], in[5]) = 1

Step 2: No strong shift pattern detected.

Step 3: Resolve ambiguous bits using structural patterns.
  Bit 0: Resolved via pair/structure pattern -> value = 0

Step 4: Resolve remaining 1 ambiguous bit(s) by scoring all combinations.
  Ambiguous positions: [3]
  Scoring considers: operation priors, complexity, template consistency, shift alignment.
  Bit 3 -> 1

Step 5: Combine all bits to form the output.
  bit0=0(ctx) | bit1=0(unambig) | bit2=0(unambig) | bit3=1(scored) | bit4=0(unambig) | bit5=0(unambig) | bit6=0(unambig) | bit7=1(unambig)

The answer is 00010001.",Bit Manipulation,low,bf,1
1fe9b923,"In Alice's Wonderland, a secret bit manipulation rule transforms 8-bit binary numbers. The transformation involves operations like bit shifts, rotations, XOR, AND, OR, NOT, and possibly majority or choice functions.

Here are some examples of input -> output:
10001011 -> 01000000
11010110 -> 01000011
00000001 -> 00000000
01100111 -> 10100001
01100000 -> 00000000
11110001 -> 00100000
00100111 -> 10000000
10100010 -> 01000000
10101111 -> 11000010

Now, determine the output for: 01111110",00000001,"I need to find the secret bit manipulation rule from the examples.

Given 9 examples:
  10001011 -> 01000000
  11010110 -> 01000011
  00000001 -> 00000000
  01100111 -> 10100001
  01100000 -> 00000000
  11110001 -> 00100000
  00100111 -> 10000000
  10100010 -> 01000000
  10101111 -> 11000010

Query: 01111110

Step 1: Analyze each output bit as an independent boolean function of input bits.

  Output bit 0: Ambiguous (2 candidates predict 0, 1 predict 1)
    For 0: AND(in[5], in[7]), INHIB(in[5], in[3])
    For 1: AND(in[2], in[5])
  Output bit 1: All 1 candidates agree -> value = 0
    Best match: AND(in[0], in[6]) = 0
  Output bit 2: All 1 candidates agree -> value = 0
    Best match: AND(in[1], in[7]) = 0
  Output bit 3: Ambiguous (4 candidates predict 0, 5 predict 1)
    For 0: INHIB(in[3], in[1]), INHIB(in[4], in[6]), INHIB(in[5], in[6])
    For 1: AND(in[1], in[4]), AND(in[3], in[4]), INHIB(in[3], in[0])
  Output bit 4: Ambiguous (4 candidates predict 0, 5 predict 1)
    For 0: INHIB(in[3], in[1]), INHIB(in[4], in[6]), INHIB(in[5], in[6])
    For 1: AND(in[1], in[4]), AND(in[3], in[4]), INHIB(in[3], in[0])
  Output bit 5: Ambiguous (4 candidates predict 0, 5 predict 1)
    For 0: INHIB(in[3], in[1]), INHIB(in[4], in[6]), INHIB(in[5], in[6])
    For 1: AND(in[1], in[4]), AND(in[3], in[4]), INHIB(in[3], in[0])
  Output bit 6: All 1 candidates agree -> value = 0
    Best match: AND(in[0], in[5]) = 0
  Output bit 7: All 2 candidates agree -> value = 1
    Best match: AND(in[1], in[5]) = 1

Step 2: No strong shift pattern detected.

Step 3: Resolve ambiguous bits using structural patterns.
  Bit 0: Resolved via pair/structure pattern -> value = 0

Step 4: Resolve remaining 3 ambiguous bit(s) by scoring all combinations.
  Ambiguous positions: [3, 4, 5]
  Scoring considers: operation priors, complexity, template consistency, shift alignment.
  Bit 3 -> 1
  Bit 4 -> 1
  Bit 5 -> 1

Step 5: Combine all bits to form the output.
  bit0=0(ctx) | bit1=0(unambig) | bit2=0(unambig) | bit3=1(scored) | bit4=1(scored) | bit5=1(scored) | bit6=0(unambig) | bit7=1(unambig)

The answer is 00011101.",Bit Manipulation,low,bf,3
202af98d,"In Alice's Wonderland, a secret bit manipulation rule transforms 8-bit binary numbers. The transformation involves operations like bit shifts, rotations, XOR, AND, OR, NOT, and possibly majority or choice functions.

Here are some examples of input -> output:
01000101 -> 01111111
00000110 -> 11000011
01000100 -> 01110111
10011001 -> 01001101
10101111 -> 11011111
10101011 -> 11110101
10001000 -> 11101111
10111001 -> 01011100
01001001 -> 00100111

Now, determine the output for: 11110010",11111101,"I need to find the secret bit manipulation rule from the examples.

Given 9 examples:
  01000101 -> 01111111
  00000110 -> 11000011
  01000100 -> 01110111
  10011001 -> 01001101
  10101111 -> 11011111
  10101011 -> 11110101
  10001000 -> 11101111
  10111001 -> 01011100
  01001001 -> 00100111

Query: 11110010

Step 1: Analyze each output bit as an independent boolean function of input bits.

  Output bit 0: Ambiguous (1 candidates predict 0, 1 predict 1)
    For 0: NOR(in[1], in[3])
    For 1: XNOR(in[1], in[3])
  Output bit 1: Ambiguous (2 candidates predict 0, 3 predict 1)
    For 0: XNOR(in[0], in[4]), IMPL(in[1], in[5])
    For 1: OR(in[0], in[5]), NAND(in[1], in[4]), IMPL(in[4], in[0])
  Output bit 2: All 1 candidates agree -> value = 1
    Best match: OR(NOR)(in[3], in[5], in[1]) = 1
  Output bit 3: All 1 candidates agree -> value = 1
    Best match: OR(AND)(in[1], in[5], in[2]) = 1
  Output bit 4: All 1 candidates agree -> value = 0
    Best match: XNOR(OR)(in[3], in[5], in[7]) = 0
  Output bit 5: Ambiguous (3 candidates predict 0, 4 predict 1)
    For 0: XOR(in[0], in[1]), IMPL(in[6], in[4]), IMPL(in[6], in[7])
    For 1: OR(in[0], in[1]), OR(in[1], in[4]), IMPL(in[6], in[0])
  Output bit 6: All 1 candidates agree -> value = 1
    Best match: OR(XOR)(in[0], in[7], in[5]) = 1
  Output bit 7: Ambiguous (1 candidates predict 0, 1 predict 1)
    For 0: NAND(in[2], in[3])
    For 1: IMPL(in[2], in[6])

Step 2: No strong shift pattern detected.

Step 3: No additional bits resolved by context propagation.

Step 4: Resolve remaining 4 ambiguous bit(s) by scoring all combinations.
  Ambiguous positions: [0, 1, 5, 7]
  Scoring considers: operation priors, complexity, template consistency, shift alignment.
  Bit 0 -> 1
  Bit 1 -> 1
  Bit 5 -> 1
  Bit 7 -> 1

Step 5: Combine all bits to form the output.
  bit0=1(scored) | bit1=1(scored) | bit2=1(unambig) | bit3=1(unambig) | bit4=0(unambig) | bit5=1(scored) | bit6=1(unambig) | bit7=1(scored)

The answer is 11110111.",Bit Manipulation,low,bf,4
20c252d7,"In Alice's Wonderland, a secret bit manipulation rule transforms 8-bit binary numbers. The transformation involves operations like bit shifts, rotations, XOR, AND, OR, NOT, and possibly majority or choice functions.

Here are some examples of input -> output:
00101111 -> 01111011
10101000 -> 01001111
00011000 -> 11000001
00011100 -> 11100001
00100101 -> 00101011
11100000 -> 00001111
00010000 -> 10000001

Now, determine the output for: 01100111",00111111,"I need to find the secret bit manipulation rule from the examples.

Given 7 examples:
  00101111 -> 01111011
  10101000 -> 01001111
  00011000 -> 11000001
  00011100 -> 11100001
  00100101 -> 00101011
  11100000 -> 00001111
  00010000 -> 10000001

Query: 01100111

Step 1: Check for whole-byte patterns.
  Mixed shift pattern detected.
  Rule: some output bits are shifted copies, rest use a uniform 2-input function.

Step 2: Apply the pattern to the query.
  01100111 -> 00111011

The answer is 00111011.",Bit Manipulation,high,w_mix,0
21245d76,"In Alice's Wonderland, a secret bit manipulation rule transforms 8-bit binary numbers. The transformation involves operations like bit shifts, rotations, XOR, AND, OR, NOT, and possibly majority or choice functions.

Here are some examples of input -> output:
00101100 -> 01011011
11110101 -> 11011111
01111101 -> 10110111
11000010 -> 10011110
00000110 -> 11100100
11101110 -> 00111110
10011100 -> 11001001
11111000 -> 01101111

Now, determine the output for: 11011011",01111111,"I need to find the secret bit manipulation rule from the examples.

Given 8 examples:
  00101100 -> 01011011
  11110101 -> 11011111
  01111101 -> 10110111
  11000010 -> 10011110
  00000110 -> 11100100
  11101110 -> 00111110
  10011100 -> 11001001
  11111000 -> 01101111

Query: 11011011

Step 1: Analyze each output bit as an independent boolean function of input bits.

  Output bit 0: Ambiguous (1 candidates predict 0, 1 predict 1)
    For 0: XNOR(in[2], in[7])
    For 1: IMPL(in[2], in[7])
  Output bit 1: All 1 candidates agree -> value = 1
    Best match: XNOR(in[0], in[3]) = 1
  Output bit 2: All 1 candidates agree -> value = 1
    Best match: XNOR(in[1], in[4]) = 1
  Output bit 3: All 1 candidates agree -> value = 1
    Best match: XNOR(in[2], in[5]) = 1
  Output bit 4: All 1 candidates agree -> value = 0
    Best match: XNOR(XOR)(in[0], in[3], in[6]) = 0
  Output bit 5: All 2 candidates agree -> value = 1
    Best match: OR(in[1], in[6]) = 1
  Output bit 6: All 2 candidates agree -> value = 1
    Best match: OR(in[1], in[2]) = 1
  Output bit 7: Ambiguous (1 candidates predict 0, 2 predict 1)
    For 0: NOT(in[6])
    For 1: IMPL(in[6], in[3]), IMPL(in[6], in[7])

Step 2: No strong shift pattern detected.

Step 3: Resolve ambiguous bits using structural patterns.
  Bit 0: Resolved via pair/structure pattern -> value = 0

Step 4: Resolve remaining 1 ambiguous bit(s) by scoring all combinations.
  Ambiguous positions: [7]
  Scoring considers: operation priors, complexity, template consistency, shift alignment.
  Bit 7 -> 0

Step 5: Combine all bits to form the output.
  bit0=0(ctx) | bit1=1(unambig) | bit2=1(unambig) | bit3=1(unambig) | bit4=0(unambig) | bit5=1(unambig) | bit6=1(unambig) | bit7=0(scored)

The answer is 01110110.",Bit Manipulation,low,bf,1
214d0570,"In Alice's Wonderland, a secret bit manipulation rule transforms 8-bit binary numbers. The transformation involves operations like bit shifts, rotations, XOR, AND, OR, NOT, and possibly majority or choice functions.

Here are some examples of input -> output:
11000000 -> 11111111
10101011 -> 10111111
01110000 -> 11111111
11101100 -> 11111111
00000110 -> 01111111
10100100 -> 11111111
01101000 -> 11111111

Now, determine the output for: 10010111",10111111,"I need to find the secret bit manipulation rule from the examples.

Given 7 examples:
  11000000 -> 11111111
  10101011 -> 10111111
  01110000 -> 11111111
  11101100 -> 11111111
  00000110 -> 01111111
  10100100 -> 11111111
  01101000 -> 11111111

Query: 10010111

Step 1: Analyze each output bit as an independent boolean function of input bits.

  Output bit 0: Ambiguous (5 candidates predict 0, 6 predict 1)
    For 0: OR(in[1], in[2]), NAND(in[5], in[6]), IMPL(in[5], in[2])
    For 1: OR(in[0], in[1]), OR(in[0], in[2]), XNOR(in[6], in[7])
  Output bit 1: Ambiguous (5 candidates predict 0, 9 predict 1)
    For 0: NOT(in[7]), NAND(in[0], in[6]), NAND(in[0], in[7])
    For 1: OR(in[1], in[5]), NAND(in[2], in[6]), NAND(in[2], in[7])
  Output bit 2: Ambiguous (9 candidates predict 0, 7 predict 1)
    For 0: NAND(in[0], in[3]), NAND(in[3], in[5]), NAND(in[3], in[6])
    For 1: NAND(in[1], in[6]), NAND(in[1], in[7]), NAND(in[3], in[4])
  Output bit 3: Ambiguous (9 candidates predict 0, 7 predict 1)
    For 0: NAND(in[0], in[3]), NAND(in[3], in[5]), NAND(in[3], in[6])
    For 1: NAND(in[1], in[6]), NAND(in[1], in[7]), NAND(in[3], in[4])
  Output bit 4: Ambiguous (9 candidates predict 0, 7 predict 1)
    For 0: NAND(in[0], in[3]), NAND(in[3], in[5]), NAND(in[3], in[6])
    For 1: NAND(in[1], in[6]), NAND(in[1], in[7]), NAND(in[3], in[4])
  Output bit 5: Ambiguous (9 candidates predict 0, 7 predict 1)
    For 0: NAND(in[0], in[3]), NAND(in[3], in[5]), NAND(in[3], in[6])
    For 1: NAND(in[1], in[6]), NAND(in[1], in[7]), NAND(in[3], in[4])
  Output bit 6: Ambiguous (9 candidates predict 0, 7 predict 1)
    For 0: NAND(in[0], in[3]), NAND(in[3], in[5]), NAND(in[3], in[6])
    For 1: NAND(in[1], in[6]), NAND(in[1], in[7]), NAND(in[3], in[4])
  Output bit 7: Ambiguous (9 candidates predict 0, 7 predict 1)
    For 0: NAND(in[0], in[3]), NAND(in[3], in[5]), NAND(in[3], in[6])
    For 1: NAND(in[1], in[6]), NAND(in[1], in[7]), NAND(in[3], in[4])

Step 2: No strong shift pattern detected.

Step 3: No additional bits resolved by context propagation.

Step 4: Resolve remaining 8 ambiguous bit(s) by scoring all combinations.
  Ambiguous positions: [0, 1, 2, 3, 4, 5, 6, 7]
  Scoring considers: operation priors, complexity, template consistency, shift alignment.
  Bit 0 -> 1
  Bit 1 -> 1
  Bit 2 -> 0
  Bit 3 -> 0
  Bit 4 -> 0
  Bit 5 -> 0
  Bit 6 -> 0
  Bit 7 -> 1

Step 5: Combine all bits to form the output.
  bit0=1(scored) | bit1=1(scored) | bit2=0(scored) | bit3=0(scored) | bit4=0(scored) | bit5=0(scored) | bit6=0(scored) | bit7=1(scored)

The answer is 11000001.",Bit Manipulation,low,bf,8
2230fad0,"In Alice's Wonderland, a secret bit manipulation rule transforms 8-bit binary numbers. The transformation involves operations like bit shifts, rotations, XOR, AND, OR, NOT, and possibly majority or choice functions.

Here are some examples of input -> output:
00011001 -> 10101111
11001001 -> 01111010
01001010 -> 01010011
10000011 -> 11110100
01011001 -> 00111111
11100011 -> 10111100
00100011 -> 00111101
01000000 -> 01111111
10100101 -> 00101001
00110110 -> 01000111

Now, determine the output for: 10111011",01001010,"I need to find the secret bit manipulation rule from the examples.

Given 10 examples:
  00011001 -> 10101111
  11001001 -> 01111010
  01001010 -> 01010011
  10000011 -> 11110100
  01011001 -> 00111111
  11100011 -> 10111100
  00100011 -> 00111101
  01000000 -> 01111111
  10100101 -> 00101001
  00110110 -> 01000111

Query: 10111011

Step 1: Analyze each output bit as an independent boolean function of input bits.

  Output bit 0: All 1 candidates agree -> value = 0
    Best match: XNOR(in[1], in[2]) = 0
  Output bit 1: All 1 candidates agree -> value = 1
    Best match: XNOR(in[2], in[3]) = 1
  Output bit 2: All 1 candidates agree -> value = 1
    Best match: IMPL(in[6], in[7]) = 1
  Output bit 3: All 1 candidates agree -> value = 1
    Best match: NOR(NOR)(in[1], in[6], in[5]) = 1
  Output bit 4: All 1 candidates agree -> value = 0
    Best match: NAND(XNOR)(in[2], in[3], in[6]) = 0
  Output bit 5: All 1 candidates agree -> value = 1
    Best match: XNOR(OR)(in[0], in[2], in[6]) = 1
  Output bit 6: All 1 candidates agree -> value = 1
    Best match: IMPL(in[7], in[4]) = 1
  Output bit 7: All 1 candidates agree -> value = 0
    Best match: IMPL(in[0], in[5]) = 0

Step 2: No strong shift pattern detected.

Step 3: No additional bits resolved by context propagation.

Step 4: All bits resolved without brute-force.

Step 5: Combine all bits to form the output.
  bit0=0(unambig) | bit1=1(unambig) | bit2=1(unambig) | bit3=1(unambig) | bit4=0(unambig) | bit5=1(unambig) | bit6=1(unambig) | bit7=0(unambig)

The answer is 01110110.",Bit Manipulation,high,ctx,0
2370909d,"In Alice's Wonderland, a secret bit manipulation rule transforms 8-bit binary numbers. The transformation involves operations like bit shifts, rotations, XOR, AND, OR, NOT, and possibly majority or choice functions.

Here are some examples of input -> output:
11000000 -> 00000000
00101100 -> 01000000
01101100 -> 01000000
10011111 -> 00111001
00010000 -> 00000000
11010000 -> 10000001
11111011 -> 11011111
00100101 -> 00001010

Now, determine the output for: 11111100",11101001,"I need to find the secret bit manipulation rule from the examples.

Given 8 examples:
  11000000 -> 00000000
  00101100 -> 01000000
  01101100 -> 01000000
  10011111 -> 00111001
  00010000 -> 00000000
  11010000 -> 10000001
  11111011 -> 11011111
  00100101 -> 00001010

Query: 11111100

Step 1: Analyze each output bit as an independent boolean function of input bits.

  Output bit 0: All 1 candidates agree -> value = 1
    Best match: AND(in[1], in[3]) = 1
  Output bit 1: All 2 candidates agree -> value = 1
    Best match: AND(in[2], in[4]) = 1
  Output bit 2: Ambiguous (7 candidates predict 0, 2 predict 1)
    For 0: AND(in[5], in[6]), INHIB(in[0], in[1]), INHIB(in[4], in[2])
    For 1: AND(in[0], in[5]), AND(in[3], in[5])
  Output bit 3: Ambiguous (9 candidates predict 0, 2 predict 1)
    For 0: ID(in[6]), AND(in[0], in[6]), AND(in[0], in[7])
    For 1: AND(in[0], in[4]), AND(in[3], in[4])
  Output bit 4: All 2 candidates agree -> value = 0
    Best match: ID(in[7]) = 0
  Output bit 5: Ambiguous (7 candidates predict 0, 2 predict 1)
    For 0: AND(in[1], in[6]), AND(in[1], in[7]), AND(in[2], in[6])
    For 1: AND(in[0], in[2]), AND(in[2], in[3])
  Output bit 6: All 2 candidates agree -> value = 0
    Best match: AND(in[2], in[7]) = 0
  Output bit 7: All 1 candidates agree -> value = 1
    Best match: AND(in[0], in[3]) = 1

Step 2: Identify structural patterns.
  Confirmed bit mappings: bit3<-in[6](shift=3), bit4<-in[7](shift=3)
  Dominant shift = 3 (weight 6)

Step 3: Resolve ambiguous bits using structural patterns.
  Bit 2: Resolved via pair/structure pattern -> value = 1
  Bit 3: Using shift=3, source = in[6] -> value = 0

Step 4: Resolve remaining 1 ambiguous bit(s) by scoring all combinations.
  Ambiguous positions: [5]
  Scoring considers: operation priors, complexity, template consistency, shift alignment.
  Bit 5 -> 0

Step 5: Combine all bits to form the output.
  bit0=1(unambig) | bit1=1(unambig) | bit2=1(ctx) | bit3=0(ctx) | bit4=0(unambig) | bit5=0(scored) | bit6=0(unambig) | bit7=1(unambig)

The answer is 11100001.",Bit Manipulation,low,bf,1
24232d07,"In Alice's Wonderland, a secret bit manipulation rule transforms 8-bit binary numbers. The transformation involves operations like bit shifts, rotations, XOR, AND, OR, NOT, and possibly majority or choice functions.

Here are some examples of input -> output:
10101010 -> 00101010
00011011 -> 10110011
10001010 -> 00111010
01111000 -> 11000111
10001011 -> 11111010
00000000 -> 11111111
00101001 -> 00101011

Now, determine the output for: 01011110",01010101,"I need to find the secret bit manipulation rule from the examples.

Given 7 examples:
  10101010 -> 00101010
  00011011 -> 10110011
  10001010 -> 00111010
  01111000 -> 11000111
  10001011 -> 11111010
  00000000 -> 11111111
  00101001 -> 00101011

Query: 01011110

Step 1: Analyze each output bit as an independent boolean function of input bits.

  Output bit 0: All 1 candidates agree -> value = 0
    Best match: XNOR(in[6], in[7]) = 0
  Output bit 1: All 1 candidates agree -> value = 1
    Best match: XNOR(in[0], in[7]) = 1
  Output bit 2: Ambiguous (7 candidates predict 0, 6 predict 1)
    For 0: NOR(in[1], in[5]), NOT(in[1]), NAND(in[1], in[3])
    For 1: XNOR(in[1], in[5]), NAND(in[1], in[2]), NAND(in[2], in[3])
  Output bit 3: Ambiguous (3 candidates predict 0, 3 predict 1)
    For 0: XNOR(in[2], in[5]), NOR(in[1], in[2]), NOR(in[2], in[5])
    For 1: NOT(in[2]), NAND(in[2], in[4]), IMPL(in[2], in[5])
  Output bit 4: Ambiguous (5 candidates predict 0, 2 predict 1)
    For 0: NOR(in[1], in[3]), NOR(in[3], in[5]), NOT(in[3])
    For 1: XNOR(in[3], in[5]), IMPL(in[3], in[5])
  Output bit 5: Ambiguous (1 candidates predict 0, 3 predict 1)
    For 0: NOR(in[6], in[7])
    For 1: XNOR(in[1], in[4]), NOR(in[0], in[7]), IMPL(in[4], in[1])
  Output bit 6: Ambiguous (10 candidates predict 0, 19 predict 1)
    For 0: NOT(in[5]), NAND(in[1], in[5]), NAND(in[1], in[6])
    For 1: NAND(in[0], in[1]), NAND(in[0], in[3]), NAND(in[0], in[5])
  Output bit 7: Ambiguous (2 candidates predict 0, 7 predict 1)
    For 0: XNOR(in[0], in[5]), NOR(in[0], in[5])
    For 1: NOT(in[0]), NAND(in[0], in[4]), NAND(in[0], in[6])

Step 2: No strong shift pattern detected.

Step 3: No additional bits resolved by context propagation.

Step 4: Resolve remaining 6 ambiguous bit(s) by scoring all combinations.
  Ambiguous positions: [2, 3, 4, 5, 6, 7]
  Scoring considers: operation priors, complexity, template consistency, shift alignment.
  Bit 2 -> 0
  Bit 3 -> 1
  Bit 4 -> 0
  Bit 5 -> 1
  Bit 6 -> 1
  Bit 7 -> 1

Step 5: Combine all bits to form the output.
  bit0=0(unambig) | bit1=1(unambig) | bit2=0(scored) | bit3=1(scored) | bit4=0(scored) | bit5=1(scored) | bit6=1(scored) | bit7=1(scored)

The answer is 01010111.",Bit Manipulation,low,bf,6
257e7158,"In Alice's Wonderland, a secret bit manipulation rule transforms 8-bit binary numbers. The transformation involves operations like bit shifts, rotations, XOR, AND, OR, NOT, and possibly majority or choice functions.

Here are some examples of input -> output:
00111001 -> 01000111
10110110 -> 00101111
11110001 -> 10011101
10110100 -> 00111011
00010101 -> 01111101
00010001 -> 01010101
11111100 -> 11101111
10000101 -> 11010001
00100010 -> 10101010
01110000 -> 10011111

Now, determine the output for: 10011001",00001001,"I need to find the secret bit manipulation rule from the examples.

Given 10 examples:
  00111001 -> 01000111
  10110110 -> 00101111
  11110001 -> 10011101
  10110100 -> 00111011
  00010101 -> 01111101
  00010001 -> 01010101
  11111100 -> 11101111
  10000101 -> 11010001
  00100010 -> 10101010
  01110000 -> 10011111

Query: 10011001

Step 1: Analyze each output bit as an independent boolean function of input bits.

  Output bit 0: All 2 candidates agree -> value = 0
    Best match: XNOR(in[1], in[3]) = 0
  Output bit 1: Ambiguous (1 candidates predict 0, 1 predict 1)
    For 0: XNOR(in[2], in[4])
    For 1: IMPL(in[2], in[4])
  Output bit 2: All 1 candidates agree -> value = 0
    Best match: XNOR(in[3], in[5]) = 0
  Output bit 3: All 2 candidates agree -> value = 0
    Best match: XNOR(in[4], in[6]) = 0
  Output bit 4: All 1 candidates agree -> value = 1
    Best match: XNOR(XOR)(in[0], in[5], in[7]) = 1
  Output bit 5: All 1 candidates agree -> value = 0
    Best match: OR(XNOR)(in[0], in[6], in[1]) = 0
  Output bit 6: All 1 candidates agree -> value = 1
    Best match: IMPL(in[7], in[4]) = 1
  Output bit 7: All 7 candidates agree -> value = 1
    Best match: OR(in[0], in[3]) = 1

Step 2: No strong shift pattern detected.

Step 3: Resolve ambiguous bits using structural patterns.
  Bit 1: Resolved via pair/structure pattern -> value = 0

Step 4: All bits resolved without brute-force.

Step 5: Combine all bits to form the output.
  bit0=0(unambig) | bit1=0(ctx) | bit2=0(unambig) | bit3=0(unambig) | bit4=1(unambig) | bit5=0(unambig) | bit6=1(unambig) | bit7=1(unambig)

The answer is 00001011.",Bit Manipulation,high,ctx,0
25a8aeb1,"In Alice's Wonderland, a secret bit manipulation rule transforms 8-bit binary numbers. The transformation involves operations like bit shifts, rotations, XOR, AND, OR, NOT, and possibly majority or choice functions.

Here are some examples of input -> output:
00001101 -> 11000010
10000111 -> 01110000
00011001 -> 10000011
10100000 -> 00001010
11001101 -> 01010110
10011010 -> 10101101
11110111 -> 00111101
00010010 -> 00000101
01111111 -> 00011111
01100110 -> 00101010

Now, determine the output for: 11011001",00111111,"I need to find the secret bit manipulation rule from the examples.

Given 10 examples:
  00001101 -> 11000010
  10000111 -> 01110000
  00011001 -> 10000011
  10100000 -> 00001010
  11001101 -> 01010110
  10011010 -> 10101101
  11110111 -> 00111101
  00010010 -> 00000101
  01111111 -> 00011111
  01100110 -> 00101010

Query: 11011001

Step 1: Analyze each output bit as an independent boolean function of input bits.

  Output bit 0: All 1 candidates agree -> value = 0
    Best match: INHIB(in[4], in[1]) = 0
  Output bit 1: All 3 candidates agree -> value = 0
    Best match: NOR(in[2], in[3]) = 0
  Output bit 2: All 1 candidates agree -> value = 0
    Best match: XOR(OR)(in[1], in[7], in[4]) = 0
  Output bit 3: All 1 candidates agree -> value = 1
    Best match: MAJ(in[0], in[1], in[7]) = 1
  Output bit 4: All 1 candidates agree -> value = 1
    Best match: OR(AND)(in[0], in[3], in[2]) = 1
  Output bit 5: All 1 candidates agree -> value = 1
    Best match: XNOR(OR)(in[1], in[2], in[7]) = 1
  Output bit 6: No candidates found. Default to 0.
  Output bit 7: All 1 candidates agree -> value = 1
    Best match: ID(in[3]) = 1

Step 2: Identify structural patterns.
  Confirmed bit mappings: bit7<-in[3](shift=4)
  Dominant shift = 4 (weight 5)

Step 3: No additional bits resolved by context propagation.

Step 4: All bits resolved without brute-force.

Step 5: Combine all bits to form the output.
  bit0=0(unambig) | bit1=0(unambig) | bit2=0(unambig) | bit3=1(unambig) | bit4=1(unambig) | bit5=1(unambig) | bit6=0(unambig) | bit7=1(unambig)

The answer is 00011101.",Bit Manipulation,high,ctx,0
264b2118,"In Alice's Wonderland, a secret bit manipulation rule transforms 8-bit binary numbers. The transformation involves operations like bit shifts, rotations, XOR, AND, OR, NOT, and possibly majority or choice functions.

Here are some examples of input -> output:
01101010 -> 10101001
00100011 -> 10001100
01010100 -> 01010001
11101100 -> 00110011
10001010 -> 00101010
10110100 -> 01010010
11000011 -> 00001111
00000100 -> 00010000
11000110 -> 00011011
00001100 -> 00110000

Now, determine the output for: 00101101",00010100,"I need to find the secret bit manipulation rule from the examples.

Given 10 examples:
  01101010 -> 10101001
  00100011 -> 10001100
  01010100 -> 01010001
  11101100 -> 00110011
  10001010 -> 00101010
  10110100 -> 01010010
  11000011 -> 00001111
  00000100 -> 00010000
  11000110 -> 00011011
  00001100 -> 00110000

Query: 00101101

Step 1: Check for whole-byte patterns.
  Mixed shift pattern detected.
  Rule: some output bits are shifted copies, rest use a uniform 2-input function.

Step 2: Apply the pattern to the query.
  00101101 -> 00110100

The answer is 00110100.",Bit Manipulation,high,w_mix,0
27c3ce54,"In Alice's Wonderland, a secret bit manipulation rule transforms 8-bit binary numbers. The transformation involves operations like bit shifts, rotations, XOR, AND, OR, NOT, and possibly majority or choice functions.

Here are some examples of input -> output:
10001111 -> 00110000
00000100 -> 00010000
01011001 -> 01000111
00011000 -> 01000000
00111011 -> 10001110
11001001 -> 00110101
11111111 -> 00011111
10100001 -> 10000100
01111100 -> 00001001
00010010 -> 01001000

Now, determine the output for: 00001100",00100000,"I need to find the secret bit manipulation rule from the examples.

Given 10 examples:
  10001111 -> 00110000
  00000100 -> 00010000
  01011001 -> 01000111
  00011000 -> 01000000
  00111011 -> 10001110
  11001001 -> 00110101
  11111111 -> 00011111
  10100001 -> 10000100
  01111100 -> 00001001
  00010010 -> 01001000

Query: 00001100

Step 1: Analyze each output bit as an independent boolean function of input bits.

  Output bit 0: All 2 candidates agree -> value = 0
    Best match: INHIB(in[2], in[1]) = 0
  Output bit 1: All 1 candidates agree -> value = 0
    Best match: INHIB(in[3], in[2]) = 0
  Output bit 2: Ambiguous (1 candidates predict 0, 1 predict 1)
    For 0: INHIB(in[0], in[2])
    For 1: INHIB(in[4], in[3])
  Output bit 3: All 1 candidates agree -> value = 1
    Best match: XNOR(AND)(in[0], in[2], in[3]) = 1
  Output bit 4: All 1 candidates agree -> value = 0
    Best match: MAJ(in[2], in[3], in[6]) = 0
  Output bit 5: All 1 candidates agree -> value = 0
    Best match: AND(OR)(in[1], in[2], in[7]) = 0
  Output bit 6: All 1 candidates agree -> value = 0
    Best match: AND(in[3], in[7]) = 0
  Output bit 7: All 2 candidates agree -> value = 0
    Best match: ID(in[1]) = 0

Step 2: Identify structural patterns.
  Confirmed bit mappings: bit7<-in[1](shift=2)
  Dominant shift = 2 (weight 5)

Step 3: Resolve ambiguous bits using structural patterns.
  Bit 2: Resolved via pair/structure pattern -> value = 1

Step 4: All bits resolved without brute-force.

Step 5: Combine all bits to form the output.
  bit0=0(unambig) | bit1=0(unambig) | bit2=1(ctx) | bit3=1(unambig) | bit4=0(unambig) | bit5=0(unambig) | bit6=0(unambig) | bit7=0(unambig)

The answer is 00110000.",Bit Manipulation,high,ctx,0
2817d770,"In Alice's Wonderland, a secret bit manipulation rule transforms 8-bit binary numbers. The transformation involves operations like bit shifts, rotations, XOR, AND, OR, NOT, and possibly majority or choice functions.

Here are some examples of input -> output:
10111000 -> 11101110
01010000 -> 01010101
10000000 -> 00100010
11011000 -> 01110111
00000010 -> 00001000
00010001 -> 01000100
11111011 -> 11111111
00110110 -> 11011101
11000011 -> 00111111
00010110 -> 01011101

Now, determine the output for: 00011000",01100110,"I need to find the secret bit manipulation rule from the examples.

Given 10 examples:
  10111000 -> 11101110
  01010000 -> 01010101
  10000000 -> 00100010
  11011000 -> 01110111
  00000010 -> 00001000
  00010001 -> 01000100
  11111011 -> 11111111
  00110110 -> 11011101
  11000011 -> 00111111
  00010110 -> 01011101

Query: 00011000

Step 1: Check for whole-byte patterns.
  Mixed shift pattern detected.
  Rule: some output bits are shifted copies, rest use a uniform 2-input function.

Step 2: Apply the pattern to the query.
  00011000 -> 01100100

The answer is 01100100.",Bit Manipulation,high,w_mix,0
2841d283,"In Alice's Wonderland, a secret bit manipulation rule transforms 8-bit binary numbers. The transformation involves operations like bit shifts, rotations, XOR, AND, OR, NOT, and possibly majority or choice functions.

Here are some examples of input -> output:
01111001 -> 11111101
01110001 -> 11111011
01000010 -> 11101111
10101110 -> 11010111
01100010 -> 11110111
11100000 -> 11110111
10101010 -> 11010101
01101011 -> 11110101
11001100 -> 11101110
00011100 -> 11111110

Now, determine the output for: 10101111",10010111,"I need to find the secret bit manipulation rule from the examples.

Given 10 examples:
  01111001 -> 11111101
  01110001 -> 11111011
  01000010 -> 11101111
  10101110 -> 11010111
  01100010 -> 11110111
  11100000 -> 11110111
  10101010 -> 11010101
  01101011 -> 11110101
  11001100 -> 11101110
  00011100 -> 11111110

Query: 10101111

Step 1: Analyze each output bit as an independent boolean function of input bits.

  Output bit 0: Ambiguous (3 candidates predict 0, 6 predict 1)
    For 0: NAND(in[0], in[7]), NAND(in[5], in[7]), IMPL(in[7], in[1])
    For 1: OR(in[1], in[4]), NAND(in[0], in[3]), NAND(in[3], in[6])
  Output bit 1: Ambiguous (3 candidates predict 0, 6 predict 1)
    For 0: NAND(in[0], in[7]), NAND(in[5], in[7]), IMPL(in[7], in[1])
    For 1: OR(in[1], in[4]), NAND(in[0], in[3]), NAND(in[3], in[6])
  Output bit 2: All 5 candidates agree -> value = 0
    Best match: OR(in[1], in[3]) = 0
  Output bit 3: All 2 candidates agree -> value = 1
    Best match: OR(in[2], in[3]) = 1
  Output bit 4: All 1 candidates agree -> value = 0
    Best match: IMPL(in[2], in[3]) = 0
  Output bit 5: All 2 candidates agree -> value = 1
    Best match: IMPL(in[3], in[4]) = 1
  Output bit 6: All 2 candidates agree -> value = 1
    Best match: XNOR(in[4], in[5]) = 1
  Output bit 7: All 4 candidates agree -> value = 1
    Best match: OR(in[2], in[6]) = 1

Step 2: No strong shift pattern detected.

Step 3: No additional bits resolved by context propagation.

Step 4: Resolve remaining 2 ambiguous bit(s) by scoring all combinations.
  Ambiguous positions: [0, 1]
  Scoring considers: operation priors, complexity, template consistency, shift alignment.
  Bit 0 -> 1
  Bit 1 -> 1

Step 5: Combine all bits to form the output.
  bit0=1(scored) | bit1=1(scored) | bit2=0(unambig) | bit3=1(unambig) | bit4=0(unambig) | bit5=1(unambig) | bit6=1(unambig) | bit7=1(unambig)

The answer is 11010111.",Bit Manipulation,low,bf,2
287e5272,"In Alice's Wonderland, a secret bit manipulation rule transforms 8-bit binary numbers. The transformation involves operations like bit shifts, rotations, XOR, AND, OR, NOT, and possibly majority or choice functions.

Here are some examples of input -> output:
10101100 -> 10111111
01101111 -> 11111111
00111100 -> 10001111
00101010 -> 01001111
11010011 -> 01111110
11101000 -> 00111111
01010001 -> 00111110
00010011 -> 01100110
10100010 -> 01111100

Now, determine the output for: 11000101",10111001,"I need to find the secret bit manipulation rule from the examples.

Given 9 examples:
  10101100 -> 10111111
  01101111 -> 11111111
  00111100 -> 10001111
  00101010 -> 01001111
  11010011 -> 01111110
  11101000 -> 00111111
  01010001 -> 00111110
  00010011 -> 01100110
  10100010 -> 01111100

Query: 11000101

Step 1: Check for whole-byte patterns.
  Mixed shift pattern detected.
  Rule: some output bits are shifted copies, rest use a uniform 2-input function.

Step 2: Apply the pattern to the query.
  11000101 -> 10111000

The answer is 10111000.",Bit Manipulation,high,w_mix,0
288c7eca,"In Alice's Wonderland, a secret bit manipulation rule transforms 8-bit binary numbers. The transformation involves operations like bit shifts, rotations, XOR, AND, OR, NOT, and possibly majority or choice functions.

Here are some examples of input -> output:
00001111 -> 10111111
01110011 -> 10111111
00100001 -> 00111111
00111000 -> 11111111
10100110 -> 01111111
11000100 -> 11111111
00111111 -> 10111111
00101101 -> 00111111

Now, determine the output for: 10110101",01111111,"I need to find the secret bit manipulation rule from the examples.

Given 8 examples:
  00001111 -> 10111111
  01110011 -> 10111111
  00100001 -> 00111111
  00111000 -> 11111111
  10100110 -> 01111111
  11000100 -> 11111111
  00111111 -> 10111111
  00101101 -> 00111111

Query: 10110101

Step 1: Analyze each output bit as an independent boolean function of input bits.

  Output bit 0: Ambiguous (1 candidates predict 0, 2 predict 1)
    For 0: XNOR(in[6], in[7])
    For 1: XNOR(in[2], in[3]), IMPL(in[2], in[3])
  Output bit 1: Ambiguous (1 candidates predict 0, 2 predict 1)
    For 0: NOT(in[7])
    For 1: XOR(in[4], in[5]), IMPL(in[7], in[0])
  Output bit 2: Ambiguous (2 candidates predict 0, 6 predict 1)
    For 0: NAND(in[0], in[3]), NAND(in[0], in[7])
    For 1: OR(in[2], in[5]), NAND(in[0], in[4]), NAND(in[1], in[4])
  Output bit 3: Ambiguous (2 candidates predict 0, 6 predict 1)
    For 0: NAND(in[0], in[3]), NAND(in[0], in[7])
    For 1: OR(in[2], in[5]), NAND(in[0], in[4]), NAND(in[1], in[4])
  Output bit 4: Ambiguous (2 candidates predict 0, 6 predict 1)
    For 0: NAND(in[0], in[3]), NAND(in[0], in[7])
    For 1: OR(in[2], in[5]), NAND(in[0], in[4]), NAND(in[1], in[4])
  Output bit 5: Ambiguous (2 candidates predict 0, 6 predict 1)
    For 0: NAND(in[0], in[3]), NAND(in[0], in[7])
    For 1: OR(in[2], in[5]), NAND(in[0], in[4]), NAND(in[1], in[4])
  Output bit 6: Ambiguous (2 candidates predict 0, 6 predict 1)
    For 0: NAND(in[0], in[3]), NAND(in[0], in[7])
    For 1: OR(in[2], in[5]), NAND(in[0], in[4]), NAND(in[1], in[4])
  Output bit 7: Ambiguous (2 candidates predict 0, 6 predict 1)
    For 0: NAND(in[0], in[3]), NAND(in[0], in[7])
    For 1: OR(in[2], in[5]), NAND(in[0], in[4]), NAND(in[1], in[4])

Step 2: No strong shift pattern detected.

Step 3: No additional bits resolved by context propagation.

Step 4: Resolve remaining 8 ambiguous bit(s) by scoring all combinations.
  Ambiguous positions: [0, 1, 2, 3, 4, 5, 6, 7]
  Scoring considers: operation priors, complexity, template consistency, shift alignment.
  Bit 0 -> 1
  Bit 1 -> 0
  Bit 2 -> 1
  Bit 3 -> 1
  Bit 4 -> 1
  Bit 5 -> 1
  Bit 6 -> 1
  Bit 7 -> 1

Step 5: Combine all bits to form the output.
  bit0=1(scored) | bit1=0(scored) | bit2=1(scored) | bit3=1(scored) | bit4=1(scored) | bit5=1(scored) | bit6=1(scored) | bit7=1(scored)

The answer is 10111111.",Bit Manipulation,low,bf,8
28e3bbd3,"In Alice's Wonderland, a secret bit manipulation rule transforms 8-bit binary numbers. The transformation involves operations like bit shifts, rotations, XOR, AND, OR, NOT, and possibly majority or choice functions.

Here are some examples of input -> output:
11001010 -> 00010110
11111111 -> 00111111
11001100 -> 00100110
01010100 -> 00000010
10111110 -> 00100101
00101110 -> 00000001
10001101 -> 00100100
11011011 -> 00010110

Now, determine the output for: 10110010",00000101,"I need to find the secret bit manipulation rule from the examples.

Given 8 examples:
  11001010 -> 00010110
  11111111 -> 00111111
  11001100 -> 00100110
  01010100 -> 00000010
  10111110 -> 00100101
  00101110 -> 00000001
  10001101 -> 00100100
  11011011 -> 00010110

Query: 10110010

Step 1: Analyze each output bit as an independent boolean function of input bits.

  Output bit 0: Ambiguous (7 candidates predict 0, 7 predict 1)
    For 0: NOR(in[0], in[5]), NOR(in[3], in[4]), NOR(in[5], in[6])
    For 1: NOR(in[1], in[4]), NOR(in[1], in[5]), NOR(in[4], in[5])
  Output bit 1: Ambiguous (7 candidates predict 0, 7 predict 1)
    For 0: NOR(in[0], in[5]), NOR(in[3], in[4]), NOR(in[5], in[6])
    For 1: NOR(in[1], in[4]), NOR(in[1], in[5]), NOR(in[4], in[5])
  Output bit 2: All 2 candidates agree -> value = 0
    Best match: AND(in[0], in[5]) = 0
  Output bit 3: All 1 candidates agree -> value = 0
    Best match: AND(in[1], in[6]) = 0
  Output bit 4: All 2 candidates agree -> value = 0
    Best match: AND(in[1], in[2]) = 0
  Output bit 5: Ambiguous (1 candidates predict 0, 3 predict 1)
    For 0: AND(in[0], in[4])
    For 1: ID(in[0]), OR(in[0], in[7]), IMPL(in[5], in[0])
  Output bit 6: Ambiguous (1 candidates predict 0, 2 predict 1)
    For 0: ID(in[1])
    For 1: IMPL(in[4], in[1]), IMPL(in[5], in[1])
  Output bit 7: Ambiguous (4 candidates predict 0, 2 predict 1)
    For 0: AND(in[2], in[4]), AND(in[2], in[5]), AND(in[5], in[6])
    For 1: ID(in[2]), AND(in[2], in[6])

Step 2: No strong shift pattern detected.

Step 3: Resolve ambiguous bits using structural patterns.
  Bit 7: Resolved via pair/structure pattern -> value = 0

Step 4: Resolve remaining 4 ambiguous bit(s) by scoring all combinations.
  Ambiguous positions: [0, 1, 5, 6]
  Scoring considers: operation priors, complexity, template consistency, shift alignment.
  Bit 0 -> 0
  Bit 1 -> 0
  Bit 5 -> 1
  Bit 6 -> 0

Step 5: Combine all bits to form the output.
  bit0=0(scored) | bit1=0(scored) | bit2=0(unambig) | bit3=0(unambig) | bit4=0(unambig) | bit5=1(scored) | bit6=0(scored) | bit7=0(ctx)

The answer is 00000100.",Bit Manipulation,low,bf,4
28ffe70d,"In Alice's Wonderland, a secret bit manipulation rule transforms 8-bit binary numbers. The transformation involves operations like bit shifts, rotations, XOR, AND, OR, NOT, and possibly majority or choice functions.

Here are some examples of input -> output:
11101010 -> 10101110
10100111 -> 11111110
00110100 -> 11010011
11010101 -> 01011101
10011111 -> 11111101
10001011 -> 10111100
00111111 -> 11111111
10100000 -> 10001010
01100001 -> 10010110
01001100 -> 11110100

Now, determine the output for: 00111010",11101011,"I need to find the secret bit manipulation rule from the examples.

Given 10 examples:
  11101010 -> 10101110
  10100111 -> 11111110
  00110100 -> 11010011
  11010101 -> 01011101
  10011111 -> 11111101
  10001011 -> 10111100
  00111111 -> 11111111
  10100000 -> 10001010
  01100001 -> 10010110
  01001100 -> 11110100

Query: 00111010

Step 1: Check for whole-byte patterns.
  Mixed shift pattern detected.
  Rule: some output bits are shifted copies, rest use a uniform 2-input function.

Step 2: Apply the pattern to the query.
  00111010 -> 10101011

The answer is 10101011.",Bit Manipulation,high,w_mix,0
2b50eb88,"In Alice's Wonderland, a secret bit manipulation rule transforms 8-bit binary numbers. The transformation involves operations like bit shifts, rotations, XOR, AND, OR, NOT, and possibly majority or choice functions.

Here are some examples of input -> output:
01010010 -> 00000100
00100010 -> 00000000
11100110 -> 00001101
00000101 -> 00000000
00011111 -> 00000000
10010101 -> 00001001
10100100 -> 00001001
00100111 -> 00000010
01011100 -> 00000000

Now, determine the output for: 11111011",00000111,"I need to find the secret bit manipulation rule from the examples.

Given 9 examples:
  01010010 -> 00000100
  00100010 -> 00000000
  11100110 -> 00001101
  00000101 -> 00000000
  00011111 -> 00000000
  10010101 -> 00001001
  10100100 -> 00001001
  00100111 -> 00000010
  01011100 -> 00000000

Query: 11111011

Step 1: Analyze each output bit as an independent boolean function of input bits.

  Output bit 0: Ambiguous (3 candidates predict 0, 7 predict 1)
    For 0: NOR(in[5], in[6]), INHIB(in[4], in[3]), C0
    For 1: AND(in[0], in[4]), AND(in[1], in[7]), AND(in[2], in[3])
  Output bit 1: Ambiguous (3 candidates predict 0, 7 predict 1)
    For 0: NOR(in[5], in[6]), INHIB(in[4], in[3]), C0
    For 1: AND(in[0], in[4]), AND(in[1], in[7]), AND(in[2], in[3])
  Output bit 2: Ambiguous (3 candidates predict 0, 7 predict 1)
    For 0: NOR(in[5], in[6]), INHIB(in[4], in[3]), C0
    For 1: AND(in[0], in[4]), AND(in[1], in[7]), AND(in[2], in[3])
  Output bit 3: Ambiguous (3 candidates predict 0, 7 predict 1)
    For 0: NOR(in[5], in[6]), INHIB(in[4], in[3]), C0
    For 1: AND(in[0], in[4]), AND(in[1], in[7]), AND(in[2], in[3])
  Output bit 4: Ambiguous (2 candidates predict 0, 1 predict 1)
    For 0: AND(in[0], in[5]), INHIB(in[0], in[4])
    For 1: ID(in[0])
  Output bit 5: Ambiguous (1 candidates predict 0, 1 predict 1)
    For 0: INHIB(in[1], in[4])
    For 1: AND(in[1], in[6])
  Output bit 6: All 1 candidates agree -> value = 1
    Best match: AND(in[2], in[7]) = 1
  Output bit 7: Ambiguous (2 candidates predict 0, 1 predict 1)
    For 0: AND(in[0], in[5]), INHIB(in[0], in[4])
    For 1: ID(in[0])

Step 2: No strong shift pattern detected.

Step 3: No additional bits resolved by context propagation.

Step 4: Resolve remaining 7 ambiguous bit(s) by scoring all combinations.
  Ambiguous positions: [0, 1, 2, 3, 4, 5, 7]
  Scoring considers: operation priors, complexity, template consistency, shift alignment.
  Bit 0 -> 1
  Bit 1 -> 1
  Bit 2 -> 1
  Bit 3 -> 1
  Bit 4 -> 1
  Bit 5 -> 1
  Bit 7 -> 1

Step 5: Combine all bits to form the output.
  bit0=1(scored) | bit1=1(scored) | bit2=1(scored) | bit3=1(scored) | bit4=1(scored) | bit5=1(scored) | bit6=1(unambig) | bit7=1(scored)

The answer is 11111111.",Bit Manipulation,low,bf,7
2ce41663,"In Alice's Wonderland, a secret bit manipulation rule transforms 8-bit binary numbers. The transformation involves operations like bit shifts, rotations, XOR, AND, OR, NOT, and possibly majority or choice functions.

Here are some examples of input -> output:
10011111 -> 10011011
10101111 -> 00110111
01100110 -> 10110011
00011000 -> 10101111
10110011 -> 01111000
00110001 -> 01011101
01000101 -> 01110001
01011100 -> 00100111
00001110 -> 11011011

Now, determine the output for: 11001101",01100011,"I need to find the secret bit manipulation rule from the examples.

Given 9 examples:
  10011111 -> 10011011
  10101111 -> 00110111
  01100110 -> 10110011
  00011000 -> 10101111
  10110011 -> 01111000
  00110001 -> 01011101
  01000101 -> 01110001
  01011100 -> 00100111
  00001110 -> 11011011

Query: 11001101

Step 1: Analyze each output bit as an independent boolean function of input bits.

  Output bit 0: All 1 candidates agree -> value = 0
    Best match: XNOR(in[1], in[2]) = 0
  Output bit 1: All 1 candidates agree -> value = 1
    Best match: XNOR(in[2], in[3]) = 1
  Output bit 2: All 1 candidates agree -> value = 1
    Best match: XNOR(in[2], in[6]) = 1
  Output bit 3: Ambiguous (1 candidates predict 0, 2 predict 1)
    For 0: IMPL(in[4], in[6])
    For 1: OR(in[6], in[7]), IMPL(in[3], in[7])
  Output bit 4: All 1 candidates agree -> value = 0
    Best match: NAND(OR)(in[1], in[2], in[5]) = 0
  Output bit 5: All 1 candidates agree -> value = 1
    Best match: XOR(in[0], in[3]) = 1
  Output bit 6: All 1 candidates agree -> value = 1
    Best match: IMPL(in[7], in[4]) = 1
  Output bit 7: All 3 candidates agree -> value = 1
    Best match: IMPL(in[0], in[4]) = 1

Step 2: No strong shift pattern detected.

Step 3: No additional bits resolved by context propagation.

Step 4: Resolve remaining 1 ambiguous bit(s) by scoring all combinations.
  Ambiguous positions: [3]
  Scoring considers: operation priors, complexity, template consistency, shift alignment.
  Bit 3 -> 1

Step 5: Combine all bits to form the output.
  bit0=0(unambig) | bit1=1(unambig) | bit2=1(unambig) | bit3=1(scored) | bit4=0(unambig) | bit5=1(unambig) | bit6=1(unambig) | bit7=1(unambig)

The answer is 01110111.",Bit Manipulation,low,bf,1
2dc6056a,"In Alice's Wonderland, a secret bit manipulation rule transforms 8-bit binary numbers. The transformation involves operations like bit shifts, rotations, XOR, AND, OR, NOT, and possibly majority or choice functions.

Here are some examples of input -> output:
11111101 -> 01111110
00100100 -> 00000000
01010110 -> 10000001
00101110 -> 10000011
10011010 -> 01000100
10000000 -> 00000000
10001010 -> 01000000
00110000 -> 00001000
00101101 -> 00000010

Now, determine the output for: 00010111",11000001,"I need to find the secret bit manipulation rule from the examples.

Given 9 examples:
  11111101 -> 01111110
  00100100 -> 00000000
  01010110 -> 10000001
  00101110 -> 10000011
  10011010 -> 01000100
  10000000 -> 00000000
  10001010 -> 01000000
  00110000 -> 00001000
  00101101 -> 00000010

Query: 00010111

Step 1: Analyze each output bit as an independent boolean function of input bits.

  Output bit 0: All 2 candidates agree -> value = 1
    Best match: AND(in[5], in[6]) = 1
  Output bit 1: All 1 candidates agree -> value = 0
    Best match: AND(in[0], in[4]) = 0
  Output bit 2: Ambiguous (8 candidates predict 0, 1 predict 1)
    For 0: AND(in[0], in[1]), AND(in[0], in[2]), AND(in[0], in[5])
    For 1: AND(in[3], in[7])
  Output bit 3: Ambiguous (8 candidates predict 0, 1 predict 1)
    For 0: AND(in[0], in[1]), AND(in[0], in[2]), AND(in[0], in[5])
    For 1: AND(in[3], in[7])
  Output bit 4: All 3 candidates agree -> value = 0
    Best match: AND(in[2], in[3]) = 0
  Output bit 5: All 2 candidates agree -> value = 0
    Best match: AND(in[0], in[3]) = 0
  Output bit 6: All 2 candidates agree -> value = 0
    Best match: AND(in[2], in[4]) = 0
  Output bit 7: All 2 candidates agree -> value = 1
    Best match: AND(in[5], in[6]) = 1

Step 2: No strong shift pattern detected.

Step 3: Resolve ambiguous bits using structural patterns.
  Bit 2: Resolved via pair/structure pattern -> value = 0
  Bit 3: Resolved via pair/structure pattern -> value = 0

Step 4: All bits resolved without brute-force.

Step 5: Combine all bits to form the output.
  bit0=1(unambig) | bit1=0(unambig) | bit2=0(ctx) | bit3=0(ctx) | bit4=0(unambig) | bit5=0(unambig) | bit6=0(unambig) | bit7=1(unambig)

The answer is 10000001.",Bit Manipulation,high,ctx,0
2f270b32,"In Alice's Wonderland, a secret bit manipulation rule transforms 8-bit binary numbers. The transformation involves operations like bit shifts, rotations, XOR, AND, OR, NOT, and possibly majority or choice functions.

Here are some examples of input -> output:
11101010 -> 11010011
10111011 -> 10000110
10001111 -> 00011011
11110000 -> 00111100
10100101 -> 00111001
00110010 -> 00011100
00111011 -> 10101110
00111001 -> 10001110

Now, determine the output for: 11101000",11111011,"I need to find the secret bit manipulation rule from the examples.

Given 8 examples:
  11101010 -> 11010011
  10111011 -> 10000110
  10001111 -> 00011011
  11110000 -> 00111100
  10100101 -> 00111001
  00110010 -> 00011100
  00111011 -> 10101110
  00111001 -> 10001110

Query: 11101000

Step 1: Analyze each output bit as an independent boolean function of input bits.

  Output bit 0: All 4 candidates agree -> value = 1
    Best match: AND(in[2], in[4]) = 1
  Output bit 1: Ambiguous (1 candidates predict 0, 6 predict 1)
    For 0: AND(in[1], in[6])
    For 1: AND(in[1], in[4]), XNOR(in[3], in[5]), NOR(in[3], in[5])
  Output bit 2: All 1 candidates agree -> value = 1
    Best match: XOR(AND)(in[4], in[6], in[0]) = 1
  Output bit 3: All 4 candidates agree -> value = 1
    Best match: XNOR(in[5], in[7]) = 1
  Output bit 4: All 1 candidates agree -> value = 0
    Best match: XOR3(in[0], in[1], in[3]) = 0
  Output bit 5: All 4 candidates agree -> value = 0
    Best match: ID(in[3]) = 0
  Output bit 6: All 2 candidates agree -> value = 1
    Best match: ID(in[4]) = 1
  Output bit 7: All 4 candidates agree -> value = 1
    Best match: NOT(in[3]) = 1

Step 2: Identify structural patterns.
  Confirmed bit mappings: bit5<-in[3](shift=6), bit6<-in[4](shift=6), bit7<-in[3](shift=4)
  Dominant shift = 6 (weight 10)

Step 3: Resolve ambiguous bits using structural patterns.
  Bit 1: Resolved via pair/structure pattern -> value = 1

Step 4: All bits resolved without brute-force.

Step 5: Combine all bits to form the output.
  bit0=1(unambig) | bit1=1(ctx) | bit2=1(unambig) | bit3=1(unambig) | bit4=0(unambig) | bit5=0(unambig) | bit6=1(unambig) | bit7=1(unambig)

The answer is 11110011.",Bit Manipulation,high,ctx,0
2f51362d,"In Alice's Wonderland, a secret bit manipulation rule transforms 8-bit binary numbers. The transformation involves operations like bit shifts, rotations, XOR, AND, OR, NOT, and possibly majority or choice functions.

Here are some examples of input -> output:
10000111 -> 11110001
00101101 -> 01001111
00011111 -> 11000111
00100100 -> 00001101
11011110 -> 10111111
11111100 -> 00111111
01101110 -> 10011111

Now, determine the output for: 00010011",11000110,"I need to find the secret bit manipulation rule from the examples.

Given 7 examples:
  10000111 -> 11110001
  00101101 -> 01001111
  00011111 -> 11000111
  00100100 -> 00001101
  11011110 -> 10111111
  11111100 -> 00111111
  01101110 -> 10011111

Query: 00010011

Step 1: Check for whole-byte patterns.
  Mixed shift pattern detected.
  Rule: some output bits are shifted copies, rest use a uniform 2-input function.

Step 2: Apply the pattern to the query.
  00010011 -> 11000100

The answer is 11000100.",Bit Manipulation,high,w_mix,0
2f5f8f45,"In Alice's Wonderland, a secret bit manipulation rule transforms 8-bit binary numbers. The transformation involves operations like bit shifts, rotations, XOR, AND, OR, NOT, and possibly majority or choice functions.

Here are some examples of input -> output:
10011111 -> 11110011
10000010 -> 01011111
01100011 -> 00111111
11010101 -> 00111010
10010000 -> 01011011
00101000 -> 10110101
10100001 -> 10011111

Now, determine the output for: 00100110",01000110,"I need to find the secret bit manipulation rule from the examples.

Given 7 examples:
  10011111 -> 11110011
  10000010 -> 01011111
  01100011 -> 00111111
  11010101 -> 00111010
  10010000 -> 01011011
  00101000 -> 10110101
  10100001 -> 10011111

Query: 00100110

Step 1: Analyze each output bit as an independent boolean function of input bits.

  Output bit 0: All 1 candidates agree -> value = 0
    Best match: XNOR(in[3], in[6]) = 0
  Output bit 1: Ambiguous (1 candidates predict 0, 1 predict 1)
    For 0: NOR(in[1], in[2])
    For 1: XNOR(in[4], in[7])
  Output bit 2: Ambiguous (3 candidates predict 0, 1 predict 1)
    For 0: XOR(in[1], in[4]), XNOR(in[0], in[5]), OR(in[1], in[4])
    For 1: IMPL(in[0], in[5])
  Output bit 3: Ambiguous (4 candidates predict 0, 6 predict 1)
    For 0: NAND(in[2], in[5]), IMPL(in[5], in[0]), IMPL(in[5], in[3])
    For 1: OR(in[0], in[2]), NAND(in[1], in[4]), NAND(in[2], in[3])
  Output bit 4: All 2 candidates agree -> value = 1
    Best match: NOT(in[4]) = 1
  Output bit 5: Ambiguous (1 candidates predict 0, 3 predict 1)
    For 0: NOR(in[3], in[5])
    For 1: NOT(in[3]), NAND(in[0], in[3]), IMPL(in[3], in[2])
  Output bit 6: Ambiguous (3 candidates predict 0, 7 predict 1)
    For 0: OR(in[0], in[1]), OR(in[0], in[7]), IMPL(in[2], in[7])
    For 1: OR(in[0], in[6]), NAND(in[2], in[4]), IMPL(in[4], in[0])
  Output bit 7: Ambiguous (1 candidates predict 0, 6 predict 1)
    For 0: IMPL(in[5], in[4])
    For 1: NAND(in[0], in[1]), NAND(in[1], in[3]), NAND(in[1], in[5])

Step 2: Identify structural patterns.
  Confirmed bit mappings: bit4<-in[4](shift=0)
  Dominant shift = 0 (weight 5)

Step 3: No additional bits resolved by context propagation.

Step 4: Resolve remaining 6 ambiguous bit(s) by scoring all combinations.
  Ambiguous positions: [1, 2, 3, 5, 6, 7]
  Scoring considers: operation priors, complexity, template consistency, shift alignment.
  Bit 1 -> 1
  Bit 2 -> 0
  Bit 3 -> 1
  Bit 5 -> 1
  Bit 6 -> 1
  Bit 7 -> 1

Step 5: Combine all bits to form the output.
  bit0=0(unambig) | bit1=1(scored) | bit2=0(scored) | bit3=1(scored) | bit4=1(unambig) | bit5=1(scored) | bit6=1(scored) | bit7=1(scored)

The answer is 01011111.",Bit Manipulation,low,bf,6
2f7f58de,"In Alice's Wonderland, a secret bit manipulation rule transforms 8-bit binary numbers. The transformation involves operations like bit shifts, rotations, XOR, AND, OR, NOT, and possibly majority or choice functions.

Here are some examples of input -> output:
00111110 -> 11111011
11010111 -> 01010001
00100000 -> 10000010
01110100 -> 11010111
11000011 -> 00000000
01010100 -> 01010101
01100101 -> 10010010
11011000 -> 01101101

Now, determine the output for: 10001011",00100100,"I need to find the secret bit manipulation rule from the examples.

Given 8 examples:
  00111110 -> 11111011
  11010111 -> 01010001
  00100000 -> 10000010
  01110100 -> 11010111
  11000011 -> 00000000
  01010100 -> 01010101
  01100101 -> 10010010
  11011000 -> 01101101

Query: 10001011

Step 1: Analyze each output bit as an independent boolean function of input bits.

  Output bit 0: Ambiguous (2 candidates predict 0, 1 predict 1)
    For 0: ID(in[2]), INHIB(in[2], in[0])
    For 1: IMPL(in[1], in[2])
  Output bit 1: Ambiguous (1 candidates predict 0, 1 predict 1)
    For 0: ID(in[3])
    For 1: OR(in[3], in[4])
  Output bit 2: Ambiguous (3 candidates predict 0, 1 predict 1)
    For 0: AND(in[3], in[4]), XOR(in[0], in[6]), INHIB(in[4], in[7])
    For 1: ID(in[4])
  Output bit 3: All 1 candidates agree -> value = 0
    Best match: ID(in[5]) = 0
  Output bit 4: Ambiguous (3 candidates predict 0, 1 predict 1)
    For 0: AND(in[3], in[4]), XOR(in[0], in[6]), INHIB(in[4], in[7])
    For 1: ID(in[4])
  Output bit 5: Ambiguous (2 candidates predict 0, 1 predict 1)
    For 0: INHIB(in[1], in[7]), INHIB(in[3], in[6])
    For 1: XOR(in[1], in[7])
  Output bit 6: Ambiguous (2 candidates predict 0, 1 predict 1)
    For 0: ID(in[2]), INHIB(in[2], in[0])
    For 1: IMPL(in[1], in[2])
  Output bit 7: Ambiguous (1 candidates predict 0, 1 predict 1)
    For 0: ID(in[3])
    For 1: OR(in[3], in[4])

Step 2: Identify structural patterns.
  Confirmed bit mappings: bit0<-in[2](shift=2), bit1<-in[3](shift=2), bit2<-in[4](shift=2), bit3<-in[5](shift=2)
  Dominant shift = 2 (weight 8)

Step 3: Resolve ambiguous bits using structural patterns.
  Bit 0: Using shift=2, source = in[2] -> value = 0
  Bit 1: Using shift=2, source = in[3] -> value = 0
  Bit 2: Using shift=2, source = in[4] -> value = 1

Step 4: Resolve remaining 4 ambiguous bit(s) by scoring all combinations.
  Ambiguous positions: [4, 5, 6, 7]
  Scoring considers: operation priors, complexity, template consistency, shift alignment.
  Bit 4 -> 1
  Bit 5 -> 1
  Bit 6 -> 0
  Bit 7 -> 0

Step 5: Combine all bits to form the output.
  bit0=0(ctx) | bit1=0(ctx) | bit2=1(ctx) | bit3=0(unambig) | bit4=1(scored) | bit5=1(scored) | bit6=0(scored) | bit7=0(scored)

The answer is 00101100.",Bit Manipulation,low,bf,4
303d2e72,"In Alice's Wonderland, a secret bit manipulation rule transforms 8-bit binary numbers. The transformation involves operations like bit shifts, rotations, XOR, AND, OR, NOT, and possibly majority or choice functions.

Here are some examples of input -> output:
01110111 -> 00000001
01100010 -> 00000001
01001010 -> 00000000
01000111 -> 00000000
10101010 -> 00000000
00110111 -> 00000000
11111111 -> 00000111
01100100 -> 00000001
01010101 -> 00000000

Now, determine the output for: 00111101",00000000,"I need to find the secret bit manipulation rule from the examples.

Given 9 examples:
  01110111 -> 00000001
  01100010 -> 00000001
  01001010 -> 00000000
  01000111 -> 00000000
  10101010 -> 00000000
  00110111 -> 00000000
  11111111 -> 00000111
  01100100 -> 00000001
  01010101 -> 00000000

Query: 00111101

Step 1: Analyze each output bit as an independent boolean function of input bits.

  Output bit 0: Ambiguous (9 candidates predict 0, 2 predict 1)
    For 0: NOR(in[1], in[2]), NOR(in[5], in[6]), INHIB(in[0], in[2])
    For 1: NOR(in[1], in[6]), INHIB(in[4], in[6])
  Output bit 1: Ambiguous (9 candidates predict 0, 2 predict 1)
    For 0: NOR(in[1], in[2]), NOR(in[5], in[6]), INHIB(in[0], in[2])
    For 1: NOR(in[1], in[6]), INHIB(in[4], in[6])
  Output bit 2: Ambiguous (9 candidates predict 0, 2 predict 1)
    For 0: NOR(in[1], in[2]), NOR(in[5], in[6]), INHIB(in[0], in[2])
    For 1: NOR(in[1], in[6]), INHIB(in[4], in[6])
  Output bit 3: Ambiguous (9 candidates predict 0, 2 predict 1)
    For 0: NOR(in[1], in[2]), NOR(in[5], in[6]), INHIB(in[0], in[2])
    For 1: NOR(in[1], in[6]), INHIB(in[4], in[6])
  Output bit 4: Ambiguous (9 candidates predict 0, 2 predict 1)
    For 0: NOR(in[1], in[2]), NOR(in[5], in[6]), INHIB(in[0], in[2])
    For 1: NOR(in[1], in[6]), INHIB(in[4], in[6])
  Output bit 5: Ambiguous (4 candidates predict 0, 3 predict 1)
    For 0: AND(in[0], in[1]), AND(in[0], in[3]), AND(in[0], in[5])
    For 1: AND(in[3], in[4]), AND(in[4], in[5]), AND(in[4], in[7])
  Output bit 6: Ambiguous (4 candidates predict 0, 3 predict 1)
    For 0: AND(in[0], in[1]), AND(in[0], in[3]), AND(in[0], in[5])
    For 1: AND(in[3], in[4]), AND(in[4], in[5]), AND(in[4], in[7])
  Output bit 7: All 2 candidates agree -> value = 0
    Best match: AND(in[1], in[2]) = 0

Step 2: No strong shift pattern detected.

Step 3: No additional bits resolved by context propagation.

Step 4: Resolve remaining 7 ambiguous bit(s) by scoring all combinations.
  Ambiguous positions: [0, 1, 2, 3, 4, 5, 6]
  Scoring considers: operation priors, complexity, template consistency, shift alignment.
  Bit 0 -> 0
  Bit 1 -> 0
  Bit 2 -> 0
  Bit 3 -> 0
  Bit 4 -> 0
  Bit 5 -> 1
  Bit 6 -> 0

Step 5: Combine all bits to form the output.
  bit0=0(scored) | bit1=0(scored) | bit2=0(scored) | bit3=0(scored) | bit4=0(scored) | bit5=1(scored) | bit6=0(scored) | bit7=0(unambig)

The answer is 00000100.",Bit Manipulation,low,bf,7
304cc47b,"In Alice's Wonderland, a secret bit manipulation rule transforms 8-bit binary numbers. The transformation involves operations like bit shifts, rotations, XOR, AND, OR, NOT, and possibly majority or choice functions.

Here are some examples of input -> output:
00000101 -> 10100000
01111010 -> 00000111
01010100 -> 10001010
01000111 -> 11100100
11100100 -> 00001100
01010001 -> 00101110
01011011 -> 00000111
01001010 -> 01000001
11110111 -> 00101110

Now, determine the output for: 10110111",00101010,"I need to find the secret bit manipulation rule from the examples.

Given 9 examples:
  00000101 -> 10100000
  01111010 -> 00000111
  01010100 -> 10001010
  01000111 -> 11100100
  11100100 -> 00001100
  01010001 -> 00101110
  01011011 -> 00000111
  01001010 -> 01000001
  11110111 -> 00101110

Query: 10110111

Step 1: Analyze each output bit as an independent boolean function of input bits.

  Output bit 0: All 3 candidates agree -> value = 0
    Best match: XOR(in[0], in[5]) = 0
  Output bit 1: All 1 candidates agree -> value = 0
    Best match: INHIB(in[6], in[3]) = 0
  Output bit 2: All 1 candidates agree -> value = 1
    Best match: INHIB(in[7], in[4]) = 1
  Output bit 3: Ambiguous (9 candidates predict 0, 4 predict 1)
    For 0: AND(in[0], in[4]), AND(in[4], in[5]), NOR(in[1], in[5])
    For 1: INHIB(in[0], in[1]), INHIB(in[2], in[1]), INHIB(in[3], in[1])
  Output bit 4: All 1 candidates agree -> value = 1
    Best match: NOR(NOR)(in[0], in[3], in[4]) = 1
  Output bit 5: All 1 candidates agree -> value = 1
    Best match: MAJ(in[1], in[2], in[7]) = 1
  Output bit 6: Ambiguous (1 candidates predict 0, 1 predict 1)
    For 0: AND(in[1], in[3])
    For 1: ID(in[3])
  Output bit 7: All 6 candidates agree -> value = 0
    Best match: ID(in[4]) = 0

Step 2: Identify structural patterns.
  Confirmed bit mappings: bit6<-in[3](shift=5), bit7<-in[4](shift=5)
  Dominant shift = 5 (weight 6)

Step 3: Resolve ambiguous bits using structural patterns.
  Bit 3: Resolved via pair/structure pattern -> value = 0
  Bit 6: Using shift=5, source = in[3] -> value = 1

Step 4: All bits resolved without brute-force.

Step 5: Combine all bits to form the output.
  bit0=0(unambig) | bit1=0(unambig) | bit2=1(unambig) | bit3=0(ctx) | bit4=1(unambig) | bit5=1(unambig) | bit6=1(ctx) | bit7=0(unambig)

The answer is 00101110.",Bit Manipulation,high,ctx,0
30ce5200,"In Alice's Wonderland, a secret bit manipulation rule transforms 8-bit binary numbers. The transformation involves operations like bit shifts, rotations, XOR, AND, OR, NOT, and possibly majority or choice functions.

Here are some examples of input -> output:
10001011 -> 00101000
01001000 -> 00000100
10110100 -> 00001011
11111111 -> 00111111
10101010 -> 00101010
11010011 -> 00111101
00010100 -> 00000001
11010100 -> 00001101
00101101 -> 00000010

Now, determine the output for: 00101011",00000010,"I need to find the secret bit manipulation rule from the examples.

Given 9 examples:
  10001011 -> 00101000
  01001000 -> 00000100
  10110100 -> 00001011
  11111111 -> 00111111
  10101010 -> 00101010
  11010011 -> 00111101
  00010100 -> 00000001
  11010100 -> 00001101
  00101101 -> 00000010

Query: 00101011

Step 1: Analyze each output bit as an independent boolean function of input bits.

  Output bit 0: Ambiguous (2 candidates predict 0, 1 predict 1)
    For 0: NOR(in[3], in[4]), C0
    For 1: INHIB(in[6], in[0])
  Output bit 1: Ambiguous (2 candidates predict 0, 1 predict 1)
    For 0: NOR(in[3], in[4]), C0
    For 1: INHIB(in[6], in[0])
  Output bit 2: Ambiguous (1 candidates predict 0, 1 predict 1)
    For 0: AND(in[0], in[6])
    For 1: ID(in[6])
  Output bit 3: All 4 candidates agree -> value = 0
    Best match: AND(in[1], in[6]) = 0
  Output bit 4: Ambiguous (1 candidates predict 0, 1 predict 1)
    For 0: ID(in[0])
    For 1: OR(in[0], in[6])
  Output bit 5: All 1 candidates agree -> value = 0
    Best match: ID(in[1]) = 0
  Output bit 6: All 1 candidates agree -> value = 1
    Best match: ID(in[2]) = 1
  Output bit 7: All 2 candidates agree -> value = 0
    Best match: ID(in[3]) = 0

Step 2: Identify structural patterns.
  Confirmed bit mappings: bit2<-in[6](shift=4), bit4<-in[0](shift=4), bit5<-in[1](shift=4), bit6<-in[2](shift=4), bit7<-in[3](shift=4)
  Dominant shift = 4 (weight 17)

Step 3: Resolve ambiguous bits using structural patterns.
  Bit 2: Using shift=4, source = in[6] -> value = 1
  Bit 4: Using shift=4, source = in[0] -> value = 0

Step 4: Resolve remaining 2 ambiguous bit(s) by scoring all combinations.
  Ambiguous positions: [0, 1]
  Scoring considers: operation priors, complexity, template consistency, shift alignment.
  Bit 0 -> 0
  Bit 1 -> 0

Step 5: Combine all bits to form the output.
  bit0=0(scored) | bit1=0(scored) | bit2=1(ctx) | bit3=0(unambig) | bit4=0(ctx) | bit5=0(unambig) | bit6=1(unambig) | bit7=0(unambig)

The answer is 00100010.",Bit Manipulation,low,bf,2
31a4c9ef,"In Alice's Wonderland, a secret bit manipulation rule transforms 8-bit binary numbers. The transformation involves operations like bit shifts, rotations, XOR, AND, OR, NOT, and possibly majority or choice functions.

Here are some examples of input -> output:
00010010 -> 00100111
11011011 -> 01001101
10001111 -> 10111001
00001111 -> 10111011
01011011 -> 01001111
00111111 -> 11111011
11011001 -> 01011101
00111110 -> 11110111
10110000 -> 10111111

Now, determine the output for: 01001110",10110110,"I need to find the secret bit manipulation rule from the examples.

Given 9 examples:
  00010010 -> 00100111
  11011011 -> 01001101
  10001111 -> 10111001
  00001111 -> 10111011
  01011011 -> 01001111
  00111111 -> 11111011
  11011001 -> 01011101
  00111110 -> 11110111
  10110000 -> 10111111

Query: 01001110

Step 1: Analyze each output bit as an independent boolean function of input bits.

  Output bit 0: All 3 candidates agree -> value = 1
    Best match: XNOR(in[2], in[3]) = 1
  Output bit 1: All 2 candidates agree -> value = 0
    Best match: AND(in[3], in[4]) = 0
  Output bit 2: Ambiguous (3 candidates predict 0, 6 predict 1)
    For 0: NOT(in[1]), NAND(in[1], in[4]), IMPL(in[1], in[2])
    For 1: XNOR(in[4], in[5]), NAND(in[1], in[3]), NAND(in[1], in[7])
  Output bit 3: All 2 candidates agree -> value = 1
    Best match: XNOR(in[5], in[6]) = 1
  Output bit 4: All 2 candidates agree -> value = 0
    Best match: OR(in[0], in[7]) = 0
  Output bit 5: Ambiguous (1 candidates predict 0, 2 predict 1)
    For 0: XNOR(in[1], in[7])
    For 1: NAND(in[5], in[7]), IMPL(in[7], in[1])
  Output bit 6: All 3 candidates agree -> value = 1
    Best match: NAND(in[0], in[4]) = 1
  Output bit 7: Ambiguous (4 candidates predict 0, 11 predict 1)
    For 0: OR(in[3], in[7]), NAND(in[1], in[5]), IMPL(in[1], in[3])
    For 1: OR(in[0], in[6]), OR(in[3], in[4]), OR(in[3], in[5])

Step 2: No strong shift pattern detected.

Step 3: Resolve ambiguous bits using structural patterns.
  Bit 2: Resolved via pair/structure pattern -> value = 1

Step 4: Resolve remaining 2 ambiguous bit(s) by scoring all combinations.
  Ambiguous positions: [5, 7]
  Scoring considers: operation priors, complexity, template consistency, shift alignment.
  Bit 5 -> 0
  Bit 7 -> 1

Step 5: Combine all bits to form the output.
  bit0=1(unambig) | bit1=0(unambig) | bit2=1(ctx) | bit3=1(unambig) | bit4=0(unambig) | bit5=0(scored) | bit6=1(unambig) | bit7=1(scored)

The answer is 10110011.",Bit Manipulation,low,bf,2
322c6169,"In Alice's Wonderland, a secret bit manipulation rule transforms 8-bit binary numbers. The transformation involves operations like bit shifts, rotations, XOR, AND, OR, NOT, and possibly majority or choice functions.

Here are some examples of input -> output:
00101111 -> 10110100
01100000 -> 00000000
01110110 -> 11011001
01010100 -> 00000000
10100110 -> 11010010
00010110 -> 01001000
10010011 -> 01001000

Now, determine the output for: 11000111",01100011,"I need to find the secret bit manipulation rule from the examples.

Given 7 examples:
  00101111 -> 10110100
  01100000 -> 00000000
  01110110 -> 11011001
  01010100 -> 00000000
  10100110 -> 11010010
  00010110 -> 01001000
  10010011 -> 01001000

Query: 11000111

Step 1: Analyze each output bit as an independent boolean function of input bits.

  Output bit 0: All 2 candidates agree -> value = 0
    Best match: AND(in[2], in[5]) = 0
  Output bit 1: All 2 candidates agree -> value = 1
    Best match: XOR(in[4], in[6]) = 1
  Output bit 2: Ambiguous (10 candidates predict 0, 2 predict 1)
    For 0: ID(in[4]), AND(in[2], in[4]), AND(in[2], in[7])
    For 1: AND(in[5], in[7]), INHIB(in[7], in[3])
  Output bit 3: All 2 candidates agree -> value = 0
    Best match: AND(in[2], in[5]) = 0
  Output bit 4: All 1 candidates agree -> value = 0
    Best match: AND(in[3], in[6]) = 0
  Output bit 5: Ambiguous (10 candidates predict 0, 2 predict 1)
    For 0: ID(in[4]), AND(in[2], in[4]), AND(in[2], in[7])
    For 1: AND(in[5], in[7]), INHIB(in[7], in[3])
  Output bit 6: Ambiguous (2 candidates predict 0, 2 predict 1)
    For 0: AND(in[0], in[2]), INHIB(in[0], in[7])
    For 1: AND(in[0], in[5]), INHIB(in[0], in[3])
  Output bit 7: Ambiguous (1 candidates predict 0, 3 predict 1)
    For 0: AND(in[2], in[3])
    For 1: AND(in[1], in[6]), XNOR(in[1], in[6]), XNOR(in[2], in[3])

Step 2: No strong shift pattern detected.

Step 3: Resolve ambiguous bits using structural patterns.
  Bit 5: Resolved via pair/structure pattern -> value = 0
  Bit 6: Resolved via pair/structure pattern -> value = 1
  Bit 7: Resolved via pair/structure pattern -> value = 1

Step 4: Resolve remaining 1 ambiguous bit(s) by scoring all combinations.
  Ambiguous positions: [2]
  Scoring considers: operation priors, complexity, template consistency, shift alignment.
  Bit 2 -> 0

Step 5: Combine all bits to form the output.
  bit0=0(unambig) | bit1=1(unambig) | bit2=0(scored) | bit3=0(unambig) | bit4=0(unambig) | bit5=0(ctx) | bit6=1(ctx) | bit7=1(ctx)

The answer is 01000011.",Bit Manipulation,low,bf,1
3370302a,"In Alice's Wonderland, a secret bit manipulation rule transforms 8-bit binary numbers. The transformation involves operations like bit shifts, rotations, XOR, AND, OR, NOT, and possibly majority or choice functions.

Here are some examples of input -> output:
10001011 -> 00011110
11111001 -> 11111101
01110010 -> 11100011
10001001 -> 00011010
11111110 -> 11110011
11001110 -> 10010000
10001010 -> 00011100
11001101 -> 10010110

Now, determine the output for: 10000101",00000010,"I need to find the secret bit manipulation rule from the examples.

Given 8 examples:
  10001011 -> 00011110
  11111001 -> 11111101
  01110010 -> 11100011
  10001001 -> 00011010
  11111110 -> 11110011
  11001110 -> 10010000
  10001010 -> 00011100
  11001101 -> 10010110

Query: 10000101

Step 1: Analyze each output bit as an independent boolean function of input bits.

  Output bit 0: Ambiguous (4 candidates predict 0, 4 predict 1)
    For 0: ID(in[1]), OR(in[1], in[2]), OR(in[1], in[3])
    For 1: OR(in[1], in[5]), OR(in[2], in[5]), OR(in[3], in[5])
  Output bit 1: Ambiguous (8 candidates predict 0, 2 predict 1)
    For 0: ID(in[2]), ID(in[3]), AND(in[1], in[2])
    For 1: IMPL(in[4], in[2]), IMPL(in[4], in[3])
  Output bit 2: Ambiguous (8 candidates predict 0, 2 predict 1)
    For 0: ID(in[2]), ID(in[3]), AND(in[1], in[2])
    For 1: IMPL(in[4], in[2]), IMPL(in[4], in[3])
  Output bit 3: Ambiguous (2 candidates predict 0, 14 predict 1)
    For 0: ID(in[4]), AND(in[0], in[4])
    For 1: ID(in[0]), OR(in[0], in[4]), OR(in[0], in[5])
  Output bit 4: Ambiguous (3 candidates predict 0, 1 predict 1)
    For 0: XOR(in[0], in[5]), INHIB(in[0], in[5]), INHIB(in[4], in[5])
    For 1: XOR(in[4], in[5])
  Output bit 5: All 1 candidates agree -> value = 0
    Best match: XOR(in[1], in[6]) = 0
  Output bit 6: All 2 candidates agree -> value = 1
    Best match: XOR(in[2], in[7]) = 1
  Output bit 7: Ambiguous (8 candidates predict 0, 2 predict 1)
    For 0: ID(in[2]), ID(in[3]), AND(in[1], in[2])
    For 1: IMPL(in[4], in[2]), IMPL(in[4], in[3])

Step 2: No strong shift pattern detected.

Step 3: Resolve ambiguous bits using structural patterns.
  Bit 4: Resolved via pair/structure pattern -> value = 0

Step 4: Resolve remaining 5 ambiguous bit(s) by scoring all combinations.
  Ambiguous positions: [0, 1, 2, 3, 7]
  Scoring considers: operation priors, complexity, template consistency, shift alignment.
  Bit 0 -> 0
  Bit 1 -> 0
  Bit 2 -> 0
  Bit 3 -> 1
  Bit 7 -> 0

Step 5: Combine all bits to form the output.
  bit0=0(scored) | bit1=0(scored) | bit2=0(scored) | bit3=1(scored) | bit4=0(ctx) | bit5=0(unambig) | bit6=1(unambig) | bit7=0(scored)

The answer is 00010010.",Bit Manipulation,low,bf,5
33e4e9ec,"In Alice's Wonderland, a secret bit manipulation rule transforms 8-bit binary numbers. The transformation involves operations like bit shifts, rotations, XOR, AND, OR, NOT, and possibly majority or choice functions.

Here are some examples of input -> output:
00101110 -> 10101111
00010010 -> 10010110
01001111 -> 00100111
11001010 -> 01011011
01100001 -> 01111101
01111000 -> 10011110
01111101 -> 11001011

Now, determine the output for: 10100111",00110001,"I need to find the secret bit manipulation rule from the examples.

Given 7 examples:
  00101110 -> 10101111
  00010010 -> 10010110
  01001111 -> 00100111
  11001010 -> 01011011
  01100001 -> 01111101
  01111000 -> 10011110
  01111101 -> 11001011

Query: 10100111

Step 1: Analyze each output bit as an independent boolean function of input bits.

  Output bit 0: Ambiguous (1 candidates predict 0, 1 predict 1)
    For 0: XNOR(in[2], in[4])
    For 1: IMPL(in[1], in[3])
  Output bit 1: All 1 candidates agree -> value = 0
    Best match: XNOR(in[3], in[5]) = 0
  Output bit 2: All 2 candidates agree -> value = 0
    Best match: XNOR(in[0], in[3]) = 0
  Output bit 3: Ambiguous (1 candidates predict 0, 2 predict 1)
    For 0: NOT(in[5])
    For 1: NAND(in[4], in[5]), IMPL(in[5], in[0])
  Output bit 4: Ambiguous (1 candidates predict 0, 1 predict 1)
    For 0: XOR(in[0], in[2])
    For 1: OR(in[0], in[2])
  Output bit 5: All 1 candidates agree -> value = 1
    Best match: XNOR(XOR)(in[1], in[2], in[5]) = 1
  Output bit 6: Ambiguous (3 candidates predict 0, 4 predict 1)
    For 0: OR(in[3], in[4]), IMPL(in[2], in[4]), IMPL(in[7], in[4])
    For 1: OR(in[3], in[6]), OR(in[4], in[6]), IMPL(in[1], in[4])
  Output bit 7: All 2 candidates agree -> value = 1
    Best match: IMPL(in[3], in[5]) = 1

Step 2: No strong shift pattern detected.

Step 3: No additional bits resolved by context propagation.

Step 4: Resolve remaining 4 ambiguous bit(s) by scoring all combinations.
  Ambiguous positions: [0, 3, 4, 6]
  Scoring considers: operation priors, complexity, template consistency, shift alignment.
  Bit 0 -> 0
  Bit 3 -> 0
  Bit 4 -> 0
  Bit 6 -> 1

Step 5: Combine all bits to form the output.
  bit0=0(scored) | bit1=0(unambig) | bit2=0(unambig) | bit3=0(scored) | bit4=0(scored) | bit5=1(unambig) | bit6=1(scored) | bit7=1(unambig)

The answer is 00000111.",Bit Manipulation,low,bf,4
35364e9a,"In Alice's Wonderland, a secret bit manipulation rule transforms 8-bit binary numbers. The transformation involves operations like bit shifts, rotations, XOR, AND, OR, NOT, and possibly majority or choice functions.

Here are some examples of input -> output:
00011101 -> 11111111
10111100 -> 11111111
00110101 -> 11111111
10010011 -> 11111111
10010101 -> 11111111
11101000 -> 11111010
01001110 -> 11111111
01001000 -> 11111111
01111110 -> 11111111

Now, determine the output for: 01111001",11111110,"I need to find the secret bit manipulation rule from the examples.

Given 9 examples:
  00011101 -> 11111111
  10111100 -> 11111111
  00110101 -> 11111111
  10010011 -> 11111111
  10010101 -> 11111111
  11101000 -> 11111010
  01001110 -> 11111111
  01001000 -> 11111111
  01111110 -> 11111111

Query: 01111001

Step 1: Analyze each output bit as an independent boolean function of input bits.

  Output bit 0: Ambiguous (1 candidates predict 0, 6 predict 1)
    For 0: NAND(in[1], in[7])
    For 1: OR(in[1], in[3]), OR(in[3], in[4]), OR(in[4], in[7])
  Output bit 1: Ambiguous (1 candidates predict 0, 6 predict 1)
    For 0: NAND(in[1], in[7])
    For 1: OR(in[1], in[3]), OR(in[3], in[4]), OR(in[4], in[7])
  Output bit 2: Ambiguous (1 candidates predict 0, 6 predict 1)
    For 0: NAND(in[1], in[7])
    For 1: OR(in[1], in[3]), OR(in[3], in[4]), OR(in[4], in[7])
  Output bit 3: Ambiguous (1 candidates predict 0, 6 predict 1)
    For 0: NAND(in[1], in[7])
    For 1: OR(in[1], in[3]), OR(in[3], in[4]), OR(in[4], in[7])
  Output bit 4: Ambiguous (1 candidates predict 0, 6 predict 1)
    For 0: NAND(in[1], in[7])
    For 1: OR(in[1], in[3]), OR(in[3], in[4]), OR(in[4], in[7])
  Output bit 5: Ambiguous (1 candidates predict 0, 3 predict 1)
    For 0: IMPL(in[2], in[5])
    For 1: NAND(in[0], in[1]), IMPL(in[0], in[3]), IMPL(in[2], in[3])
  Output bit 6: Ambiguous (1 candidates predict 0, 6 predict 1)
    For 0: NAND(in[1], in[7])
    For 1: OR(in[1], in[3]), OR(in[3], in[4]), OR(in[4], in[7])
  Output bit 7: Ambiguous (1 candidates predict 0, 3 predict 1)
    For 0: IMPL(in[2], in[5])
    For 1: NAND(in[0], in[1]), IMPL(in[0], in[3]), IMPL(in[2], in[3])

Step 2: No strong shift pattern detected.

Step 3: No additional bits resolved by context propagation.

Step 4: Resolve remaining 8 ambiguous bit(s) by scoring all combinations.
  Ambiguous positions: [0, 1, 2, 3, 4, 5, 6, 7]
  Scoring considers: operation priors, complexity, template consistency, shift alignment.
  Bit 0 -> 1
  Bit 1 -> 1
  Bit 2 -> 1
  Bit 3 -> 1
  Bit 4 -> 1
  Bit 5 -> 1
  Bit 6 -> 1
  Bit 7 -> 1

Step 5: Combine all bits to form the output.
  bit0=1(scored) | bit1=1(scored) | bit2=1(scored) | bit3=1(scored) | bit4=1(scored) | bit5=1(scored) | bit6=1(scored) | bit7=1(scored)

The answer is 11111111.",Bit Manipulation,low,bf,8
3784c8c6,"In Alice's Wonderland, a secret bit manipulation rule transforms 8-bit binary numbers. The transformation involves operations like bit shifts, rotations, XOR, AND, OR, NOT, and possibly majority or choice functions.

Here are some examples of input -> output:
11110100 -> 10111111
00101101 -> 11001110
11111111 -> 11111111
00000100 -> 11010111
01001111 -> 00011111
11010000 -> 11011101
01111011 -> 11010111
10000110 -> 11001111
00010000 -> 01011111
10111100 -> 01101011

Now, determine the output for: 00100110",10000010,"I need to find the secret bit manipulation rule from the examples.

Given 10 examples:
  11110100 -> 10111111
  00101101 -> 11001110
  11111111 -> 11111111
  00000100 -> 11010111
  01001111 -> 00011111
  11010000 -> 11011101
  01111011 -> 11010111
  10000110 -> 11001111
  00010000 -> 01011111
  10111100 -> 01101011

Query: 00100110

Step 1: Analyze each output bit as an independent boolean function of input bits.

  Output bit 0: All 1 candidates agree -> value = 1
    Best match: XNOR(in[1], in[3]) = 1
  Output bit 1: All 1 candidates agree -> value = 0
    Best match: XNOR(in[2], in[4]) = 0
  Output bit 2: All 3 candidates agree -> value = 0
    Best match: AND(in[0], in[2]) = 0
  Output bit 3: All 1 candidates agree -> value = 0
    Best match: XNOR(in[4], in[6]) = 0
  Output bit 4: All 1 candidates agree -> value = 1
    Best match: XNOR(OR)(in[2], in[6], in[5]) = 1
  Output bit 5: All 2 candidates agree -> value = 1
    Best match: XNOR(in[4], in[7]) = 1
  Output bit 6: All 1 candidates agree -> value = 1
    Best match: IMPL(in[0], in[5]) = 1
  Output bit 7: Ambiguous (1 candidates predict 0, 2 predict 1)
    For 0: IMPL(in[2], in[3])
    For 1: IMPL(in[7], in[1]), IMPL(in[7], in[6])

Step 2: No strong shift pattern detected.

Step 3: No additional bits resolved by context propagation.

Step 4: Resolve remaining 1 ambiguous bit(s) by scoring all combinations.
  Ambiguous positions: [7]
  Scoring considers: operation priors, complexity, template consistency, shift alignment.
  Bit 7 -> 1

Step 5: Combine all bits to form the output.
  bit0=1(unambig) | bit1=0(unambig) | bit2=0(unambig) | bit3=0(unambig) | bit4=1(unambig) | bit5=1(unambig) | bit6=1(unambig) | bit7=1(scored)

The answer is 10001111.",Bit Manipulation,low,bf,1
37a00064,"In Alice's Wonderland, a secret bit manipulation rule transforms 8-bit binary numbers. The transformation involves operations like bit shifts, rotations, XOR, AND, OR, NOT, and possibly majority or choice functions.

Here are some examples of input -> output:
11101101 -> 01000000
00011101 -> 00000000
10010000 -> 00000000
11110010 -> 00000001
01001000 -> 00000000
00111100 -> 00000000
10001001 -> 01000000
01001110 -> 00000000
01010011 -> 10000000

Now, determine the output for: 11001110",00000001,"I need to find the secret bit manipulation rule from the examples.

Given 9 examples:
  11101101 -> 01000000
  00011101 -> 00000000
  10010000 -> 00000000
  11110010 -> 00000001
  01001000 -> 00000000
  00111100 -> 00000000
  10001001 -> 01000000
  01001110 -> 00000000
  01010011 -> 10000000

Query: 11001110

Step 1: Analyze each output bit as an independent boolean function of input bits.

  Output bit 0: All 3 candidates agree -> value = 0
    Best match: AND(in[6], in[7]) = 0
  Output bit 1: Ambiguous (2 candidates predict 0, 2 predict 1)
    For 0: AND(in[0], in[7]), INHIB(in[7], in[3])
    For 1: AND(in[0], in[4]), INHIB(in[0], in[3])
  Output bit 2: All 4 candidates agree -> value = 0
    Best match: NOR(in[3], in[4]) = 0
  Output bit 3: All 4 candidates agree -> value = 0
    Best match: NOR(in[3], in[4]) = 0
  Output bit 4: All 4 candidates agree -> value = 0
    Best match: NOR(in[3], in[4]) = 0
  Output bit 5: All 4 candidates agree -> value = 0
    Best match: NOR(in[3], in[4]) = 0
  Output bit 6: All 4 candidates agree -> value = 0
    Best match: NOR(in[3], in[4]) = 0
  Output bit 7: Ambiguous (3 candidates predict 0, 1 predict 1)
    For 0: AND(in[2], in[6]), INHIB(in[2], in[4]), INHIB(in[2], in[5])
    For 1: AND(in[0], in[6])

Step 2: No strong shift pattern detected.

Step 3: No additional bits resolved by context propagation.

Step 4: Resolve remaining 2 ambiguous bit(s) by scoring all combinations.
  Ambiguous positions: [1, 7]
  Scoring considers: operation priors, complexity, template consistency, shift alignment.
  Bit 1 -> 0
  Bit 7 -> 0

Step 5: Combine all bits to form the output.
  bit0=0(unambig) | bit1=0(scored) | bit2=0(unambig) | bit3=0(unambig) | bit4=0(unambig) | bit5=0(unambig) | bit6=0(unambig) | bit7=0(scored)

The answer is 00000000.",Bit Manipulation,low,bf,2
3888d45c,"In Alice's Wonderland, a secret bit manipulation rule transforms 8-bit binary numbers. The transformation involves operations like bit shifts, rotations, XOR, AND, OR, NOT, and possibly majority or choice functions.

Here are some examples of input -> output:
11101011 -> 00111010
01101011 -> 00011000
11110010 -> 10011000
10001101 -> 00100010
01110101 -> 10011101
10110001 -> 10001100
11110000 -> 10000000

Now, determine the output for: 01011101",01110101,"I need to find the secret bit manipulation rule from the examples.

Given 7 examples:
  11101011 -> 00111010
  01101011 -> 00011000
  11110010 -> 10011000
  10001101 -> 00100010
  01110101 -> 10011101
  10110001 -> 10001100
  11110000 -> 10000000

Query: 01011101

Step 1: Analyze each output bit as an independent boolean function of input bits.

  Output bit 0: Ambiguous (5 candidates predict 0, 3 predict 1)
    For 0: AND(in[2], in[3]), NOT(in[4]), NAND(in[4], in[7])
    For 1: ID(in[3]), IMPL(in[4], in[3]), IMPL(in[7], in[3])
  Output bit 1: Ambiguous (14 candidates predict 0, 5 predict 1)
    For 0: AND(in[5], in[6]), NOR(in[0], in[1]), NOR(in[0], in[7])
    For 1: AND(in[3], in[4]), XNOR(in[3], in[4]), NOR(in[0], in[2])
  Output bit 2: All 2 candidates agree -> value = 0
    Best match: AND(in[0], in[4]) = 0
  Output bit 3: All 1 candidates agree -> value = 1
    Best match: IMPL(in[0], in[6]) = 1
  Output bit 4: Ambiguous (2 candidates predict 0, 1 predict 1)
    For 0: MAJ(in[2], in[6], in[7]), XOR3(in[4], in[6], in[7])
    For 1: MAJ(in[3], in[6], in[7])
  Output bit 5: Ambiguous (2 candidates predict 0, 3 predict 1)
    For 0: XOR(in[4], in[7]), INHIB(in[7], in[4])
    For 1: AND(in[3], in[7]), XNOR(in[1], in[5]), XNOR(in[3], in[7])
  Output bit 6: All 2 candidates agree -> value = 0
    Best match: AND(in[0], in[4]) = 0
  Output bit 7: Ambiguous (4 candidates predict 0, 5 predict 1)
    For 0: AND(in[2], in[5]), XNOR(in[2], in[5]), NOR(in[0], in[4])
    For 1: AND(in[1], in[5]), AND(in[3], in[5]), NOR(in[0], in[6])

Step 2: No strong shift pattern detected.

Step 3: Resolve ambiguous bits using structural patterns.
  Bit 5: Resolved via pair/structure pattern -> value = 1
  Bit 7: Resolved via pair/structure pattern -> value = 1

Step 4: Resolve remaining 3 ambiguous bit(s) by scoring all combinations.
  Ambiguous positions: [0, 1, 4]
  Scoring considers: operation priors, complexity, template consistency, shift alignment.
  Bit 0 -> 1
  Bit 1 -> 0
  Bit 4 -> 0

Step 5: Combine all bits to form the output.
  bit0=1(scored) | bit1=0(scored) | bit2=0(unambig) | bit3=1(unambig) | bit4=0(scored) | bit5=1(ctx) | bit6=0(unambig) | bit7=1(ctx)

The answer is 10010101.",Bit Manipulation,low,bf,3
3982cfc6,"In Alice's Wonderland, a secret bit manipulation rule transforms 8-bit binary numbers. The transformation involves operations like bit shifts, rotations, XOR, AND, OR, NOT, and possibly majority or choice functions.

Here are some examples of input -> output:
10011011 -> 10101101
11001001 -> 11000110
00000101 -> 01001011
11100100 -> 11100011
01100001 -> 01110111
11111100 -> 11101110
01011000 -> 10111100

Now, determine the output for: 00011101",00101110,"I need to find the secret bit manipulation rule from the examples.

Given 7 examples:
  10011011 -> 10101101
  11001001 -> 11000110
  00000101 -> 01001011
  11100100 -> 11100011
  01100001 -> 01110111
  11111100 -> 11101110
  01011000 -> 10111100

Query: 00011101

Step 1: Analyze each output bit as an independent boolean function of input bits.

  Output bit 0: Ambiguous (2 candidates predict 0, 3 predict 1)
    For 0: XNOR(in[2], in[5]), IMPL(in[7], in[0])
    For 1: OR(in[0], in[3]), OR(in[0], in[4]), IMPL(in[7], in[4])
  Output bit 1: Ambiguous (1 candidates predict 0, 1 predict 1)
    For 0: IMPL(in[3], in[2])
    For 1: IMPL(in[3], in[5])
  Output bit 2: All 1 candidates agree -> value = 1
    Best match: OR(in[2], in[3]) = 1
  Output bit 3: All 3 candidates agree -> value = 0
    Best match: XNOR(in[2], in[7]) = 0
  Output bit 4: All 1 candidates agree -> value = 1
    Best match: IMPL(in[1], in[3]) = 1
  Output bit 5: All 2 candidates agree -> value = 1
    Best match: IMPL(in[5], in[3]) = 1
  Output bit 6: Ambiguous (1 candidates predict 0, 1 predict 1)
    For 0: IMPL(in[3], in[2])
    For 1: IMPL(in[3], in[5])
  Output bit 7: Ambiguous (2 candidates predict 0, 1 predict 1)
    For 0: XNOR(in[4], in[6]), IMPL(in[4], in[6])
    For 1: NAND(in[1], in[4])

Step 2: No strong shift pattern detected.

Step 3: No additional bits resolved by context propagation.

Step 4: Resolve remaining 4 ambiguous bit(s) by scoring all combinations.
  Ambiguous positions: [0, 1, 6, 7]
  Scoring considers: operation priors, complexity, template consistency, shift alignment.
  Bit 0 -> 1
  Bit 1 -> 0
  Bit 6 -> 1
  Bit 7 -> 0

Step 5: Combine all bits to form the output.
  bit0=1(scored) | bit1=0(scored) | bit2=1(unambig) | bit3=0(unambig) | bit4=1(unambig) | bit5=1(unambig) | bit6=1(scored) | bit7=0(scored)

The answer is 10101110.",Bit Manipulation,low,bf,4
3a3f05d5,"In Alice's Wonderland, a secret bit manipulation rule transforms 8-bit binary numbers. The transformation involves operations like bit shifts, rotations, XOR, AND, OR, NOT, and possibly majority or choice functions.

Here are some examples of input -> output:
10110111 -> 00011011
00101100 -> 00010110
01100100 -> 00110010
00011010 -> 00001101
11111010 -> 01111101
10011000 -> 01001100
10100111 -> 00010011

Now, determine the output for: 10111011",00011101,"I need to find the secret bit manipulation rule from the examples.

Given 7 examples:
  10110111 -> 00011011
  00101100 -> 00010110
  01100100 -> 00110010
  00011010 -> 00001101
  11111010 -> 01111101
  10011000 -> 01001100
  10100111 -> 00010011

Query: 10111011

Step 1: Analyze each output bit as an independent boolean function of input bits.

  Output bit 0: Ambiguous (11 candidates predict 0, 2 predict 1)
    For 0: AND(in[1], in[7]), NOR(in[2], in[3]), NOR(in[2], in[4])
    For 1: AND(in[4], in[7]), INHIB(in[7], in[5])
  Output bit 1: Ambiguous (2 candidates predict 0, 2 predict 1)
    For 0: XOR(in[0], in[7]), INHIB(in[0], in[7])
    For 1: AND(in[0], in[4]), INHIB(in[0], in[5])
  Output bit 2: All 3 candidates agree -> value = 0
    Best match: ID(in[1]) = 0
  Output bit 3: Ambiguous (1 candidates predict 0, 7 predict 1)
    For 0: OR(in[1], in[5])
    For 1: ID(in[2]), XNOR(in[0], in[6]), OR(in[1], in[2])
  Output bit 4: All 3 candidates agree -> value = 1
    Best match: ID(in[3]) = 1
  Output bit 5: Ambiguous (1 candidates predict 0, 3 predict 1)
    For 0: INHIB(in[4], in[7])
    For 1: ID(in[4]), IMPL(in[2], in[4]), IMPL(in[5], in[4])
  Output bit 6: Ambiguous (5 candidates predict 0, 2 predict 1)
    For 0: ID(in[5]), AND(in[2], in[5]), NAND(in[3], in[4])
    For 1: OR(in[5], in[7]), IMPL(in[3], in[7])
  Output bit 7: All 3 candidates agree -> value = 1
    Best match: ID(in[6]) = 1

Step 2: Identify structural patterns.
  Confirmed bit mappings: bit2<-in[1](shift=7), bit3<-in[2](shift=7), bit4<-in[3](shift=7), bit5<-in[4](shift=7), bit6<-in[5](shift=7)
  Dominant shift = 7 (weight 18)

Step 3: Resolve ambiguous bits using structural patterns.
  Bit 3: Using shift=7, source = in[2] -> value = 1
  Bit 5: Using shift=7, source = in[4] -> value = 1
  Bit 6: Using shift=7, source = in[5] -> value = 0

Step 4: Resolve remaining 2 ambiguous bit(s) by scoring all combinations.
  Ambiguous positions: [0, 1]
  Scoring considers: operation priors, complexity, template consistency, shift alignment.
  Bit 0 -> 0
  Bit 1 -> 1

Step 5: Combine all bits to form the output.
  bit0=0(scored) | bit1=1(scored) | bit2=0(unambig) | bit3=1(ctx) | bit4=1(unambig) | bit5=1(ctx) | bit6=0(ctx) | bit7=1(unambig)

The answer is 01011101.",Bit Manipulation,low,bf,2
3a61d8ad,"In Alice's Wonderland, a secret bit manipulation rule transforms 8-bit binary numbers. The transformation involves operations like bit shifts, rotations, XOR, AND, OR, NOT, and possibly majority or choice functions.

Here are some examples of input -> output:
10101111 -> 11111111
00001011 -> 11111111
00000000 -> 11111111
11011100 -> 11111110
10111000 -> 11111110
11111000 -> 11111110
00101001 -> 11111111
00100010 -> 11111111
00010110 -> 11111111
10010011 -> 11111111

Now, determine the output for: 00111001",11111111,"I need to find the secret bit manipulation rule from the examples.

Given 10 examples:
  10101111 -> 11111111
  00001011 -> 11111111
  00000000 -> 11111111
  11011100 -> 11111110
  10111000 -> 11111110
  11111000 -> 11111110
  00101001 -> 11111111
  00100010 -> 11111111
  00010110 -> 11111111
  10010011 -> 11111111

Query: 00111001

Step 1: Analyze each output bit as an independent boolean function of input bits.

  Output bit 0: All 6 candidates agree -> value = 1
    Best match: NAND(in[1], in[6]) = 1
  Output bit 1: All 6 candidates agree -> value = 1
    Best match: NAND(in[1], in[6]) = 1
  Output bit 2: All 6 candidates agree -> value = 1
    Best match: NAND(in[1], in[6]) = 1
  Output bit 3: All 6 candidates agree -> value = 1
    Best match: NAND(in[1], in[6]) = 1
  Output bit 4: All 6 candidates agree -> value = 1
    Best match: NAND(in[1], in[6]) = 1
  Output bit 5: All 6 candidates agree -> value = 1
    Best match: NAND(in[1], in[6]) = 1
  Output bit 6: All 6 candidates agree -> value = 1
    Best match: NAND(in[1], in[6]) = 1
  Output bit 7: Ambiguous (2 candidates predict 0, 3 predict 1)
    For 0: NAND(in[3], in[4]), IMPL(in[3], in[6])
    For 1: IMPL(in[0], in[6]), IMPL(in[0], in[7]), IMPL(in[4], in[7])

Step 2: No strong shift pattern detected.

Step 3: No additional bits resolved by context propagation.

Step 4: Resolve remaining 1 ambiguous bit(s) by scoring all combinations.
  Ambiguous positions: [7]
  Scoring considers: operation priors, complexity, template consistency, shift alignment.
  Bit 7 -> 0

Step 5: Combine all bits to form the output.
  bit0=1(unambig) | bit1=1(unambig) | bit2=1(unambig) | bit3=1(unambig) | bit4=1(unambig) | bit5=1(unambig) | bit6=1(unambig) | bit7=0(scored)

The answer is 11111110.",Bit Manipulation,low,bf,1
3a7dd604,"In Alice's Wonderland, a secret bit manipulation rule transforms 8-bit binary numbers. The transformation involves operations like bit shifts, rotations, XOR, AND, OR, NOT, and possibly majority or choice functions.

Here are some examples of input -> output:
00001011 -> 10111010
01110001 -> 00000111
00110011 -> 10100110
10111111 -> 11100001
11110011 -> 11000111
00101100 -> 11101001
00000011 -> 10111110

Now, determine the output for: 01101010",01001010,"I need to find the secret bit manipulation rule from the examples.

Given 7 examples:
  00001011 -> 10111010
  01110001 -> 00000111
  00110011 -> 10100110
  10111111 -> 11100001
  11110011 -> 11000111
  00101100 -> 11101001
  00000011 -> 10111110

Query: 01101010

Step 1: Analyze each output bit as an independent boolean function of input bits.

  Output bit 0: Ambiguous (2 candidates predict 0, 5 predict 1)
    For 0: XNOR(in[6], in[7]), IMPL(in[1], in[0])
    For 1: OR(in[4], in[6]), OR(in[5], in[6]), IMPL(in[1], in[6])
  Output bit 1: Ambiguous (1 candidates predict 0, 2 predict 1)
    For 0: OR(in[0], in[5])
    For 1: XNOR(in[0], in[7]), IMPL(in[7], in[0])
  Output bit 2: Ambiguous (3 candidates predict 0, 3 predict 1)
    For 0: NOT(in[1]), NAND(in[1], in[2]), IMPL(in[1], in[5])
    For 1: NAND(in[1], in[3]), NAND(in[1], in[7]), IMPL(in[1], in[4])
  Output bit 3: Ambiguous (9 candidates predict 0, 2 predict 1)
    For 0: XOR(in[3], in[7]), NOR(in[0], in[2]), NOR(in[1], in[2])
    For 1: NOR(in[3], in[5]), INHIB(in[6], in[3])
  Output bit 4: Ambiguous (1 candidates predict 0, 6 predict 1)
    For 0: NOR(in[1], in[3])
    For 1: XOR(in[2], in[7]), NOR(in[0], in[3]), NOT(in[3])
  Output bit 5: Ambiguous (3 candidates predict 0, 1 predict 1)
    For 0: NOR(in[4], in[5]), NOT(in[4]), INHIB(in[7], in[4])
    For 1: IMPL(in[4], in[1])
  Output bit 6: Ambiguous (2 candidates predict 0, 4 predict 1)
    For 0: NAND(in[2], in[4]), INHIB(in[7], in[5])
    For 1: NOT(in[5]), NAND(in[2], in[5]), NAND(in[4], in[5])
  Output bit 7: Ambiguous (2 candidates predict 0, 2 predict 1)
    For 0: XNOR(in[0], in[6]), IMPL(in[6], in[0])
    For 1: XOR(in[1], in[5]), OR(in[1], in[5])

Step 2: Identify structural patterns.
  Confirmed bit mappings: bit2<-in[1](shift=7), bit3<-in[2](shift=7), bit4<-in[3](shift=7), bit5<-in[4](shift=7), bit6<-in[5](shift=7)
  Dominant shift = 7 (weight 5)

Step 3: Resolve ambiguous bits using structural patterns.
  Bit 2: Using shift=7, source = in[1] -> value = 0
  Bit 3: Using shift=7, source = in[2] -> value = 0
  Bit 4: Using shift=7, source = in[3] -> value = 1
  Bit 5: Using shift=7, source = in[4] -> value = 0
  Bit 6: Using shift=7, source = in[5] -> value = 1

Step 4: Resolve remaining 3 ambiguous bit(s) by scoring all combinations.
  Ambiguous positions: [0, 1, 7]
  Scoring considers: operation priors, complexity, template consistency, shift alignment.
  Bit 0 -> 1
  Bit 1 -> 1
  Bit 7 -> 1

Step 5: Combine all bits to form the output.
  bit0=1(scored) | bit1=1(scored) | bit2=0(ctx) | bit3=0(ctx) | bit4=1(ctx) | bit5=0(ctx) | bit6=1(ctx) | bit7=1(scored)

The answer is 11001011.",Bit Manipulation,low,bf,3
3a90fdf6,"In Alice's Wonderland, a secret bit manipulation rule transforms 8-bit binary numbers. The transformation involves operations like bit shifts, rotations, XOR, AND, OR, NOT, and possibly majority or choice functions.

Here are some examples of input -> output:
00100011 -> 00000000
11111000 -> 00000000
01100010 -> 00000000
11011010 -> 01000000
00101000 -> 00000000
00001100 -> 00000000
01000111 -> 00000000
01001001 -> 00100000
11101001 -> 00100000

Now, determine the output for: 11111101",10100000,"I need to find the secret bit manipulation rule from the examples.

Given 9 examples:
  00100011 -> 00000000
  11111000 -> 00000000
  01100010 -> 00000000
  11011010 -> 01000000
  00101000 -> 00000000
  00001100 -> 00000000
  01000111 -> 00000000
  01001001 -> 00100000
  11101001 -> 00100000

Query: 11111101

Step 1: Analyze each output bit as an independent boolean function of input bits.

  Output bit 0: Ambiguous (7 candidates predict 0, 4 predict 1)
    For 0: NOR(in[4], in[6]), INHIB(in[0], in[1]), INHIB(in[0], in[4])
    For 1: AND(in[0], in[5]), AND(in[2], in[5]), AND(in[3], in[5])
  Output bit 1: All 6 candidates agree -> value = 0
    Best match: AND(in[0], in[6]) = 0
  Output bit 2: All 2 candidates agree -> value = 1
    Best match: AND(in[4], in[7]) = 1
  Output bit 3: Ambiguous (7 candidates predict 0, 4 predict 1)
    For 0: NOR(in[4], in[6]), INHIB(in[0], in[1]), INHIB(in[0], in[4])
    For 1: AND(in[0], in[5]), AND(in[2], in[5]), AND(in[3], in[5])
  Output bit 4: Ambiguous (7 candidates predict 0, 4 predict 1)
    For 0: NOR(in[4], in[6]), INHIB(in[0], in[1]), INHIB(in[0], in[4])
    For 1: AND(in[0], in[5]), AND(in[2], in[5]), AND(in[3], in[5])
  Output bit 5: Ambiguous (7 candidates predict 0, 4 predict 1)
    For 0: NOR(in[4], in[6]), INHIB(in[0], in[1]), INHIB(in[0], in[4])
    For 1: AND(in[0], in[5]), AND(in[2], in[5]), AND(in[3], in[5])
  Output bit 6: Ambiguous (7 candidates predict 0, 4 predict 1)
    For 0: NOR(in[4], in[6]), INHIB(in[0], in[1]), INHIB(in[0], in[4])
    For 1: AND(in[0], in[5]), AND(in[2], in[5]), AND(in[3], in[5])
  Output bit 7: Ambiguous (7 candidates predict 0, 4 predict 1)
    For 0: NOR(in[4], in[6]), INHIB(in[0], in[1]), INHIB(in[0], in[4])
    For 1: AND(in[0], in[5]), AND(in[2], in[5]), AND(in[3], in[5])

Step 2: No strong shift pattern detected.

Step 3: Resolve ambiguous bits using structural patterns.
  Bit 0: Resolved via pair/structure pattern -> value = 1
  Bit 3: Resolved via pair/structure pattern -> value = 1

Step 4: Resolve remaining 4 ambiguous bit(s) by scoring all combinations.
  Ambiguous positions: [4, 5, 6, 7]
  Scoring considers: operation priors, complexity, template consistency, shift alignment.
  Bit 4 -> 0
  Bit 5 -> 0
  Bit 6 -> 0
  Bit 7 -> 0

Step 5: Combine all bits to form the output.
  bit0=1(ctx) | bit1=0(unambig) | bit2=1(unambig) | bit3=1(ctx) | bit4=0(scored) | bit5=0(scored) | bit6=0(scored) | bit7=0(scored)

The answer is 10110000.",Bit Manipulation,low,bf,4
3abe72f4,"In Alice's Wonderland, a secret bit manipulation rule transforms 8-bit binary numbers. The transformation involves operations like bit shifts, rotations, XOR, AND, OR, NOT, and possibly majority or choice functions.

Here are some examples of input -> output:
01011110 -> 10111111
00000001 -> 01111011
10101010 -> 00101010
00001101 -> 01001111
10101110 -> 00111011
01101110 -> 01101011
00000101 -> 01101001
11100110 -> 00101101
01010010 -> 10011110

Now, determine the output for: 11110000",01111111,"I need to find the secret bit manipulation rule from the examples.

Given 9 examples:
  01011110 -> 10111111
  00000001 -> 01111011
  10101010 -> 00101010
  00001101 -> 01001111
  10101110 -> 00111011
  01101110 -> 01101011
  00000101 -> 01101001
  11100110 -> 00101101
  01010010 -> 10011110

Query: 11110000

Step 1: Analyze each output bit as an independent boolean function of input bits.

  Output bit 0: Ambiguous (7 candidates predict 0, 4 predict 1)
    For 0: AND(in[3], in[6]), XNOR(in[2], in[7]), NOR(in[2], in[7])
    For 1: ID(in[3]), AND(in[1], in[3]), XOR(in[2], in[6])
  Output bit 1: Ambiguous (1 candidates predict 0, 1 predict 1)
    For 0: NOR(in[0], in[3])
    For 1: XNOR(in[0], in[3])
  Output bit 2: All 1 candidates agree -> value = 1
    Best match: XNOR(XOR)(in[0], in[1], in[4]) = 1
  Output bit 3: No candidates found. Default to 0.
  Output bit 4: Ambiguous (8 candidates predict 0, 8 predict 1)
    For 0: XOR(in[6], in[7]), OR(in[6], in[7]), NAND(in[0], in[3])
    For 1: NAND(in[0], in[7]), NAND(in[1], in[7]), NAND(in[2], in[7])
  Output bit 5: All 1 candidates agree -> value = 1
    Best match: OR(XOR)(in[2], in[4], in[3]) = 1
  Output bit 6: All 1 candidates agree -> value = 1
    Best match: IMPL(in[5], in[4]) = 1
  Output bit 7: Ambiguous (1 candidates predict 0, 1 predict 1)
    For 0: OR(in[5], in[7])
    For 1: IMPL(in[6], in[5])

Step 2: No strong shift pattern detected.

Step 3: No additional bits resolved by context propagation.

Step 4: Resolve remaining 4 ambiguous bit(s) by scoring all combinations.
  Ambiguous positions: [0, 1, 4, 7]
  Scoring considers: operation priors, complexity, template consistency, shift alignment.
  Bit 0 -> 1
  Bit 1 -> 1
  Bit 4 -> 1
  Bit 7 -> 1

Step 5: Combine all bits to form the output.
  bit0=1(scored) | bit1=1(scored) | bit2=1(unambig) | bit3=0(unambig) | bit4=1(scored) | bit5=1(unambig) | bit6=1(unambig) | bit7=1(scored)

The answer is 11101111.",Bit Manipulation,low,bf,4
3ace787f,"In Alice's Wonderland, a secret bit manipulation rule transforms 8-bit binary numbers. The transformation involves operations like bit shifts, rotations, XOR, AND, OR, NOT, and possibly majority or choice functions.

Here are some examples of input -> output:
11101100 -> 10100111
11011000 -> 00001111
11010101 -> 00100110
00101111 -> 01001101
01011001 -> 01100011
11110101 -> 00101111
11100101 -> 10101111
01100101 -> 10001111

Now, determine the output for: 01111011",11111011,"I need to find the secret bit manipulation rule from the examples.

Given 8 examples:
  11101100 -> 10100111
  11011000 -> 00001111
  11010101 -> 00100110
  00101111 -> 01001101
  01011001 -> 01100011
  11110101 -> 00101111
  11100101 -> 10101111
  01100101 -> 10001111

Query: 01111011

Step 1: Analyze each output bit as an independent boolean function of input bits.

  Output bit 0: Ambiguous (3 candidates predict 0, 1 predict 1)
    For 0: XOR(in[1], in[3]), NOR(in[3], in[6]), INHIB(in[1], in[3])
    For 1: XNOR(in[3], in[6])
  Output bit 1: All 3 candidates agree -> value = 1
    Best match: AND(in[4], in[7]) = 1
  Output bit 2: All 1 candidates agree -> value = 1
    Best match: XNOR(in[0], in[5]) = 1
  Output bit 3: Ambiguous (17 candidates predict 0, 5 predict 1)
    For 0: AND(in[0], in[6]), NOR(in[0], in[7]), NOR(in[1], in[2])
    For 1: AND(in[1], in[6]), AND(in[3], in[6]), XNOR(in[1], in[6])
  Output bit 4: All 1 candidates agree -> value = 1
    Best match: XNOR(in[2], in[7]) = 1
  Output bit 5: Ambiguous (3 candidates predict 0, 1 predict 1)
    For 0: OR(in[0], in[5]), IMPL(in[3], in[0]), IMPL(in[7], in[5])
    For 1: OR(in[0], in[2])
  Output bit 6: Ambiguous (6 candidates predict 0, 10 predict 1)
    For 0: NOT(in[6]), NAND(in[2], in[6]), NAND(in[4], in[6])
    For 1: ID(in[1]), OR(in[0], in[1]), OR(in[1], in[3])
  Output bit 7: Ambiguous (1 candidates predict 0, 2 predict 1)
    For 0: XNOR(in[2], in[5])
    For 1: OR(in[2], in[4]), IMPL(in[5], in[2])

Step 2: No strong shift pattern detected.

Step 3: Resolve ambiguous bits using structural patterns.
  Bit 0: Resolved via pair/structure pattern -> value = 1
  Bit 3: Resolved via pair/structure pattern -> value = 1
  Bit 7: Resolved via pair/structure pattern -> value = 0

Step 4: Resolve remaining 2 ambiguous bit(s) by scoring all combinations.
  Ambiguous positions: [5, 6]
  Scoring considers: operation priors, complexity, template consistency, shift alignment.
  Bit 5 -> 0
  Bit 6 -> 1

Step 5: Combine all bits to form the output.
  bit0=1(ctx) | bit1=1(unambig) | bit2=1(unambig) | bit3=1(ctx) | bit4=1(unambig) | bit5=0(scored) | bit6=1(scored) | bit7=0(ctx)

The answer is 11111010.",Bit Manipulation,low,bf,2
3c9b8e0e,"In Alice's Wonderland, a secret bit manipulation rule transforms 8-bit binary numbers. The transformation involves operations like bit shifts, rotations, XOR, AND, OR, NOT, and possibly majority or choice functions.

Here are some examples of input -> output:
11111110 -> 01100011
01001000 -> 01011011
00100100 -> 10101101
01110000 -> 11000111
10001110 -> 01011010
10110010 -> 10000110
10011000 -> 00110011
00011111 -> 10000000

Now, determine the output for: 01100111",00111101,"I need to find the secret bit manipulation rule from the examples.

Given 8 examples:
  11111110 -> 01100011
  01001000 -> 01011011
  00100100 -> 10101101
  01110000 -> 11000111
  10001110 -> 01011010
  10110010 -> 10000110
  10011000 -> 00110011
  00011111 -> 10000000

Query: 01100111

Step 1: Analyze each output bit as an independent boolean function of input bits.

  Output bit 0: Ambiguous (1 candidates predict 0, 1 predict 1)
    For 0: XNOR(in[4], in[7])
    For 1: IMPL(in[4], in[7])
  Output bit 1: All 1 candidates agree -> value = 0
    Best match: XNOR(in[0], in[5]) = 0
  Output bit 2: All 1 candidates agree -> value = 1
    Best match: XNOR(in[1], in[6]) = 1
  Output bit 3: Ambiguous (1 candidates predict 0, 1 predict 1)
    For 0: NOR(in[2], in[7])
    For 1: XNOR(in[2], in[7])
  Output bit 4: Ambiguous (1 candidates predict 0, 1 predict 1)
    For 0: NOR(in[3], in[7])
    For 1: NOT(in[3])
  Output bit 5: Ambiguous (1 candidates predict 0, 2 predict 1)
    For 0: NOR(in[4], in[7])
    For 1: NOT(in[4]), INHIB(in[2], in[4])
  Output bit 6: Ambiguous (1 candidates predict 0, 1 predict 1)
    For 0: IMPL(in[5], in[0])
    For 1: OR(in[0], in[1])
  Output bit 7: All 1 candidates agree -> value = 1
    Best match: IMPL(in[6], in[1]) = 1

Step 2: No strong shift pattern detected.

Step 3: Resolve ambiguous bits using structural patterns.
  Bit 0: Resolved via pair/structure pattern -> value = 0
  Bit 3: Resolved via pair/structure pattern -> value = 1

Step 4: Resolve remaining 3 ambiguous bit(s) by scoring all combinations.
  Ambiguous positions: [4, 5, 6]
  Scoring considers: operation priors, complexity, template consistency, shift alignment.
  Bit 4 -> 1
  Bit 5 -> 1
  Bit 6 -> 1

Step 5: Combine all bits to form the output.
  bit0=0(ctx) | bit1=0(unambig) | bit2=1(unambig) | bit3=1(ctx) | bit4=1(scored) | bit5=1(scored) | bit6=1(scored) | bit7=1(unambig)

The answer is 00111111.",Bit Manipulation,low,bf,3
3cd80c64,"In Alice's Wonderland, a secret bit manipulation rule transforms 8-bit binary numbers. The transformation involves operations like bit shifts, rotations, XOR, AND, OR, NOT, and possibly majority or choice functions.

Here are some examples of input -> output:
00011101 -> 00001110
00100101 -> 00010010
11111111 -> 01111111
00100000 -> 00010000
00001011 -> 00000101
00000100 -> 00000010
10110101 -> 01011010

Now, determine the output for: 11001000",01100100,"I need to find the secret bit manipulation rule from the examples.

Given 7 examples:
  00011101 -> 00001110
  00100101 -> 00010010
  11111111 -> 01111111
  00100000 -> 00010000
  00001011 -> 00000101
  00000100 -> 00000010
  10110101 -> 01011010

Query: 11001000

Step 1: Analyze each output bit as an independent boolean function of input bits.

  Output bit 0: Ambiguous (7 candidates predict 0, 10 predict 1)
    For 0: INHIB(in[1], in[0]), INHIB(in[1], in[4]), INHIB(in[3], in[5])
    For 1: INHIB(in[0], in[2]), INHIB(in[0], in[3]), INHIB(in[0], in[5])
  Output bit 1: Ambiguous (5 candidates predict 0, 2 predict 1)
    For 0: AND(in[0], in[2]), AND(in[0], in[3]), AND(in[0], in[5])
    For 1: ID(in[0]), OR(in[0], in[1])
  Output bit 2: Ambiguous (10 candidates predict 0, 4 predict 1)
    For 0: AND(in[0], in[6]), AND(in[1], in[2]), AND(in[1], in[3])
    For 1: ID(in[1]), AND(in[0], in[1]), AND(in[0], in[4])
  Output bit 3: Ambiguous (1 candidates predict 0, 2 predict 1)
    For 0: ID(in[2])
    For 1: OR(in[0], in[2]), OR(in[1], in[2])
  Output bit 4: Ambiguous (3 candidates predict 0, 2 predict 1)
    For 0: ID(in[3]), AND(in[3], in[5]), AND(in[3], in[7])
    For 1: OR(in[0], in[3]), OR(in[1], in[3])
  Output bit 5: Ambiguous (1 candidates predict 0, 3 predict 1)
    For 0: AND(in[4], in[7])
    For 1: ID(in[4]), OR(in[1], in[4]), OR(in[4], in[6])
  Output bit 6: Ambiguous (2 candidates predict 0, 2 predict 1)
    For 0: ID(in[5]), OR(in[3], in[5])
    For 1: OR(in[0], in[5]), OR(in[1], in[5])
  Output bit 7: Ambiguous (3 candidates predict 0, 1 predict 1)
    For 0: ID(in[6]), AND(in[4], in[6]), AND(in[6], in[7])
    For 1: OR(in[1], in[6])

Step 2: Identify structural patterns.
  Confirmed bit mappings: bit1<-in[0](shift=7), bit2<-in[1](shift=7), bit3<-in[2](shift=7), bit4<-in[3](shift=7), bit5<-in[4](shift=7)
  Dominant shift = 7 (weight 7)

Step 3: Resolve ambiguous bits using structural patterns.
  Bit 1: Using shift=7, source = in[0] -> value = 1
  Bit 2: Using shift=7, source = in[1] -> value = 1
  Bit 3: Using shift=7, source = in[2] -> value = 0
  Bit 4: Using shift=7, source = in[3] -> value = 0
  Bit 5: Using shift=7, source = in[4] -> value = 1
  Bit 6: Using shift=7, source = in[5] -> value = 0
  Bit 7: Using shift=7, source = in[6] -> value = 0

Step 4: Resolve remaining 1 ambiguous bit(s) by scoring all combinations.
  Ambiguous positions: [0]
  Scoring considers: operation priors, complexity, template consistency, shift alignment.
  Bit 0 -> 1

Step 5: Combine all bits to form the output.
  bit0=1(scored) | bit1=1(ctx) | bit2=1(ctx) | bit3=0(ctx) | bit4=0(ctx) | bit5=1(ctx) | bit6=0(ctx) | bit7=0(ctx)

The answer is 11100100.",Bit Manipulation,low,bf,1
3e953bd6,"In Alice's Wonderland, a secret bit manipulation rule transforms 8-bit binary numbers. The transformation involves operations like bit shifts, rotations, XOR, AND, OR, NOT, and possibly majority or choice functions.

Here are some examples of input -> output:
01101110 -> 10111011
11000000 -> 01111111
11010110 -> 11110111
11101000 -> 00111111
10101110 -> 00101011
01010000 -> 01011111
10111101 -> 11101111

Now, determine the output for: 10011111",00100111,"I need to find the secret bit manipulation rule from the examples.

Given 7 examples:
  01101110 -> 10111011
  11000000 -> 01111111
  11010110 -> 11110111
  11101000 -> 00111111
  10101110 -> 00101011
  01010000 -> 01011111
  10111101 -> 11101111

Query: 10011111

Step 1: Analyze each output bit as an independent boolean function of input bits.

  Output bit 0: Ambiguous (1 candidates predict 0, 1 predict 1)
    For 0: XNOR(in[1], in[6])
    For 1: XNOR(in[0], in[3])
  Output bit 1: Ambiguous (1 candidates predict 0, 5 predict 1)
    For 0: XNOR(in[2], in[7])
    For 1: XNOR(in[4], in[7]), IMPL(in[2], in[3]), IMPL(in[2], in[7])
  Output bit 2: All 6 candidates agree -> value = 1
    Best match: OR(in[0], in[2]) = 1
  Output bit 3: Ambiguous (5 candidates predict 0, 1 predict 1)
    For 0: ID(in[1]), INHIB(in[1], in[7]), IMPL(in[0], in[1])
    For 1: IMPL(in[2], in[1])
  Output bit 4: Ambiguous (3 candidates predict 0, 2 predict 1)
    For 0: NAND(in[3], in[6]), IMPL(in[5], in[2]), IMPL(in[6], in[2])
    For 1: IMPL(in[5], in[4]), IMPL(in[6], in[4])
  Output bit 5: Ambiguous (1 candidates predict 0, 3 predict 1)
    For 0: NAND(in[4], in[6])
    For 1: NAND(in[2], in[6]), IMPL(in[5], in[3]), IMPL(in[6], in[3])
  Output bit 6: Ambiguous (5 candidates predict 0, 11 predict 1)
    For 0: OR(in[1], in[2]), XNOR(in[2], in[4]), NAND(in[6], in[7])
    For 1: OR(in[0], in[1]), OR(in[1], in[4]), OR(in[1], in[5])
  Output bit 7: Ambiguous (5 candidates predict 0, 11 predict 1)
    For 0: OR(in[1], in[2]), XNOR(in[2], in[4]), NAND(in[6], in[7])
    For 1: OR(in[0], in[1]), OR(in[1], in[4]), OR(in[1], in[5])

Step 2: No strong shift pattern detected.

Step 3: Resolve ambiguous bits using structural patterns.
  Bit 1: Resolved via pair/structure pattern -> value = 1
  Bit 3: Resolved via pair/structure pattern -> value = 0
  Bit 4: Resolved via pair/structure pattern -> value = 0
  Bit 5: Resolved via pair/structure pattern -> value = 1
  Bit 6: Resolved via pair/structure pattern -> value = 1

Step 4: Resolve remaining 2 ambiguous bit(s) by scoring all combinations.
  Ambiguous positions: [0, 7]
  Scoring considers: operation priors, complexity, template consistency, shift alignment.
  Bit 0 -> 0
  Bit 7 -> 1

Step 5: Combine all bits to form the output.
  bit0=0(scored) | bit1=1(ctx) | bit2=1(unambig) | bit3=0(ctx) | bit4=0(ctx) | bit5=1(ctx) | bit6=1(ctx) | bit7=1(scored)

The answer is 01100111.",Bit Manipulation,low,bf,2
3f4f7b9b,"In Alice's Wonderland, a secret bit manipulation rule transforms 8-bit binary numbers. The transformation involves operations like bit shifts, rotations, XOR, AND, OR, NOT, and possibly majority or choice functions.

Here are some examples of input -> output:
10010000 -> 11111111
10101000 -> 11111111
10000100 -> 11111111
00100001 -> 00111111
01000000 -> 11111111
00011100 -> 11111111
10001010 -> 01111111

Now, determine the output for: 11111010",01111111,"I need to find the secret bit manipulation rule from the examples.

Given 7 examples:
  10010000 -> 11111111
  10101000 -> 11111111
  10000100 -> 11111111
  00100001 -> 00111111
  01000000 -> 11111111
  00011100 -> 11111111
  10001010 -> 01111111

Query: 11111010

Step 1: Analyze each output bit as an independent boolean function of input bits.

  Output bit 0: All 2 candidates agree -> value = 0
    Best match: XNOR(in[6], in[7]) = 0
  Output bit 1: All 10 candidates agree -> value = 1
    Best match: NOT(in[7]) = 1
  Output bit 2: Ambiguous (8 candidates predict 0, 13 predict 1)
    For 0: NAND(in[0], in[1]), NAND(in[1], in[2]), NAND(in[1], in[3])
    For 1: NAND(in[0], in[7]), NAND(in[1], in[5]), NAND(in[1], in[7])
  Output bit 3: Ambiguous (8 candidates predict 0, 13 predict 1)
    For 0: NAND(in[0], in[1]), NAND(in[1], in[2]), NAND(in[1], in[3])
    For 1: NAND(in[0], in[7]), NAND(in[1], in[5]), NAND(in[1], in[7])
  Output bit 4: Ambiguous (8 candidates predict 0, 13 predict 1)
    For 0: NAND(in[0], in[1]), NAND(in[1], in[2]), NAND(in[1], in[3])
    For 1: NAND(in[0], in[7]), NAND(in[1], in[5]), NAND(in[1], in[7])
  Output bit 5: Ambiguous (8 candidates predict 0, 13 predict 1)
    For 0: NAND(in[0], in[1]), NAND(in[1], in[2]), NAND(in[1], in[3])
    For 1: NAND(in[0], in[7]), NAND(in[1], in[5]), NAND(in[1], in[7])
  Output bit 6: Ambiguous (8 candidates predict 0, 13 predict 1)
    For 0: NAND(in[0], in[1]), NAND(in[1], in[2]), NAND(in[1], in[3])
    For 1: NAND(in[0], in[7]), NAND(in[1], in[5]), NAND(in[1], in[7])
  Output bit 7: Ambiguous (8 candidates predict 0, 13 predict 1)
    For 0: NAND(in[0], in[1]), NAND(in[1], in[2]), NAND(in[1], in[3])
    For 1: NAND(in[0], in[7]), NAND(in[1], in[5]), NAND(in[1], in[7])

Step 2: Identify structural patterns.
  Confirmed bit mappings: bit1<-in[7](shift=6)
  Dominant shift = 6 (weight 5)

Step 3: Resolve ambiguous bits using structural patterns.
  Bit 3: Resolved via pair/structure pattern -> value = 0
  Bit 4: Resolved via pair/structure pattern -> value = 1
  Bit 5: Resolved via pair/structure pattern -> value = 0
  Bit 6: Resolved via pair/structure pattern -> value = 1

Step 4: Resolve remaining 2 ambiguous bit(s) by scoring all combinations.
  Ambiguous positions: [2, 7]
  Scoring considers: operation priors, complexity, template consistency, shift alignment.
  Bit 2 -> 1
  Bit 7 -> 1

Step 5: Combine all bits to form the output.
  bit0=0(unambig) | bit1=1(unambig) | bit2=1(scored) | bit3=0(ctx) | bit4=1(ctx) | bit5=0(ctx) | bit6=1(ctx) | bit7=1(scored)

The answer is 01101011.",Bit Manipulation,low,bf,2
402ea488,"In Alice's Wonderland, a secret bit manipulation rule transforms 8-bit binary numbers. The transformation involves operations like bit shifts, rotations, XOR, AND, OR, NOT, and possibly majority or choice functions.

Here are some examples of input -> output:
00000100 -> 00000000
11011111 -> 11111001
11111001 -> 00001001
10111111 -> 11110001
10100001 -> 00000000
01001101 -> 00101000
10110010 -> 00010000
11111010 -> 01010001
01010101 -> 10101000

Now, determine the output for: 10001011",01010001,"I need to find the secret bit manipulation rule from the examples.

Given 9 examples:
  00000100 -> 00000000
  11011111 -> 11111001
  11111001 -> 00001001
  10111111 -> 11110001
  10100001 -> 00000000
  01001101 -> 00101000
  10110010 -> 00010000
  11111010 -> 01010001
  01010101 -> 10101000

Query: 10001011

Step 1: Analyze each output bit as an independent boolean function of input bits.

  Output bit 0: All 1 candidates agree -> value = 0
    Best match: AND(in[3], in[5]) = 0
  Output bit 1: All 1 candidates agree -> value = 1
    Best match: AND(in[4], in[6]) = 1
  Output bit 2: All 1 candidates agree -> value = 0
    Best match: AND(in[5], in[7]) = 0
  Output bit 3: Ambiguous (1 candidates predict 0, 2 predict 1)
    For 0: AND(in[3], in[6])
    For 1: ID(in[6]), AND(in[0], in[6])
  Output bit 4: All 1 candidates agree -> value = 0
    Best match: AND(in[1], in[7]) = 0
  Output bit 5: Ambiguous (4 candidates predict 0, 2 predict 1)
    For 0: NOR(in[0], in[5]), INHIB(in[2], in[0]), INHIB(in[6], in[0])
    For 1: NOR(in[2], in[5]), INHIB(in[6], in[3])
  Output bit 6: Ambiguous (4 candidates predict 0, 2 predict 1)
    For 0: NOR(in[0], in[5]), INHIB(in[2], in[0]), INHIB(in[6], in[0])
    For 1: NOR(in[2], in[5]), INHIB(in[6], in[3])
  Output bit 7: Ambiguous (1 candidates predict 0, 1 predict 1)
    For 0: AND(in[3], in[4])
    For 1: AND(in[0], in[4])

Step 2: No strong shift pattern detected.

Step 3: Resolve ambiguous bits using structural patterns.
  Bit 3: Resolved via pair/structure pattern -> value = 1

Step 4: Resolve remaining 3 ambiguous bit(s) by scoring all combinations.
  Ambiguous positions: [5, 6, 7]
  Scoring considers: operation priors, complexity, template consistency, shift alignment.
  Bit 5 -> 0
  Bit 6 -> 0
  Bit 7 -> 0

Step 5: Combine all bits to form the output.
  bit0=0(unambig) | bit1=1(unambig) | bit2=0(unambig) | bit3=1(ctx) | bit4=0(unambig) | bit5=0(scored) | bit6=0(scored) | bit7=0(scored)

The answer is 01010000.",Bit Manipulation,low,bf,3
40400f33,"In Alice's Wonderland, a secret bit manipulation rule transforms 8-bit binary numbers. The transformation involves operations like bit shifts, rotations, XOR, AND, OR, NOT, and possibly majority or choice functions.

Here are some examples of input -> output:
01110001 -> 10111110
01110000 -> 10111100
01111001 -> 11111110
10111110 -> 01111111
00001101 -> 10001111
11010000 -> 11111001
11110101 -> 11111010
10001111 -> 11011111
10010111 -> 01101111

Now, determine the output for: 10000001",11110001,"I need to find the secret bit manipulation rule from the examples.

Given 9 examples:
  01110001 -> 10111110
  01110000 -> 10111100
  01111001 -> 11111110
  10111110 -> 01111111
  00001101 -> 10001111
  11010000 -> 11111001
  11110101 -> 11111010
  10001111 -> 11011111
  10010111 -> 01101111

Query: 10000001

Step 1: Analyze each output bit as an independent boolean function of input bits.

  Output bit 0: All 3 candidates agree -> value = 1
    Best match: XNOR(in[1], in[3]) = 1
  Output bit 1: All 1 candidates agree -> value = 0
    Best match: MAJ(in[0], in[3], in[4]) = 0
  Output bit 2: Ambiguous (4 candidates predict 0, 3 predict 1)
    For 0: ID(in[3]), OR(in[1], in[3]), OR(in[2], in[3])
    For 1: IMPL(in[4], in[2]), IMPL(in[4], in[3]), IMPL(in[5], in[3])
  Output bit 3: All 1 candidates agree -> value = 0
    Best match: OR(AND)(in[0], in[4], in[1]) = 0
  Output bit 4: Ambiguous (3 candidates predict 0, 7 predict 1)
    For 0: OR(in[1], in[5]), OR(in[3], in[4]), OR(in[3], in[5])
    For 1: OR(in[3], in[7]), NAND(in[1], in[6]), IMPL(in[1], in[3])
  Output bit 5: Ambiguous (2 candidates predict 0, 1 predict 1)
    For 0: XNOR(in[0], in[6]), IMPL(in[0], in[6])
    For 1: NAND(in[0], in[1])
  Output bit 6: All 4 candidates agree -> value = 1
    Best match: OR(in[4], in[7]) = 1
  Output bit 7: All 2 candidates agree -> value = 1
    Best match: NAND(in[1], in[2]) = 1

Step 2: No strong shift pattern detected.

Step 3: Resolve ambiguous bits using structural patterns.
  Bit 2: Resolved via pair/structure pattern -> value = 1
  Bit 5: Resolved via pair/structure pattern -> value = 0

Step 4: Resolve remaining 1 ambiguous bit(s) by scoring all combinations.
  Ambiguous positions: [4]
  Scoring considers: operation priors, complexity, template consistency, shift alignment.
  Bit 4 -> 1

Step 5: Combine all bits to form the output.
  bit0=1(unambig) | bit1=0(unambig) | bit2=1(ctx) | bit3=0(unambig) | bit4=1(scored) | bit5=0(ctx) | bit6=1(unambig) | bit7=1(unambig)

The answer is 10101011.",Bit Manipulation,low,bf,1
4059e1a5,"In Alice's Wonderland, a secret bit manipulation rule transforms 8-bit binary numbers. The transformation involves operations like bit shifts, rotations, XOR, AND, OR, NOT, and possibly majority or choice functions.

Here are some examples of input -> output:
10000101 -> 10111001
00001101 -> 10001011
10010001 -> 11111011
11100001 -> 00111100
00010100 -> 10101111
01000110 -> 01101110
10110011 -> 11110111
11011010 -> 00011111

Now, determine the output for: 00011110",00000111,"I need to find the secret bit manipulation rule from the examples.

Given 8 examples:
  10000101 -> 10111001
  00001101 -> 10001011
  10010001 -> 11111011
  11100001 -> 00111100
  00010100 -> 10101111
  01000110 -> 01101110
  10110011 -> 11110111
  11011010 -> 00011111

Query: 00011110

Step 1: Analyze each output bit as an independent boolean function of input bits.

  Output bit 0: Ambiguous (1 candidates predict 0, 1 predict 1)
    For 0: XNOR(in[2], in[6])
    For 1: NOT(in[1])
  Output bit 1: All 2 candidates agree -> value = 0
    Best match: XNOR(in[1], in[5]) = 0
  Output bit 2: Ambiguous (2 candidates predict 0, 1 predict 1)
    For 0: NOT(in[4]), IMPL(in[4], in[2])
    For 1: XNOR(in[0], in[7])
  Output bit 3: Ambiguous (3 candidates predict 0, 1 predict 1)
    For 0: ID(in[0]), OR(in[0], in[2]), IMPL(in[5], in[0])
    For 1: XOR(in[4], in[7])
  Output bit 4: Ambiguous (1 candidates predict 0, 4 predict 1)
    For 0: IMPL(in[6], in[1])
    For 1: NAND(in[2], in[3]), NAND(in[2], in[6]), NAND(in[6], in[7])
  Output bit 5: All 2 candidates agree -> value = 1
    Best match: XNOR(in[2], in[7]) = 1
  Output bit 6: All 1 candidates agree -> value = 1
    Best match: IMPL(in[0], in[3]) = 1
  Output bit 7: All 2 candidates agree -> value = 1
    Best match: IMPL(in[1], in[3]) = 1

Step 2: No strong shift pattern detected.

Step 3: Resolve ambiguous bits using structural patterns.
  Bit 3: Resolved via pair/structure pattern -> value = 0
  Bit 4: Resolved via pair/structure pattern -> value = 0

Step 4: Resolve remaining 2 ambiguous bit(s) by scoring all combinations.
  Ambiguous positions: [0, 2]
  Scoring considers: operation priors, complexity, template consistency, shift alignment.
  Bit 0 -> 1
  Bit 2 -> 0

Step 5: Combine all bits to form the output.
  bit0=1(scored) | bit1=0(unambig) | bit2=0(scored) | bit3=0(ctx) | bit4=0(ctx) | bit5=1(unambig) | bit6=1(unambig) | bit7=1(unambig)

The answer is 10000111.",Bit Manipulation,low,bf,2
431b5993,"In Alice's Wonderland, a secret bit manipulation rule transforms 8-bit binary numbers. The transformation involves operations like bit shifts, rotations, XOR, AND, OR, NOT, and possibly majority or choice functions.

Here are some examples of input -> output:
10111010 -> 10000000
00011010 -> 10000000
01110100 -> 00000000
00110101 -> 00001000
10101111 -> 01101000
00101111 -> 01001000
01101001 -> 01001000
11000111 -> 00110000

Now, determine the output for: 11011011",11010000,"I need to find the secret bit manipulation rule from the examples.

Given 8 examples:
  10111010 -> 10000000
  00011010 -> 10000000
  01110100 -> 00000000
  00110101 -> 00001000
  10101111 -> 01101000
  00101111 -> 01001000
  01101001 -> 01001000
  11000111 -> 00110000

Query: 11011011

Step 1: Analyze each output bit as an independent boolean function of input bits.

  Output bit 0: Ambiguous (5 candidates predict 0, 4 predict 1)
    For 0: NOR(in[1], in[5]), NOR(in[1], in[7]), NOR(in[5], in[7])
    For 1: AND(in[3], in[4]), AND(in[3], in[6]), INHIB(in[3], in[5])
  Output bit 1: Ambiguous (2 candidates predict 0, 1 predict 1)
    For 0: INHIB(in[2], in[3]), INHIB(in[4], in[3])
    For 1: AND(in[4], in[7])
  Output bit 2: Ambiguous (2 candidates predict 0, 1 predict 1)
    For 0: AND(in[0], in[5]), INHIB(in[0], in[3])
    For 1: AND(in[0], in[7])
  Output bit 3: Ambiguous (6 candidates predict 0, 5 predict 1)
    For 0: NOR(in[2], in[3]), NOR(in[2], in[4]), NOR(in[3], in[4])
    For 1: AND(in[0], in[1]), AND(in[1], in[6]), INHIB(in[0], in[2])
  Output bit 4: Ambiguous (1 candidates predict 0, 1 predict 1)
    For 0: AND(in[2], in[7])
    For 1: XOR(in[1], in[5])
  Output bit 5: All 5 candidates agree -> value = 0
    Best match: NOR(in[2], in[6]) = 0
  Output bit 6: All 5 candidates agree -> value = 0
    Best match: NOR(in[2], in[6]) = 0
  Output bit 7: All 5 candidates agree -> value = 0
    Best match: NOR(in[2], in[6]) = 0

Step 2: No strong shift pattern detected.

Step 3: Resolve ambiguous bits using structural patterns.
  Bit 0: Resolved via pair/structure pattern -> value = 0

Step 4: Resolve remaining 4 ambiguous bit(s) by scoring all combinations.
  Ambiguous positions: [1, 2, 3, 4]
  Scoring considers: operation priors, complexity, template consistency, shift alignment.
  Bit 1 -> 1
  Bit 2 -> 0
  Bit 3 -> 1
  Bit 4 -> 0

Step 5: Combine all bits to form the output.
  bit0=0(ctx) | bit1=1(scored) | bit2=0(scored) | bit3=1(scored) | bit4=0(scored) | bit5=0(unambig) | bit6=0(unambig) | bit7=0(unambig)

The answer is 01010000.",Bit Manipulation,low,bf,4
44471d06,"In Alice's Wonderland, a secret bit manipulation rule transforms 8-bit binary numbers. The transformation involves operations like bit shifts, rotations, XOR, AND, OR, NOT, and possibly majority or choice functions.

Here are some examples of input -> output:
11001101 -> 00011011
11111110 -> 00111101
10111110 -> 00111101
11000110 -> 00001101
10010010 -> 00100101
10111001 -> 01010011
11011010 -> 10110101

Now, determine the output for: 10011100",00111001,"I need to find the secret bit manipulation rule from the examples.

Given 7 examples:
  11001101 -> 00011011
  11111110 -> 00111101
  10111110 -> 00111101
  11000110 -> 00001101
  10010010 -> 00100101
  10111001 -> 01010011
  11011010 -> 10110101

Query: 10011100

Step 1: Analyze each output bit as an independent boolean function of input bits.

  Output bit 0: All 1 candidates agree -> value = 0
    Best match: INHIB(in[1], in[5]) = 0
  Output bit 1: Ambiguous (7 candidates predict 0, 2 predict 1)
    For 0: AND(in[2], in[7]), AND(in[3], in[7]), NOR(in[5], in[6])
    For 1: NOR(in[1], in[6]), INHIB(in[3], in[6])
  Output bit 2: Ambiguous (2 candidates predict 0, 1 predict 1)
    For 0: AND(in[3], in[6]), XNOR(in[2], in[5])
    For 1: INHIB(in[3], in[7])
  Output bit 3: All 7 candidates agree -> value = 1
    Best match: ID(in[4]) = 1
  Output bit 4: All 5 candidates agree -> value = 1
    Best match: ID(in[5]) = 1
  Output bit 5: Ambiguous (6 candidates predict 0, 6 predict 1)
    For 0: ID(in[6]), AND(in[0], in[6]), XNOR(in[0], in[6])
    For 1: XOR(in[0], in[7]), NOT(in[7]), NAND(in[0], in[7])
  Output bit 6: Ambiguous (6 candidates predict 0, 6 predict 1)
    For 0: ID(in[7]), AND(in[0], in[7]), AND(in[4], in[7])
    For 1: XOR(in[0], in[6]), NOT(in[6]), NAND(in[0], in[6])
  Output bit 7: Ambiguous (2 candidates predict 0, 23 predict 1)
    For 0: XOR(in[6], in[7]), OR(in[6], in[7])
    For 1: ID(in[0]), OR(in[0], in[1]), OR(in[0], in[2])

Step 2: Identify structural patterns.
  Confirmed bit mappings: bit3<-in[4](shift=1), bit4<-in[5](shift=1), bit5<-in[6](shift=1), bit6<-in[7](shift=1), bit7<-in[0](shift=1)
  Dominant shift = 1 (weight 13)

Step 3: Resolve ambiguous bits using structural patterns.
  Bit 5: Using shift=1, source = in[6] -> value = 0
  Bit 6: Using shift=1, source = in[7] -> value = 0
  Bit 7: Using shift=1, source = in[0] -> value = 1

Step 4: Resolve remaining 2 ambiguous bit(s) by scoring all combinations.
  Ambiguous positions: [1, 2]
  Scoring considers: operation priors, complexity, template consistency, shift alignment.
  Bit 1 -> 0
  Bit 2 -> 0

Step 5: Combine all bits to form the output.
  bit0=0(unambig) | bit1=0(scored) | bit2=0(scored) | bit3=1(unambig) | bit4=1(unambig) | bit5=0(ctx) | bit6=0(ctx) | bit7=1(ctx)

The answer is 00011001.",Bit Manipulation,low,bf,2
44fb2f96,"In Alice's Wonderland, a secret bit manipulation rule transforms 8-bit binary numbers. The transformation involves operations like bit shifts, rotations, XOR, AND, OR, NOT, and possibly majority or choice functions.

Here are some examples of input -> output:
11010100 -> 11111101
00010101 -> 01110111
01000000 -> 01110111
10111000 -> 10111110
11101001 -> 00101010
00110010 -> 11011001
11000001 -> 01110101
11100100 -> 10110011
00010000 -> 11011101
01010100 -> 11011101

Now, determine the output for: 00011000",11001110,"I need to find the secret bit manipulation rule from the examples.

Given 10 examples:
  11010100 -> 11111101
  00010101 -> 01110111
  01000000 -> 01110111
  10111000 -> 10111110
  11101001 -> 00101010
  00110010 -> 11011001
  11000001 -> 01110101
  11100100 -> 10110011
  00010000 -> 11011101
  01010100 -> 11011101

Query: 00011000

Step 1: Analyze each output bit as an independent boolean function of input bits.

  Output bit 0: All 1 candidates agree -> value = 1
    Best match: XNOR(in[1], in[5]) = 1
  Output bit 1: All 3 candidates agree -> value = 1
    Best match: XNOR(in[2], in[6]) = 1
  Output bit 2: All 1 candidates agree -> value = 0
    Best match: NAND(NOR)(in[0], in[7], in[3]) = 0
  Output bit 3: All 4 candidates agree -> value = 1
    Best match: NAND(in[1], in[4]) = 1
  Output bit 4: No candidates found. Default to 0.
  Output bit 5: All 1 candidates agree -> value = 1
    Best match: NAND(XNOR)(in[0], in[1], in[2]) = 1
  Output bit 6: All 1 candidates agree -> value = 1
    Best match: XNOR(XOR)(in[3], in[4], in[7]) = 1
  Output bit 7: Ambiguous (3 candidates predict 0, 2 predict 1)
    For 0: NOT(in[4]), IMPL(in[4], in[5]), IMPL(in[4], in[6])
    For 1: NAND(in[0], in[4]), NAND(in[2], in[4])

Step 2: No strong shift pattern detected.

Step 3: No additional bits resolved by context propagation.

Step 4: Resolve remaining 1 ambiguous bit(s) by scoring all combinations.
  Ambiguous positions: [7]
  Scoring considers: operation priors, complexity, template consistency, shift alignment.
  Bit 7 -> 0

Step 5: Combine all bits to form the output.
  bit0=1(unambig) | bit1=1(unambig) | bit2=0(unambig) | bit3=1(unambig) | bit4=0(unambig) | bit5=1(unambig) | bit6=1(unambig) | bit7=0(scored)

The answer is 11010110.",Bit Manipulation,low,bf,1
45ae41c8,"In Alice's Wonderland, a secret bit manipulation rule transforms 8-bit binary numbers. The transformation involves operations like bit shifts, rotations, XOR, AND, OR, NOT, and possibly majority or choice functions.

Here are some examples of input -> output:
00001100 -> 00111011
01110000 -> 11011111
01101010 -> 01111010
11101111 -> 11001011
01011111 -> 10110111
11110001 -> 00101111
00101101 -> 10111011
00011011 -> 11000110
11100101 -> 01101101
10100100 -> 11101101

Now, determine the output for: 11000110",11011101,"I need to find the secret bit manipulation rule from the examples.

Given 10 examples:
  00001100 -> 00111011
  01110000 -> 11011111
  01101010 -> 01111010
  11101111 -> 11001011
  01011111 -> 10110111
  11110001 -> 00101111
  00101101 -> 10111011
  00011011 -> 11000110
  11100101 -> 01101101
  10100100 -> 11101101

Query: 11000110

Step 1: Analyze each output bit as an independent boolean function of input bits.

  Output bit 0: All 1 candidates agree -> value = 1
    Best match: XNOR(in[4], in[7]) = 1
  Output bit 1: All 1 candidates agree -> value = 1
    Best match: XNOR(in[0], in[5]) = 1
  Output bit 2: No candidates found. Default to 0.
  Output bit 3: All 1 candidates agree -> value = 0
    Best match: XNOR(XOR)(in[1], in[2], in[7]) = 0
  Output bit 4: Ambiguous (1 candidates predict 0, 4 predict 1)
    For 0: IMPL(in[6], in[2])
    For 1: NAND(in[3], in[4]), NAND(in[3], in[6]), IMPL(in[3], in[2])
  Output bit 5: All 1 candidates agree -> value = 1
    Best match: IMPL(in[4], in[3]) = 1
  Output bit 6: All 2 candidates agree -> value = 0
    Best match: OR(in[3], in[4]) = 0
  Output bit 7: All 2 candidates agree -> value = 1
    Best match: IMPL(in[4], in[5]) = 1

Step 2: No strong shift pattern detected.

Step 3: Resolve ambiguous bits using structural patterns.
  Bit 4: Resolved via pair/structure pattern -> value = 1

Step 4: All bits resolved without brute-force.

Step 5: Combine all bits to form the output.
  bit0=1(unambig) | bit1=1(unambig) | bit2=0(unambig) | bit3=0(unambig) | bit4=1(ctx) | bit5=1(unambig) | bit6=0(unambig) | bit7=1(unambig)

The answer is 11001101.",Bit Manipulation,high,ctx,0
4723911c,"In Alice's Wonderland, a secret bit manipulation rule transforms 8-bit binary numbers. The transformation involves operations like bit shifts, rotations, XOR, AND, OR, NOT, and possibly majority or choice functions.

Here are some examples of input -> output:
11000000 -> 00000000
10100001 -> 01000000
11001011 -> 00000101
00101111 -> 00010110
10011110 -> 00001101
00000101 -> 00000010
01110001 -> 00100000
00111110 -> 00011100
01000000 -> 00000000

Now, determine the output for: 11011101",00101010,"I need to find the secret bit manipulation rule from the examples.

Given 9 examples:
  11000000 -> 00000000
  10100001 -> 01000000
  11001011 -> 00000101
  00101111 -> 00010110
  10011110 -> 00001101
  00000101 -> 00000010
  01110001 -> 00100000
  00111110 -> 00011100
  01000000 -> 00000000

Query: 11011101

Step 1: Analyze each output bit as an independent boolean function of input bits.

  Output bit 0: Ambiguous (2 candidates predict 0, 3 predict 1)
    For 0: INHIB(in[6], in[4]), C0
    For 1: AND(in[1], in[5]), XOR(in[4], in[6]), INHIB(in[4], in[6])
  Output bit 1: Ambiguous (2 candidates predict 0, 1 predict 1)
    For 0: AND(in[0], in[2]), NOR(in[1], in[5])
    For 1: XNOR(in[1], in[5])
  Output bit 2: Ambiguous (3 candidates predict 0, 3 predict 1)
    For 0: AND(in[1], in[2]), INHIB(in[3], in[4]), INHIB(in[3], in[5])
    For 1: AND(in[1], in[3]), AND(in[3], in[7]), INHIB(in[3], in[6])
  Output bit 3: All 5 candidates agree -> value = 0
    Best match: AND(in[2], in[4]) = 0
  Output bit 4: Ambiguous (7 candidates predict 0, 2 predict 1)
    For 0: AND(in[3], in[6]), NOR(in[1], in[7]), INHIB(in[3], in[1])
    For 1: AND(in[3], in[4]), AND(in[3], in[5])
  Output bit 5: Ambiguous (2 candidates predict 0, 2 predict 1)
    For 0: ID(in[6]), AND(in[4], in[6])
    For 1: ID(in[4]), OR(in[4], in[6])
  Output bit 6: Ambiguous (1 candidates predict 0, 1 predict 1)
    For 0: INHIB(in[5], in[3])
    For 1: AND(in[5], in[7])
  Output bit 7: Ambiguous (2 candidates predict 0, 2 predict 1)
    For 0: AND(in[0], in[6]), INHIB(in[6], in[2])
    For 1: AND(in[0], in[4]), INHIB(in[4], in[2])

Step 2: No strong shift pattern detected.

Step 3: Resolve ambiguous bits using structural patterns.
  Bit 1: Resolved via pair/structure pattern -> value = 0
  Bit 2: Resolved via pair/structure pattern -> value = 1
  Bit 4: Resolved via pair/structure pattern -> value = 1
  Bit 5: Resolved via pair/structure pattern -> value = 0
  Bit 6: Resolved via pair/structure pattern -> value = 1
  Bit 7: Resolved via pair/structure pattern -> value = 0

Step 4: Resolve remaining 1 ambiguous bit(s) by scoring all combinations.
  Ambiguous positions: [0]
  Scoring considers: operation priors, complexity, template consistency, shift alignment.
  Bit 0 -> 1

Step 5: Combine all bits to form the output.
  bit0=1(scored) | bit1=0(ctx) | bit2=1(ctx) | bit3=0(unambig) | bit4=1(ctx) | bit5=0(ctx) | bit6=1(ctx) | bit7=0(ctx)

The answer is 10101010.",Bit Manipulation,low,bf,1
4732c53f,"In Alice's Wonderland, a secret bit manipulation rule transforms 8-bit binary numbers. The transformation involves operations like bit shifts, rotations, XOR, AND, OR, NOT, and possibly majority or choice functions.

Here are some examples of input -> output:
01101110 -> 00001001
11010100 -> 00010111
00101000 -> 11101011
01110011 -> 00100111
10100110 -> 01101110
10010100 -> 00110111
10100111 -> 11001110
01000101 -> 11111101
00100001 -> 01001111
00111010 -> 10100010

Now, determine the output for: 10101011",01001010,"I need to find the secret bit manipulation rule from the examples.

Given 10 examples:
  01101110 -> 00001001
  11010100 -> 00010111
  00101000 -> 11101011
  01110011 -> 00100111
  10100110 -> 01101110
  10010100 -> 00110111
  10100111 -> 11001110
  01000101 -> 11111101
  00100001 -> 01001111
  00111010 -> 10100010

Query: 10101011

Step 1: Analyze each output bit as an independent boolean function of input bits.

  Output bit 0: All 1 candidates agree -> value = 0
    Best match: XNOR(in[5], in[7]) = 0
  Output bit 1: All 1 candidates agree -> value = 1
    Best match: XNOR(in[0], in[6]) = 1
  Output bit 2: All 1 candidates agree -> value = 0
    Best match: XNOR(in[1], in[7]) = 0
  Output bit 3: All 5 candidates agree -> value = 0
    Best match: NOR(in[2], in[4]) = 0
  Output bit 4: All 1 candidates agree -> value = 1
    Best match: NOT(in[3]) = 1
  Output bit 5: Ambiguous (2 candidates predict 0, 3 predict 1)
    For 0: NOT(in[4]), NAND(in[2], in[4])
    For 1: OR(in[0], in[7]), IMPL(in[4], in[0]), IMPL(in[4], in[7])
  Output bit 6: Ambiguous (1 candidates predict 0, 2 predict 1)
    For 0: XNOR(in[0], in[5])
    For 1: IMPL(in[1], in[3]), IMPL(in[5], in[0])
  Output bit 7: All 1 candidates agree -> value = 0
    Best match: IMPL(in[6], in[1]) = 0

Step 2: Identify structural patterns.
  Confirmed bit mappings: bit3<-in[2](shift=7), bit4<-in[3](shift=7), bit5<-in[4](shift=7)
  Dominant shift = 7 (weight 11)

Step 3: Resolve ambiguous bits using structural patterns.
  Bit 5: Using shift=7, source = in[4] -> value = 0

Step 4: Resolve remaining 1 ambiguous bit(s) by scoring all combinations.
  Ambiguous positions: [6]
  Scoring considers: operation priors, complexity, template consistency, shift alignment.
  Bit 6 -> 0

Step 5: Combine all bits to form the output.
  bit0=0(unambig) | bit1=1(unambig) | bit2=0(unambig) | bit3=0(unambig) | bit4=1(unambig) | bit5=0(ctx) | bit6=0(scored) | bit7=0(unambig)

The answer is 01001000.",Bit Manipulation,low,bf,1
4736daab,"In Alice's Wonderland, a secret bit manipulation rule transforms 8-bit binary numbers. The transformation involves operations like bit shifts, rotations, XOR, AND, OR, NOT, and possibly majority or choice functions.

Here are some examples of input -> output:
00111101 -> 11010001
11001101 -> 11010110
01100111 -> 01110011
01001011 -> 10110010
11101110 -> 11100111
00110010 -> 00100001
10111011 -> 10110101
10011011 -> 10110100
01000101 -> 01010010

Now, determine the output for: 11110100",01000111,"I need to find the secret bit manipulation rule from the examples.

Given 9 examples:
  00111101 -> 11010001
  11001101 -> 11010110
  01100111 -> 01110011
  01001011 -> 10110010
  11101110 -> 11100111
  00110010 -> 00100001
  10111011 -> 10110101
  10011011 -> 10110100
  01000101 -> 01010010

Query: 11110100

Step 1: Analyze each output bit as an independent boolean function of input bits.

  Output bit 0: Ambiguous (1 candidates predict 0, 1 predict 1)
    For 0: ID(in[4])
    For 1: OR(in[0], in[4])
  Output bit 1: All 2 candidates agree -> value = 1
    Best match: ID(in[5]) = 1
  Output bit 2: Ambiguous (2 candidates predict 0, 1 predict 1)
    For 0: ID(in[6]), IMPL(in[5], in[6])
    For 1: IMPL(in[7], in[6])
  Output bit 3: Ambiguous (2 candidates predict 0, 1 predict 1)
    For 0: ID(in[7]), IMPL(in[2], in[7])
    For 1: IMPL(in[6], in[7])
  Output bit 4: Ambiguous (4 candidates predict 0, 4 predict 1)
    For 0: NOR(in[1], in[3]), NOR(in[2], in[7]), NOR(in[5], in[6])
    For 1: AND(in[1], in[3]), XNOR(in[1], in[3]), NOR(in[6], in[7])
  Output bit 5: Ambiguous (1 candidates predict 0, 1 predict 1)
    For 0: AND(in[0], in[4])
    For 1: ID(in[0])
  Output bit 6: Ambiguous (2 candidates predict 0, 2 predict 1)
    For 0: NOT(in[3]), INHIB(in[1], in[3])
    For 1: ID(in[1]), IMPL(in[3], in[1])
  Output bit 7: All 2 candidates agree -> value = 1
    Best match: ID(in[2]) = 1

Step 2: Identify structural patterns.
  Confirmed bit mappings: bit0<-in[4](shift=4), bit1<-in[5](shift=4), bit2<-in[6](shift=4), bit3<-in[7](shift=4), bit5<-in[0](shift=3)
  Dominant shift = 4 (weight 8)

Step 3: Resolve ambiguous bits using structural patterns.
  Bit 0: Using shift=4, source = in[4] -> value = 0
  Bit 2: Using shift=4, source = in[6] -> value = 0
  Bit 3: Using shift=4, source = in[7] -> value = 0
  Bit 5: Using shift=3, source = in[0] -> value = 1
  Bit 6: Using shift=3, source = in[1] -> value = 1

Step 4: Resolve remaining 1 ambiguous bit(s) by scoring all combinations.
  Ambiguous positions: [4]
  Scoring considers: operation priors, complexity, template consistency, shift alignment.
  Bit 4 -> 1

Step 5: Combine all bits to form the output.
  bit0=0(ctx) | bit1=1(unambig) | bit2=0(ctx) | bit3=0(ctx) | bit4=1(scored) | bit5=1(ctx) | bit6=1(ctx) | bit7=1(unambig)

The answer is 01001111.",Bit Manipulation,low,bf,1
47a5c4f4,"In Alice's Wonderland, a secret bit manipulation rule transforms 8-bit binary numbers. The transformation involves operations like bit shifts, rotations, XOR, AND, OR, NOT, and possibly majority or choice functions.

Here are some examples of input -> output:
10100000 -> 11111011
01000101 -> 10010101
00111110 -> 10001110
00100101 -> 10010110
01111100 -> 00011100
10000110 -> 01001011
00101000 -> 10111110
00001110 -> 00001111
11001000 -> 10111001

Now, determine the output for: 11111011",11100001,"I need to find the secret bit manipulation rule from the examples.

Given 9 examples:
  10100000 -> 11111011
  01000101 -> 10010101
  00111110 -> 10001110
  00100101 -> 10010110
  01111100 -> 00011100
  10000110 -> 01001011
  00101000 -> 10111110
  00001110 -> 00001111
  11001000 -> 10111001

Query: 11111011

Step 1: Analyze each output bit as an independent boolean function of input bits.

  Output bit 0: Ambiguous (1 candidates predict 0, 1 predict 1)
    For 0: XOR(in[1], in[2])
    For 1: XNOR(in[3], in[6])
  Output bit 1: Ambiguous (3 candidates predict 0, 1 predict 1)
    For 0: NOR(in[4], in[7]), INHIB(in[0], in[1]), INHIB(in[0], in[4])
    For 1: XNOR(in[4], in[7])
  Output bit 2: Ambiguous (3 candidates predict 0, 1 predict 1)
    For 0: NOR(in[3], in[5]), NOR(in[5], in[6]), NOR(in[5], in[7])
    For 1: NOT(in[5])
  Output bit 3: Ambiguous (1 candidates predict 0, 3 predict 1)
    For 0: NOT(in[6])
    For 1: NAND(in[5], in[6]), IMPL(in[6], in[1]), IMPL(in[6], in[7])
  Output bit 4: Ambiguous (1 candidates predict 0, 6 predict 1)
    For 0: NOT(in[7])
    For 1: OR(in[0], in[4]), NAND(in[5], in[7]), IMPL(in[7], in[0])
  Output bit 5: Ambiguous (1 candidates predict 0, 2 predict 1)
    For 0: NOT(in[0])
    For 1: IMPL(in[0], in[3]), IMPL(in[0], in[7])
  Output bit 6: Ambiguous (1 candidates predict 0, 1 predict 1)
    For 0: NOT(in[1])
    For 1: IMPL(in[1], in[6])
  Output bit 7: All 1 candidates agree -> value = 1
    Best match: IMPL(in[2], in[0]) = 1

Step 2: Identify structural patterns.
  Confirmed bit mappings: bit2<-in[5](shift=3), bit3<-in[6](shift=3), bit4<-in[7](shift=3), bit5<-in[0](shift=3), bit6<-in[1](shift=3)
  Dominant shift = 3 (weight 5)

Step 3: Resolve ambiguous bits using structural patterns.
  Bit 2: Using shift=3, source = in[5] -> value = 1
  Bit 3: Using shift=3, source = in[6] -> value = 0
  Bit 4: Using shift=3, source = in[7] -> value = 0
  Bit 5: Using shift=3, source = in[0] -> value = 0
  Bit 6: Using shift=3, source = in[1] -> value = 0

Step 4: Resolve remaining 2 ambiguous bit(s) by scoring all combinations.
  Ambiguous positions: [0, 1]
  Scoring considers: operation priors, complexity, template consistency, shift alignment.
  Bit 0 -> 1
  Bit 1 -> 0

Step 5: Combine all bits to form the output.
  bit0=1(scored) | bit1=0(scored) | bit2=1(ctx) | bit3=0(ctx) | bit4=0(ctx) | bit5=0(ctx) | bit6=0(ctx) | bit7=1(unambig)

The answer is 10100001.",Bit Manipulation,low,bf,2
48ded5e8,"In Alice's Wonderland, a secret bit manipulation rule transforms 8-bit binary numbers. The transformation involves operations like bit shifts, rotations, XOR, AND, OR, NOT, and possibly majority or choice functions.

Here are some examples of input -> output:
11100001 -> 10010111
10010111 -> 01001110
00111001 -> 01110100
11111011 -> 01111111
00011110 -> 00011000
11011011 -> 01101111
00000110 -> 00011000

Now, determine the output for: 01010101",00000101,"I need to find the secret bit manipulation rule from the examples.

Given 7 examples:
  11100001 -> 10010111
  10010111 -> 01001110
  00111001 -> 01110100
  11111011 -> 01111111
  00011110 -> 00011000
  11011011 -> 01101111
  00000110 -> 00011000

Query: 01010101

Step 1: Analyze each output bit as an independent boolean function of input bits.

  Output bit 0: Ambiguous (9 candidates predict 0, 3 predict 1)
    For 0: NOR(in[3], in[5]), NOR(in[3], in[6]), NOR(in[4], in[5])
    For 1: NOR(in[4], in[6]), INHIB(in[1], in[4]), INHIB(in[1], in[6])
  Output bit 1: All 2 candidates agree -> value = 1
    Best match: AND(in[3], in[7]) = 1
  Output bit 2: All 4 candidates agree -> value = 0
    Best match: AND(in[4], in[7]) = 0
  Output bit 3: Ambiguous (2 candidates predict 0, 1 predict 1)
    For 0: XNOR(in[2], in[7]), IMPL(in[7], in[2])
    For 1: IMPL(in[0], in[2])
  Output bit 4: Ambiguous (2 candidates predict 0, 2 predict 1)
    For 0: ID(in[6]), IMPL(in[7], in[6])
    For 1: OR(in[5], in[6]), IMPL(in[2], in[6])
  Output bit 5: Ambiguous (2 candidates predict 0, 7 predict 1)
    For 0: OR(in[0], in[2]), IMPL(in[5], in[0])
    For 1: ID(in[7]), OR(in[0], in[7]), OR(in[1], in[7])
  Output bit 6: Ambiguous (2 candidates predict 0, 1 predict 1)
    For 0: ID(in[0]), AND(in[0], in[7])
    For 1: OR(in[0], in[1])
  Output bit 7: Ambiguous (3 candidates predict 0, 2 predict 1)
    For 0: AND(in[0], in[1]), INHIB(in[0], in[5]), INHIB(in[1], in[5])
    For 1: ID(in[1]), AND(in[1], in[7])

Step 2: No strong shift pattern detected.

Step 3: No additional bits resolved by context propagation.

Step 4: Resolve remaining 6 ambiguous bit(s) by scoring all combinations.
  Ambiguous positions: [0, 3, 4, 5, 6, 7]
  Scoring considers: operation priors, complexity, template consistency, shift alignment.
  Bit 0 -> 0
  Bit 3 -> 0
  Bit 4 -> 0
  Bit 5 -> 1
  Bit 6 -> 0
  Bit 7 -> 1

Step 5: Combine all bits to form the output.
  bit0=0(scored) | bit1=1(unambig) | bit2=0(unambig) | bit3=0(scored) | bit4=0(scored) | bit5=1(scored) | bit6=0(scored) | bit7=1(scored)

The answer is 01000101.",Bit Manipulation,low,bf,6
493b0817,"In Alice's Wonderland, a secret bit manipulation rule transforms 8-bit binary numbers. The transformation involves operations like bit shifts, rotations, XOR, AND, OR, NOT, and possibly majority or choice functions.

Here are some examples of input -> output:
11111000 -> 10000011
00111001 -> 00011110
01011011 -> 11111101
00001100 -> 00100111
10100011 -> 10000011
01101101 -> 11110011
00000001 -> 11101101

Now, determine the output for: 10000101",10101111,"I need to find the secret bit manipulation rule from the examples.

Given 7 examples:
  11111000 -> 10000011
  00111001 -> 00011110
  01011011 -> 11111101
  00001100 -> 00100111
  10100011 -> 10000011
  01101101 -> 11110011
  00000001 -> 11101101

Query: 10000101

Step 1: Analyze each output bit as an independent boolean function of input bits.

  Output bit 0: All 2 candidates agree -> value = 1
    Best match: XNOR(in[1], in[4]) = 1
  Output bit 1: All 1 candidates agree -> value = 0
    Best match: XNOR(in[2], in[5]) = 0
  Output bit 2: All 2 candidates agree -> value = 1
    Best match: XNOR(in[3], in[6]) = 1
  Output bit 3: All 2 candidates agree -> value = 0
    Best match: AND(in[4], in[7]) = 0
  Output bit 4: Ambiguous (1 candidates predict 0, 1 predict 1)
    For 0: NOR(in[0], in[5])
    For 1: XNOR(in[0], in[5])
  Output bit 5: All 1 candidates agree -> value = 1
    Best match: XNOR(in[1], in[6]) = 1
  Output bit 6: Ambiguous (2 candidates predict 0, 1 predict 1)
    For 0: XOR(in[4], in[6]), IMPL(in[7], in[2])
    For 1: OR(in[2], in[5])
  Output bit 7: All 1 candidates agree -> value = 1
    Best match: IMPL(in[3], in[1]) = 1

Step 2: No strong shift pattern detected.

Step 3: Resolve ambiguous bits using structural patterns.
  Bit 4: Resolved via pair/structure pattern -> value = 1

Step 4: Resolve remaining 1 ambiguous bit(s) by scoring all combinations.
  Ambiguous positions: [6]
  Scoring considers: operation priors, complexity, template consistency, shift alignment.
  Bit 6 -> 0

Step 5: Combine all bits to form the output.
  bit0=1(unambig) | bit1=0(unambig) | bit2=1(unambig) | bit3=0(unambig) | bit4=1(ctx) | bit5=1(unambig) | bit6=0(scored) | bit7=1(unambig)

The answer is 10101101.",Bit Manipulation,low,bf,1
498083ff,"In Alice's Wonderland, a secret bit manipulation rule transforms 8-bit binary numbers. The transformation involves operations like bit shifts, rotations, XOR, AND, OR, NOT, and possibly majority or choice functions.

Here are some examples of input -> output:
00000001 -> 10111011
01000110 -> 01110111
10010110 -> 01001011
11010111 -> 01111111
10100011 -> 11011011
01100000 -> 01110111
01101010 -> 11111101
00000111 -> 00100011
01100110 -> 11111111

Now, determine the output for: 11010110",01111011,"I need to find the secret bit manipulation rule from the examples.

Given 9 examples:
  00000001 -> 10111011
  01000110 -> 01110111
  10010110 -> 01001011
  11010111 -> 01111111
  10100011 -> 11011011
  01100000 -> 01110111
  01101010 -> 11111101
  00000111 -> 00100011
  01100110 -> 11111111

Query: 11010110

Step 1: Analyze each output bit as an independent boolean function of input bits.

  Output bit 0: All 1 candidates agree -> value = 0
    Best match: XNOR(in[2], in[6]) = 0
  Output bit 1: All 2 candidates agree -> value = 1
    Best match: OR(in[0], in[1]) = 1
  Output bit 2: All 1 candidates agree -> value = 1
    Best match: IMPL(in[0], in[1]) = 1
  Output bit 3: All 1 candidates agree -> value = 1
    Best match: IMPL(in[5], in[1]) = 1
  Output bit 4: All 1 candidates agree -> value = 1
    Best match: XNOR(OR)(in[0], in[2], in[6]) = 1
  Output bit 5: Ambiguous (1 candidates predict 0, 2 predict 1)
    For 0: XNOR(in[3], in[7])
    For 1: ID(in[1]), OR(in[1], in[4])
  Output bit 6: All 8 candidates agree -> value = 1
    Best match: NOT(in[4]) = 1
  Output bit 7: All 14 candidates agree -> value = 1
    Best match: NAND(in[0], in[4]) = 1

Step 2: Identify structural patterns.
  Confirmed bit mappings: bit6<-in[4](shift=6)
  Dominant shift = 6 (weight 5)

Step 3: No additional bits resolved by context propagation.

Step 4: Resolve remaining 1 ambiguous bit(s) by scoring all combinations.
  Ambiguous positions: [5]
  Scoring considers: operation priors, complexity, template consistency, shift alignment.
  Bit 5 -> 1

Step 5: Combine all bits to form the output.
  bit0=0(unambig) | bit1=1(unambig) | bit2=1(unambig) | bit3=1(unambig) | bit4=1(unambig) | bit5=1(scored) | bit6=1(unambig) | bit7=1(unambig)

The answer is 01111111.",Bit Manipulation,low,bf,1
4b4f1779,"In Alice's Wonderland, a secret bit manipulation rule transforms 8-bit binary numbers. The transformation involves operations like bit shifts, rotations, XOR, AND, OR, NOT, and possibly majority or choice functions.

Here are some examples of input -> output:
10001011 -> 01011101
00001011 -> 01011001
01110110 -> 10111111
11110110 -> 10111111
01011001 -> 11001011
00001000 -> 01000001
01000101 -> 00101010

Now, determine the output for: 10010000",10010110,"I need to find the secret bit manipulation rule from the examples.

Given 7 examples:
  10001011 -> 01011101
  00001011 -> 01011001
  01110110 -> 10111111
  11110110 -> 10111111
  01011001 -> 11001011
  00001000 -> 01000001
  01000101 -> 00101010

Query: 10010000

Step 1: Check for whole-byte patterns.
  Mixed shift pattern detected.
  Rule: some output bits are shifted copies, rest use a uniform 2-input function.

Step 2: Apply the pattern to the query.
  10010000 -> 10000100

The answer is 10000100.",Bit Manipulation,high,w_mix,0
4b8f6727,"In Alice's Wonderland, a secret bit manipulation rule transforms 8-bit binary numbers. The transformation involves operations like bit shifts, rotations, XOR, AND, OR, NOT, and possibly majority or choice functions.

Here are some examples of input -> output:
10001110 -> 10111101
11010111 -> 01101010
01010111 -> 01011010
10010011 -> 00111011
10100011 -> 00110111
10110000 -> 11010111
10000000 -> 11011111
00010001 -> 10101011

Now, determine the output for: 10110101",11010110,"I need to find the secret bit manipulation rule from the examples.

Given 8 examples:
  10001110 -> 10111101
  11010111 -> 01101010
  01010111 -> 01011010
  10010011 -> 00111011
  10100011 -> 00110111
  10110000 -> 11010111
  10000000 -> 11011111
  00010001 -> 10101011

Query: 10110101

Step 1: Analyze each output bit as an independent boolean function of input bits.

  Output bit 0: All 3 candidates agree -> value = 1
    Best match: XNOR(in[4], in[6]) = 1
  Output bit 1: All 1 candidates agree -> value = 1
    Best match: XNOR(in[5], in[7]) = 1
  Output bit 2: All 1 candidates agree -> value = 0
    Best match: XNOR(in[0], in[6]) = 0
  Output bit 3: All 1 candidates agree -> value = 1
    Best match: XOR(in[0], in[1]) = 1
  Output bit 4: Ambiguous (4 candidates predict 0, 2 predict 1)
    For 0: NOT(in[2]), NAND(in[0], in[2]), IMPL(in[2], in[1])
    For 1: XNOR(in[3], in[7]), IMPL(in[2], in[5])
  Output bit 5: Ambiguous (1 candidates predict 0, 2 predict 1)
    For 0: NAND(in[3], in[7])
    For 1: IMPL(in[3], in[2]), IMPL(in[7], in[2])
  Output bit 6: Ambiguous (2 candidates predict 0, 11 predict 1)
    For 0: XNOR(in[1], in[5]), IMPL(in[5], in[1])
    For 1: NOT(in[4]), NAND(in[0], in[4]), NAND(in[4], in[5])
  Output bit 7: Ambiguous (4 candidates predict 0, 7 predict 1)
    For 0: XNOR(in[4], in[5]), NAND(in[3], in[5]), NAND(in[5], in[7])
    For 1: NOT(in[1]), NAND(in[1], in[3]), NAND(in[1], in[5])

Step 2: No strong shift pattern detected.

Step 3: No additional bits resolved by context propagation.

Step 4: Resolve remaining 4 ambiguous bit(s) by scoring all combinations.
  Ambiguous positions: [4, 5, 6, 7]
  Scoring considers: operation priors, complexity, template consistency, shift alignment.
  Bit 4 -> 0
  Bit 5 -> 1
  Bit 6 -> 1
  Bit 7 -> 1

Step 5: Combine all bits to form the output.
  bit0=1(unambig) | bit1=1(unambig) | bit2=0(unambig) | bit3=1(unambig) | bit4=0(scored) | bit5=1(scored) | bit6=1(scored) | bit7=1(scored)

The answer is 11010111.",Bit Manipulation,low,bf,4
4c327b55,"In Alice's Wonderland, a secret bit manipulation rule transforms 8-bit binary numbers. The transformation involves operations like bit shifts, rotations, XOR, AND, OR, NOT, and possibly majority or choice functions.

Here are some examples of input -> output:
10001000 -> 00011000
10100110 -> 01000110
00101110 -> 01011110
10011010 -> 00111101
10100001 -> 01001000
00000000 -> 00000000
10101110 -> 01010110
11010010 -> 10101001

Now, determine the output for: 01101101",11011100,"I need to find the secret bit manipulation rule from the examples.

Given 8 examples:
  10001000 -> 00011000
  10100110 -> 01000110
  00101110 -> 01011110
  10011010 -> 00111101
  10100001 -> 01001000
  00000000 -> 00000000
  10101110 -> 01010110
  11010010 -> 10101001

Query: 01101101

Step 1: Analyze each output bit as an independent boolean function of input bits.

  Output bit 0: Ambiguous (8 candidates predict 0, 1 predict 1)
    For 0: AND(in[0], in[1]), AND(in[1], in[3]), AND(in[1], in[6])
    For 1: ID(in[1])
  Output bit 1: Ambiguous (2 candidates predict 0, 5 predict 1)
    For 0: XOR(in[5], in[7]), INHIB(in[2], in[1])
    For 1: ID(in[2]), OR(in[2], in[5]), OR(in[2], in[7])
  Output bit 2: Ambiguous (8 candidates predict 0, 2 predict 1)
    For 0: ID(in[3]), AND(in[0], in[3]), AND(in[3], in[6])
    For 1: XOR(in[5], in[6]), OR(in[1], in[3])
  Output bit 3: Ambiguous (2 candidates predict 0, 1 predict 1)
    For 0: INHIB(in[4], in[1]), INHIB(in[4], in[7])
    For 1: ID(in[4])
  Output bit 4: All 1 candidates agree -> value = 1
    Best match: XOR(in[0], in[5]) = 1
  Output bit 5: Ambiguous (1 candidates predict 0, 1 predict 1)
    For 0: INHIB(in[6], in[1])
    For 1: XOR(in[1], in[6])
  Output bit 6: Ambiguous (8 candidates predict 0, 3 predict 1)
    For 0: AND(in[2], in[6]), AND(in[5], in[6]), XOR(in[2], in[7])
    For 1: ID(in[5]), AND(in[2], in[5]), INHIB(in[5], in[3])
  Output bit 7: Ambiguous (8 candidates predict 0, 2 predict 1)
    For 0: ID(in[3]), AND(in[0], in[3]), AND(in[3], in[6])
    For 1: XOR(in[5], in[6]), OR(in[1], in[3])

Step 2: No strong shift pattern detected.

Step 3: No additional bits resolved by context propagation.

Step 4: Resolve remaining 7 ambiguous bit(s) by scoring all combinations.
  Ambiguous positions: [0, 1, 2, 3, 5, 6, 7]
  Scoring considers: operation priors, complexity, template consistency, shift alignment.
  Bit 0 -> 1
  Bit 1 -> 1
  Bit 2 -> 0
  Bit 3 -> 1
  Bit 5 -> 1
  Bit 6 -> 1
  Bit 7 -> 0

Step 5: Combine all bits to form the output.
  bit0=1(scored) | bit1=1(scored) | bit2=0(scored) | bit3=1(scored) | bit4=1(unambig) | bit5=1(scored) | bit6=1(scored) | bit7=0(scored)

The answer is 11011110.",Bit Manipulation,low,bf,7
4e4424d5,"In Alice's Wonderland, a secret bit manipulation rule transforms 8-bit binary numbers. The transformation involves operations like bit shifts, rotations, XOR, AND, OR, NOT, and possibly majority or choice functions.

Here are some examples of input -> output:
10100111 -> 11101011
01011010 -> 10010111
01000000 -> 11111110
01011011 -> 00010111
11100011 -> 11111110
11101000 -> 01011110
00000000 -> 11111111

Now, determine the output for: 00110100",00101111,"I need to find the secret bit manipulation rule from the examples.

Given 7 examples:
  10100111 -> 11101011
  01011010 -> 10010111
  01000000 -> 11111110
  01011011 -> 00010111
  11100011 -> 11111110
  11101000 -> 01011110
  00000000 -> 11111111

Query: 00110100

Step 1: Analyze each output bit as an independent boolean function of input bits.

  Output bit 0: Ambiguous (1 candidates predict 0, 1 predict 1)
    For 0: XNOR(in[2], in[7])
    For 1: XNOR(in[0], in[7])
  Output bit 1: Ambiguous (2 candidates predict 0, 10 predict 1)
    For 0: NOT(in[3]), IMPL(in[3], in[0])
    For 1: NAND(in[1], in[3]), NAND(in[3], in[4]), NAND(in[3], in[6])
  Output bit 2: Ambiguous (2 candidates predict 0, 4 predict 1)
    For 0: XNOR(in[2], in[6]), NOR(in[3], in[4])
    For 1: XNOR(in[0], in[6]), NOT(in[4]), NAND(in[1], in[4])
  Output bit 3: Ambiguous (5 candidates predict 0, 7 predict 1)
    For 0: NOT(in[5]), NAND(in[2], in[5]), IMPL(in[2], in[1])
    For 1: NAND(in[0], in[5]), NAND(in[5], in[6]), NAND(in[5], in[7])
  Output bit 4: Ambiguous (2 candidates predict 0, 10 predict 1)
    For 0: NOT(in[3]), IMPL(in[3], in[0])
    For 1: NAND(in[1], in[3]), NAND(in[3], in[4]), NAND(in[3], in[6])
  Output bit 5: Ambiguous (5 candidates predict 0, 7 predict 1)
    For 0: NOT(in[5]), NAND(in[2], in[5]), IMPL(in[2], in[1])
    For 1: NAND(in[0], in[5]), NAND(in[5], in[6]), NAND(in[5], in[7])
  Output bit 6: Ambiguous (10 candidates predict 0, 8 predict 1)
    For 0: XNOR(in[0], in[2]), NAND(in[2], in[3]), NAND(in[3], in[5])
    For 1: NAND(in[0], in[3]), NAND(in[1], in[5]), NAND(in[4], in[5])
  Output bit 7: Ambiguous (1 candidates predict 0, 1 predict 1)
    For 0: XNOR(in[1], in[3])
    For 1: IMPL(in[1], in[3])

Step 2: No strong shift pattern detected.

Step 3: No additional bits resolved by context propagation.

Step 4: Resolve remaining 8 ambiguous bit(s) by scoring all combinations.
  Ambiguous positions: [0, 1, 2, 3, 4, 5, 6, 7]
  Scoring considers: operation priors, complexity, template consistency, shift alignment.
  Bit 0 -> 0
  Bit 1 -> 1
  Bit 2 -> 1
  Bit 3 -> 1
  Bit 4 -> 1
  Bit 5 -> 1
  Bit 6 -> 0
  Bit 7 -> 0

Step 5: Combine all bits to form the output.
  bit0=0(scored) | bit1=1(scored) | bit2=1(scored) | bit3=1(scored) | bit4=1(scored) | bit5=1(scored) | bit6=0(scored) | bit7=0(scored)

The answer is 01111100.",Bit Manipulation,low,bf,8
4e5df314,"In Alice's Wonderland, a secret bit manipulation rule transforms 8-bit binary numbers. The transformation involves operations like bit shifts, rotations, XOR, AND, OR, NOT, and possibly majority or choice functions.

Here are some examples of input -> output:
01011010 -> 00101101
00001010 -> 00000101
10110010 -> 01011001
01100101 -> 10110010
10101110 -> 01010111
11110101 -> 11111010
00011011 -> 00001101
01101000 -> 00110100
11111111 -> 11111111

Now, determine the output for: 01000100",00100010,"I need to find the secret bit manipulation rule from the examples.

Given 9 examples:
  01011010 -> 00101101
  00001010 -> 00000101
  10110010 -> 01011001
  01100101 -> 10110010
  10101110 -> 01010111
  11110101 -> 11111010
  00011011 -> 00001101
  01101000 -> 00110100
  11111111 -> 11111111

Query: 01000100

Step 1: Check for whole-byte patterns.
  Mixed shift pattern detected.
  Rule: some output bits are shifted copies, rest use a uniform 2-input function.

Step 2: Apply the pattern to the query.
  01000100 -> 10100010

The answer is 10100010.",Bit Manipulation,high,w_mix,0
4fb6e382,"In Alice's Wonderland, a secret bit manipulation rule transforms 8-bit binary numbers. The transformation involves operations like bit shifts, rotations, XOR, AND, OR, NOT, and possibly majority or choice functions.

Here are some examples of input -> output:
10001101 -> 00100001
01110001 -> 10111101
10100101 -> 01101111
00110001 -> 00001101
11111100 -> 01000111
01001001 -> 11011011
10010011 -> 00110100
11011111 -> 10011001

Now, determine the output for: 11100001",11111101,"I need to find the secret bit manipulation rule from the examples.

Given 8 examples:
  10001101 -> 00100001
  01110001 -> 10111101
  10100101 -> 01101111
  00110001 -> 00001101
  11111100 -> 01000111
  01001001 -> 11011011
  10010011 -> 00110100
  11011111 -> 10011001

Query: 11100001

Step 1: Analyze each output bit as an independent boolean function of input bits.

  Output bit 0: All 2 candidates agree -> value = 1
    Best match: AND(in[1], in[7]) = 1
  Output bit 1: All 1 candidates agree -> value = 1
    Best match: XNOR(in[0], in[2]) = 1
  Output bit 2: All 1 candidates agree -> value = 0
    Best match: XOR(OR)(in[0], in[4], in[1]) = 0
  Output bit 3: All 1 candidates agree -> value = 1
    Best match: MAJ(in[1], in[6], in[7]) = 1
  Output bit 4: All 1 candidates agree -> value = 1
    Best match: XNOR(AND)(in[0], in[4], in[6]) = 1
  Output bit 5: All 3 candidates agree -> value = 1
    Best match: XOR(in[4], in[7]) = 1
  Output bit 6: All 1 candidates agree -> value = 1
    Best match: XNOR(in[0], in[2]) = 1
  Output bit 7: Ambiguous (2 candidates predict 0, 4 predict 1)
    For 0: XNOR(in[0], in[5]), IMPL(in[0], in[5])
    For 1: OR(in[2], in[4]), IMPL(in[6], in[1]), IMPL(in[6], in[4])

Step 2: No strong shift pattern detected.

Step 3: No additional bits resolved by context propagation.

Step 4: Resolve remaining 1 ambiguous bit(s) by scoring all combinations.
  Ambiguous positions: [7]
  Scoring considers: operation priors, complexity, template consistency, shift alignment.
  Bit 7 -> 1

Step 5: Combine all bits to form the output.
  bit0=1(unambig) | bit1=1(unambig) | bit2=0(unambig) | bit3=1(unambig) | bit4=1(unambig) | bit5=1(unambig) | bit6=1(unambig) | bit7=1(scored)

The answer is 11011111.",Bit Manipulation,low,bf,1
5088b475,"In Alice's Wonderland, a secret bit manipulation rule transforms 8-bit binary numbers. The transformation involves operations like bit shifts, rotations, XOR, AND, OR, NOT, and possibly majority or choice functions.

Here are some examples of input -> output:
01001101 -> 01101000
10110011 -> 10011111
11001000 -> 01010110
01011100 -> 01001010
11111111 -> 00011111
01011011 -> 01001010
01011111 -> 01001010
00000010 -> 00010000

Now, determine the output for: 11110010",00010111,"I need to find the secret bit manipulation rule from the examples.

Given 8 examples:
  01001101 -> 01101000
  10110011 -> 10011111
  11001000 -> 01010110
  01011100 -> 01001010
  11111111 -> 00011111
  01011011 -> 01001010
  01011111 -> 01001010
  00000010 -> 00010000

Query: 11110010

Step 1: Analyze each output bit as an independent boolean function of input bits.

  Output bit 0: Ambiguous (5 candidates predict 0, 4 predict 1)
    For 0: INHIB(in[0], in[1]), INHIB(in[2], in[1]), INHIB(in[3], in[1])
    For 1: INHIB(in[0], in[4]), INHIB(in[2], in[4]), INHIB(in[2], in[5])
  Output bit 1: All 2 candidates agree -> value = 0
    Best match: INHIB(in[1], in[2]) = 0
  Output bit 2: All 3 candidates agree -> value = 0
    Best match: INHIB(in[5], in[3]) = 0
  Output bit 3: All 2 candidates agree -> value = 1
    Best match: IMPL(in[1], in[0]) = 1
  Output bit 4: Ambiguous (1 candidates predict 0, 2 predict 1)
    For 0: OR(in[5], in[7])
    For 1: OR(in[3], in[5]), OR(in[3], in[7])
  Output bit 5: All 2 candidates agree -> value = 1
    Best match: ID(in[0]) = 1
  Output bit 6: Ambiguous (1 candidates predict 0, 1 predict 1)
    For 0: XNOR(in[6], in[7])
    For 1: OR(in[0], in[3])
  Output bit 7: Ambiguous (2 candidates predict 0, 6 predict 1)
    For 0: AND(in[0], in[7]), AND(in[2], in[7])
    For 1: ID(in[2]), AND(in[0], in[2]), AND(in[0], in[3])

Step 2: Identify structural patterns.
  Confirmed bit mappings: bit5<-in[0](shift=3), bit7<-in[2](shift=3)
  Dominant shift = 3 (weight 6)

Step 3: Resolve ambiguous bits using structural patterns.
  Bit 0: Resolved via pair/structure pattern -> value = 0
  Bit 7: Using shift=3, source = in[2] -> value = 1

Step 4: Resolve remaining 2 ambiguous bit(s) by scoring all combinations.
  Ambiguous positions: [4, 6]
  Scoring considers: operation priors, complexity, template consistency, shift alignment.
  Bit 4 -> 1
  Bit 6 -> 0

Step 5: Combine all bits to form the output.
  bit0=0(ctx) | bit1=0(unambig) | bit2=0(unambig) | bit3=1(unambig) | bit4=1(scored) | bit5=1(unambig) | bit6=0(scored) | bit7=1(ctx)

The answer is 00011101.",Bit Manipulation,low,bf,2
50e57462,"In Alice's Wonderland, a secret bit manipulation rule transforms 8-bit binary numbers. The transformation involves operations like bit shifts, rotations, XOR, AND, OR, NOT, and possibly majority or choice functions.

Here are some examples of input -> output:
11001110 -> 01111100
10010010 -> 10011001
01111011 -> 11011111
00011011 -> 11011001
00100101 -> 00101010
01010101 -> 10101101
00011001 -> 11001001

Now, determine the output for: 01111100",11100111,"I need to find the secret bit manipulation rule from the examples.

Given 7 examples:
  11001110 -> 01111100
  10010010 -> 10011001
  01111011 -> 11011111
  00011011 -> 11011001
  00100101 -> 00101010
  01010101 -> 10101101
  00011001 -> 11001001

Query: 01111100

Step 1: Analyze each output bit as an independent boolean function of input bits.

  Output bit 0: All 2 candidates agree -> value = 1
    Best match: ID(in[3]) = 1
  Output bit 1: Ambiguous (1 candidates predict 0, 2 predict 1)
    For 0: XNOR(in[0], in[5])
    For 1: ID(in[4]), XOR(in[5], in[7])
  Output bit 2: Ambiguous (2 candidates predict 0, 3 predict 1)
    For 0: XOR(in[1], in[2]), XNOR(in[0], in[4])
    For 1: ID(in[5]), XOR(in[4], in[7]), IMPL(in[3], in[5])
  Output bit 3: Ambiguous (2 candidates predict 0, 1 predict 1)
    For 0: ID(in[6]), OR(in[0], in[6])
    For 1: IMPL(in[7], in[6])
  Output bit 4: Ambiguous (4 candidates predict 0, 5 predict 1)
    For 0: XOR(in[0], in[7]), OR(in[0], in[7]), OR(in[6], in[7])
    For 1: OR(in[3], in[5]), NAND(in[0], in[2]), NAND(in[0], in[7])
  Output bit 5: Ambiguous (1 candidates predict 0, 1 predict 1)
    For 0: XOR(in[2], in[5])
    For 1: ID(in[1])
  Output bit 6: Ambiguous (2 candidates predict 0, 2 predict 1)
    For 0: AND(in[2], in[7]), XOR(in[1], in[5])
    For 1: ID(in[2]), INHIB(in[2], in[0])
  Output bit 7: All 2 candidates agree -> value = 1
    Best match: ID(in[3]) = 1

Step 2: Identify structural patterns.
  Confirmed bit mappings: bit0<-in[3](shift=3), bit1<-in[4](shift=3), bit2<-in[5](shift=3), bit3<-in[6](shift=3), bit5<-in[1](shift=4)
  Dominant shift = 3 (weight 8)

Step 3: Resolve ambiguous bits using structural patterns.
  Bit 1: Using shift=3, source = in[4] -> value = 1
  Bit 2: Using shift=3, source = in[5] -> value = 1
  Bit 3: Using shift=3, source = in[6] -> value = 0
  Bit 5: Using shift=4, source = in[1] -> value = 1
  Bit 6: Using shift=4, source = in[2] -> value = 1

Step 4: Resolve remaining 1 ambiguous bit(s) by scoring all combinations.
  Ambiguous positions: [4]
  Scoring considers: operation priors, complexity, template consistency, shift alignment.
  Bit 4 -> 1

Step 5: Combine all bits to form the output.
  bit0=1(unambig) | bit1=1(ctx) | bit2=1(ctx) | bit3=0(ctx) | bit4=1(scored) | bit5=1(ctx) | bit6=1(ctx) | bit7=1(unambig)

The answer is 11101111.",Bit Manipulation,low,bf,1
51007339,"In Alice's Wonderland, a secret bit manipulation rule transforms 8-bit binary numbers. The transformation involves operations like bit shifts, rotations, XOR, AND, OR, NOT, and possibly majority or choice functions.

Here are some examples of input -> output:
00001001 -> 01001000
01101110 -> 01011011
00010000 -> 10000000
11101111 -> 01111011
10000000 -> 00000100
10100100 -> 00100101
11110101 -> 00111111
00011100 -> 10000000
01100010 -> 00011011

Now, determine the output for: 11010001",10001110,"I need to find the secret bit manipulation rule from the examples.

Given 9 examples:
  00001001 -> 01001000
  01101110 -> 01011011
  00010000 -> 10000000
  11101111 -> 01111011
  10000000 -> 00000100
  10100100 -> 00100101
  11110101 -> 00111111
  00011100 -> 10000000
  01100010 -> 00011011

Query: 11010001

Step 1: Analyze each output bit as an independent boolean function of input bits.

  Output bit 0: Ambiguous (3 candidates predict 0, 1 predict 1)
    For 0: INHIB(in[3], in[0]), INHIB(in[3], in[1]), INHIB(in[3], in[7])
    For 1: INHIB(in[3], in[2])
  Output bit 1: All 1 candidates agree -> value = 0
    Best match: INHIB(in[4], in[3]) = 0
  Output bit 2: All 2 candidates agree -> value = 0
    Best match: AND(in[0], in[2]) = 0
  Output bit 3: Ambiguous (1 candidates predict 0, 2 predict 1)
    For 0: AND(in[1], in[2])
    For 1: ID(in[1]), OR(in[1], in[6])
  Output bit 4: All 2 candidates agree -> value = 1
    Best match: OR(in[1], in[7]) = 1
  Output bit 5: All 2 candidates agree -> value = 1
    Best match: INHIB(in[0], in[4]) = 1
  Output bit 6: Ambiguous (1 candidates predict 0, 2 predict 1)
    For 0: AND(in[1], in[2])
    For 1: ID(in[1]), OR(in[1], in[6])
  Output bit 7: Ambiguous (2 candidates predict 0, 1 predict 1)
    For 0: ID(in[2]), OR(in[2], in[6])
    For 1: OR(in[1], in[2])

Step 2: No strong shift pattern detected.

Step 3: No additional bits resolved by context propagation.

Step 4: Resolve remaining 4 ambiguous bit(s) by scoring all combinations.
  Ambiguous positions: [0, 3, 6, 7]
  Scoring considers: operation priors, complexity, template consistency, shift alignment.
  Bit 0 -> 0
  Bit 3 -> 1
  Bit 6 -> 1
  Bit 7 -> 0

Step 5: Combine all bits to form the output.
  bit0=0(scored) | bit1=0(unambig) | bit2=0(unambig) | bit3=1(scored) | bit4=1(unambig) | bit5=1(unambig) | bit6=1(scored) | bit7=0(scored)

The answer is 00011110.",Bit Manipulation,low,bf,4
511bb76a,"In Alice's Wonderland, a secret bit manipulation rule transforms 8-bit binary numbers. The transformation involves operations like bit shifts, rotations, XOR, AND, OR, NOT, and possibly majority or choice functions.

Here are some examples of input -> output:
10111000 -> 00000000
11100001 -> 00000000
01100101 -> 10000000
10011001 -> 00100000
11100010 -> 01000000
10110010 -> 01000000
10101010 -> 01000000

Now, determine the output for: 01001111",10000000,"I need to find the secret bit manipulation rule from the examples.

Given 7 examples:
  10111000 -> 00000000
  11100001 -> 00000000
  01100101 -> 10000000
  10011001 -> 00100000
  11100010 -> 01000000
  10110010 -> 01000000
  10101010 -> 01000000

Query: 01001111

Step 1: Analyze each output bit as an independent boolean function of input bits.

  Output bit 0: Ambiguous (6 candidates predict 0, 10 predict 1)
    For 0: AND(in[2], in[5]), NOR(in[0], in[4]), NOR(in[0], in[6])
    For 1: ID(in[5]), AND(in[1], in[5]), AND(in[5], in[7])
  Output bit 1: Ambiguous (4 candidates predict 0, 1 predict 1)
    For 0: AND(in[0], in[6]), AND(in[2], in[6]), INHIB(in[6], in[5])
    For 1: ID(in[6])
  Output bit 2: Ambiguous (7 candidates predict 0, 4 predict 1)
    For 0: AND(in[3], in[7]), NOR(in[1], in[2]), NOR(in[2], in[5])
    For 1: AND(in[4], in[7]), NOT(in[2]), INHIB(in[4], in[2])
  Output bit 3: Ambiguous (13 candidates predict 0, 11 predict 1)
    For 0: AND(in[0], in[5]), AND(in[1], in[3]), AND(in[3], in[5])
    For 1: AND(in[1], in[4]), AND(in[4], in[5]), AND(in[5], in[6])
  Output bit 4: Ambiguous (13 candidates predict 0, 11 predict 1)
    For 0: AND(in[0], in[5]), AND(in[1], in[3]), AND(in[3], in[5])
    For 1: AND(in[1], in[4]), AND(in[4], in[5]), AND(in[5], in[6])
  Output bit 5: Ambiguous (13 candidates predict 0, 11 predict 1)
    For 0: AND(in[0], in[5]), AND(in[1], in[3]), AND(in[3], in[5])
    For 1: AND(in[1], in[4]), AND(in[4], in[5]), AND(in[5], in[6])
  Output bit 6: Ambiguous (13 candidates predict 0, 11 predict 1)
    For 0: AND(in[0], in[5]), AND(in[1], in[3]), AND(in[3], in[5])
    For 1: AND(in[1], in[4]), AND(in[4], in[5]), AND(in[5], in[6])
  Output bit 7: Ambiguous (13 candidates predict 0, 11 predict 1)
    For 0: AND(in[0], in[5]), AND(in[1], in[3]), AND(in[3], in[5])
    For 1: AND(in[1], in[4]), AND(in[4], in[5]), AND(in[5], in[6])

Step 2: No strong shift pattern detected.

Step 3: No additional bits resolved by context propagation.

Step 4: Resolve remaining 8 ambiguous bit(s) by scoring all combinations.
  Ambiguous positions: [0, 1, 2, 3, 4, 5, 6, 7]
  Scoring considers: operation priors, complexity, template consistency, shift alignment.
  Bit 0 -> 1
  Bit 1 -> 1
  Bit 2 -> 0
  Bit 3 -> 0
  Bit 4 -> 0
  Bit 5 -> 0
  Bit 6 -> 0
  Bit 7 -> 0

Step 5: Combine all bits to form the output.
  bit0=1(scored) | bit1=1(scored) | bit2=0(scored) | bit3=0(scored) | bit4=0(scored) | bit5=0(scored) | bit6=0(scored) | bit7=0(scored)

The answer is 11000000.",Bit Manipulation,low,bf,8
512e1118,"In Alice's Wonderland, a secret bit manipulation rule transforms 8-bit binary numbers. The transformation involves operations like bit shifts, rotations, XOR, AND, OR, NOT, and possibly majority or choice functions.

Here are some examples of input -> output:
11100110 -> 10110011
00101011 -> 11011101
10111000 -> 11011110
00010001 -> 11111101
10000100 -> 01110110
11100100 -> 11110110
11010000 -> 01111110
11010110 -> 11111011
11101110 -> 10110111
00110111 -> 01111011

Now, determine the output for: 11110100",11111110,"I need to find the secret bit manipulation rule from the examples.

Given 10 examples:
  11100110 -> 10110011
  00101011 -> 11011101
  10111000 -> 11011110
  00010001 -> 11111101
  10000100 -> 01110110
  11100100 -> 11110110
  11010000 -> 01111110
  11010110 -> 11111011
  11101110 -> 10110111
  00110111 -> 01111011

Query: 11110100

Step 1: Analyze each output bit as an independent boolean function of input bits.

  Output bit 0: All 1 candidates agree -> value = 1
    Best match: XNOR(in[1], in[5]) = 1
  Output bit 1: All 1 candidates agree -> value = 0
    Best match: XOR3(in[3], in[5], in[6]) = 0
  Output bit 2: All 3 candidates agree -> value = 1
    Best match: IMPL(in[2], in[5]) = 1
  Output bit 3: All 7 candidates agree -> value = 1
    Best match: XOR(in[0], in[7]) = 1
  Output bit 4: All 3 candidates agree -> value = 1
    Best match: OR(in[3], in[7]) = 1
  Output bit 5: All 1 candidates agree -> value = 1
    Best match: IMPL(in[6], in[4]) = 1
  Output bit 6: All 2 candidates agree -> value = 1
    Best match: OR(in[0], in[5]) = 1
  Output bit 7: All 2 candidates agree -> value = 0
    Best match: OR(in[6], in[7]) = 0

Step 2: No strong shift pattern detected.

Step 3: No additional bits resolved by context propagation.

Step 4: All bits resolved without brute-force.

Step 5: Combine all bits to form the output.
  bit0=1(unambig) | bit1=0(unambig) | bit2=1(unambig) | bit3=1(unambig) | bit4=1(unambig) | bit5=1(unambig) | bit6=1(unambig) | bit7=0(unambig)

The answer is 10111110.",Bit Manipulation,high,ctx,0
52862572,"In Alice's Wonderland, a secret bit manipulation rule transforms 8-bit binary numbers. The transformation involves operations like bit shifts, rotations, XOR, AND, OR, NOT, and possibly majority or choice functions.

Here are some examples of input -> output:
11110111 -> 10111111
10110011 -> 10111111
10100001 -> 00100111
01101011 -> 00010011
10000110 -> 10001100
01000001 -> 01010111
11111101 -> 11101111
01010001 -> 11011111

Now, determine the output for: 01011010",00000010,"I need to find the secret bit manipulation rule from the examples.

Given 8 examples:
  11110111 -> 10111111
  10110011 -> 10111111
  10100001 -> 00100111
  01101011 -> 00010011
  10000110 -> 10001100
  01000001 -> 01010111
  11111101 -> 11101111
  01010001 -> 11011111

Query: 01011010

Step 1: Analyze each output bit as an independent boolean function of input bits.

  Output bit 0: Ambiguous (1 candidates predict 0, 2 predict 1)
    For 0: XNOR(in[3], in[7])
    For 1: OR(in[3], in[5]), IMPL(in[7], in[3])
  Output bit 1: All 2 candidates agree -> value = 0
    Best match: XNOR(in[0], in[4]) = 0
  Output bit 2: Ambiguous (3 candidates predict 0, 1 predict 1)
    For 0: AND(in[0], in[2]), AND(in[0], in[7]), XNOR(in[1], in[5])
    For 1: XNOR(in[0], in[7])
  Output bit 3: All 1 candidates agree -> value = 0
    Best match: XNOR(in[2], in[6]) = 0
  Output bit 4: Ambiguous (1 candidates predict 0, 2 predict 1)
    For 0: XNOR(in[3], in[7])
    For 1: OR(in[3], in[5]), IMPL(in[7], in[3])
  Output bit 5: Ambiguous (4 candidates predict 0, 2 predict 1)
    For 0: NAND(in[4], in[6]), IMPL(in[4], in[0]), IMPL(in[4], in[5])
    For 1: IMPL(in[2], in[0]), IMPL(in[4], in[3])
  Output bit 6: Ambiguous (4 candidates predict 0, 10 predict 1)
    For 0: ID(in[7]), OR(in[2], in[7]), IMPL(in[6], in[2])
    For 1: OR(in[1], in[2]), OR(in[1], in[7]), OR(in[3], in[7])
  Output bit 7: Ambiguous (4 candidates predict 0, 10 predict 1)
    For 0: ID(in[7]), OR(in[2], in[7]), IMPL(in[6], in[2])
    For 1: OR(in[1], in[2]), OR(in[1], in[7]), OR(in[3], in[7])

Step 2: No strong shift pattern detected.

Step 3: Resolve ambiguous bits using structural patterns.
  Bit 0: Resolved via pair/structure pattern -> value = 0
  Bit 2: Resolved via pair/structure pattern -> value = 0
  Bit 4: Resolved via pair/structure pattern -> value = 0

Step 4: Resolve remaining 3 ambiguous bit(s) by scoring all combinations.
  Ambiguous positions: [5, 6, 7]
  Scoring considers: operation priors, complexity, template consistency, shift alignment.
  Bit 5 -> 0
  Bit 6 -> 0
  Bit 7 -> 0

Step 5: Combine all bits to form the output.
  bit0=0(ctx) | bit1=0(unambig) | bit2=0(ctx) | bit3=0(unambig) | bit4=0(ctx) | bit5=0(scored) | bit6=0(scored) | bit7=0(scored)

The answer is 00000000.",Bit Manipulation,low,bf,3
53d09e5a,"In Alice's Wonderland, a secret bit manipulation rule transforms 8-bit binary numbers. The transformation involves operations like bit shifts, rotations, XOR, AND, OR, NOT, and possibly majority or choice functions.

Here are some examples of input -> output:
11100010 -> 11111011
11100011 -> 11111001
11101110 -> 11110111
11010101 -> 01111110
11000101 -> 01110110
00011100 -> 11001111
11011110 -> 11101111
00010010 -> 01011011
11011010 -> 11101111

Now, determine the output for: 00110001",11011101,"I need to find the secret bit manipulation rule from the examples.

Given 9 examples:
  11100010 -> 11111011
  11100011 -> 11111001
  11101110 -> 11110111
  11010101 -> 01111110
  11000101 -> 01110110
  00011100 -> 11001111
  11011110 -> 11101111
  00010010 -> 01011011
  11011010 -> 11101111

Query: 00110001

Step 1: Analyze each output bit as an independent boolean function of input bits.

  Output bit 0: All 3 candidates agree -> value = 1
    Best match: XNOR(in[0], in[6]) = 1
  Output bit 1: Ambiguous (7 candidates predict 0, 7 predict 1)
    For 0: OR(in[5], in[6]), NAND(in[2], in[3]), IMPL(in[2], in[0])
    For 1: XNOR(in[0], in[1]), OR(in[0], in[3]), OR(in[1], in[3])
  Output bit 2: Ambiguous (6 candidates predict 0, 4 predict 1)
    For 0: ID(in[0]), ID(in[1]), AND(in[0], in[1])
    For 1: OR(in[0], in[2]), OR(in[0], in[7]), OR(in[1], in[2])
  Output bit 3: All 2 candidates agree -> value = 1
    Best match: NAND(in[3], in[4]) = 1
  Output bit 4: All 1 candidates agree -> value = 1
    Best match: IMPL(in[5], in[3]) = 1
  Output bit 5: Ambiguous (1 candidates predict 0, 1 predict 1)
    For 0: OR(in[4], in[5])
    For 1: IMPL(in[6], in[4])
  Output bit 6: Ambiguous (2 candidates predict 0, 1 predict 1)
    For 0: NAND(in[2], in[7]), IMPL(in[7], in[5])
    For 1: NAND(in[6], in[7])
  Output bit 7: Ambiguous (2 candidates predict 0, 5 predict 1)
    For 0: OR(in[4], in[6]), IMPL(in[7], in[6])
    For 1: NAND(in[5], in[7]), IMPL(in[0], in[6]), IMPL(in[1], in[6])

Step 2: No strong shift pattern detected.

Step 3: Resolve ambiguous bits using structural patterns.
  Bit 1: Resolved via pair/structure pattern -> value = 0
  Bit 2: Resolved via pair/structure pattern -> value = 0
  Bit 5: Resolved via pair/structure pattern -> value = 1
  Bit 6: Resolved via pair/structure pattern -> value = 0
  Bit 7: Resolved via pair/structure pattern -> value = 1

Step 4: All bits resolved without brute-force.

Step 5: Combine all bits to form the output.
  bit0=1(unambig) | bit1=0(ctx) | bit2=0(ctx) | bit3=1(unambig) | bit4=1(unambig) | bit5=1(ctx) | bit6=0(ctx) | bit7=1(ctx)

The answer is 10011101.",Bit Manipulation,high,ctx,0
54d2b3b0,"In Alice's Wonderland, a secret bit manipulation rule transforms 8-bit binary numbers. The transformation involves operations like bit shifts, rotations, XOR, AND, OR, NOT, and possibly majority or choice functions.

Here are some examples of input -> output:
01101011 -> 00010100
11001010 -> 00000101
11100001 -> 01000001
01000000 -> 00000000
11110011 -> 01100001
00000101 -> 00000010
00111010 -> 00010100
11111011 -> 01110101
11100010 -> 01000001

Now, determine the output for: 00000110",00000000,"I need to find the secret bit manipulation rule from the examples.

Given 9 examples:
  01101011 -> 00010100
  11001010 -> 00000101
  11100001 -> 01000001
  01000000 -> 00000000
  11110011 -> 01100001
  00000101 -> 00000010
  00111010 -> 00010100
  11111011 -> 01110101
  11100010 -> 01000001

Query: 00000110

Step 1: Analyze each output bit as an independent boolean function of input bits.

  Output bit 0: Ambiguous (10 candidates predict 0, 2 predict 1)
    For 0: AND(in[0], in[5]), AND(in[1], in[5]), AND(in[2], in[5])
    For 1: AND(in[5], in[6]), INHIB(in[5], in[7])
  Output bit 1: All 1 candidates agree -> value = 0
    Best match: AND(in[0], in[2]) = 0
  Output bit 2: All 3 candidates agree -> value = 0
    Best match: AND(in[0], in[3]) = 0
  Output bit 3: All 1 candidates agree -> value = 0
    Best match: AND(in[2], in[4]) = 0
  Output bit 4: Ambiguous (10 candidates predict 0, 2 predict 1)
    For 0: AND(in[0], in[5]), AND(in[1], in[5]), AND(in[2], in[5])
    For 1: AND(in[5], in[6]), INHIB(in[5], in[7])
  Output bit 5: All 3 candidates agree -> value = 0
    Best match: ID(in[4]) = 0
  Output bit 6: Ambiguous (5 candidates predict 0, 9 predict 1)
    For 0: AND(in[5], in[7]), NOR(in[1], in[6]), INHIB(in[5], in[6])
    For 1: ID(in[5]), NOR(in[1], in[2]), NOR(in[1], in[3])
  Output bit 7: All 3 candidates agree -> value = 0
    Best match: ID(in[0]) = 0

Step 2: Identify structural patterns.
  Confirmed bit mappings: bit5<-in[4](shift=7), bit6<-in[5](shift=7), bit7<-in[0](shift=1)
  Dominant shift = 7 (weight 6)

Step 3: Resolve ambiguous bits using structural patterns.
  Bit 4: Resolved via pair/structure pattern -> value = 0
  Bit 6: Using shift=7, source = in[5] -> value = 1

Step 4: Resolve remaining 1 ambiguous bit(s) by scoring all combinations.
  Ambiguous positions: [0]
  Scoring considers: operation priors, complexity, template consistency, shift alignment.
  Bit 0 -> 0

Step 5: Combine all bits to form the output.
  bit0=0(scored) | bit1=0(unambig) | bit2=0(unambig) | bit3=0(unambig) | bit4=0(ctx) | bit5=0(unambig) | bit6=1(ctx) | bit7=0(unambig)

The answer is 00000010.",Bit Manipulation,low,bf,1
56672c27,"In Alice's Wonderland, a secret bit manipulation rule transforms 8-bit binary numbers. The transformation involves operations like bit shifts, rotations, XOR, AND, OR, NOT, and possibly majority or choice functions.

Here are some examples of input -> output:
00001011 -> 10111101
01101010 -> 01101101
00101110 -> 01110101
11111101 -> 00011111
01000111 -> 10101110
11010000 -> 11011011
11011000 -> 11011011
10111010 -> 01010111

Now, determine the output for: 01001010",01101101,"I need to find the secret bit manipulation rule from the examples.

Given 8 examples:
  00001011 -> 10111101
  01101010 -> 01101101
  00101110 -> 01110101
  11111101 -> 00011111
  01000111 -> 10101110
  11010000 -> 11011011
  11011000 -> 11011011
  10111010 -> 01010111

Query: 01001010

Step 1: Analyze each output bit as an independent boolean function of input bits.

  Output bit 0: Ambiguous (1 candidates predict 0, 2 predict 1)
    For 0: XNOR(in[6], in[7])
    For 1: NOT(in[2]), NAND(in[2], in[4])
  Output bit 1: Ambiguous (1 candidates predict 0, 1 predict 1)
    For 0: XNOR(in[2], in[6])
    For 1: NOT(in[7])
  Output bit 2: All 6 candidates agree -> value = 1
    Best match: NOR(in[0], in[3]) = 1
  Output bit 3: All 4 candidates agree -> value = 0
    Best match: XOR(in[1], in[6]) = 0
  Output bit 4: All 2 candidates agree -> value = 1
    Best match: OR(in[1], in[7]) = 1
  Output bit 5: Ambiguous (1 candidates predict 0, 5 predict 1)
    For 0: OR(in[2], in[7])
    For 1: OR(in[2], in[6]), OR(in[5], in[6]), OR(in[6], in[7])
  Output bit 6: All 2 candidates agree -> value = 0
    Best match: IMPL(in[4], in[0]) = 0
  Output bit 7: All 6 candidates agree -> value = 1
    Best match: OR(in[0], in[4]) = 1

Step 2: Identify structural patterns.
  Confirmed bit mappings: bit1<-in[7](shift=6), bit2<-in[3](shift=1)
  Dominant shift = 6 (weight 6)

Step 3: Resolve ambiguous bits using structural patterns.
  Bit 1: Using shift=6, source = in[7] -> value = 1
  Bit 5: Resolved via pair/structure pattern -> value = 1

Step 4: Resolve remaining 1 ambiguous bit(s) by scoring all combinations.
  Ambiguous positions: [0]
  Scoring considers: operation priors, complexity, template consistency, shift alignment.
  Bit 0 -> 1

Step 5: Combine all bits to form the output.
  bit0=1(scored) | bit1=1(ctx) | bit2=1(unambig) | bit3=0(unambig) | bit4=1(unambig) | bit5=1(ctx) | bit6=0(unambig) | bit7=1(unambig)

The answer is 11101101.",Bit Manipulation,low,bf,1
567e3da4,"In Alice's Wonderland, a secret bit manipulation rule transforms 8-bit binary numbers. The transformation involves operations like bit shifts, rotations, XOR, AND, OR, NOT, and possibly majority or choice functions.

Here are some examples of input -> output:
00110001 -> 00010011
00001001 -> 00010000
01010110 -> 01100101
01010001 -> 00010101
01110100 -> 01000111
10100110 -> 01101010
10111000 -> 10001011
01100100 -> 01000110
01011011 -> 00110101

Now, determine the output for: 01001000",10000100,"I need to find the secret bit manipulation rule from the examples.

Given 9 examples:
  00110001 -> 00010011
  00001001 -> 00010000
  01010110 -> 01100101
  01010001 -> 00010101
  01110100 -> 01000111
  10100110 -> 01101010
  10111000 -> 10001011
  01100100 -> 01000110
  01011011 -> 00110101

Query: 01001000

Step 1: Check for whole-byte patterns.
  Mixed shift pattern detected.
  Rule: some output bits are shifted copies, rest use a uniform 2-input function.

Step 2: Apply the pattern to the query.
  01001000 -> 00000100

The answer is 00000100.",Bit Manipulation,high,w_mix,0
57256dec,"In Alice's Wonderland, a secret bit manipulation rule transforms 8-bit binary numbers. The transformation involves operations like bit shifts, rotations, XOR, AND, OR, NOT, and possibly majority or choice functions.

Here are some examples of input -> output:
11111101 -> 11001111
00111000 -> 10111101
01011111 -> 11110010
01101001 -> 00100011
10111001 -> 10101101
01000010 -> 11001011
10111100 -> 11010101

Now, determine the output for: 01110011",01010011,"I need to find the secret bit manipulation rule from the examples.

Given 7 examples:
  11111101 -> 11001111
  00111000 -> 10111101
  01011111 -> 11110010
  01101001 -> 00100011
  10111001 -> 10101101
  01000010 -> 11001011
  10111100 -> 11010101

Query: 01110011

Step 1: Analyze each output bit as an independent boolean function of input bits.

  Output bit 0: Ambiguous (1 candidates predict 0, 4 predict 1)
    For 0: XNOR(in[3], in[4])
    For 1: OR(in[3], in[6]), IMPL(in[2], in[3]), IMPL(in[4], in[3])
  Output bit 1: Ambiguous (1 candidates predict 0, 3 predict 1)
    For 0: IMPL(in[2], in[5])
    For 1: XNOR(in[4], in[5]), OR(in[5], in[6]), IMPL(in[4], in[5])
  Output bit 2: Ambiguous (1 candidates predict 0, 1 predict 1)
    For 0: XNOR(in[5], in[6])
    For 1: XOR(in[2], in[5])
  Output bit 3: Ambiguous (1 candidates predict 0, 1 predict 1)
    For 0: XOR(in[2], in[7])
    For 1: XNOR(in[6], in[7])
  Output bit 4: All 1 candidates agree -> value = 0
    Best match: XNOR(in[0], in[7]) = 0
  Output bit 5: Ambiguous (2 candidates predict 0, 1 predict 1)
    For 0: INHIB(in[3], in[6]), IMPL(in[1], in[0])
    For 1: AND(in[2], in[3])
  Output bit 6: All 5 candidates agree -> value = 1
    Best match: ID(in[1]) = 1
  Output bit 7: Ambiguous (3 candidates predict 0, 8 predict 1)
    For 0: XNOR(in[2], in[4]), NAND(in[3], in[6]), NAND(in[6], in[7])
    For 1: XOR(in[4], in[6]), NAND(in[4], in[6]), NAND(in[5], in[6])

Step 2: Identify structural patterns.
  Confirmed bit mappings: bit6<-in[1](shift=3)
  Dominant shift = 3 (weight 5)

Step 3: Resolve ambiguous bits using structural patterns.
  Bit 0: Resolved via pair/structure pattern -> value = 0
  Bit 1: Resolved via pair/structure pattern -> value = 1
  Bit 2: Resolved via pair/structure pattern -> value = 0
  Bit 3: Resolved via pair/structure pattern -> value = 1

Step 4: Resolve remaining 2 ambiguous bit(s) by scoring all combinations.
  Ambiguous positions: [5, 7]
  Scoring considers: operation priors, complexity, template consistency, shift alignment.
  Bit 5 -> 1
  Bit 7 -> 1

Step 5: Combine all bits to form the output.
  bit0=0(ctx) | bit1=1(ctx) | bit2=0(ctx) | bit3=1(ctx) | bit4=0(unambig) | bit5=1(scored) | bit6=1(unambig) | bit7=1(scored)

The answer is 01010111.",Bit Manipulation,low,bf,2
5791e7c4,"In Alice's Wonderland, a secret bit manipulation rule transforms 8-bit binary numbers. The transformation involves operations like bit shifts, rotations, XOR, AND, OR, NOT, and possibly majority or choice functions.

Here are some examples of input -> output:
00000000 -> 00000000
01100110 -> 00000000
11100010 -> 00000010
10100010 -> 00000010
10111100 -> 00000010
01111001 -> 00000001
10110000 -> 00000010

Now, determine the output for: 01110111",01000001,"I need to find the secret bit manipulation rule from the examples.

Given 7 examples:
  00000000 -> 00000000
  01100110 -> 00000000
  11100010 -> 00000010
  10100010 -> 00000010
  10111100 -> 00000010
  01111001 -> 00000001
  10110000 -> 00000010

Query: 01110111

Step 1: Analyze each output bit as an independent boolean function of input bits.

  Output bit 0: Ambiguous (13 candidates predict 0, 4 predict 1)
    For 0: AND(in[0], in[7]), AND(in[4], in[6]), INHIB(in[0], in[2])
    For 1: AND(in[3], in[6]), AND(in[5], in[7]), AND(in[6], in[7])
  Output bit 1: Ambiguous (13 candidates predict 0, 4 predict 1)
    For 0: AND(in[0], in[7]), AND(in[4], in[6]), INHIB(in[0], in[2])
    For 1: AND(in[3], in[6]), AND(in[5], in[7]), AND(in[6], in[7])
  Output bit 2: Ambiguous (13 candidates predict 0, 4 predict 1)
    For 0: AND(in[0], in[7]), AND(in[4], in[6]), INHIB(in[0], in[2])
    For 1: AND(in[3], in[6]), AND(in[5], in[7]), AND(in[6], in[7])
  Output bit 3: Ambiguous (13 candidates predict 0, 4 predict 1)
    For 0: AND(in[0], in[7]), AND(in[4], in[6]), INHIB(in[0], in[2])
    For 1: AND(in[3], in[6]), AND(in[5], in[7]), AND(in[6], in[7])
  Output bit 4: Ambiguous (13 candidates predict 0, 4 predict 1)
    For 0: AND(in[0], in[7]), AND(in[4], in[6]), INHIB(in[0], in[2])
    For 1: AND(in[3], in[6]), AND(in[5], in[7]), AND(in[6], in[7])
  Output bit 5: Ambiguous (13 candidates predict 0, 4 predict 1)
    For 0: AND(in[0], in[7]), AND(in[4], in[6]), INHIB(in[0], in[2])
    For 1: AND(in[3], in[6]), AND(in[5], in[7]), AND(in[6], in[7])
  Output bit 6: All 3 candidates agree -> value = 0
    Best match: ID(in[0]) = 0
  Output bit 7: Ambiguous (7 candidates predict 0, 7 predict 1)
    For 0: AND(in[1], in[4]), AND(in[4], in[7]), INHIB(in[1], in[6])
    For 1: ID(in[7]), AND(in[1], in[3]), AND(in[1], in[7])

Step 2: Identify structural patterns.
  Confirmed bit mappings: bit6<-in[0](shift=2)
  Dominant shift = 2 (weight 5)

Step 3: Resolve ambiguous bits using structural patterns.
  Bit 0: Resolved via pair/structure pattern -> value = 0
  Bit 1: Resolved via pair/structure pattern -> value = 0
  Bit 2: Resolved via pair/structure pattern -> value = 0

Step 4: Resolve remaining 4 ambiguous bit(s) by scoring all combinations.
  Ambiguous positions: [3, 4, 5, 7]
  Scoring considers: operation priors, complexity, template consistency, shift alignment.
  Bit 3 -> 0
  Bit 4 -> 0
  Bit 5 -> 0
  Bit 7 -> 1

Step 5: Combine all bits to form the output.
  bit0=0(ctx) | bit1=0(ctx) | bit2=0(ctx) | bit3=0(scored) | bit4=0(scored) | bit5=0(scored) | bit6=0(unambig) | bit7=1(scored)

The answer is 00000001.",Bit Manipulation,low,bf,4
59c78e51,"In Alice's Wonderland, a secret bit manipulation rule transforms 8-bit binary numbers. The transformation involves operations like bit shifts, rotations, XOR, AND, OR, NOT, and possibly majority or choice functions.

Here are some examples of input -> output:
10100001 -> 00010000
01100001 -> 00010100
11011110 -> 11101001
11111011 -> 10111111
10011111 -> 11110001
01001001 -> 10010000
11011011 -> 10111001
11011111 -> 11111001

Now, determine the output for: 10010000",00000000,"I need to find the secret bit manipulation rule from the examples.

Given 8 examples:
  10100001 -> 00010000
  01100001 -> 00010100
  11011110 -> 11101001
  11111011 -> 10111111
  10011111 -> 11110001
  01001001 -> 10010000
  11011011 -> 10111001
  11011111 -> 11111001

Query: 10010000

Step 1: Check for whole-byte patterns.
  Mixed shift pattern detected.
  Rule: some output bits are shifted copies, rest use a uniform 2-input function.

Step 2: Apply the pattern to the query.
  10010000 -> 00000001

The answer is 00000001.",Bit Manipulation,high,w_mix,0
5a6dd286,"In Alice's Wonderland, a secret bit manipulation rule transforms 8-bit binary numbers. The transformation involves operations like bit shifts, rotations, XOR, AND, OR, NOT, and possibly majority or choice functions.

Here are some examples of input -> output:
11101100 -> 11111111
11101110 -> 11111111
00001000 -> 01010000
01011111 -> 11111110
00000000 -> 00000000
00111110 -> 11111101
11111011 -> 11111111
11101000 -> 11010111
00101101 -> 01111011

Now, determine the output for: 10010110",10111100,"I need to find the secret bit manipulation rule from the examples.

Given 9 examples:
  11101100 -> 11111111
  11101110 -> 11111111
  00001000 -> 01010000
  01011111 -> 11111110
  00000000 -> 00000000
  00111110 -> 11111101
  11111011 -> 11111111
  11101000 -> 11010111
  00101101 -> 01111011

Query: 10010110

Step 1: Check for whole-byte patterns.
  Uniform 2-input shift pattern detected.
  Rule: all output bits use the same 2-input boolean function with fixed shifts.

Step 2: Apply the pattern to the query.
  10010110 -> 10111101

The answer is 10111101.",Bit Manipulation,high,w_uni2,0
5b9964c7,"In Alice's Wonderland, a secret bit manipulation rule transforms 8-bit binary numbers. The transformation involves operations like bit shifts, rotations, XOR, AND, OR, NOT, and possibly majority or choice functions.

Here are some examples of input -> output:
00100011 -> 01101100
11011111 -> 11111111
11101001 -> 00111111
11110011 -> 01111110
10010011 -> 01110110
10000111 -> 11110001
00010010 -> 01000110

Now, determine the output for: 01001000",00011011,"I need to find the secret bit manipulation rule from the examples.

Given 7 examples:
  00100011 -> 01101100
  11011111 -> 11111111
  11101001 -> 00111111
  11110011 -> 01111110
  10010011 -> 01110110
  10000111 -> 11110001
  00010010 -> 01000110

Query: 01001000

Step 1: Check for whole-byte patterns.
  Mixed shift pattern detected.
  Rule: some output bits are shifted copies, rest use a uniform 2-input function.

Step 2: Apply the pattern to the query.
  01001000 -> 00001011

The answer is 00001011.",Bit Manipulation,high,w_mix,0
5ba26f21,"In Alice's Wonderland, a secret bit manipulation rule transforms 8-bit binary numbers. The transformation involves operations like bit shifts, rotations, XOR, AND, OR, NOT, and possibly majority or choice functions.

Here are some examples of input -> output:
00110011 -> 00010001
01010011 -> 00110001
00001101 -> 11000010
10000010 -> 00101000
01011101 -> 01101111
11000010 -> 00101000
01010100 -> 01101101
10110010 -> 01001011

Now, determine the output for: 11101001",01011100,"I need to find the secret bit manipulation rule from the examples.

Given 8 examples:
  00110011 -> 00010001
  01010011 -> 00110001
  00001101 -> 11000010
  10000010 -> 00101000
  01011101 -> 01101111
  11000010 -> 00101000
  01010100 -> 01101101
  10110010 -> 01001011

Query: 11101001

Step 1: Analyze each output bit as an independent boolean function of input bits.

  Output bit 0: Ambiguous (5 candidates predict 0, 3 predict 1)
    For 0: NOR(in[0], in[3]), NOR(in[1], in[6]), INHIB(in[4], in[1])
    For 1: NOR(in[3], in[6]), INHIB(in[4], in[3]), INHIB(in[7], in[3])
  Output bit 1: Ambiguous (1 candidates predict 0, 1 predict 1)
    For 0: CH(in[0], in[3], in[5])
    For 1: CH(in[0], in[2], in[5])
  Output bit 2: All 1 candidates agree -> value = 0
    Best match: NOR(NOR)(in[0], in[1], in[2]) = 0
  Output bit 3: Ambiguous (6 candidates predict 0, 2 predict 1)
    For 0: AND(in[6], in[7]), XOR(in[4], in[7]), XNOR(in[0], in[5])
    For 1: XOR(in[0], in[6]), INHIB(in[7], in[5])
  Output bit 4: All 1 candidates agree -> value = 1
    Best match: XNOR(AND)(in[1], in[4], in[7]) = 1
  Output bit 5: Ambiguous (3 candidates predict 0, 1 predict 1)
    For 0: AND(in[1], in[5]), AND(in[3], in[5]), INHIB(in[3], in[6])
    For 1: INHIB(in[1], in[6])
  Output bit 6: Ambiguous (1 candidates predict 0, 1 predict 1)
    For 0: CH(in[0], in[3], in[4])
    For 1: CH(in[0], in[2], in[4])
  Output bit 7: Ambiguous (1 candidates predict 0, 1 predict 1)
    For 0: ID(in[3])
    For 1: OR(in[2], in[3])

Step 2: No strong shift pattern detected.

Step 3: No additional bits resolved by context propagation.

Step 4: Resolve remaining 6 ambiguous bit(s) by scoring all combinations.
  Ambiguous positions: [0, 1, 3, 5, 6, 7]
  Scoring considers: operation priors, complexity, template consistency, shift alignment.
  Bit 0 -> 0
  Bit 1 -> 0
  Bit 3 -> 0
  Bit 5 -> 0
  Bit 6 -> 0
  Bit 7 -> 0

Step 5: Combine all bits to form the output.
  bit0=0(scored) | bit1=0(scored) | bit2=0(unambig) | bit3=0(scored) | bit4=1(unambig) | bit5=0(scored) | bit6=0(scored) | bit7=0(scored)

The answer is 00001000.",Bit Manipulation,low,bf,6
5bb8c8a5,"In Alice's Wonderland, a secret bit manipulation rule transforms 8-bit binary numbers. The transformation involves operations like bit shifts, rotations, XOR, AND, OR, NOT, and possibly majority or choice functions.

Here are some examples of input -> output:
00110110 -> 10000000
10100011 -> 01000000
01111011 -> 01000000
11101110 -> 10000001
00111110 -> 10000000
10001000 -> 00000001
11100110 -> 10000000
01111110 -> 10000000
01001000 -> 00000000

Now, determine the output for: 00110001",00000000,"I need to find the secret bit manipulation rule from the examples.

Given 9 examples:
  00110110 -> 10000000
  10100011 -> 01000000
  01111011 -> 01000000
  11101110 -> 10000001
  00111110 -> 10000000
  10001000 -> 00000001
  11100110 -> 10000000
  01111110 -> 10000000
  01001000 -> 00000000

Query: 00110001

Step 1: Analyze each output bit as an independent boolean function of input bits.

  Output bit 0: Ambiguous (7 candidates predict 0, 1 predict 1)
    For 0: ID(in[5]), AND(in[2], in[5]), AND(in[5], in[6])
    For 1: XOR(in[6], in[7])
  Output bit 1: Ambiguous (3 candidates predict 0, 5 predict 1)
    For 0: AND(in[6], in[7]), XOR(in[5], in[6]), INHIB(in[6], in[5])
    For 1: ID(in[7]), AND(in[2], in[7]), XOR(in[2], in[5])
  Output bit 2: Ambiguous (9 candidates predict 0, 5 predict 1)
    For 0: AND(in[0], in[3]), AND(in[5], in[7]), NOR(in[2], in[4])
    For 1: XOR(in[2], in[6]), NOR(in[4], in[6]), INHIB(in[2], in[6])
  Output bit 3: Ambiguous (9 candidates predict 0, 5 predict 1)
    For 0: AND(in[0], in[3]), AND(in[5], in[7]), NOR(in[2], in[4])
    For 1: XOR(in[2], in[6]), NOR(in[4], in[6]), INHIB(in[2], in[6])
  Output bit 4: Ambiguous (9 candidates predict 0, 5 predict 1)
    For 0: AND(in[0], in[3]), AND(in[5], in[7]), NOR(in[2], in[4])
    For 1: XOR(in[2], in[6]), NOR(in[4], in[6]), INHIB(in[2], in[6])
  Output bit 5: Ambiguous (9 candidates predict 0, 5 predict 1)
    For 0: AND(in[0], in[3]), AND(in[5], in[7]), NOR(in[2], in[4])
    For 1: XOR(in[2], in[6]), NOR(in[4], in[6]), INHIB(in[2], in[6])
  Output bit 6: Ambiguous (9 candidates predict 0, 5 predict 1)
    For 0: AND(in[0], in[3]), AND(in[5], in[7]), NOR(in[2], in[4])
    For 1: XOR(in[2], in[6]), NOR(in[4], in[6]), INHIB(in[2], in[6])
  Output bit 7: All 1 candidates agree -> value = 0
    Best match: AND(in[0], in[4]) = 0

Step 2: No strong shift pattern detected.

Step 3: No additional bits resolved by context propagation.

Step 4: Resolve remaining 7 ambiguous bit(s) by scoring all combinations.
  Ambiguous positions: [0, 1, 2, 3, 4, 5, 6]
  Scoring considers: operation priors, complexity, template consistency, shift alignment.
  Bit 0 -> 0
  Bit 1 -> 1
  Bit 2 -> 0
  Bit 3 -> 0
  Bit 4 -> 0
  Bit 5 -> 0
  Bit 6 -> 0

Step 5: Combine all bits to form the output.
  bit0=0(scored) | bit1=1(scored) | bit2=0(scored) | bit3=0(scored) | bit4=0(scored) | bit5=0(scored) | bit6=0(scored) | bit7=0(unambig)

The answer is 01000000.",Bit Manipulation,low,bf,7
5e0b85b0,"In Alice's Wonderland, a secret bit manipulation rule transforms 8-bit binary numbers. The transformation involves operations like bit shifts, rotations, XOR, AND, OR, NOT, and possibly majority or choice functions.

Here are some examples of input -> output:
01010011 -> 11011101
10110100 -> 10111011
10111011 -> 01101111
01111110 -> 11001111
11000010 -> 10101111
11100110 -> 10111111
11101111 -> 10111110
11001001 -> 11101110

Now, determine the output for: 11111010",01001111,"I need to find the secret bit manipulation rule from the examples.

Given 8 examples:
  01010011 -> 11011101
  10110100 -> 10111011
  10111011 -> 01101111
  01111110 -> 11001111
  11000010 -> 10101111
  11100110 -> 10111111
  11101111 -> 10111110
  11001001 -> 11101110

Query: 11111010

Step 1: Analyze each output bit as an independent boolean function of input bits.

  Output bit 0: Ambiguous (2 candidates predict 0, 4 predict 1)
    For 0: XNOR(in[2], in[5]), IMPL(in[2], in[5])
    For 1: OR(in[1], in[5]), IMPL(in[4], in[1]), IMPL(in[6], in[1])
  Output bit 1: All 1 candidates agree -> value = 1
    Best match: XNOR(in[3], in[6]) = 1
  Output bit 2: Ambiguous (3 candidates predict 0, 4 predict 1)
    For 0: XOR(in[1], in[3]), XNOR(in[4], in[7]), NAND(in[1], in[3])
    For 1: ID(in[0]), IMPL(in[1], in[0]), IMPL(in[3], in[0])
  Output bit 3: All 1 candidates agree -> value = 0
    Best match: XNOR(in[0], in[5]) = 0
  Output bit 4: All 7 candidates agree -> value = 1
    Best match: OR(in[0], in[1]) = 1
  Output bit 5: All 9 candidates agree -> value = 1
    Best match: OR(in[1], in[4]) = 1
  Output bit 6: All 6 candidates agree -> value = 1
    Best match: OR(in[0], in[2]) = 1
  Output bit 7: All 2 candidates agree -> value = 1
    Best match: IMPL(in[4], in[3]) = 1

Step 2: No strong shift pattern detected.

Step 3: Resolve ambiguous bits using structural patterns.
  Bit 0: Resolved via pair/structure pattern -> value = 1
  Bit 2: Resolved via pair/structure pattern -> value = 1

Step 4: All bits resolved without brute-force.

Step 5: Combine all bits to form the output.
  bit0=1(ctx) | bit1=1(unambig) | bit2=1(ctx) | bit3=0(unambig) | bit4=1(unambig) | bit5=1(unambig) | bit6=1(unambig) | bit7=1(unambig)

The answer is 11101111.",Bit Manipulation,high,ctx,0
609c49bc,"In Alice's Wonderland, a secret bit manipulation rule transforms 8-bit binary numbers. The transformation involves operations like bit shifts, rotations, XOR, AND, OR, NOT, and possibly majority or choice functions.

Here are some examples of input -> output:
00111101 -> 10101111
11000111 -> 00111000
10110010 -> 00010100
10110011 -> 00111100
01101100 -> 00001001
10010001 -> 00100000
10010000 -> 00000000

Now, determine the output for: 10101001",00101000,"I need to find the secret bit manipulation rule from the examples.

Given 7 examples:
  00111101 -> 10101111
  11000111 -> 00111000
  10110010 -> 00010100
  10110011 -> 00111100
  01101100 -> 00001001
  10010001 -> 00100000
  10010000 -> 00000000

Query: 10101001

Step 1: Analyze each output bit as an independent boolean function of input bits.

  Output bit 0: Ambiguous (7 candidates predict 0, 3 predict 1)
    For 0: AND(in[3], in[4]), AND(in[3], in[5]), XOR(in[1], in[5])
    For 1: AND(in[4], in[7]), XNOR(in[3], in[5]), INHIB(in[4], in[1])
  Output bit 1: Ambiguous (9 candidates predict 0, 6 predict 1)
    For 0: AND(in[1], in[3]), AND(in[4], in[6]), NOR(in[0], in[2])
    For 1: AND(in[0], in[4]), XNOR(in[0], in[4]), XNOR(in[1], in[3])
  Output bit 2: All 1 candidates agree -> value = 1
    Best match: ID(in[7]) = 1
  Output bit 3: Ambiguous (3 candidates predict 0, 1 predict 1)
    For 0: ID(in[6]), AND(in[0], in[6]), INHIB(in[6], in[4])
    For 1: XOR(in[2], in[5])
  Output bit 4: All 2 candidates agree -> value = 1
    Best match: MAJ(in[1], in[2], in[7]) = 1
  Output bit 5: Ambiguous (1 candidates predict 0, 1 predict 1)
    For 0: AND(in[2], in[3])
    For 1: INHIB(in[2], in[1])
  Output bit 6: Ambiguous (7 candidates predict 0, 3 predict 1)
    For 0: AND(in[3], in[4]), AND(in[3], in[5]), XOR(in[1], in[5])
    For 1: AND(in[4], in[7]), XNOR(in[3], in[5]), INHIB(in[4], in[1])
  Output bit 7: Ambiguous (8 candidates predict 0, 5 predict 1)
    For 0: AND(in[2], in[5]), AND(in[4], in[5]), NOR(in[0], in[6])
    For 1: ID(in[4]), AND(in[2], in[4]), INHIB(in[2], in[6])

Step 2: Identify structural patterns.
  Confirmed bit mappings: bit2<-in[7](shift=5), bit7<-in[4](shift=5)
  Dominant shift = 5 (weight 6)

Step 3: Resolve ambiguous bits using structural patterns.
  Bit 7: Using shift=5, source = in[4] -> value = 1

Step 4: Resolve remaining 5 ambiguous bit(s) by scoring all combinations.
  Ambiguous positions: [0, 1, 3, 5, 6]
  Scoring considers: operation priors, complexity, template consistency, shift alignment.
  Bit 0 -> 0
  Bit 1 -> 0
  Bit 3 -> 0
  Bit 5 -> 0
  Bit 6 -> 0

Step 5: Combine all bits to form the output.
  bit0=0(scored) | bit1=0(scored) | bit2=1(unambig) | bit3=0(scored) | bit4=1(unambig) | bit5=0(scored) | bit6=0(scored) | bit7=1(ctx)

The answer is 00101001.",Bit Manipulation,low,bf,5
615a02e6,"In Alice's Wonderland, a secret bit manipulation rule transforms 8-bit binary numbers. The transformation involves operations like bit shifts, rotations, XOR, AND, OR, NOT, and possibly majority or choice functions.

Here are some examples of input -> output:
00111110 -> 00000111
11010010 -> 00101001
11101001 -> 01010100
10111100 -> 00011110
00000001 -> 10000000
00111111 -> 00000111
10000000 -> 01000000
00011100 -> 00001110
00011001 -> 10001000

Now, determine the output for: 01100000",00110000,"I need to find the secret bit manipulation rule from the examples.

Given 9 examples:
  00111110 -> 00000111
  11010010 -> 00101001
  11101001 -> 01010100
  10111100 -> 00011110
  00000001 -> 10000000
  00111111 -> 00000111
  10000000 -> 01000000
  00011100 -> 00001110
  00011001 -> 10001000

Query: 01100000

Step 1: Analyze each output bit as an independent boolean function of input bits.

  Output bit 0: Ambiguous (1 candidates predict 0, 1 predict 1)
    For 0: INHIB(in[7], in[2])
    For 1: NOR(in[0], in[5])
  Output bit 1: All 1 candidates agree -> value = 0
    Best match: INHIB(in[0], in[3]) = 0
  Output bit 2: Ambiguous (8 candidates predict 0, 2 predict 1)
    For 0: AND(in[0], in[6]), AND(in[1], in[3]), AND(in[1], in[6])
    For 1: INHIB(in[1], in[4]), INHIB(in[1], in[7])
  Output bit 3: Ambiguous (2 candidates predict 0, 1 predict 1)
    For 0: AND(in[0], in[2]), AND(in[0], in[4])
    For 1: INHIB(in[2], in[6])
  Output bit 4: All 1 candidates agree -> value = 0
    Best match: AND(XNOR)(in[1], in[6], in[3]) = 0
  Output bit 5: All 1 candidates agree -> value = 1
    Best match: OR(in[2], in[5]) = 1
  Output bit 6: All 4 candidates agree -> value = 0
    Best match: ID(in[5]) = 0
  Output bit 7: All 2 candidates agree -> value = 0
    Best match: ID(in[6]) = 0

Step 2: Identify structural patterns.
  Confirmed bit mappings: bit6<-in[5](shift=7), bit7<-in[6](shift=7)
  Dominant shift = 7 (weight 10)

Step 3: No additional bits resolved by context propagation.

Step 4: Resolve remaining 3 ambiguous bit(s) by scoring all combinations.
  Ambiguous positions: [0, 2, 3]
  Scoring considers: operation priors, complexity, template consistency, shift alignment.
  Bit 0 -> 0
  Bit 2 -> 0
  Bit 3 -> 0

Step 5: Combine all bits to form the output.
  bit0=0(scored) | bit1=0(unambig) | bit2=0(scored) | bit3=0(scored) | bit4=0(unambig) | bit5=1(unambig) | bit6=0(unambig) | bit7=0(unambig)

The answer is 00000100.",Bit Manipulation,low,bf,3
62c6e1c5,"In Alice's Wonderland, a secret bit manipulation rule transforms 8-bit binary numbers. The transformation involves operations like bit shifts, rotations, XOR, AND, OR, NOT, and possibly majority or choice functions.

Here are some examples of input -> output:
00000101 -> 10000010
00010101 -> 10001010
01100111 -> 10000011
01001001 -> 00100100
00001000 -> 00000100
00010011 -> 10001001
00011100 -> 00001110
11011101 -> 00101110
10011001 -> 01001100

Now, determine the output for: 11101000",01110100,"I need to find the secret bit manipulation rule from the examples.

Given 9 examples:
  00000101 -> 10000010
  00010101 -> 10001010
  01100111 -> 10000011
  01001001 -> 00100100
  00001000 -> 00000100
  00010011 -> 10001001
  00011100 -> 00001110
  11011101 -> 00101110
  10011001 -> 01001100

Query: 11101000

Step 1: Analyze each output bit as an independent boolean function of input bits.

  Output bit 0: Ambiguous (4 candidates predict 0, 1 predict 1)
    For 0: NOR(in[0], in[4]), NOT(in[4]), INHIB(in[7], in[4])
    For 1: IMPL(in[4], in[2])
  Output bit 1: Ambiguous (1 candidates predict 0, 1 predict 1)
    For 0: INHIB(in[0], in[1])
    For 1: INHIB(in[0], in[5])
  Output bit 2: Ambiguous (2 candidates predict 0, 2 predict 1)
    For 0: XOR(in[1], in[2]), INHIB(in[1], in[2])
    For 1: AND(in[1], in[4]), INHIB(in[1], in[6])
  Output bit 3: Ambiguous (8 candidates predict 0, 8 predict 1)
    For 0: AND(in[0], in[6]), AND(in[2], in[3]), AND(in[4], in[6])
    For 1: AND(in[0], in[2]), AND(in[2], in[4]), INHIB(in[0], in[3])
  Output bit 4: Ambiguous (2 candidates predict 0, 1 predict 1)
    For 0: ID(in[3]), INHIB(in[3], in[2])
    For 1: OR(in[0], in[3])
  Output bit 5: Ambiguous (1 candidates predict 0, 4 predict 1)
    For 0: INHIB(in[4], in[2])
    For 1: ID(in[4]), OR(in[0], in[4]), INHIB(in[4], in[6])
  Output bit 6: Ambiguous (1 candidates predict 0, 1 predict 1)
    For 0: ID(in[5])
    For 1: OR(in[2], in[5])
  Output bit 7: Ambiguous (4 candidates predict 0, 1 predict 1)
    For 0: ID(in[6]), AND(in[6], in[7]), INHIB(in[6], in[0])
    For 1: OR(in[2], in[6])

Step 2: No strong shift pattern detected.

Step 3: No additional bits resolved by context propagation.

Step 4: Resolve remaining 8 ambiguous bit(s) by scoring all combinations.
  Ambiguous positions: [0, 1, 2, 3, 4, 5, 6, 7]
  Scoring considers: operation priors, complexity, template consistency, shift alignment.
  Bit 0 -> 0
  Bit 1 -> 1
  Bit 2 -> 1
  Bit 3 -> 0
  Bit 4 -> 0
  Bit 5 -> 1
  Bit 6 -> 0
  Bit 7 -> 0

Step 5: Combine all bits to form the output.
  bit0=0(scored) | bit1=1(scored) | bit2=1(scored) | bit3=0(scored) | bit4=0(scored) | bit5=1(scored) | bit6=0(scored) | bit7=0(scored)

The answer is 01100100.",Bit Manipulation,low,bf,8
634b5f5f,"In Alice's Wonderland, a secret bit manipulation rule transforms 8-bit binary numbers. The transformation involves operations like bit shifts, rotations, XOR, AND, OR, NOT, and possibly majority or choice functions.

Here are some examples of input -> output:
11111111 -> 11111111
10101101 -> 11010110
11110001 -> 11111000
00001001 -> 10010100
10001000 -> 11000100
11000100 -> 01100010
10001100 -> 11000110

Now, determine the output for: 01100111",11110011,"I need to find the secret bit manipulation rule from the examples.

Given 7 examples:
  11111111 -> 11111111
  10101101 -> 11010110
  11110001 -> 11111000
  00001001 -> 10010100
  10001000 -> 11000100
  11000100 -> 01100010
  10001100 -> 11000110

Query: 01100111

Step 1: Check for whole-byte patterns.
  Mixed shift pattern detected.
  Rule: some output bits are shifted copies, rest use a uniform 2-input function.

Step 2: Apply the pattern to the query.
  01100111 -> 00110011

The answer is 00110011.",Bit Manipulation,high,w_mix,0
638224db,"In Alice's Wonderland, a secret bit manipulation rule transforms 8-bit binary numbers. The transformation involves operations like bit shifts, rotations, XOR, AND, OR, NOT, and possibly majority or choice functions.

Here are some examples of input -> output:
11100111 -> 01100110
01101110 -> 01000110
11010010 -> 00100101
00110000 -> 00000011
00000101 -> 01000000
01000001 -> 00010000
00001110 -> 11000000
11100011 -> 00110110
00100011 -> 00110010

Now, determine the output for: 01011100",10000101,"I need to find the secret bit manipulation rule from the examples.

Given 9 examples:
  11100111 -> 01100110
  01101110 -> 01000110
  11010010 -> 00100101
  00110000 -> 00000011
  00000101 -> 01000000
  01000001 -> 00010000
  00001110 -> 11000000
  11100011 -> 00110110
  00100011 -> 00110010

Query: 01011100

Step 1: Analyze each output bit as an independent boolean function of input bits.

  Output bit 0: Ambiguous (1 candidates predict 0, 1 predict 1)
    For 0: INHIB(in[4], in[1])
    For 1: INHIB(in[4], in[2])
  Output bit 1: Ambiguous (1 candidates predict 0, 2 predict 1)
    For 0: INHIB(in[5], in[3])
    For 1: ID(in[5]), OR(in[4], in[5])
  Output bit 2: Ambiguous (1 candidates predict 0, 1 predict 1)
    For 0: INHIB(in[6], in[4])
    For 1: XOR(in[4], in[6])
  Output bit 3: Ambiguous (2 candidates predict 0, 1 predict 1)
    For 0: NOR(in[3], in[5]), INHIB(in[7], in[5])
    For 1: XNOR(in[3], in[5])
  Output bit 4: Ambiguous (7 candidates predict 0, 3 predict 1)
    For 0: AND(in[0], in[4]), AND(in[3], in[7]), AND(in[4], in[7])
    For 1: AND(in[3], in[4]), AND(in[3], in[5]), INHIB(in[4], in[6])
  Output bit 5: All 1 candidates agree -> value = 0
    Best match: AND(in[1], in[6]) = 0
  Output bit 6: All 1 candidates agree -> value = 0
    Best match: ID(in[2]) = 0
  Output bit 7: Ambiguous (5 candidates predict 0, 2 predict 1)
    For 0: XNOR(in[4], in[7]), NOR(in[4], in[7]), NOR(in[5], in[7])
    For 1: ID(in[3]), INHIB(in[3], in[7])

Step 2: Identify structural patterns.
  Confirmed bit mappings: bit1<-in[5](shift=4), bit6<-in[2](shift=4), bit7<-in[3](shift=4)
  Dominant shift = 4 (weight 7)

Step 3: Resolve ambiguous bits using structural patterns.
  Bit 1: Using shift=4, source = in[5] -> value = 1
  Bit 7: Using shift=4, source = in[3] -> value = 1

Step 4: Resolve remaining 4 ambiguous bit(s) by scoring all combinations.
  Ambiguous positions: [0, 2, 3, 4]
  Scoring considers: operation priors, complexity, template consistency, shift alignment.
  Bit 0 -> 1
  Bit 2 -> 1
  Bit 3 -> 0
  Bit 4 -> 0

Step 5: Combine all bits to form the output.
  bit0=1(scored) | bit1=1(ctx) | bit2=1(scored) | bit3=0(scored) | bit4=0(scored) | bit5=0(unambig) | bit6=0(unambig) | bit7=1(ctx)

The answer is 11100001.",Bit Manipulation,low,bf,4
63cc40f1,"In Alice's Wonderland, a secret bit manipulation rule transforms 8-bit binary numbers. The transformation involves operations like bit shifts, rotations, XOR, AND, OR, NOT, and possibly majority or choice functions.

Here are some examples of input -> output:
01110011 -> 00011011
00001011 -> 00011000
11011110 -> 01110110
11110111 -> 00111111
10001011 -> 00011100
10101000 -> 01000101
10011001 -> 10001100
11111111 -> 00111111

Now, determine the output for: 11001111",00111110,"I need to find the secret bit manipulation rule from the examples.

Given 8 examples:
  01110011 -> 00011011
  00001011 -> 00011000
  11011110 -> 01110110
  11110111 -> 00111111
  10001011 -> 00011100
  10101000 -> 01000101
  10011001 -> 10001100
  11111111 -> 00111111

Query: 11001111

Step 1: Analyze each output bit as an independent boolean function of input bits.

  Output bit 0: Ambiguous (4 candidates predict 0, 1 predict 1)
    For 0: NOR(in[2], in[6]), INHIB(in[3], in[1]), INHIB(in[3], in[6])
    For 1: XOR(in[1], in[3])
  Output bit 1: Ambiguous (3 candidates predict 0, 1 predict 1)
    For 0: NOT(in[7]), INHIB(in[0], in[7]), INHIB(in[4], in[7])
    For 1: XOR(in[1], in[2])
  Output bit 2: Ambiguous (1 candidates predict 0, 5 predict 1)
    For 0: AND(in[3], in[5])
    For 1: ID(in[5]), AND(in[0], in[1]), AND(in[0], in[5])
  Output bit 3: All 5 candidates agree -> value = 1
    Best match: ID(in[6]) = 1
  Output bit 4: Ambiguous (1 candidates predict 0, 3 predict 1)
    For 0: XNOR(in[1], in[2])
    For 1: ID(in[7]), IMPL(in[0], in[7]), IMPL(in[4], in[7])
  Output bit 5: All 4 candidates agree -> value = 1
    Best match: ID(in[0]) = 1
  Output bit 6: Ambiguous (3 candidates predict 0, 5 predict 1)
    For 0: AND(in[1], in[3]), AND(in[3], in[6]), XNOR(in[2], in[7])
    For 1: ID(in[1]), AND(in[1], in[6]), OR(in[1], in[5])
  Output bit 7: Ambiguous (2 candidates predict 0, 1 predict 1)
    For 0: ID(in[2]), IMPL(in[4], in[2])
    For 1: XNOR(in[1], in[7])

Step 2: Identify structural patterns.
  Confirmed bit mappings: bit2<-in[5](shift=3), bit3<-in[6](shift=3), bit4<-in[7](shift=3), bit5<-in[0](shift=3), bit6<-in[1](shift=3)
  Dominant shift = 3 (weight 14)

Step 3: Resolve ambiguous bits using structural patterns.
  Bit 2: Using shift=3, source = in[5] -> value = 1
  Bit 4: Using shift=3, source = in[7] -> value = 1
  Bit 6: Using shift=3, source = in[1] -> value = 1
  Bit 7: Using shift=3, source = in[2] -> value = 0

Step 4: Resolve remaining 2 ambiguous bit(s) by scoring all combinations.
  Ambiguous positions: [0, 1]
  Scoring considers: operation priors, complexity, template consistency, shift alignment.
  Bit 0 -> 1
  Bit 1 -> 1

Step 5: Combine all bits to form the output.
  bit0=1(scored) | bit1=1(scored) | bit2=1(ctx) | bit3=1(unambig) | bit4=1(ctx) | bit5=1(unambig) | bit6=1(ctx) | bit7=0(ctx)

The answer is 11111110.",Bit Manipulation,low,bf,2
64b20c19,"In Alice's Wonderland, a secret bit manipulation rule transforms 8-bit binary numbers. The transformation involves operations like bit shifts, rotations, XOR, AND, OR, NOT, and possibly majority or choice functions.

Here are some examples of input -> output:
01100011 -> 11001110
01110110 -> 11001110
10110111 -> 10110110
01010001 -> 11011111
01111010 -> 11001111
10100011 -> 10111110
10000001 -> 10111111
10111111 -> 10110111

Now, determine the output for: 11011101",10011011,"I need to find the secret bit manipulation rule from the examples.

Given 8 examples:
  01100011 -> 11001110
  01110110 -> 11001110
  10110111 -> 10110110
  01010001 -> 11011111
  01111010 -> 11001111
  10100011 -> 10111110
  10000001 -> 10111111
  10111111 -> 10110111

Query: 11011101

Step 1: Analyze each output bit as an independent boolean function of input bits.

  Output bit 0: Ambiguous (6 candidates predict 0, 12 predict 1)
    For 0: XOR(in[0], in[1]), NAND(in[0], in[1]), IMPL(in[4], in[2])
    For 1: OR(in[0], in[1]), OR(in[1], in[7]), XNOR(in[2], in[6])
  Output bit 1: Ambiguous (3 candidates predict 0, 3 predict 1)
    For 0: NOT(in[0]), NAND(in[0], in[7]), INHIB(in[1], in[0])
    For 1: ID(in[1]), IMPL(in[0], in[1]), IMPL(in[7], in[1])
  Output bit 2: Ambiguous (3 candidates predict 0, 3 predict 1)
    For 0: NOT(in[1]), INHIB(in[0], in[1]), INHIB(in[7], in[1])
    For 1: ID(in[0]), AND(in[0], in[7]), IMPL(in[1], in[0])
  Output bit 3: All 4 candidates agree -> value = 1
    Best match: NAND(in[1], in[2]) = 1
  Output bit 4: Ambiguous (3 candidates predict 0, 2 predict 1)
    For 0: NAND(in[0], in[3]), NAND(in[0], in[5]), NAND(in[5], in[7])
    For 1: IMPL(in[3], in[1]), IMPL(in[5], in[1])
  Output bit 5: Ambiguous (6 candidates predict 0, 12 predict 1)
    For 0: XOR(in[0], in[1]), NAND(in[0], in[1]), IMPL(in[4], in[2])
    For 1: OR(in[0], in[1]), OR(in[1], in[7]), XNOR(in[2], in[6])
  Output bit 6: Ambiguous (6 candidates predict 0, 12 predict 1)
    For 0: XOR(in[0], in[1]), NAND(in[0], in[1]), IMPL(in[4], in[2])
    For 1: OR(in[0], in[1]), OR(in[1], in[7]), XNOR(in[2], in[6])
  Output bit 7: Ambiguous (2 candidates predict 0, 2 predict 1)
    For 0: XNOR(in[2], in[4]), XNOR(in[4], in[6])
    For 1: IMPL(in[2], in[4]), IMPL(in[6], in[4])

Step 2: No strong shift pattern detected.

Step 3: Resolve ambiguous bits using structural patterns.
  Bit 4: Resolved via pair/structure pattern -> value = 1
  Bit 5: Resolved via pair/structure pattern -> value = 0
  Bit 6: Resolved via pair/structure pattern -> value = 1
  Bit 7: Resolved via pair/structure pattern -> value = 1

Step 4: Resolve remaining 3 ambiguous bit(s) by scoring all combinations.
  Ambiguous positions: [0, 1, 2]
  Scoring considers: operation priors, complexity, template consistency, shift alignment.
  Bit 0 -> 1
  Bit 1 -> 1
  Bit 2 -> 1

Step 5: Combine all bits to form the output.
  bit0=1(scored) | bit1=1(scored) | bit2=1(scored) | bit3=1(unambig) | bit4=1(ctx) | bit5=0(ctx) | bit6=1(ctx) | bit7=1(ctx)

The answer is 11111011.",Bit Manipulation,low,bf,3
6689ee95,"In Alice's Wonderland, a secret bit manipulation rule transforms 8-bit binary numbers. The transformation involves operations like bit shifts, rotations, XOR, AND, OR, NOT, and possibly majority or choice functions.

Here are some examples of input -> output:
01011101 -> 10110101
00101100 -> 00011110
01101011 -> 11000101
00100111 -> 00100110
11101100 -> 00011011
10101111 -> 01100010
01100111 -> 00100101

Now, determine the output for: 00010110",10001111,"I need to find the secret bit manipulation rule from the examples.

Given 7 examples:
  01011101 -> 10110101
  00101100 -> 00011110
  01101011 -> 11000101
  00100111 -> 00100110
  11101100 -> 00011011
  10101111 -> 01100010
  01100111 -> 00100101

Query: 00010110

Step 1: Analyze each output bit as an independent boolean function of input bits.

  Output bit 0: All 4 candidates agree -> value = 1
    Best match: XOR(in[2], in[5]) = 1
  Output bit 1: All 2 candidates agree -> value = 0
    Best match: AND(in[4], in[6]) = 0
  Output bit 2: All 2 candidates agree -> value = 0
    Best match: AND(in[5], in[7]) = 0
  Output bit 3: Ambiguous (5 candidates predict 0, 5 predict 1)
    For 0: XOR(in[2], in[7]), XNOR(in[3], in[7]), NOT(in[6])
    For 1: NAND(in[2], in[6]), NAND(in[2], in[7]), NAND(in[6], in[7])
  Output bit 4: Ambiguous (6 candidates predict 0, 4 predict 1)
    For 0: NOR(in[3], in[6]), NOR(in[3], in[7]), NOR(in[6], in[7])
    For 1: XOR(in[2], in[6]), XNOR(in[3], in[6]), NOT(in[7])
  Output bit 5: All 5 candidates agree -> value = 1
    Best match: NOT(in[0]) = 1
  Output bit 6: All 2 candidates agree -> value = 1
    Best match: NAND(in[1], in[7]) = 1
  Output bit 7: Ambiguous (2 candidates predict 0, 2 predict 1)
    For 0: ID(in[1]), IMPL(in[5], in[1])
    For 1: OR(in[1], in[3]), IMPL(in[2], in[1])

Step 2: Identify structural patterns.
  Confirmed bit mappings: bit3<-in[6](shift=3), bit4<-in[7](shift=3), bit5<-in[0](shift=3)
  Dominant shift = 3 (weight 7)

Step 3: Resolve ambiguous bits using structural patterns.
  Bit 3: Using shift=3, source = in[6] -> value = 0
  Bit 4: Using shift=3, source = in[7] -> value = 1

Step 4: Resolve remaining 1 ambiguous bit(s) by scoring all combinations.
  Ambiguous positions: [7]
  Scoring considers: operation priors, complexity, template consistency, shift alignment.
  Bit 7 -> 0

Step 5: Combine all bits to form the output.
  bit0=1(unambig) | bit1=0(unambig) | bit2=0(unambig) | bit3=0(ctx) | bit4=1(ctx) | bit5=1(unambig) | bit6=1(unambig) | bit7=0(scored)

The answer is 10001110.",Bit Manipulation,low,bf,1
66bd639f,"In Alice's Wonderland, a secret bit manipulation rule transforms 8-bit binary numbers. The transformation involves operations like bit shifts, rotations, XOR, AND, OR, NOT, and possibly majority or choice functions.

Here are some examples of input -> output:
10000110 -> 01100000
01011011 -> 00000011
00110110 -> 00000111
10011000 -> 10011001
01100101 -> 00011100
01001110 -> 01101000
10111111 -> 10010111

Now, determine the output for: 01010010",00000001,"I need to find the secret bit manipulation rule from the examples.

Given 7 examples:
  10000110 -> 01100000
  01011011 -> 00000011
  00110110 -> 00000111
  10011000 -> 10011001
  01100101 -> 00011100
  01001110 -> 01101000
  10111111 -> 10010111

Query: 01010010

Step 1: Analyze each output bit as an independent boolean function of input bits.

  Output bit 0: All 3 candidates agree -> value = 0
    Best match: AND(in[0], in[3]) = 0
  Output bit 1: All 5 candidates agree -> value = 0
    Best match: XOR(in[2], in[5]) = 0
  Output bit 2: All 5 candidates agree -> value = 0
    Best match: XOR(in[2], in[5]) = 0
  Output bit 3: All 2 candidates agree -> value = 1
    Best match: XOR(in[1], in[4]) = 1
  Output bit 4: All 2 candidates agree -> value = 0
    Best match: XOR(in[4], in[7]) = 0
  Output bit 5: All 2 candidates agree -> value = 0
    Best match: ID(in[2]) = 0
  Output bit 6: All 1 candidates agree -> value = 1
    Best match: AND(in[3], in[6]) = 1
  Output bit 7: All 2 candidates agree -> value = 1
    Best match: ID(in[3]) = 1

Step 2: Identify structural patterns.
  Confirmed bit mappings: bit5<-in[2](shift=5), bit7<-in[3](shift=4)
  Dominant shift = 5 (weight 5)

Step 3: No additional bits resolved by context propagation.

Step 4: All bits resolved without brute-force.

Step 5: Combine all bits to form the output.
  bit0=0(unambig) | bit1=0(unambig) | bit2=0(unambig) | bit3=1(unambig) | bit4=0(unambig) | bit5=0(unambig) | bit6=1(unambig) | bit7=1(unambig)

The answer is 00010011.",Bit Manipulation,high,ctx,0
679af1e1,"In Alice's Wonderland, a secret bit manipulation rule transforms 8-bit binary numbers. The transformation involves operations like bit shifts, rotations, XOR, AND, OR, NOT, and possibly majority or choice functions.

Here are some examples of input -> output:
00011111 -> 11000000
00000010 -> 10000000
11010110 -> 10000001
01011110 -> 10000001
11001111 -> 11000011
11111101 -> 01000011
10011101 -> 01000010
10011010 -> 10000010

Now, determine the output for: 01101111",11000001,"I need to find the secret bit manipulation rule from the examples.

Given 8 examples:
  00011111 -> 11000000
  00000010 -> 10000000
  11010110 -> 10000001
  01011110 -> 10000001
  11001111 -> 11000011
  11111101 -> 01000011
  10011101 -> 01000010
  10011010 -> 10000010

Query: 01101111

Step 1: Analyze each output bit as an independent boolean function of input bits.

  Output bit 0: Ambiguous (1 candidates predict 0, 6 predict 1)
    For 0: INHIB(in[6], in[2])
    For 1: ID(in[6]), IMPL(in[0], in[6]), IMPL(in[3], in[6])
  Output bit 1: All 5 candidates agree -> value = 1
    Best match: ID(in[7]) = 1
  Output bit 2: Ambiguous (13 candidates predict 0, 3 predict 1)
    For 0: NOR(in[0], in[6]), NOR(in[3], in[6]), NOR(in[4], in[6])
    For 1: AND(in[2], in[6]), INHIB(in[2], in[0]), INHIB(in[2], in[3])
  Output bit 3: Ambiguous (13 candidates predict 0, 3 predict 1)
    For 0: NOR(in[0], in[6]), NOR(in[3], in[6]), NOR(in[4], in[6])
    For 1: AND(in[2], in[6]), INHIB(in[2], in[0]), INHIB(in[2], in[3])
  Output bit 4: Ambiguous (13 candidates predict 0, 3 predict 1)
    For 0: NOR(in[0], in[6]), NOR(in[3], in[6]), NOR(in[4], in[6])
    For 1: AND(in[2], in[6]), INHIB(in[2], in[0]), INHIB(in[2], in[3])
  Output bit 5: Ambiguous (13 candidates predict 0, 3 predict 1)
    For 0: NOR(in[0], in[6]), NOR(in[3], in[6]), NOR(in[4], in[6])
    For 1: AND(in[2], in[6]), INHIB(in[2], in[0]), INHIB(in[2], in[3])
  Output bit 6: All 1 candidates agree -> value = 0
    Best match: AND(in[0], in[4]) = 0
  Output bit 7: All 3 candidates agree -> value = 1
    Best match: ID(in[1]) = 1

Step 2: Identify structural patterns.
  Confirmed bit mappings: bit0<-in[6](shift=6), bit1<-in[7](shift=6), bit7<-in[1](shift=2)
  Dominant shift = 6 (weight 6)

Step 3: Resolve ambiguous bits using structural patterns.
  Bit 0: Using shift=6, source = in[6] -> value = 1
  Bit 4: Resolved via pair/structure pattern -> value = 1

Step 4: Resolve remaining 3 ambiguous bit(s) by scoring all combinations.
  Ambiguous positions: [2, 3, 5]
  Scoring considers: operation priors, complexity, template consistency, shift alignment.
  Bit 2 -> 0
  Bit 3 -> 0
  Bit 5 -> 0

Step 5: Combine all bits to form the output.
  bit0=1(ctx) | bit1=1(unambig) | bit2=0(scored) | bit3=0(scored) | bit4=1(ctx) | bit5=0(scored) | bit6=0(unambig) | bit7=1(unambig)

The answer is 11001001.",Bit Manipulation,low,bf,3
67ae4217,"In Alice's Wonderland, a secret bit manipulation rule transforms 8-bit binary numbers. The transformation involves operations like bit shifts, rotations, XOR, AND, OR, NOT, and possibly majority or choice functions.

Here are some examples of input -> output:
11101110 -> 01011110
00011101 -> 10110101
11100111 -> 00111111
00000101 -> 01110111
01000100 -> 01010111
11110111 -> 10111111
01001000 -> 10110110

Now, determine the output for: 01011111",11101101,"I need to find the secret bit manipulation rule from the examples.

Given 7 examples:
  11101110 -> 01011110
  00011101 -> 10110101
  11100111 -> 00111111
  00000101 -> 01110111
  01000100 -> 01010111
  11110111 -> 10111111
  01001000 -> 10110110

Query: 01011111

Step 1: Analyze each output bit as an independent boolean function of input bits.

  Output bit 0: All 2 candidates agree -> value = 1
    Best match: XNOR(in[3], in[5]) = 1
  Output bit 1: Ambiguous (2 candidates predict 0, 1 predict 1)
    For 0: XNOR(in[0], in[4]), XNOR(in[2], in[4])
    For 1: XNOR(in[4], in[6])
  Output bit 2: All 2 candidates agree -> value = 1
    Best match: XNOR(in[5], in[7]) = 1
  Output bit 3: Ambiguous (4 candidates predict 0, 18 predict 1)
    For 0: XNOR(in[0], in[6]), XNOR(in[2], in[6]), IMPL(in[6], in[0])
    For 1: XNOR(in[0], in[2]), OR(in[1], in[5]), OR(in[1], in[7])
  Output bit 4: Ambiguous (10 candidates predict 0, 5 predict 1)
    For 0: ID(in[0]), ID(in[2]), AND(in[0], in[1])
    For 1: ID(in[6]), AND(in[1], in[6]), AND(in[5], in[6])
  Output bit 5: Ambiguous (4 candidates predict 0, 18 predict 1)
    For 0: XNOR(in[0], in[6]), XNOR(in[2], in[6]), IMPL(in[6], in[0])
    For 1: XNOR(in[0], in[2]), OR(in[1], in[5]), OR(in[1], in[7])
  Output bit 6: Ambiguous (4 candidates predict 0, 3 predict 1)
    For 0: NAND(in[3], in[4]), NAND(in[4], in[7]), IMPL(in[3], in[0])
    For 1: IMPL(in[3], in[1]), IMPL(in[3], in[6]), IMPL(in[4], in[1])
  Output bit 7: Ambiguous (1 candidates predict 0, 2 predict 1)
    For 0: NAND(in[1], in[4])
    For 1: IMPL(in[4], in[3]), IMPL(in[4], in[7])

Step 2: No strong shift pattern detected.

Step 3: Resolve ambiguous bits using structural patterns.
  Bit 5: Resolved via pair/structure pattern -> value = 1
  Bit 6: Resolved via pair/structure pattern -> value = 1

Step 4: Resolve remaining 4 ambiguous bit(s) by scoring all combinations.
  Ambiguous positions: [1, 3, 4, 7]
  Scoring considers: operation priors, complexity, template consistency, shift alignment.
  Bit 1 -> 0
  Bit 3 -> 1
  Bit 4 -> 0
  Bit 7 -> 1

Step 5: Combine all bits to form the output.
  bit0=1(unambig) | bit1=0(scored) | bit2=1(unambig) | bit3=1(scored) | bit4=0(scored) | bit5=1(ctx) | bit6=1(ctx) | bit7=1(scored)

The answer is 10110111.",Bit Manipulation,low,bf,4
693bb27c,"In Alice's Wonderland, a secret bit manipulation rule transforms 8-bit binary numbers. The transformation involves operations like bit shifts, rotations, XOR, AND, OR, NOT, and possibly majority or choice functions.

Here are some examples of input -> output:
11111111 -> 11001111
11100111 -> 10001001
01000101 -> 10010101
11111101 -> 11111111
11111001 -> 10111110
01001101 -> 01010111
11100101 -> 10111001

Now, determine the output for: 00110101",00001111,"I need to find the secret bit manipulation rule from the examples.

Given 7 examples:
  11111111 -> 11001111
  11100111 -> 10001001
  01000101 -> 10010101
  11111101 -> 11111111
  11111001 -> 10111110
  01001101 -> 01010111
  11100101 -> 10111001

Query: 00110101

Step 1: Analyze each output bit as an independent boolean function of input bits.

  Output bit 0: Ambiguous (1 candidates predict 0, 3 predict 1)
    For 0: XNOR(in[3], in[4])
    For 1: IMPL(in[4], in[0]), IMPL(in[4], in[2]), IMPL(in[4], in[3])
  Output bit 1: All 2 candidates agree -> value = 0
    Best match: AND(in[4], in[5]) = 0
  Output bit 2: Ambiguous (2 candidates predict 0, 2 predict 1)
    For 0: XOR(in[0], in[6]), INHIB(in[0], in[6])
    For 1: XOR(in[2], in[6]), INHIB(in[2], in[6])
  Output bit 3: Ambiguous (2 candidates predict 0, 8 predict 1)
    For 0: XOR(in[1], in[6]), INHIB(in[1], in[6])
    For 1: XOR(in[6], in[7]), NOT(in[6]), NAND(in[0], in[6])
  Output bit 4: Ambiguous (10 candidates predict 0, 12 predict 1)
    For 0: ID(in[0]), AND(in[0], in[1]), AND(in[0], in[2])
    For 1: ID(in[2]), AND(in[2], in[7]), XNOR(in[0], in[1])
  Output bit 5: Ambiguous (2 candidates predict 0, 4 predict 1)
    For 0: XNOR(in[0], in[3]), IMPL(in[2], in[4])
    For 1: XNOR(in[2], in[3]), IMPL(in[0], in[3]), IMPL(in[0], in[4])
  Output bit 6: Ambiguous (6 candidates predict 0, 3 predict 1)
    For 0: ID(in[4]), AND(in[1], in[4]), AND(in[4], in[7])
    For 1: XNOR(in[1], in[4]), OR(in[3], in[4]), IMPL(in[1], in[4])
  Output bit 7: Ambiguous (2 candidates predict 0, 10 predict 1)
    For 0: AND(in[1], in[5]), XNOR(in[1], in[5])
    For 1: ID(in[5]), AND(in[5], in[7]), OR(in[5], in[6])

Step 2: No strong shift pattern detected.

Step 3: No additional bits resolved by context propagation.

Step 4: Resolve remaining 7 ambiguous bit(s) by scoring all combinations.
  Ambiguous positions: [0, 2, 3, 4, 5, 6, 7]
  Scoring considers: operation priors, complexity, template consistency, shift alignment.
  Bit 0 -> 0
  Bit 2 -> 0
  Bit 3 -> 1
  Bit 4 -> 1
  Bit 5 -> 1
  Bit 6 -> 0
  Bit 7 -> 1

Step 5: Combine all bits to form the output.
  bit0=0(scored) | bit1=0(unambig) | bit2=0(scored) | bit3=1(scored) | bit4=1(scored) | bit5=1(scored) | bit6=0(scored) | bit7=1(scored)

The answer is 00011101.",Bit Manipulation,low,bf,7
6a41d37b,"In Alice's Wonderland, a secret bit manipulation rule transforms 8-bit binary numbers. The transformation involves operations like bit shifts, rotations, XOR, AND, OR, NOT, and possibly majority or choice functions.

Here are some examples of input -> output:
10100011 -> 10100111
10010001 -> 11000110
00001100 -> 10111111
10010000 -> 11110110
11100000 -> 11110011
10011101 -> 10000110
01100010 -> 10011001

Now, determine the output for: 01011011",00101011,"I need to find the secret bit manipulation rule from the examples.

Given 7 examples:
  10100011 -> 10100111
  10010001 -> 11000110
  00001100 -> 10111111
  10010000 -> 11110110
  11100000 -> 11110011
  10011101 -> 10000110
  01100010 -> 10011001

Query: 01011011

Step 1: Analyze each output bit as an independent boolean function of input bits.

  Output bit 0: Ambiguous (11 candidates predict 0, 7 predict 1)
    For 0: XNOR(in[4], in[5]), NAND(in[1], in[3]), NAND(in[1], in[4])
    For 1: NAND(in[1], in[5]), NAND(in[2], in[3]), NAND(in[2], in[4])
  Output bit 1: Ambiguous (3 candidates predict 0, 1 predict 1)
    For 0: XNOR(in[5], in[6]), NOR(in[4], in[6]), NOR(in[5], in[6])
    For 1: XNOR(in[4], in[6])
  Output bit 2: All 1 candidates agree -> value = 1
    Best match: XNOR(in[6], in[7]) = 1
  Output bit 3: Ambiguous (1 candidates predict 0, 2 predict 1)
    For 0: NOT(in[7])
    For 1: NAND(in[0], in[7]), IMPL(in[7], in[1])
  Output bit 4: Ambiguous (2 candidates predict 0, 1 predict 1)
    For 0: NOR(in[0], in[3]), NOR(in[0], in[7])
    For 1: NOT(in[0])
  Output bit 5: Ambiguous (2 candidates predict 0, 5 predict 1)
    For 0: NOT(in[1]), IMPL(in[1], in[5])
    For 1: NAND(in[1], in[2]), IMPL(in[1], in[3]), IMPL(in[1], in[4])
  Output bit 6: Ambiguous (4 candidates predict 0, 3 predict 1)
    For 0: OR(in[0], in[5]), NAND(in[1], in[6]), IMPL(in[1], in[0])
    For 1: OR(in[0], in[4]), IMPL(in[2], in[0]), IMPL(in[6], in[7])
  Output bit 7: Ambiguous (2 candidates predict 0, 4 predict 1)
    For 0: NOT(in[3]), IMPL(in[3], in[2])
    For 1: NAND(in[0], in[3]), IMPL(in[0], in[2]), IMPL(in[3], in[1])

Step 2: No strong shift pattern detected.

Step 3: No additional bits resolved by context propagation.

Step 4: Resolve remaining 7 ambiguous bit(s) by scoring all combinations.
  Ambiguous positions: [0, 1, 3, 4, 5, 6, 7]
  Scoring considers: operation priors, complexity, template consistency, shift alignment.
  Bit 0 -> 0
  Bit 1 -> 0
  Bit 3 -> 0
  Bit 4 -> 1
  Bit 5 -> 0
  Bit 6 -> 0
  Bit 7 -> 0

Step 5: Combine all bits to form the output.
  bit0=0(scored) | bit1=0(scored) | bit2=1(unambig) | bit3=0(scored) | bit4=1(scored) | bit5=0(scored) | bit6=0(scored) | bit7=0(scored)

The answer is 00101000.",Bit Manipulation,low,bf,7
6a635e3e,"In Alice's Wonderland, a secret bit manipulation rule transforms 8-bit binary numbers. The transformation involves operations like bit shifts, rotations, XOR, AND, OR, NOT, and possibly majority or choice functions.

Here are some examples of input -> output:
10100100 -> 11011010
01101101 -> 11010110
10100001 -> 10111010
01011100 -> 00011101
01111100 -> 00011111
11100010 -> 01101110
01100100 -> 11011110
00100010 -> 01101110

Now, determine the output for: 11110111",10001111,"I need to find the secret bit manipulation rule from the examples.

Given 8 examples:
  10100100 -> 11011010
  01101101 -> 11010110
  10100001 -> 10111010
  01011100 -> 00011101
  01111100 -> 00011111
  11100010 -> 01101110
  01100100 -> 11011110
  00100010 -> 01101110

Query: 11110111

Step 1: Analyze each output bit as an independent boolean function of input bits.

  Output bit 0: Ambiguous (1 candidates predict 0, 1 predict 1)
    For 0: NOR(in[3], in[6])
    For 1: XNOR(in[3], in[6])
  Output bit 1: All 1 candidates agree -> value = 0
    Best match: XNOR(in[4], in[7]) = 0
  Output bit 2: Ambiguous (4 candidates predict 0, 1 predict 1)
    For 0: NOR(in[3], in[5]), NOR(in[4], in[5]), NOT(in[5])
    For 1: IMPL(in[5], in[6])
  Output bit 3: Ambiguous (4 candidates predict 0, 4 predict 1)
    For 0: XOR(in[0], in[1]), NOT(in[6]), NAND(in[2], in[6])
    For 1: OR(in[5], in[7]), IMPL(in[6], in[3]), IMPL(in[6], in[5])
  Output bit 4: Ambiguous (3 candidates predict 0, 3 predict 1)
    For 0: XNOR(in[3], in[4]), NAND(in[1], in[7]), NAND(in[5], in[7])
    For 1: NAND(in[4], in[7]), IMPL(in[4], in[3]), IMPL(in[7], in[0])
  Output bit 5: All 3 candidates agree -> value = 1
    Best match: OR(in[1], in[6]) = 1
  Output bit 6: All 8 candidates agree -> value = 1
    Best match: ID(in[2]) = 1
  Output bit 7: Ambiguous (5 candidates predict 0, 4 predict 1)
    For 0: AND(in[3], in[4]), INHIB(in[3], in[0]), INHIB(in[3], in[6])
    For 1: ID(in[3]), AND(in[1], in[3]), AND(in[3], in[5])

Step 2: Identify structural patterns.
  Confirmed bit mappings: bit6<-in[2](shift=4), bit7<-in[3](shift=4)
  Dominant shift = 4 (weight 6)

Step 3: Resolve ambiguous bits using structural patterns.
  Bit 2: Resolved via pair/structure pattern -> value = 1
  Bit 3: Resolved via pair/structure pattern -> value = 1
  Bit 4: Resolved via pair/structure pattern -> value = 1
  Bit 7: Using shift=4, source = in[3] -> value = 1

Step 4: Resolve remaining 1 ambiguous bit(s) by scoring all combinations.
  Ambiguous positions: [0]
  Scoring considers: operation priors, complexity, template consistency, shift alignment.
  Bit 0 -> 1

Step 5: Combine all bits to form the output.
  bit0=1(scored) | bit1=0(unambig) | bit2=1(ctx) | bit3=1(ctx) | bit4=1(ctx) | bit5=1(unambig) | bit6=1(unambig) | bit7=1(ctx)

The answer is 10111111.",Bit Manipulation,low,bf,1
6abc8047,"In Alice's Wonderland, a secret bit manipulation rule transforms 8-bit binary numbers. The transformation involves operations like bit shifts, rotations, XOR, AND, OR, NOT, and possibly majority or choice functions.

Here are some examples of input -> output:
01111110 -> 00111111
11110010 -> 01111001
10100000 -> 01010000
10000110 -> 01000011
10011010 -> 01001101
01100010 -> 00110001
11100000 -> 01110000
10101111 -> 11010111

Now, determine the output for: 01010011",00101001,"I need to find the secret bit manipulation rule from the examples.

Given 8 examples:
  01111110 -> 00111111
  11110010 -> 01111001
  10100000 -> 01010000
  10000110 -> 01000011
  10011010 -> 01001101
  01100010 -> 00110001
  11100000 -> 01110000
  10101111 -> 11010111

Query: 01010011

Step 1: Check for whole-byte patterns.
  Rotation pattern detected.
  Rule: output = rotate(input, k) for some shift k.

Step 2: Apply the pattern to the query.
  01010011 -> 10101001

The answer is 10101001.",Bit Manipulation,high,w_rot,0
6c01f1a7,"In Alice's Wonderland, a secret bit manipulation rule transforms 8-bit binary numbers. The transformation involves operations like bit shifts, rotations, XOR, AND, OR, NOT, and possibly majority or choice functions.

Here are some examples of input -> output:
01111011 -> 11110101
11000101 -> 10001100
00000010 -> 00000100
00100010 -> 01000101
01001111 -> 10011100
11000100 -> 10001110
01001011 -> 10010100

Now, determine the output for: 11110011",11100001,"I need to find the secret bit manipulation rule from the examples.

Given 7 examples:
  01111011 -> 11110101
  11000101 -> 10001100
  00000010 -> 00000100
  00100010 -> 01000101
  01001111 -> 10011100
  11000100 -> 10001110
  01001011 -> 10010100

Query: 11110011

Step 1: Analyze each output bit as an independent boolean function of input bits.

  Output bit 0: Ambiguous (3 candidates predict 0, 12 predict 1)
    For 0: OR(in[4], in[5]), XNOR(in[4], in[6]), IMPL(in[6], in[4])
    For 1: ID(in[1]), XOR(in[0], in[4]), OR(in[0], in[1])
  Output bit 1: Ambiguous (1 candidates predict 0, 4 predict 1)
    For 0: INHIB(in[2], in[0])
    For 1: ID(in[2]), AND(in[2], in[6]), OR(in[2], in[3])
  Output bit 2: Ambiguous (3 candidates predict 0, 8 predict 1)
    For 0: AND(in[2], in[4]), AND(in[3], in[4]), INHIB(in[3], in[0])
    For 1: ID(in[3]), AND(in[1], in[2]), AND(in[1], in[3])
  Output bit 3: Ambiguous (8 candidates predict 0, 4 predict 1)
    For 0: ID(in[4]), AND(in[1], in[4]), AND(in[4], in[6])
    For 1: AND(in[1], in[6]), AND(in[6], in[7]), XNOR(in[1], in[6])
  Output bit 4: Ambiguous (5 candidates predict 0, 1 predict 1)
    For 0: ID(in[5]), AND(in[1], in[5]), INHIB(in[5], in[2])
    For 1: OR(in[0], in[5])
  Output bit 5: Ambiguous (6 candidates predict 0, 18 predict 1)
    For 0: XOR(in[0], in[6]), NAND(in[0], in[2]), NAND(in[0], in[3])
    For 1: OR(in[0], in[6]), OR(in[1], in[6]), OR(in[5], in[6])
  Output bit 6: All 5 candidates agree -> value = 0
    Best match: XOR(in[1], in[7]) = 0
  Output bit 7: Ambiguous (1 candidates predict 0, 4 predict 1)
    For 0: INHIB(in[2], in[0])
    For 1: ID(in[2]), AND(in[2], in[6]), OR(in[2], in[3])

Step 2: Identify structural patterns.
  Confirmed bit mappings: bit0<-in[1](shift=1), bit1<-in[2](shift=1), bit2<-in[3](shift=1), bit3<-in[4](shift=1), bit4<-in[5](shift=1)
  Dominant shift = 1 (weight 5)

Step 3: Resolve ambiguous bits using structural patterns.
  Bit 0: Using shift=1, source = in[1] -> value = 1
  Bit 1: Using shift=1, source = in[2] -> value = 1
  Bit 2: Using shift=1, source = in[3] -> value = 1
  Bit 3: Using shift=1, source = in[4] -> value = 0
  Bit 4: Using shift=1, source = in[5] -> value = 0

Step 4: Resolve remaining 2 ambiguous bit(s) by scoring all combinations.
  Ambiguous positions: [5, 7]
  Scoring considers: operation priors, complexity, template consistency, shift alignment.
  Bit 5 -> 1
  Bit 7 -> 1

Step 5: Combine all bits to form the output.
  bit0=1(ctx) | bit1=1(ctx) | bit2=1(ctx) | bit3=0(ctx) | bit4=0(ctx) | bit5=1(scored) | bit6=0(unambig) | bit7=1(scored)

The answer is 11100101.",Bit Manipulation,low,bf,2
6cfe5536,"In Alice's Wonderland, a secret bit manipulation rule transforms 8-bit binary numbers. The transformation involves operations like bit shifts, rotations, XOR, AND, OR, NOT, and possibly majority or choice functions.

Here are some examples of input -> output:
11100110 -> 00110111
01101101 -> 00100110
11000110 -> 01100111
11011011 -> 01001111
01110001 -> 00011010
00011010 -> 00001001
10111001 -> 10001100
00001011 -> 10000001
01000001 -> 00100010
00011000 -> 00001100

Now, determine the output for: 11010100",01000010,"I need to find the secret bit manipulation rule from the examples.

Given 10 examples:
  11100110 -> 00110111
  01101101 -> 00100110
  11000110 -> 01100111
  11011011 -> 01001111
  01110001 -> 00011010
  00011010 -> 00001001
  10111001 -> 10001100
  00001011 -> 10000001
  01000001 -> 00100010
  00011000 -> 00001100

Query: 11010100

Step 1: Analyze each output bit as an independent boolean function of input bits.

  Output bit 0: All 1 candidates agree -> value = 0
    Best match: INHIB(in[7], in[1]) = 0
  Output bit 1: All 1 candidates agree -> value = 1
    Best match: INHIB(in[0], in[2]) = 1
  Output bit 2: All 1 candidates agree -> value = 0
    Best match: INHIB(in[1], in[3]) = 0
  Output bit 3: All 1 candidates agree -> value = 0
    Best match: INHIB(in[2], in[4]) = 0
  Output bit 4: Ambiguous (1 candidates predict 0, 1 predict 1)
    For 0: INHIB(in[3], in[5])
    For 1: ID(in[3])
  Output bit 5: All 1 candidates agree -> value = 1
    Best match: OR(XNOR)(in[1], in[6], in[5]) = 1
  Output bit 6: All 3 candidates agree -> value = 1
    Best match: ID(in[1]) = 1
  Output bit 7: All 1 candidates agree -> value = 0
    Best match: ID(in[6]) = 0

Step 2: Identify structural patterns.
  Confirmed bit mappings: bit4<-in[3](shift=7), bit6<-in[1](shift=3), bit7<-in[6](shift=7)
  Dominant shift = 7 (weight 6)

Step 3: Resolve ambiguous bits using structural patterns.
  Bit 4: Using shift=7, source = in[3] -> value = 1

Step 4: All bits resolved without brute-force.

Step 5: Combine all bits to form the output.
  bit0=0(unambig) | bit1=1(unambig) | bit2=0(unambig) | bit3=0(unambig) | bit4=1(ctx) | bit5=1(unambig) | bit6=1(unambig) | bit7=0(unambig)

The answer is 01001110.",Bit Manipulation,high,ctx,0
6ecc51b1,"In Alice's Wonderland, a secret bit manipulation rule transforms 8-bit binary numbers. The transformation involves operations like bit shifts, rotations, XOR, AND, OR, NOT, and possibly majority or choice functions.

Here are some examples of input -> output:
01111001 -> 01000111
01101010 -> 00010110
01010011 -> 10100101
00100101 -> 00001011
01110000 -> 11110111
01001101 -> 10000110
01001110 -> 11010110
01001000 -> 01110110
00000101 -> 00001111

Now, determine the output for: 10010100",00101101,"I need to find the secret bit manipulation rule from the examples.

Given 9 examples:
  01111001 -> 01000111
  01101010 -> 00010110
  01010011 -> 10100101
  00100101 -> 00001011
  01110000 -> 11110111
  01001101 -> 10000110
  01001110 -> 11010110
  01001000 -> 01110110
  00000101 -> 00001111

Query: 10010100

Step 1: Analyze each output bit as an independent boolean function of input bits.

  Output bit 0: All 1 candidates agree -> value = 0
    Best match: XNOR(in[4], in[5]) = 0
  Output bit 1: All 1 candidates agree -> value = 0
    Best match: XNOR(in[5], in[6]) = 0
  Output bit 2: All 1 candidates agree -> value = 1
    Best match: XNOR(in[6], in[7]) = 1
  Output bit 3: Ambiguous (3 candidates predict 0, 2 predict 1)
    For 0: XNOR(in[0], in[7]), NOR(in[0], in[7]), INHIB(in[1], in[7])
    For 1: NOT(in[7]), IMPL(in[7], in[0])
  Output bit 4: Ambiguous (5 candidates predict 0, 6 predict 1)
    For 0: XNOR(in[0], in[1]), NOR(in[0], in[1]), NOR(in[1], in[3])
    For 1: NOR(in[1], in[4]), NOR(in[1], in[6]), NOT(in[1])
  Output bit 5: All 2 candidates agree -> value = 1
    Best match: NAND(in[2], in[5]) = 1
  Output bit 6: Ambiguous (1 candidates predict 0, 3 predict 1)
    For 0: IMPL(in[3], in[2])
    For 1: NAND(in[3], in[6]), NAND(in[6], in[7]), IMPL(in[6], in[4])
  Output bit 7: Ambiguous (1 candidates predict 0, 2 predict 1)
    For 0: XNOR(in[1], in[3])
    For 1: IMPL(in[1], in[3]), IMPL(in[4], in[3])

Step 2: No strong shift pattern detected.

Step 3: Resolve ambiguous bits using structural patterns.
  Bit 3: Resolved via pair/structure pattern -> value = 0
  Bit 4: Resolved via pair/structure pattern -> value = 0

Step 4: Resolve remaining 2 ambiguous bit(s) by scoring all combinations.
  Ambiguous positions: [6, 7]
  Scoring considers: operation priors, complexity, template consistency, shift alignment.
  Bit 6 -> 1
  Bit 7 -> 0

Step 5: Combine all bits to form the output.
  bit0=0(unambig) | bit1=0(unambig) | bit2=1(unambig) | bit3=0(ctx) | bit4=0(ctx) | bit5=1(unambig) | bit6=1(scored) | bit7=0(scored)

The answer is 00100110.",Bit Manipulation,low,bf,2
6fae6379,"In Alice's Wonderland, a secret bit manipulation rule transforms 8-bit binary numbers. The transformation involves operations like bit shifts, rotations, XOR, AND, OR, NOT, and possibly majority or choice functions.

Here are some examples of input -> output:
00101100 -> 01001111
10001111 -> 00000011
11101011 -> 10010011
01101101 -> 00001011
11111101 -> 01001011
11111001 -> 01011011
11011000 -> 10011111

Now, determine the output for: 01000110",01100111,"I need to find the secret bit manipulation rule from the examples.

Given 7 examples:
  00101100 -> 01001111
  10001111 -> 00000011
  11101011 -> 10010011
  01101101 -> 00001011
  11111101 -> 01001011
  11111001 -> 01011011
  11011000 -> 10011111

Query: 01000110

Step 1: Analyze each output bit as an independent boolean function of input bits.

  Output bit 0: All 1 candidates agree -> value = 0
    Best match: XNOR(in[2], in[6]) = 0
  Output bit 1: All 1 candidates agree -> value = 1
    Best match: XNOR(in[3], in[7]) = 1
  Output bit 2: Ambiguous (13 candidates predict 0, 11 predict 1)
    For 0: AND(in[3], in[6]), NOR(in[0], in[5]), NOR(in[1], in[4])
    For 1: NOR(in[0], in[2]), NOR(in[0], in[4]), NOR(in[2], in[4])
  Output bit 3: Ambiguous (4 candidates predict 0, 2 predict 1)
    For 0: NOT(in[5]), INHIB(in[0], in[5]), INHIB(in[1], in[5])
    For 1: XOR(in[4], in[5]), NAND(in[4], in[5])
  Output bit 4: Ambiguous (3 candidates predict 0, 6 predict 1)
    For 0: NOT(in[6]), INHIB(in[4], in[6]), IMPL(in[6], in[3])
    For 1: XOR(in[4], in[6]), XNOR(in[0], in[3]), NAND(in[0], in[6])
  Output bit 5: Ambiguous (3 candidates predict 0, 3 predict 1)
    For 0: XOR(in[4], in[7]), NOR(in[6], in[7]), INHIB(in[4], in[7])
    For 1: XOR(in[1], in[2]), NOT(in[7]), NAND(in[4], in[7])
  Output bit 6: Ambiguous (11 candidates predict 0, 13 predict 1)
    For 0: ID(in[4]), OR(in[0], in[2]), OR(in[0], in[4])
    For 1: OR(in[0], in[5]), OR(in[1], in[4]), OR(in[1], in[5])
  Output bit 7: Ambiguous (11 candidates predict 0, 13 predict 1)
    For 0: ID(in[4]), OR(in[0], in[2]), OR(in[0], in[4])
    For 1: OR(in[0], in[5]), OR(in[1], in[4]), OR(in[1], in[5])

Step 2: No strong shift pattern detected.

Step 3: No additional bits resolved by context propagation.

Step 4: Resolve remaining 6 ambiguous bit(s) by scoring all combinations.
  Ambiguous positions: [2, 3, 4, 5, 6, 7]
  Scoring considers: operation priors, complexity, template consistency, shift alignment.
  Bit 2 -> 0
  Bit 3 -> 0
  Bit 4 -> 0
  Bit 5 -> 1
  Bit 6 -> 0
  Bit 7 -> 0

Step 5: Combine all bits to form the output.
  bit0=0(unambig) | bit1=1(unambig) | bit2=0(scored) | bit3=0(scored) | bit4=0(scored) | bit5=1(scored) | bit6=0(scored) | bit7=0(scored)

The answer is 01000100.",Bit Manipulation,low,bf,6
7064acac,"In Alice's Wonderland, a secret bit manipulation rule transforms 8-bit binary numbers. The transformation involves operations like bit shifts, rotations, XOR, AND, OR, NOT, and possibly majority or choice functions.

Here are some examples of input -> output:
11000000 -> 11110011
00011110 -> 10011110
00110011 -> 00001100
00011100 -> 00111110
10101111 -> 11000111
10001101 -> 01100111
10111101 -> 01100110
11100000 -> 11110011
10010001 -> 10100110

Now, determine the output for: 00111000",01111100,"I need to find the secret bit manipulation rule from the examples.

Given 9 examples:
  11000000 -> 11110011
  00011110 -> 10011110
  00110011 -> 00001100
  00011100 -> 00111110
  10101111 -> 11000111
  10001101 -> 01100111
  10111101 -> 01100110
  11100000 -> 11110011
  10010001 -> 10100110

Query: 00111000

Step 1: Analyze each output bit as an independent boolean function of input bits.

  Output bit 0: Ambiguous (1 candidates predict 0, 1 predict 1)
    For 0: XNOR(in[4], in[6])
    For 1: XNOR(in[5], in[6])
  Output bit 1: Ambiguous (1 candidates predict 0, 1 predict 1)
    For 0: XNOR(in[4], in[7])
    For 1: XNOR(in[5], in[7])
  Output bit 2: All 2 candidates agree -> value = 1
    Best match: NOT(in[6]) = 1
  Output bit 3: All 2 candidates agree -> value = 1
    Best match: NOT(in[7]) = 1
  Output bit 4: All 3 candidates agree -> value = 1
    Best match: NOR(in[0], in[1]) = 1
  Output bit 5: Ambiguous (1 candidates predict 0, 12 predict 1)
    For 0: OR(in[5], in[7])
    For 1: OR(in[3], in[4]), OR(in[3], in[5]), OR(in[3], in[7])
  Output bit 6: Ambiguous (2 candidates predict 0, 4 predict 1)
    For 0: OR(in[0], in[5]), IMPL(in[2], in[0])
    For 1: OR(in[0], in[4]), IMPL(in[6], in[4]), IMPL(in[6], in[5])
  Output bit 7: All 3 candidates agree -> value = 0
    Best match: NOT(in[3]) = 0

Step 2: Identify structural patterns.
  Confirmed bit mappings: bit2<-in[6](shift=4), bit3<-in[7](shift=4), bit4<-in[0](shift=4), bit5<-in[1](shift=4), bit7<-in[3](shift=4)
  Dominant shift = 4 (weight 21)

Step 3: Resolve ambiguous bits using structural patterns.
  Bit 5: Using shift=4, source = in[1] -> value = 1

Step 4: Resolve remaining 3 ambiguous bit(s) by scoring all combinations.
  Ambiguous positions: [0, 1, 6]
  Scoring considers: operation priors, complexity, template consistency, shift alignment.
  Bit 0 -> 0
  Bit 1 -> 1
  Bit 6 -> 1

Step 5: Combine all bits to form the output.
  bit0=0(scored) | bit1=1(scored) | bit2=1(unambig) | bit3=1(unambig) | bit4=1(unambig) | bit5=1(ctx) | bit6=1(scored) | bit7=0(unambig)

The answer is 01111110.",Bit Manipulation,low,bf,3
707acef3,"In Alice's Wonderland, a secret bit manipulation rule transforms 8-bit binary numbers. The transformation involves operations like bit shifts, rotations, XOR, AND, OR, NOT, and possibly majority or choice functions.

Here are some examples of input -> output:
11100100 -> 01001110
10000110 -> 01011000
10010110 -> 01011001
01011110 -> 00000101
00010001 -> 00010001
10100001 -> 00010010
10000101 -> 01010000

Now, determine the output for: 00011100",00000001,"I need to find the secret bit manipulation rule from the examples.

Given 7 examples:
  11100100 -> 01001110
  10000110 -> 01011000
  10010110 -> 01011001
  01011110 -> 00000101
  00010001 -> 00010001
  10100001 -> 00010010
  10000101 -> 01010000

Query: 00011100

Step 1: Analyze each output bit as an independent boolean function of input bits.

  Output bit 0: Ambiguous (15 candidates predict 0, 2 predict 1)
    For 0: AND(in[0], in[4]), AND(in[1], in[7]), AND(in[2], in[3])
    For 1: INHIB(in[4], in[1]), INHIB(in[4], in[6])
  Output bit 1: All 3 candidates agree -> value = 0
    Best match: AND(in[0], in[5]) = 0
  Output bit 2: Ambiguous (15 candidates predict 0, 2 predict 1)
    For 0: AND(in[0], in[4]), AND(in[1], in[7]), AND(in[2], in[3])
    For 1: INHIB(in[4], in[1]), INHIB(in[4], in[6])
  Output bit 3: Ambiguous (1 candidates predict 0, 3 predict 1)
    For 0: NOR(in[1], in[4])
    For 1: NOT(in[1]), NAND(in[1], in[5]), IMPL(in[1], in[7])
  Output bit 4: All 4 candidates agree -> value = 0
    Best match: XOR(in[1], in[6]) = 0
  Output bit 5: Ambiguous (3 candidates predict 0, 1 predict 1)
    For 0: ID(in[1]), AND(in[1], in[5]), INHIB(in[1], in[7])
    For 1: OR(in[1], in[4])
  Output bit 6: All 5 candidates agree -> value = 0
    Best match: ID(in[2]) = 0
  Output bit 7: All 4 candidates agree -> value = 1
    Best match: ID(in[3]) = 1

Step 2: Identify structural patterns.
  Confirmed bit mappings: bit5<-in[1](shift=4), bit6<-in[2](shift=4), bit7<-in[3](shift=4)
  Dominant shift = 4 (weight 11)

Step 3: Resolve ambiguous bits using structural patterns.
  Bit 0: Resolved via pair/structure pattern -> value = 0
  Bit 2: Resolved via pair/structure pattern -> value = 0
  Bit 5: Using shift=4, source = in[1] -> value = 0

Step 4: Resolve remaining 1 ambiguous bit(s) by scoring all combinations.
  Ambiguous positions: [3]
  Scoring considers: operation priors, complexity, template consistency, shift alignment.
  Bit 3 -> 1

Step 5: Combine all bits to form the output.
  bit0=0(ctx) | bit1=0(unambig) | bit2=0(ctx) | bit3=1(scored) | bit4=0(unambig) | bit5=0(ctx) | bit6=0(unambig) | bit7=1(unambig)

The answer is 00010001.",Bit Manipulation,low,bf,1
70df6363,"In Alice's Wonderland, a secret bit manipulation rule transforms 8-bit binary numbers. The transformation involves operations like bit shifts, rotations, XOR, AND, OR, NOT, and possibly majority or choice functions.

Here are some examples of input -> output:
10110001 -> 00010110
01010111 -> 01011100
01111010 -> 10101111
01110001 -> 00000110
10110110 -> 01011010
11101011 -> 10111100
11101101 -> 10011100

Now, determine the output for: 10010101",01010000,"I need to find the secret bit manipulation rule from the examples.

Given 7 examples:
  10110001 -> 00010110
  01010111 -> 01011100
  01111010 -> 10101111
  01110001 -> 00000110
  10110110 -> 01011010
  11101011 -> 10111100
  11101101 -> 10011100

Query: 10010101

Step 1: Analyze each output bit as an independent boolean function of input bits.

  Output bit 0: Ambiguous (4 candidates predict 0, 1 predict 1)
    For 0: ID(in[4]), AND(in[1], in[4]), AND(in[2], in[4])
    For 1: XOR(in[5], in[6])
  Output bit 1: Ambiguous (2 candidates predict 0, 2 predict 1)
    For 0: AND(in[5], in[6]), INHIB(in[6], in[4])
    For 1: AND(in[3], in[5]), INHIB(in[5], in[4])
  Output bit 2: All 3 candidates agree -> value = 0
    Best match: AND(in[4], in[6]) = 0
  Output bit 3: Ambiguous (1 candidates predict 0, 2 predict 1)
    For 0: XNOR(in[0], in[2])
    For 1: OR(in[0], in[5]), IMPL(in[2], in[0])
  Output bit 4: Ambiguous (2 candidates predict 0, 2 predict 1)
    For 0: OR(in[4], in[6]), IMPL(in[3], in[6])
    For 1: OR(in[4], in[5]), OR(in[5], in[6])
  Output bit 5: Ambiguous (1 candidates predict 0, 5 predict 1)
    For 0: IMPL(in[5], in[1])
    For 1: OR(in[1], in[7]), OR(in[4], in[7]), IMPL(in[0], in[7])
  Output bit 6: All 2 candidates agree -> value = 0
    Best match: AND(in[2], in[3]) = 0
  Output bit 7: All 7 candidates agree -> value = 0
    Best match: AND(in[3], in[4]) = 0

Step 2: No strong shift pattern detected.

Step 3: Resolve ambiguous bits using structural patterns.
  Bit 1: Resolved via pair/structure pattern -> value = 0

Step 4: Resolve remaining 4 ambiguous bit(s) by scoring all combinations.
  Ambiguous positions: [0, 3, 4, 5]
  Scoring considers: operation priors, complexity, template consistency, shift alignment.
  Bit 0 -> 0
  Bit 3 -> 1
  Bit 4 -> 0
  Bit 5 -> 1

Step 5: Combine all bits to form the output.
  bit0=0(scored) | bit1=0(ctx) | bit2=0(unambig) | bit3=1(scored) | bit4=0(scored) | bit5=1(scored) | bit6=0(unambig) | bit7=0(unambig)

The answer is 00010100.",Bit Manipulation,low,bf,4
716998e8,"In Alice's Wonderland, a secret bit manipulation rule transforms 8-bit binary numbers. The transformation involves operations like bit shifts, rotations, XOR, AND, OR, NOT, and possibly majority or choice functions.

Here are some examples of input -> output:
11110100 -> 01000000
00011001 -> 10010000
01111001 -> 10010000
01010010 -> 00100000
11100011 -> 00110000
00110111 -> 01110000
00111100 -> 11000000
00011101 -> 11010000
01011101 -> 11010000

Now, determine the output for: 10001001",10010000,"I need to find the secret bit manipulation rule from the examples.

Given 9 examples:
  11110100 -> 01000000
  00011001 -> 10010000
  01111001 -> 10010000
  01010010 -> 00100000
  11100011 -> 00110000
  00110111 -> 01110000
  00111100 -> 11000000
  00011101 -> 11010000
  01011101 -> 11010000

Query: 10001001

Step 1: Analyze each output bit as an independent boolean function of input bits.

  Output bit 0: Ambiguous (3 candidates predict 0, 2 predict 1)
    For 0: AND(in[3], in[4]), NOR(in[0], in[6]), INHIB(in[4], in[0])
    For 1: ID(in[4]), INHIB(in[4], in[6])
  Output bit 1: All 2 candidates agree -> value = 0
    Best match: ID(in[5]) = 0
  Output bit 2: Ambiguous (2 candidates predict 0, 1 predict 1)
    For 0: ID(in[6]), INHIB(in[6], in[4])
    For 1: IMPL(in[3], in[6])
  Output bit 3: All 2 candidates agree -> value = 1
    Best match: ID(in[7]) = 1
  Output bit 4: Ambiguous (5 candidates predict 0, 7 predict 1)
    For 0: AND(in[4], in[6]), NOR(in[0], in[3]), NOR(in[3], in[7])
    For 1: AND(in[0], in[4]), NOR(in[1], in[3]), NOR(in[2], in[3])
  Output bit 5: Ambiguous (5 candidates predict 0, 7 predict 1)
    For 0: AND(in[4], in[6]), NOR(in[0], in[3]), NOR(in[3], in[7])
    For 1: AND(in[0], in[4]), NOR(in[1], in[3]), NOR(in[2], in[3])
  Output bit 6: Ambiguous (5 candidates predict 0, 7 predict 1)
    For 0: AND(in[4], in[6]), NOR(in[0], in[3]), NOR(in[3], in[7])
    For 1: AND(in[0], in[4]), NOR(in[1], in[3]), NOR(in[2], in[3])
  Output bit 7: Ambiguous (5 candidates predict 0, 7 predict 1)
    For 0: AND(in[4], in[6]), NOR(in[0], in[3]), NOR(in[3], in[7])
    For 1: AND(in[0], in[4]), NOR(in[1], in[3]), NOR(in[2], in[3])

Step 2: Identify structural patterns.
  Confirmed bit mappings: bit0<-in[4](shift=4), bit1<-in[5](shift=4), bit2<-in[6](shift=4), bit3<-in[7](shift=4)
  Dominant shift = 4 (weight 12)

Step 3: Resolve ambiguous bits using structural patterns.
  Bit 0: Using shift=4, source = in[4] -> value = 1
  Bit 2: Using shift=4, source = in[6] -> value = 0

Step 4: Resolve remaining 4 ambiguous bit(s) by scoring all combinations.
  Ambiguous positions: [4, 5, 6, 7]
  Scoring considers: operation priors, complexity, template consistency, shift alignment.
  Bit 4 -> 1
  Bit 5 -> 1
  Bit 6 -> 1
  Bit 7 -> 1

Step 5: Combine all bits to form the output.
  bit0=1(ctx) | bit1=0(unambig) | bit2=0(ctx) | bit3=1(unambig) | bit4=1(scored) | bit5=1(scored) | bit6=1(scored) | bit7=1(scored)

The answer is 10011111.",Bit Manipulation,low,bf,4
7192535b,"In Alice's Wonderland, a secret bit manipulation rule transforms 8-bit binary numbers. The transformation involves operations like bit shifts, rotations, XOR, AND, OR, NOT, and possibly majority or choice functions.

Here are some examples of input -> output:
01001000 -> 00000000
00101101 -> 00000010
10100100 -> 00001000
00011100 -> 00000001
00111011 -> 01100111
11010000 -> 00001000
10011000 -> 00010001
01001010 -> 00000100
11000110 -> 10001100

Now, determine the output for: 00100101",00000010,"I need to find the secret bit manipulation rule from the examples.

Given 9 examples:
  01001000 -> 00000000
  00101101 -> 00000010
  10100100 -> 00001000
  00011100 -> 00000001
  00111011 -> 01100111
  11010000 -> 00001000
  10011000 -> 00010001
  01001010 -> 00000100
  11000110 -> 10001100

Query: 00100101

Step 1: Analyze each output bit as an independent boolean function of input bits.

  Output bit 0: All 4 candidates agree -> value = 0
    Best match: AND(in[0], in[6]) = 0
  Output bit 1: All 8 candidates agree -> value = 0
    Best match: AND(in[2], in[3]) = 0
  Output bit 2: All 8 candidates agree -> value = 0
    Best match: AND(in[2], in[3]) = 0
  Output bit 3: Ambiguous (1 candidates predict 0, 1 predict 1)
    For 0: AND(in[0], in[4])
    For 1: XNOR(in[0], in[4])
  Output bit 4: Ambiguous (2 candidates predict 0, 1 predict 1)
    For 0: NOR(in[4], in[7]), INHIB(in[0], in[4])
    For 1: NOT(in[4])
  Output bit 5: All 1 candidates agree -> value = 0
    Best match: ID(in[6]) = 0
  Output bit 6: Ambiguous (2 candidates predict 0, 5 predict 1)
    For 0: AND(in[2], in[4]), AND(in[4], in[7])
    For 1: ID(in[7]), AND(in[2], in[7]), INHIB(in[2], in[0])
  Output bit 7: All 2 candidates agree -> value = 0
    Best match: AND(in[3], in[4]) = 0

Step 2: Identify structural patterns.
  Confirmed bit mappings: bit5<-in[6](shift=1), bit6<-in[7](shift=1)
  Dominant shift = 1 (weight 6)

Step 3: Resolve ambiguous bits using structural patterns.
  Bit 3: Resolved via pair/structure pattern -> value = 0
  Bit 6: Using shift=1, source = in[7] -> value = 1

Step 4: Resolve remaining 1 ambiguous bit(s) by scoring all combinations.
  Ambiguous positions: [4]
  Scoring considers: operation priors, complexity, template consistency, shift alignment.
  Bit 4 -> 1

Step 5: Combine all bits to form the output.
  bit0=0(unambig) | bit1=0(unambig) | bit2=0(unambig) | bit3=0(ctx) | bit4=1(scored) | bit5=0(unambig) | bit6=1(ctx) | bit7=0(unambig)

The answer is 00001010.",Bit Manipulation,low,bf,1
7192fc55,"In Alice's Wonderland, a secret bit manipulation rule transforms 8-bit binary numbers. The transformation involves operations like bit shifts, rotations, XOR, AND, OR, NOT, and possibly majority or choice functions.

Here are some examples of input -> output:
11110100 -> 11000111
11101011 -> 10000111
00100001 -> 00111001
10011110 -> 10111101
10010110 -> 10001101
01011010 -> 00100010
00110111 -> 01001101

Now, determine the output for: 00111010",01100011,"I need to find the secret bit manipulation rule from the examples.

Given 7 examples:
  11110100 -> 11000111
  11101011 -> 10000111
  00100001 -> 00111001
  10011110 -> 10111101
  10010110 -> 10001101
  01011010 -> 00100010
  00110111 -> 01001101

Query: 00111010

Step 1: Analyze each output bit as an independent boolean function of input bits.

  Output bit 0: All 2 candidates agree -> value = 0
    Best match: ID(in[0]) = 0
  Output bit 1: Ambiguous (1 candidates predict 0, 2 predict 1)
    For 0: AND(in[2], in[5])
    For 1: AND(in[2], in[3]), XNOR(in[2], in[3])
  Output bit 2: All 1 candidates agree -> value = 1
    Best match: XNOR(in[3], in[4]) = 1
  Output bit 3: All 1 candidates agree -> value = 0
    Best match: XNOR(in[4], in[5]) = 0
  Output bit 4: Ambiguous (1 candidates predict 0, 2 predict 1)
    For 0: XNOR(in[5], in[6])
    For 1: XOR(in[0], in[2]), NOT(in[1])
  Output bit 5: All 1 candidates agree -> value = 0
    Best match: OR(in[0], in[5]) = 0
  Output bit 6: Ambiguous (2 candidates predict 0, 1 predict 1)
    For 0: ID(in[1]), XNOR(in[0], in[2])
    For 1: XOR(in[5], in[6])
  Output bit 7: Ambiguous (5 candidates predict 0, 4 predict 1)
    For 0: OR(in[0], in[7]), XNOR(in[3], in[5]), OR(in[5], in[7])
    For 1: OR(in[0], in[2]), OR(in[2], in[5]), IMPL(in[1], in[0])

Step 2: Identify structural patterns.
  Confirmed bit mappings: bit0<-in[0](shift=0)
  Dominant shift = 0 (weight 5)

Step 3: Resolve ambiguous bits using structural patterns.
  Bit 1: Resolved via pair/structure pattern -> value = 1
  Bit 4: Resolved via pair/structure pattern -> value = 0

Step 4: Resolve remaining 2 ambiguous bit(s) by scoring all combinations.
  Ambiguous positions: [6, 7]
  Scoring considers: operation priors, complexity, template consistency, shift alignment.
  Bit 6 -> 0
  Bit 7 -> 0

Step 5: Combine all bits to form the output.
  bit0=0(unambig) | bit1=1(ctx) | bit2=1(unambig) | bit3=0(unambig) | bit4=0(ctx) | bit5=0(unambig) | bit6=0(scored) | bit7=0(scored)

The answer is 01100000.",Bit Manipulation,low,bf,2
72ffb208,"In Alice's Wonderland, a secret bit manipulation rule transforms 8-bit binary numbers. The transformation involves operations like bit shifts, rotations, XOR, AND, OR, NOT, and possibly majority or choice functions.

Here are some examples of input -> output:
00100010 -> 00000100
00101110 -> 00000100
10000111 -> 00000000
11001010 -> 00010001
00000110 -> 00000000
00001000 -> 00000000
00011101 -> 00000010
01100010 -> 00000100
11000110 -> 00001000

Now, determine the output for: 01011100",00001000,"I need to find the secret bit manipulation rule from the examples.

Given 9 examples:
  00100010 -> 00000100
  00101110 -> 00000100
  10000111 -> 00000000
  11001010 -> 00010001
  00000110 -> 00000000
  00001000 -> 00000000
  00011101 -> 00000010
  01100010 -> 00000100
  11000110 -> 00001000

Query: 01011100

Step 1: Analyze each output bit as an independent boolean function of input bits.

  Output bit 0: Ambiguous (13 candidates predict 0, 3 predict 1)
    For 0: AND(in[0], in[2]), AND(in[0], in[3]), AND(in[1], in[7])
    For 1: AND(in[1], in[3]), INHIB(in[1], in[6]), INHIB(in[3], in[7])
  Output bit 1: Ambiguous (13 candidates predict 0, 3 predict 1)
    For 0: AND(in[0], in[2]), AND(in[0], in[3]), AND(in[1], in[7])
    For 1: AND(in[1], in[3]), INHIB(in[1], in[6]), INHIB(in[3], in[7])
  Output bit 2: Ambiguous (13 candidates predict 0, 3 predict 1)
    For 0: AND(in[0], in[2]), AND(in[0], in[3]), AND(in[1], in[7])
    For 1: AND(in[1], in[3]), INHIB(in[1], in[6]), INHIB(in[3], in[7])
  Output bit 3: Ambiguous (2 candidates predict 0, 1 predict 1)
    For 0: AND(in[0], in[4]), INHIB(in[0], in[5])
    For 1: AND(in[1], in[4])
  Output bit 4: All 1 candidates agree -> value = 1
    Best match: AND(in[1], in[5]) = 1
  Output bit 5: All 5 candidates agree -> value = 0
    Best match: ID(in[2]) = 0
  Output bit 6: Ambiguous (5 candidates predict 0, 7 predict 1)
    For 0: AND(in[3], in[7]), AND(in[4], in[7]), INHIB(in[3], in[1])
    For 1: ID(in[3]), AND(in[3], in[4]), AND(in[3], in[5])
  Output bit 7: Ambiguous (2 candidates predict 0, 1 predict 1)
    For 0: AND(in[0], in[4]), INHIB(in[0], in[5])
    For 1: AND(in[1], in[4])

Step 2: Identify structural patterns.
  Confirmed bit mappings: bit5<-in[2](shift=5), bit6<-in[3](shift=5)
  Dominant shift = 5 (weight 6)

Step 3: Resolve ambiguous bits using structural patterns.
  Bit 3: Resolved via pair/structure pattern -> value = 0
  Bit 6: Using shift=5, source = in[3] -> value = 1
  Bit 7: Resolved via pair/structure pattern -> value = 0

Step 4: Resolve remaining 3 ambiguous bit(s) by scoring all combinations.
  Ambiguous positions: [0, 1, 2]
  Scoring considers: operation priors, complexity, template consistency, shift alignment.
  Bit 0 -> 0
  Bit 1 -> 0
  Bit 2 -> 0

Step 5: Combine all bits to form the output.
  bit0=0(scored) | bit1=0(scored) | bit2=0(scored) | bit3=0(ctx) | bit4=1(unambig) | bit5=0(unambig) | bit6=1(ctx) | bit7=0(ctx)

The answer is 00001010.",Bit Manipulation,low,bf,3
7403ef93,"In Alice's Wonderland, a secret bit manipulation rule transforms 8-bit binary numbers. The transformation involves operations like bit shifts, rotations, XOR, AND, OR, NOT, and possibly majority or choice functions.

Here are some examples of input -> output:
10000101 -> 00011111
10110011 -> 10111001
10011011 -> 00111101
11111011 -> 00110001
11011001 -> 01010101
01010111 -> 01100101
10001011 -> 00111111
11111001 -> 01010001
01011100 -> 10110100
11100101 -> 00010011

Now, determine the output for: 00010010",10011101,"I need to find the secret bit manipulation rule from the examples.

Given 10 examples:
  10000101 -> 00011111
  10110011 -> 10111001
  10011011 -> 00111101
  11111011 -> 00110001
  11011001 -> 01010101
  01010111 -> 01100101
  10001011 -> 00111111
  11111001 -> 01010001
  01011100 -> 10110100
  11100101 -> 00010011

Query: 00010010

Step 1: Analyze each output bit as an independent boolean function of input bits.

  Output bit 0: All 1 candidates agree -> value = 1
    Best match: XNOR(in[4], in[5]) = 1
  Output bit 1: All 1 candidates agree -> value = 0
    Best match: XNOR(in[5], in[6]) = 0
  Output bit 2: Ambiguous (1 candidates predict 0, 2 predict 1)
    For 0: XNOR(in[6], in[7])
    For 1: IMPL(in[0], in[6]), IMPL(in[7], in[6])
  Output bit 3: Ambiguous (2 candidates predict 0, 3 predict 1)
    For 0: OR(in[0], in[4]), IMPL(in[6], in[0])
    For 1: XNOR(in[0], in[7]), NAND(in[5], in[6]), IMPL(in[7], in[0])
  Output bit 4: Ambiguous (2 candidates predict 0, 1 predict 1)
    For 0: INHIB(in[0], in[1]), INHIB(in[7], in[1])
    For 1: NOT(in[1])
  Output bit 5: All 3 candidates agree -> value = 1
    Best match: NOT(in[2]) = 1
  Output bit 6: All 3 candidates agree -> value = 0
    Best match: NOT(in[3]) = 0
  Output bit 7: Ambiguous (4 candidates predict 0, 7 predict 1)
    For 0: ID(in[7]), OR(in[0], in[7]), OR(in[2], in[7])
    For 1: OR(in[0], in[6]), OR(in[6], in[7]), NAND(in[4], in[5])

Step 2: Identify structural patterns.
  Confirmed bit mappings: bit4<-in[1](shift=5), bit5<-in[2](shift=5), bit6<-in[3](shift=5)
  Dominant shift = 5 (weight 11)

Step 3: Resolve ambiguous bits using structural patterns.
  Bit 2: Resolved via pair/structure pattern -> value = 0
  Bit 3: Resolved via pair/structure pattern -> value = 1
  Bit 4: Using shift=5, source = in[1] -> value = 1

Step 4: Resolve remaining 1 ambiguous bit(s) by scoring all combinations.
  Ambiguous positions: [7]
  Scoring considers: operation priors, complexity, template consistency, shift alignment.
  Bit 7 -> 0

Step 5: Combine all bits to form the output.
  bit0=1(unambig) | bit1=0(unambig) | bit2=0(ctx) | bit3=1(ctx) | bit4=1(ctx) | bit5=1(unambig) | bit6=0(unambig) | bit7=0(scored)

The answer is 10011100.",Bit Manipulation,low,bf,1
751d48a2,"In Alice's Wonderland, a secret bit manipulation rule transforms 8-bit binary numbers. The transformation involves operations like bit shifts, rotations, XOR, AND, OR, NOT, and possibly majority or choice functions.

Here are some examples of input -> output:
11001011 -> 10110000
11000101 -> 01010000
11010000 -> 00000001
01111110 -> 11100000
11100100 -> 01000000
11011010 -> 10100001
00111101 -> 11010000
01011101 -> 11010000

Now, determine the output for: 00000010",00100000,"I need to find the secret bit manipulation rule from the examples.

Given 8 examples:
  11001011 -> 10110000
  11000101 -> 01010000
  11010000 -> 00000001
  01111110 -> 11100000
  11100100 -> 01000000
  11011010 -> 10100001
  00111101 -> 11010000
  01011101 -> 11010000

Query: 00000010

Step 1: Analyze each output bit as an independent boolean function of input bits.

  Output bit 0: Ambiguous (1 candidates predict 0, 4 predict 1)
    For 0: ID(in[4])
    For 1: OR(in[4], in[6]), IMPL(in[0], in[4]), IMPL(in[0], in[6])
  Output bit 1: Ambiguous (2 candidates predict 0, 2 predict 1)
    For 0: ID(in[5]), OR(in[2], in[5])
    For 1: IMPL(in[0], in[5]), IMPL(in[1], in[5])
  Output bit 2: Ambiguous (2 candidates predict 0, 1 predict 1)
    For 0: AND(in[1], in[6]), AND(in[4], in[6])
    For 1: ID(in[6])
  Output bit 3: Ambiguous (1 candidates predict 0, 1 predict 1)
    For 0: ID(in[7])
    For 1: IMPL(in[1], in[7])
  Output bit 4: Ambiguous (3 candidates predict 0, 10 predict 1)
    For 0: INHIB(in[0], in[1]), INHIB(in[2], in[5]), C0
    For 1: NOR(in[0], in[3]), NOR(in[0], in[4]), NOR(in[0], in[5])
  Output bit 5: Ambiguous (3 candidates predict 0, 10 predict 1)
    For 0: INHIB(in[0], in[1]), INHIB(in[2], in[5]), C0
    For 1: NOR(in[0], in[3]), NOR(in[0], in[4]), NOR(in[0], in[5])
  Output bit 6: Ambiguous (3 candidates predict 0, 10 predict 1)
    For 0: INHIB(in[0], in[1]), INHIB(in[2], in[5]), C0
    For 1: NOR(in[0], in[3]), NOR(in[0], in[4]), NOR(in[0], in[5])
  Output bit 7: Ambiguous (2 candidates predict 0, 3 predict 1)
    For 0: AND(in[0], in[3]), INHIB(in[3], in[5])
    For 1: XNOR(in[0], in[3]), NOR(in[2], in[7]), NOR(in[5], in[7])

Step 2: No strong shift pattern detected.

Step 3: No additional bits resolved by context propagation.

Step 4: Resolve remaining 8 ambiguous bit(s) by scoring all combinations.
  Ambiguous positions: [0, 1, 2, 3, 4, 5, 6, 7]
  Scoring considers: operation priors, complexity, template consistency, shift alignment.
  Bit 0 -> 0
  Bit 1 -> 0
  Bit 2 -> 1
  Bit 3 -> 0
  Bit 4 -> 1
  Bit 5 -> 1
  Bit 6 -> 1
  Bit 7 -> 0

Step 5: Combine all bits to form the output.
  bit0=0(scored) | bit1=0(scored) | bit2=1(scored) | bit3=0(scored) | bit4=1(scored) | bit5=1(scored) | bit6=1(scored) | bit7=0(scored)

The answer is 00101110.",Bit Manipulation,low,bf,8
7596e86d,"In Alice's Wonderland, a secret bit manipulation rule transforms 8-bit binary numbers. The transformation involves operations like bit shifts, rotations, XOR, AND, OR, NOT, and possibly majority or choice functions.

Here are some examples of input -> output:
11100001 -> 00111100
01100111 -> 11011100
11111111 -> 00111111
10111011 -> 00101111
00100011 -> 01101100
11100010 -> 01011100
10101100 -> 10110101
10110000 -> 00010110
01110100 -> 00001110

Now, determine the output for: 11110011",01111110,"I need to find the secret bit manipulation rule from the examples.

Given 9 examples:
  11100001 -> 00111100
  01100111 -> 11011100
  11111111 -> 00111111
  10111011 -> 00101111
  00100011 -> 01101100
  11100010 -> 01011100
  10101100 -> 10110101
  10110000 -> 00010110
  01110100 -> 00001110

Query: 11110011

Step 1: Analyze each output bit as an independent boolean function of input bits.

  Output bit 0: All 1 candidates agree -> value = 0
    Best match: INHIB(in[5], in[3]) = 0
  Output bit 1: Ambiguous (1 candidates predict 0, 1 predict 1)
    For 0: INHIB(in[6], in[3])
    For 1: INHIB(in[6], in[4])
  Output bit 2: No candidates found. Default to 0.
  Output bit 3: All 1 candidates agree -> value = 0
    Best match: XOR3(in[1], in[3], in[4]) = 0
  Output bit 4: All 2 candidates agree -> value = 1
    Best match: OR(in[1], in[6]) = 1
  Output bit 5: All 17 candidates agree -> value = 1
    Best match: ID(in[2]) = 1
  Output bit 6: All 4 candidates agree -> value = 1
    Best match: ID(in[3]) = 1
  Output bit 7: All 5 candidates agree -> value = 0
    Best match: ID(in[4]) = 0

Step 2: Identify structural patterns.
  Confirmed bit mappings: bit5<-in[2](shift=5), bit6<-in[3](shift=5), bit7<-in[4](shift=5)
  Dominant shift = 5 (weight 15)

Step 3: No additional bits resolved by context propagation.

Step 4: Resolve remaining 1 ambiguous bit(s) by scoring all combinations.
  Ambiguous positions: [1]
  Scoring considers: operation priors, complexity, template consistency, shift alignment.
  Bit 1 -> 0

Step 5: Combine all bits to form the output.
  bit0=0(unambig) | bit1=0(scored) | bit2=0(unambig) | bit3=0(unambig) | bit4=1(unambig) | bit5=1(unambig) | bit6=1(unambig) | bit7=0(unambig)

The answer is 00001110.",Bit Manipulation,low,bf,1
75cd12f1,"In Alice's Wonderland, a secret bit manipulation rule transforms 8-bit binary numbers. The transformation involves operations like bit shifts, rotations, XOR, AND, OR, NOT, and possibly majority or choice functions.

Here are some examples of input -> output:
11011000 -> 10001101
10111111 -> 01111011
00011000 -> 10000001
10000000 -> 00001000
00110101 -> 01010011
11010101 -> 01011101
01001000 -> 10000100
11001000 -> 10001100

Now, determine the output for: 11101001",00011110,"I need to find the secret bit manipulation rule from the examples.

Given 8 examples:
  11011000 -> 10001101
  10111111 -> 01111011
  00011000 -> 10000001
  10000000 -> 00001000
  00110101 -> 01010011
  11010101 -> 01011101
  01001000 -> 10000100
  11001000 -> 10001100

Query: 11101001

Step 1: Check for whole-byte patterns.
  Mixed shift pattern detected.
  Rule: some output bits are shifted copies, rest use a uniform 2-input function.

Step 2: Apply the pattern to the query.
  11101001 -> 10011110

The answer is 10011110.",Bit Manipulation,high,w_mix,0
780bf5c8,"In Alice's Wonderland, a secret bit manipulation rule transforms 8-bit binary numbers. The transformation involves operations like bit shifts, rotations, XOR, AND, OR, NOT, and possibly majority or choice functions.

Here are some examples of input -> output:
11000011 -> 00000000
01000010 -> 00000000
11000101 -> 00000000
00101101 -> 00000000
11001111 -> 00000000
01101110 -> 00000000
10101110 -> 00000001
10111110 -> 00000001

Now, determine the output for: 00100001",00000000,"I need to find the secret bit manipulation rule from the examples.

Given 8 examples:
  11000011 -> 00000000
  01000010 -> 00000000
  11000101 -> 00000000
  00101101 -> 00000000
  11001111 -> 00000000
  01101110 -> 00000000
  10101110 -> 00000001
  10111110 -> 00000001

Query: 00100001

Step 1: Analyze each output bit as an independent boolean function of input bits.

  Output bit 0: Ambiguous (11 candidates predict 0, 5 predict 1)
    For 0: AND(in[1], in[3]), AND(in[3], in[7]), NOR(in[1], in[2])
    For 1: NOR(in[1], in[4]), NOR(in[1], in[5]), NOR(in[5], in[6])
  Output bit 1: Ambiguous (11 candidates predict 0, 5 predict 1)
    For 0: AND(in[1], in[3]), AND(in[3], in[7]), NOR(in[1], in[2])
    For 1: NOR(in[1], in[4]), NOR(in[1], in[5]), NOR(in[5], in[6])
  Output bit 2: Ambiguous (11 candidates predict 0, 5 predict 1)
    For 0: AND(in[1], in[3]), AND(in[3], in[7]), NOR(in[1], in[2])
    For 1: NOR(in[1], in[4]), NOR(in[1], in[5]), NOR(in[5], in[6])
  Output bit 3: Ambiguous (11 candidates predict 0, 5 predict 1)
    For 0: AND(in[1], in[3]), AND(in[3], in[7]), NOR(in[1], in[2])
    For 1: NOR(in[1], in[4]), NOR(in[1], in[5]), NOR(in[5], in[6])
  Output bit 4: Ambiguous (11 candidates predict 0, 5 predict 1)
    For 0: AND(in[1], in[3]), AND(in[3], in[7]), NOR(in[1], in[2])
    For 1: NOR(in[1], in[4]), NOR(in[1], in[5]), NOR(in[5], in[6])
  Output bit 5: Ambiguous (11 candidates predict 0, 5 predict 1)
    For 0: AND(in[1], in[3]), AND(in[3], in[7]), NOR(in[1], in[2])
    For 1: NOR(in[1], in[4]), NOR(in[1], in[5]), NOR(in[5], in[6])
  Output bit 6: Ambiguous (11 candidates predict 0, 5 predict 1)
    For 0: AND(in[1], in[3]), AND(in[3], in[7]), NOR(in[1], in[2])
    For 1: NOR(in[1], in[4]), NOR(in[1], in[5]), NOR(in[5], in[6])
  Output bit 7: All 5 candidates agree -> value = 0
    Best match: AND(in[0], in[2]) = 0

Step 2: No strong shift pattern detected.

Step 3: Resolve ambiguous bits using structural patterns.
  Bit 1: Resolved via pair/structure pattern -> value = 0
  Bit 3: Resolved via pair/structure pattern -> value = 1
  Bit 4: Resolved via pair/structure pattern -> value = 0

Step 4: Resolve remaining 4 ambiguous bit(s) by scoring all combinations.
  Ambiguous positions: [0, 2, 5, 6]
  Scoring considers: operation priors, complexity, template consistency, shift alignment.
  Bit 0 -> 0
  Bit 2 -> 0
  Bit 5 -> 0
  Bit 6 -> 0

Step 5: Combine all bits to form the output.
  bit0=0(scored) | bit1=0(ctx) | bit2=0(scored) | bit3=1(ctx) | bit4=0(ctx) | bit5=0(scored) | bit6=0(scored) | bit7=0(unambig)

The answer is 00010000.",Bit Manipulation,low,bf,4
78db4aa3,"In Alice's Wonderland, a secret bit manipulation rule transforms 8-bit binary numbers. The transformation involves operations like bit shifts, rotations, XOR, AND, OR, NOT, and possibly majority or choice functions.

Here are some examples of input -> output:
11111101 -> 11111111
11110000 -> 00011111
01101011 -> 00011111
00011101 -> 10011011
00011000 -> 00110011
11000000 -> 10011111
01001101 -> 00111001

Now, determine the output for: 11011001",11011011,"I need to find the secret bit manipulation rule from the examples.

Given 7 examples:
  11111101 -> 11111111
  11110000 -> 00011111
  01101011 -> 00011111
  00011101 -> 10011011
  00011000 -> 00110011
  11000000 -> 10011111
  01001101 -> 00111001

Query: 11011001

Step 1: Analyze each output bit as an independent boolean function of input bits.

  Output bit 0: All 1 candidates agree -> value = 1
    Best match: XNOR(in[3], in[7]) = 1
  Output bit 1: Ambiguous (2 candidates predict 0, 3 predict 1)
    For 0: AND(in[0], in[5]), AND(in[2], in[5])
    For 1: AND(in[0], in[4]), AND(in[0], in[7]), XNOR(in[0], in[4])
  Output bit 2: All 1 candidates agree -> value = 0
    Best match: XNOR(in[1], in[5]) = 0
  Output bit 3: All 16 candidates agree -> value = 1
    Best match: OR(in[0], in[4]) = 1
  Output bit 4: All 5 candidates agree -> value = 1
    Best match: OR(in[0], in[7]) = 1
  Output bit 5: Ambiguous (1 candidates predict 0, 3 predict 1)
    For 0: IMPL(in[4], in[2])
    For 1: XOR(in[0], in[6]), OR(in[0], in[2]), OR(in[0], in[6])
  Output bit 6: All 1 candidates agree -> value = 1
    Best match: IMPL(in[5], in[3]) = 1
  Output bit 7: All 16 candidates agree -> value = 1
    Best match: OR(in[0], in[4]) = 1

Step 2: No strong shift pattern detected.

Step 3: No additional bits resolved by context propagation.

Step 4: Resolve remaining 2 ambiguous bit(s) by scoring all combinations.
  Ambiguous positions: [1, 5]
  Scoring considers: operation priors, complexity, template consistency, shift alignment.
  Bit 1 -> 1
  Bit 5 -> 1

Step 5: Combine all bits to form the output.
  bit0=1(unambig) | bit1=1(scored) | bit2=0(unambig) | bit3=1(unambig) | bit4=1(unambig) | bit5=1(scored) | bit6=1(unambig) | bit7=1(unambig)

The answer is 11011111.",Bit Manipulation,low,bf,2
790e0153,"In Alice's Wonderland, a secret bit manipulation rule transforms 8-bit binary numbers. The transformation involves operations like bit shifts, rotations, XOR, AND, OR, NOT, and possibly majority or choice functions.

Here are some examples of input -> output:
11010110 -> 11111010
01110100 -> 11111110
01000111 -> 11111011
01100100 -> 11111101
00100101 -> 11111101
10100111 -> 11100101
11101011 -> 11101101
01101101 -> 11111101

Now, determine the output for: 11000111",11101011,"I need to find the secret bit manipulation rule from the examples.

Given 8 examples:
  11010110 -> 11111010
  01110100 -> 11111110
  01000111 -> 11111011
  01100100 -> 11111101
  00100101 -> 11111101
  10100111 -> 11100101
  11101011 -> 11101101
  01101101 -> 11111101

Query: 11000111

Step 1: Analyze each output bit as an independent boolean function of input bits.

  Output bit 0: All 18 candidates agree -> value = 1
    Best match: OR(in[0], in[5]) = 1
  Output bit 1: All 18 candidates agree -> value = 1
    Best match: OR(in[0], in[5]) = 1
  Output bit 2: All 18 candidates agree -> value = 1
    Best match: OR(in[0], in[5]) = 1
  Output bit 3: Ambiguous (2 candidates predict 0, 3 predict 1)
    For 0: NAND(in[0], in[7]), IMPL(in[0], in[3])
    For 1: XOR(in[2], in[6]), NAND(in[0], in[2]), NAND(in[2], in[6])
  Output bit 4: All 2 candidates agree -> value = 1
    Best match: IMPL(in[0], in[1]) = 1
  Output bit 5: All 5 candidates agree -> value = 0
    Best match: ID(in[2]) = 0
  Output bit 6: All 1 candidates agree -> value = 1
    Best match: IMPL(in[2], in[3]) = 1
  Output bit 7: All 5 candidates agree -> value = 1
    Best match: NOT(in[3]) = 1

Step 2: Identify structural patterns.
  Confirmed bit mappings: bit5<-in[2](shift=5), bit7<-in[3](shift=4)
  Dominant shift = 5 (weight 5)

Step 3: No additional bits resolved by context propagation.

Step 4: Resolve remaining 1 ambiguous bit(s) by scoring all combinations.
  Ambiguous positions: [3]
  Scoring considers: operation priors, complexity, template consistency, shift alignment.
  Bit 3 -> 1

Step 5: Combine all bits to form the output.
  bit0=1(unambig) | bit1=1(unambig) | bit2=1(unambig) | bit3=1(scored) | bit4=1(unambig) | bit5=0(unambig) | bit6=1(unambig) | bit7=1(unambig)

The answer is 11111011.",Bit Manipulation,low,bf,1
7a3ed1ef,"In Alice's Wonderland, a secret bit manipulation rule transforms 8-bit binary numbers. The transformation involves operations like bit shifts, rotations, XOR, AND, OR, NOT, and possibly majority or choice functions.

Here are some examples of input -> output:
11011110 -> 10001110
00010001 -> 10001000
11110011 -> 00011111
10000100 -> 00100100
10001000 -> 01000100
00011000 -> 10000000
01111110 -> 00000011
11000101 -> 00101110

Now, determine the output for: 01000011",00010110,"I need to find the secret bit manipulation rule from the examples.

Given 8 examples:
  11011110 -> 10001110
  00010001 -> 10001000
  11110011 -> 00011111
  10000100 -> 00100100
  10001000 -> 01000100
  00011000 -> 10000000
  01111110 -> 00000011
  11000101 -> 00101110

Query: 01000011

Step 1: Analyze each output bit as an independent boolean function of input bits.

  Output bit 0: All 2 candidates agree -> value = 0
    Best match: XOR(in[2], in[3]) = 0
  Output bit 1: Ambiguous (1 candidates predict 0, 1 predict 1)
    For 0: INHIB(in[4], in[3])
    For 1: NOR(in[3], in[5])
  Output bit 2: Ambiguous (3 candidates predict 0, 1 predict 1)
    For 0: INHIB(in[5], in[3]), INHIB(in[5], in[4]), INHIB(in[5], in[6])
    For 1: NOR(in[3], in[4])
  Output bit 3: Ambiguous (4 candidates predict 0, 4 predict 1)
    For 0: AND(in[0], in[2]), AND(in[2], in[7]), INHIB(in[2], in[4])
    For 1: AND(in[6], in[7]), INHIB(in[1], in[5]), INHIB(in[6], in[4])
  Output bit 4: Ambiguous (2 candidates predict 0, 1 predict 1)
    For 0: MAJ(in[0], in[3], in[7]), XOR3(in[2], in[6], in[7])
    For 1: CH(in[0], in[1], in[7])
  Output bit 5: Ambiguous (1 candidates predict 0, 1 predict 1)
    For 0: ID(in[0])
    For 1: IMPL(in[3], in[0])
  Output bit 6: All 3 candidates agree -> value = 1
    Best match: ID(in[1]) = 1
  Output bit 7: All 4 candidates agree -> value = 0
    Best match: ID(in[2]) = 0

Step 2: Identify structural patterns.
  Confirmed bit mappings: bit5<-in[0](shift=3), bit6<-in[1](shift=3), bit7<-in[2](shift=3)
  Dominant shift = 3 (weight 11)

Step 3: Resolve ambiguous bits using structural patterns.
  Bit 1: Resolved via pair/structure pattern -> value = 0
  Bit 2: Resolved via pair/structure pattern -> value = 0
  Bit 3: Resolved via pair/structure pattern -> value = 1
  Bit 5: Using shift=3, source = in[0] -> value = 0

Step 4: Resolve remaining 1 ambiguous bit(s) by scoring all combinations.
  Ambiguous positions: [4]
  Scoring considers: operation priors, complexity, template consistency, shift alignment.
  Bit 4 -> 0

Step 5: Combine all bits to form the output.
  bit0=0(unambig) | bit1=0(ctx) | bit2=0(ctx) | bit3=1(ctx) | bit4=0(scored) | bit5=0(ctx) | bit6=1(unambig) | bit7=0(unambig)

The answer is 00010010.",Bit Manipulation,low,bf,1
7aba9046,"In Alice's Wonderland, a secret bit manipulation rule transforms 8-bit binary numbers. The transformation involves operations like bit shifts, rotations, XOR, AND, OR, NOT, and possibly majority or choice functions.

Here are some examples of input -> output:
01001011 -> 10010100
10001010 -> 00010000
10000100 -> 00001100
01110011 -> 11100101
00110111 -> 01101111
10001101 -> 00011110
00100110 -> 01001101

Now, determine the output for: 10001111",00011010,"I need to find the secret bit manipulation rule from the examples.

Given 7 examples:
  01001011 -> 10010100
  10001010 -> 00010000
  10000100 -> 00001100
  01110011 -> 11100101
  00110111 -> 01101111
  10001101 -> 00011110
  00100110 -> 01001101

Query: 10001111

Step 1: Analyze each output bit as an independent boolean function of input bits.

  Output bit 0: All 7 candidates agree -> value = 0
    Best match: ID(in[1]) = 0
  Output bit 1: All 7 candidates agree -> value = 0
    Best match: ID(in[2]) = 0
  Output bit 2: All 8 candidates agree -> value = 0
    Best match: ID(in[3]) = 0
  Output bit 3: All 3 candidates agree -> value = 1
    Best match: ID(in[4]) = 1
  Output bit 4: All 3 candidates agree -> value = 1
    Best match: ID(in[5]) = 1
  Output bit 5: Ambiguous (2 candidates predict 0, 5 predict 1)
    For 0: XOR(in[0], in[6]), NAND(in[0], in[6])
    For 1: XOR(in[1], in[5]), OR(in[1], in[5]), OR(in[5], in[7])
  Output bit 6: All 3 candidates agree -> value = 1
    Best match: AND(in[5], in[7]) = 1
  Output bit 7: All 7 candidates agree -> value = 0
    Best match: ID(in[2]) = 0

Step 2: Identify structural patterns.
  Confirmed bit mappings: bit0<-in[1](shift=1), bit1<-in[2](shift=1), bit2<-in[3](shift=1), bit3<-in[4](shift=1), bit4<-in[5](shift=1)
  Dominant shift = 1 (weight 25)

Step 3: No additional bits resolved by context propagation.

Step 4: Resolve remaining 1 ambiguous bit(s) by scoring all combinations.
  Ambiguous positions: [5]
  Scoring considers: operation priors, complexity, template consistency, shift alignment.
  Bit 5 -> 1

Step 5: Combine all bits to form the output.
  bit0=0(unambig) | bit1=0(unambig) | bit2=0(unambig) | bit3=1(unambig) | bit4=1(unambig) | bit5=1(scored) | bit6=1(unambig) | bit7=0(unambig)

The answer is 00011110.",Bit Manipulation,low,bf,1
7abab429,"In Alice's Wonderland, a secret bit manipulation rule transforms 8-bit binary numbers. The transformation involves operations like bit shifts, rotations, XOR, AND, OR, NOT, and possibly majority or choice functions.

Here are some examples of input -> output:
00010001 -> 00000000
01100001 -> 00000000
01011110 -> 00000000
00000001 -> 00000000
11100101 -> 00000000
10010101 -> 00000001
01100000 -> 00000000
00010000 -> 00000000

Now, determine the output for: 11101111",00000000,"I need to find the secret bit manipulation rule from the examples.

Given 8 examples:
  00010001 -> 00000000
  01100001 -> 00000000
  01011110 -> 00000000
  00000001 -> 00000000
  11100101 -> 00000000
  10010101 -> 00000001
  01100000 -> 00000000
  00010000 -> 00000000

Query: 11101111

Step 1: Analyze each output bit as an independent boolean function of input bits.

  Output bit 0: Ambiguous (12 candidates predict 0, 8 predict 1)
    For 0: AND(in[2], in[3]), XOR(in[4], in[6]), INHIB(in[0], in[5])
    For 1: AND(in[0], in[4]), AND(in[0], in[6]), AND(in[2], in[4])
  Output bit 1: Ambiguous (12 candidates predict 0, 8 predict 1)
    For 0: AND(in[2], in[3]), XOR(in[4], in[6]), INHIB(in[0], in[5])
    For 1: AND(in[0], in[4]), AND(in[0], in[6]), AND(in[2], in[4])
  Output bit 2: Ambiguous (12 candidates predict 0, 8 predict 1)
    For 0: AND(in[2], in[3]), XOR(in[4], in[6]), INHIB(in[0], in[5])
    For 1: AND(in[0], in[4]), AND(in[0], in[6]), AND(in[2], in[4])
  Output bit 3: Ambiguous (12 candidates predict 0, 8 predict 1)
    For 0: AND(in[2], in[3]), XOR(in[4], in[6]), INHIB(in[0], in[5])
    For 1: AND(in[0], in[4]), AND(in[0], in[6]), AND(in[2], in[4])
  Output bit 4: Ambiguous (12 candidates predict 0, 8 predict 1)
    For 0: AND(in[2], in[3]), XOR(in[4], in[6]), INHIB(in[0], in[5])
    For 1: AND(in[0], in[4]), AND(in[0], in[6]), AND(in[2], in[4])
  Output bit 5: Ambiguous (12 candidates predict 0, 8 predict 1)
    For 0: AND(in[2], in[3]), XOR(in[4], in[6]), INHIB(in[0], in[5])
    For 1: AND(in[0], in[4]), AND(in[0], in[6]), AND(in[2], in[4])
  Output bit 6: Ambiguous (12 candidates predict 0, 8 predict 1)
    For 0: AND(in[2], in[3]), XOR(in[4], in[6]), INHIB(in[0], in[5])
    For 1: AND(in[0], in[4]), AND(in[0], in[6]), AND(in[2], in[4])
  Output bit 7: All 4 candidates agree -> value = 0
    Best match: AND(in[0], in[3]) = 0

Step 2: No strong shift pattern detected.

Step 3: Resolve ambiguous bits using structural patterns.
  Bit 0: Resolved via pair/structure pattern -> value = 0
  Bit 2: Resolved via pair/structure pattern -> value = 1
  Bit 3: Resolved via pair/structure pattern -> value = 0
  Bit 4: Resolved via pair/structure pattern -> value = 0
  Bit 6: Resolved via pair/structure pattern -> value = 0

Step 4: Resolve remaining 2 ambiguous bit(s) by scoring all combinations.
  Ambiguous positions: [1, 5]
  Scoring considers: operation priors, complexity, template consistency, shift alignment.
  Bit 1 -> 0
  Bit 5 -> 0

Step 5: Combine all bits to form the output.
  bit0=0(ctx) | bit1=0(scored) | bit2=1(ctx) | bit3=0(ctx) | bit4=0(ctx) | bit5=0(scored) | bit6=0(ctx) | bit7=0(unambig)

The answer is 00100000.",Bit Manipulation,low,bf,2
7b38ff97,"In Alice's Wonderland, a secret bit manipulation rule transforms 8-bit binary numbers. The transformation involves operations like bit shifts, rotations, XOR, AND, OR, NOT, and possibly majority or choice functions.

Here are some examples of input -> output:
01011010 -> 00100100
01000110 -> 00000010
01001101 -> 10000010
11011010 -> 00100100
10101001 -> 01010100
11011000 -> 00100100
11111100 -> 01111110

Now, determine the output for: 01010000",00100000,"I need to find the secret bit manipulation rule from the examples.

Given 7 examples:
  01011010 -> 00100100
  01000110 -> 00000010
  01001101 -> 10000010
  11011010 -> 00100100
  10101001 -> 01010100
  11011000 -> 00100100
  11111100 -> 01111110

Query: 01010000

Step 1: Analyze each output bit as an independent boolean function of input bits.

  Output bit 0: Ambiguous (5 candidates predict 0, 1 predict 1)
    For 0: AND(in[1], in[7]), AND(in[5], in[7]), XNOR(in[1], in[7])
    For 1: NOR(in[0], in[6])
  Output bit 1: All 6 candidates agree -> value = 0
    Best match: ID(in[2]) = 0
  Output bit 2: Ambiguous (3 candidates predict 0, 4 predict 1)
    For 0: AND(in[3], in[4]), XOR(in[4], in[7]), INHIB(in[4], in[7])
    For 1: ID(in[3]), AND(in[1], in[3]), XNOR(in[2], in[5])
  Output bit 3: All 6 candidates agree -> value = 0
    Best match: ID(in[2]) = 0
  Output bit 4: All 7 candidates agree -> value = 0
    Best match: AND(in[0], in[5]) = 0
  Output bit 5: All 7 candidates agree -> value = 1
    Best match: OR(in[0], in[3]) = 1
  Output bit 6: Ambiguous (3 candidates predict 0, 1 predict 1)
    For 0: ID(in[5]), AND(in[1], in[5]), XNOR(in[2], in[3])
    For 1: IMPL(in[4], in[5])
  Output bit 7: Ambiguous (15 candidates predict 0, 3 predict 1)
    For 0: AND(in[2], in[6]), AND(in[3], in[7]), AND(in[6], in[7])
    For 1: NOR(in[4], in[5]), NOR(in[4], in[6]), INHIB(in[3], in[4])

Step 2: Identify structural patterns.
  Confirmed bit mappings: bit1<-in[2](shift=1), bit2<-in[3](shift=1), bit3<-in[2](shift=7), bit6<-in[5](shift=7)
  Dominant shift = 1 (weight 6)

Step 3: Resolve ambiguous bits using structural patterns.
  Bit 0: Resolved via pair/structure pattern -> value = 0
  Bit 2: Using shift=1, source = in[3] -> value = 1
  Bit 6: Using shift=7, source = in[5] -> value = 0

Step 4: Resolve remaining 1 ambiguous bit(s) by scoring all combinations.
  Ambiguous positions: [7]
  Scoring considers: operation priors, complexity, template consistency, shift alignment.
  Bit 7 -> 0

Step 5: Combine all bits to form the output.
  bit0=0(ctx) | bit1=0(unambig) | bit2=1(ctx) | bit3=0(unambig) | bit4=0(unambig) | bit5=1(unambig) | bit6=0(ctx) | bit7=0(scored)

The answer is 00100100.",Bit Manipulation,low,bf,1
7bad754f,"In Alice's Wonderland, a secret bit manipulation rule transforms 8-bit binary numbers. The transformation involves operations like bit shifts, rotations, XOR, AND, OR, NOT, and possibly majority or choice functions.

Here are some examples of input -> output:
10010110 -> 10000111
00011001 -> 00001110
00000101 -> 10111011
11011011 -> 01000011
10001110 -> 01101111
00110110 -> 01011111
11001101 -> 01110011
01101010 -> 11010101

Now, determine the output for: 11010010",11110011,"I need to find the secret bit manipulation rule from the examples.

Given 8 examples:
  10010110 -> 10000111
  00011001 -> 00001110
  00000101 -> 10111011
  11011011 -> 01000011
  10001110 -> 01101111
  00110110 -> 01011111
  11001101 -> 01110011
  01101010 -> 11010101

Query: 11010010

Step 1: Analyze each output bit as an independent boolean function of input bits.

  Output bit 0: All 1 candidates agree -> value = 1
    Best match: XNOR(in[2], in[4]) = 1
  Output bit 1: All 1 candidates agree -> value = 0
    Best match: CH(in[0], in[4], in[6]) = 0
  Output bit 2: All 2 candidates agree -> value = 0
    Best match: NOR(in[2], in[3]) = 0
  Output bit 3: All 1 candidates agree -> value = 0
    Best match: XOR3(in[0], in[1], in[5]) = 0
  Output bit 4: All 1 candidates agree -> value = 0
    Best match: NOR(AND)(in[0], in[3], in[1]) = 0
  Output bit 5: All 1 candidates agree -> value = 0
    Best match: XOR(OR)(in[0], in[3], in[1]) = 0
  Output bit 6: Ambiguous (2 candidates predict 0, 6 predict 1)
    For 0: OR(in[5], in[7]), IMPL(in[1], in[7])
    For 1: OR(in[3], in[5]), NAND(in[1], in[2]), NAND(in[2], in[4])
  Output bit 7: All 3 candidates agree -> value = 1
    Best match: OR(in[1], in[5]) = 1

Step 2: No strong shift pattern detected.

Step 3: No additional bits resolved by context propagation.

Step 4: Resolve remaining 1 ambiguous bit(s) by scoring all combinations.
  Ambiguous positions: [6]
  Scoring considers: operation priors, complexity, template consistency, shift alignment.
  Bit 6 -> 1

Step 5: Combine all bits to form the output.
  bit0=1(unambig) | bit1=0(unambig) | bit2=0(unambig) | bit3=0(unambig) | bit4=0(unambig) | bit5=0(unambig) | bit6=1(scored) | bit7=1(unambig)

The answer is 10000011.",Bit Manipulation,low,bf,1
7c27d6df,"In Alice's Wonderland, a secret bit manipulation rule transforms 8-bit binary numbers. The transformation involves operations like bit shifts, rotations, XOR, AND, OR, NOT, and possibly majority or choice functions.

Here are some examples of input -> output:
10010111 -> 01001111
00010010 -> 00111011
01111100 -> 00111110
11100111 -> 11111011
01001111 -> 00110111
00110100 -> 00111010
11010100 -> 11111010
11100101 -> 01110010
11010101 -> 11111110
10011001 -> 11111101

Now, determine the output for: 01011010",00101101,"I need to find the secret bit manipulation rule from the examples.

Given 10 examples:
  10010111 -> 01001111
  00010010 -> 00111011
  01111100 -> 00111110
  11100111 -> 11111011
  01001111 -> 00110111
  00110100 -> 00111010
  11010100 -> 11111010
  11100101 -> 01110010
  11010101 -> 11111110
  10011001 -> 11111101

Query: 01011010

Step 1: Analyze each output bit as an independent boolean function of input bits.

  Output bit 0: All 1 candidates agree -> value = 0
    Best match: XNOR(in[2], in[6]) = 0
  Output bit 1: All 1 candidates agree -> value = 0
    Best match: ID(in[0]) = 0
  Output bit 2: All 1 candidates agree -> value = 1
    Best match: XNOR(XOR)(in[0], in[1], in[4]) = 1
  Output bit 3: All 1 candidates agree -> value = 1
    Best match: XNOR(XOR)(in[0], in[1], in[4]) = 1
  Output bit 4: All 1 candidates agree -> value = 1
    Best match: OR(AND)(in[0], in[6], in[3]) = 1
  Output bit 5: Ambiguous (1 candidates predict 0, 1 predict 1)
    For 0: CH(in[2], in[4], in[7])
    For 1: MAJ(in[3], in[4], in[7])
  Output bit 6: Ambiguous (1 candidates predict 0, 5 predict 1)
    For 0: IMPL(in[4], in[5])
    For 1: OR(in[5], in[6]), NAND(in[0], in[4]), IMPL(in[0], in[5])
  Output bit 7: All 1 candidates agree -> value = 1
    Best match: IMPL(in[5], in[6]) = 1

Step 2: Identify structural patterns.
  Confirmed bit mappings: bit1<-in[0](shift=7)
  Dominant shift = 7 (weight 5)

Step 3: No additional bits resolved by context propagation.

Step 4: Resolve remaining 2 ambiguous bit(s) by scoring all combinations.
  Ambiguous positions: [5, 6]
  Scoring considers: operation priors, complexity, template consistency, shift alignment.
  Bit 5 -> 1
  Bit 6 -> 1

Step 5: Combine all bits to form the output.
  bit0=0(unambig) | bit1=0(unambig) | bit2=1(unambig) | bit3=1(unambig) | bit4=1(unambig) | bit5=1(scored) | bit6=1(scored) | bit7=1(unambig)

The answer is 00111111.",Bit Manipulation,low,bf,2
7dba5d8b,"In Alice's Wonderland, a secret bit manipulation rule transforms 8-bit binary numbers. The transformation involves operations like bit shifts, rotations, XOR, AND, OR, NOT, and possibly majority or choice functions.

Here are some examples of input -> output:
10001111 -> 01010111
00111000 -> 00011111
00110100 -> 11011111
11100010 -> 01111011
10111111 -> 00101111
00011111 -> 00111111
01111000 -> 10111111
11001111 -> 11110111
10010111 -> 11101011

Now, determine the output for: 11111010",11011111,"I need to find the secret bit manipulation rule from the examples.

Given 9 examples:
  10001111 -> 01010111
  00111000 -> 00011111
  00110100 -> 11011111
  11100010 -> 01111011
  10111111 -> 00101111
  00011111 -> 00111111
  01111000 -> 10111111
  11001111 -> 11110111
  10010111 -> 11101011

Query: 11111010

Step 1: Analyze each output bit as an independent boolean function of input bits.

  Output bit 0: All 1 candidates agree -> value = 1
    Best match: XNOR(in[1], in[4]) = 1
  Output bit 1: All 1 candidates agree -> value = 0
    Best match: NAND(in[3], in[4]) = 0
  Output bit 2: All 1 candidates agree -> value = 1
    Best match: MAJ(in[1], in[3], in[6]) = 1
  Output bit 3: All 2 candidates agree -> value = 0
    Best match: XOR(in[0], in[3]) = 0
  Output bit 4: All 4 candidates agree -> value = 1
    Best match: OR(in[2], in[3]) = 1
  Output bit 5: All 2 candidates agree -> value = 1
    Best match: IMPL(in[0], in[4]) = 1
  Output bit 6: All 9 candidates agree -> value = 1
    Best match: OR(in[0], in[3]) = 1
  Output bit 7: All 9 candidates agree -> value = 1
    Best match: OR(in[0], in[3]) = 1

Step 2: No strong shift pattern detected.

Step 3: No additional bits resolved by context propagation.

Step 4: All bits resolved without brute-force.

Step 5: Combine all bits to form the output.
  bit0=1(unambig) | bit1=0(unambig) | bit2=1(unambig) | bit3=0(unambig) | bit4=1(unambig) | bit5=1(unambig) | bit6=1(unambig) | bit7=1(unambig)

The answer is 10101111.",Bit Manipulation,high,ctx,0
7e577681,"In Alice's Wonderland, a secret bit manipulation rule transforms 8-bit binary numbers. The transformation involves operations like bit shifts, rotations, XOR, AND, OR, NOT, and possibly majority or choice functions.

Here are some examples of input -> output:
10111110 -> 10001111
01010110 -> 10101111
00101001 -> 10010110
00110100 -> 11011011
11001001 -> 11101110
11001100 -> 01100110
11010100 -> 11101111
01000011 -> 10101111
10000100 -> 01001111

Now, determine the output for: 11110110",11101011,"I need to find the secret bit manipulation rule from the examples.

Given 9 examples:
  10111110 -> 10001111
  01010110 -> 10101111
  00101001 -> 10010110
  00110100 -> 11011011
  11001001 -> 11101110
  11001100 -> 01100110
  11010100 -> 11101111
  01000011 -> 10101111
  10000100 -> 01001111

Query: 11110110

Step 1: Analyze each output bit as an independent boolean function of input bits.

  Output bit 0: All 4 candidates agree -> value = 1
    Best match: XOR(in[3], in[7]) = 1
  Output bit 1: All 1 candidates agree -> value = 0
    Best match: NOR(NOR)(in[0], in[3], in[6]) = 0
  Output bit 2: Ambiguous (1 candidates predict 0, 1 predict 1)
    For 0: INHIB(in[1], in[2])
    For 1: ID(in[1])
  Output bit 3: All 4 candidates agree -> value = 0
    Best match: NOR(in[0], in[1]) = 0
  Output bit 4: All 1 candidates agree -> value = 1
    Best match: OR(XOR)(in[1], in[5], in[3]) = 1
  Output bit 5: All 1 candidates agree -> value = 0
    Best match: IMPL(in[2], in[4]) = 0
  Output bit 6: Ambiguous (1 candidates predict 0, 6 predict 1)
    For 0: NAND(in[1], in[2])
    For 1: XOR(in[5], in[7]), OR(in[5], in[7]), NAND(in[3], in[7])
  Output bit 7: All 2 candidates agree -> value = 1
    Best match: IMPL(in[4], in[3]) = 1

Step 2: No strong shift pattern detected.

Step 3: Resolve ambiguous bits using structural patterns.
  Bit 6: Resolved via pair/structure pattern -> value = 1

Step 4: Resolve remaining 1 ambiguous bit(s) by scoring all combinations.
  Ambiguous positions: [2]
  Scoring considers: operation priors, complexity, template consistency, shift alignment.
  Bit 2 -> 1

Step 5: Combine all bits to form the output.
  bit0=1(unambig) | bit1=0(unambig) | bit2=1(scored) | bit3=0(unambig) | bit4=1(unambig) | bit5=0(unambig) | bit6=1(ctx) | bit7=1(unambig)

The answer is 10101011.",Bit Manipulation,low,bf,1
7f2e1469,"In Alice's Wonderland, a secret bit manipulation rule transforms 8-bit binary numbers. The transformation involves operations like bit shifts, rotations, XOR, AND, OR, NOT, and possibly majority or choice functions.

Here are some examples of input -> output:
11111010 -> 11101011
11001100 -> 11100111
01001100 -> 11110111
11011000 -> 11101111
00101011 -> 11111011
00010001 -> 11111101
01011010 -> 11111111
01010101 -> 11110101
11110001 -> 11111100

Now, determine the output for: 10110110",11111010,"I need to find the secret bit manipulation rule from the examples.

Given 9 examples:
  11111010 -> 11101011
  11001100 -> 11100111
  01001100 -> 11110111
  11011000 -> 11101111
  00101011 -> 11111011
  00010001 -> 11111101
  01011010 -> 11111111
  01010101 -> 11110101
  11110001 -> 11111100

Query: 10110110

Step 1: Analyze each output bit as an independent boolean function of input bits.

  Output bit 0: Ambiguous (7 candidates predict 0, 2 predict 1)
    For 0: OR(in[1], in[7]), OR(in[4], in[7]), NAND(in[2], in[5])
    For 1: OR(in[3], in[4]), C1
  Output bit 1: Ambiguous (7 candidates predict 0, 2 predict 1)
    For 0: OR(in[1], in[7]), OR(in[4], in[7]), NAND(in[2], in[5])
    For 1: OR(in[3], in[4]), C1
  Output bit 2: Ambiguous (7 candidates predict 0, 2 predict 1)
    For 0: OR(in[1], in[7]), OR(in[4], in[7]), NAND(in[2], in[5])
    For 1: OR(in[3], in[4]), C1
  Output bit 3: Ambiguous (1 candidates predict 0, 1 predict 1)
    For 0: IMPL(in[0], in[7])
    For 1: NAND(in[0], in[4])
  Output bit 4: Ambiguous (1 candidates predict 0, 3 predict 1)
    For 0: NOT(in[5])
    For 1: NAND(in[1], in[5]), IMPL(in[5], in[2]), IMPL(in[5], in[6])
  Output bit 5: Ambiguous (1 candidates predict 0, 1 predict 1)
    For 0: NAND(in[2], in[6])
    For 1: NAND(in[2], in[4])
  Output bit 6: Ambiguous (2 candidates predict 0, 4 predict 1)
    For 0: ID(in[4]), IMPL(in[3], in[4])
    For 1: OR(in[4], in[6]), NAND(in[3], in[7]), IMPL(in[7], in[4])
  Output bit 7: Ambiguous (2 candidates predict 0, 2 predict 1)
    For 0: IMPL(in[0], in[4]), IMPL(in[2], in[4])
    For 1: NAND(in[0], in[7]), IMPL(in[2], in[6])

Step 2: No strong shift pattern detected.

Step 3: No additional bits resolved by context propagation.

Step 4: Resolve remaining 8 ambiguous bit(s) by scoring all combinations.
  Ambiguous positions: [0, 1, 2, 3, 4, 5, 6, 7]
  Scoring considers: operation priors, complexity, template consistency, shift alignment.
  Bit 0 -> 0
  Bit 1 -> 0
  Bit 2 -> 0
  Bit 3 -> 1
  Bit 4 -> 1
  Bit 5 -> 0
  Bit 6 -> 0
  Bit 7 -> 1

Step 5: Combine all bits to form the output.
  bit0=0(scored) | bit1=0(scored) | bit2=0(scored) | bit3=1(scored) | bit4=1(scored) | bit5=0(scored) | bit6=0(scored) | bit7=1(scored)

The answer is 00011001.",Bit Manipulation,low,bf,8
7f6baac7,"In Alice's Wonderland, a secret bit manipulation rule transforms 8-bit binary numbers. The transformation involves operations like bit shifts, rotations, XOR, AND, OR, NOT, and possibly majority or choice functions.

Here are some examples of input -> output:
00000011 -> 00001100
00110111 -> 10011100
11011110 -> 01111011
01010100 -> 00010001
10001111 -> 01001110
10001110 -> 01011010
00100000 -> 10000000
00110000 -> 11000000

Now, determine the output for: 00111010",01001000,"I need to find the secret bit manipulation rule from the examples.

Given 8 examples:
  00000011 -> 00001100
  00110111 -> 10011100
  11011110 -> 01111011
  01010100 -> 00010001
  10001111 -> 01001110
  10001110 -> 01011010
  00100000 -> 10000000
  00110000 -> 11000000

Query: 00111010

Step 1: Analyze each output bit as an independent boolean function of input bits.

  Output bit 0: Ambiguous (1 candidates predict 0, 3 predict 1)
    For 0: INHIB(in[2], in[4])
    For 1: ID(in[2]), INHIB(in[2], in[0]), INHIB(in[2], in[1])
  Output bit 1: All 1 candidates agree -> value = 1
    Best match: OR(XOR)(in[3], in[5], in[0]) = 1
  Output bit 2: Ambiguous (4 candidates predict 0, 1 predict 1)
    For 0: AND(in[0], in[1]), AND(in[0], in[3]), AND(in[1], in[4])
    For 1: AND(in[3], in[4])
  Output bit 3: All 1 candidates agree -> value = 0
    Best match: XNOR(in[2], in[7]) = 0
  Output bit 4: Ambiguous (1 candidates predict 0, 5 predict 1)
    For 0: OR(in[0], in[7])
    For 1: ID(in[6]), OR(in[0], in[6]), OR(in[4], in[6])
  Output bit 5: All 3 candidates agree -> value = 0
    Best match: ID(in[7]) = 0
  Output bit 6: Ambiguous (7 candidates predict 0, 3 predict 1)
    For 0: ID(in[0]), AND(in[0], in[4]), AND(in[0], in[5])
    For 1: ID(in[4]), AND(in[4], in[6]), OR(in[0], in[4])
  Output bit 7: All 6 candidates agree -> value = 0
    Best match: ID(in[1]) = 0

Step 2: Identify structural patterns.
  Confirmed bit mappings: bit0<-in[2](shift=2), bit4<-in[6](shift=2), bit5<-in[7](shift=2), bit6<-in[0](shift=2), bit7<-in[1](shift=2)
  Dominant shift = 2 (weight 13)

Step 3: Resolve ambiguous bits using structural patterns.
  Bit 0: Using shift=2, source = in[2] -> value = 1
  Bit 4: Using shift=2, source = in[6] -> value = 1
  Bit 6: Using shift=2, source = in[0] -> value = 0

Step 4: Resolve remaining 1 ambiguous bit(s) by scoring all combinations.
  Ambiguous positions: [2]
  Scoring considers: operation priors, complexity, template consistency, shift alignment.
  Bit 2 -> 0

Step 5: Combine all bits to form the output.
  bit0=1(ctx) | bit1=1(unambig) | bit2=0(scored) | bit3=0(unambig) | bit4=1(ctx) | bit5=0(unambig) | bit6=0(ctx) | bit7=0(unambig)

The answer is 11001000.",Bit Manipulation,low,bf,1
7fec1d14,"In Alice's Wonderland, a secret bit manipulation rule transforms 8-bit binary numbers. The transformation involves operations like bit shifts, rotations, XOR, AND, OR, NOT, and possibly majority or choice functions.

Here are some examples of input -> output:
11111001 -> 01110011
11111011 -> 11100011
10010100 -> 01011011
01011100 -> 00011101
01111110 -> 10001101
10011100 -> 00011011
10011011 -> 11100011
11000101 -> 10010011

Now, determine the output for: 10101010",00101010,"I need to find the secret bit manipulation rule from the examples.

Given 8 examples:
  11111001 -> 01110011
  11111011 -> 11100011
  10010100 -> 01011011
  01011100 -> 00011101
  01111110 -> 10001101
  10011100 -> 00011011
  10011011 -> 11100011
  11000101 -> 10010011

Query: 10101010

Step 1: Analyze each output bit as an independent boolean function of input bits.

  Output bit 0: Ambiguous (1 candidates predict 0, 1 predict 1)
    For 0: XNOR(in[3], in[6])
    For 1: IMPL(in[3], in[6])
  Output bit 1: All 1 candidates agree -> value = 0
    Best match: XNOR(in[4], in[7]) = 0
  Output bit 2: Ambiguous (4 candidates predict 0, 4 predict 1)
    For 0: AND(in[3], in[7]), AND(in[4], in[7]), INHIB(in[3], in[5])
    For 1: XNOR(in[3], in[7]), NOT(in[5]), INHIB(in[0], in[5])
  Output bit 3: Ambiguous (2 candidates predict 0, 1 predict 1)
    For 0: NOT(in[6]), NAND(in[4], in[6])
    For 1: NAND(in[3], in[6])
  Output bit 4: Ambiguous (3 candidates predict 0, 3 predict 1)
    For 0: AND(in[3], in[5]), INHIB(in[3], in[7]), INHIB(in[5], in[7])
    For 1: XNOR(in[3], in[5]), NOT(in[7]), NAND(in[0], in[7])
  Output bit 5: All 7 candidates agree -> value = 0
    Best match: NOR(in[0], in[7]) = 0
  Output bit 6: All 7 candidates agree -> value = 1
    Best match: ID(in[0]) = 1
  Output bit 7: Ambiguous (8 candidates predict 0, 9 predict 1)
    For 0: OR(in[1], in[3]), OR(in[3], in[5]), OR(in[3], in[7])
    For 1: OR(in[0], in[1]), OR(in[0], in[3]), OR(in[0], in[4])

Step 2: Identify structural patterns.
  Confirmed bit mappings: bit2<-in[5](shift=3), bit3<-in[6](shift=3), bit4<-in[7](shift=3), bit5<-in[0](shift=3), bit6<-in[0](shift=2)
  Dominant shift = 3 (weight 8)

Step 3: Resolve ambiguous bits using structural patterns.
  Bit 2: Using shift=3, source = in[5] -> value = 1
  Bit 3: Using shift=3, source = in[6] -> value = 0
  Bit 4: Using shift=3, source = in[7] -> value = 1

Step 4: Resolve remaining 2 ambiguous bit(s) by scoring all combinations.
  Ambiguous positions: [0, 7]
  Scoring considers: operation priors, complexity, template consistency, shift alignment.
  Bit 0 -> 0
  Bit 7 -> 1

Step 5: Combine all bits to form the output.
  bit0=0(scored) | bit1=0(unambig) | bit2=1(ctx) | bit3=0(ctx) | bit4=1(ctx) | bit5=0(unambig) | bit6=1(unambig) | bit7=1(scored)

The answer is 00101011.",Bit Manipulation,low,bf,2
80e2775c,"In Alice's Wonderland, a secret bit manipulation rule transforms 8-bit binary numbers. The transformation involves operations like bit shifts, rotations, XOR, AND, OR, NOT, and possibly majority or choice functions.

Here are some examples of input -> output:
10100010 -> 00010000
00110000 -> 00000000
00110110 -> 00011010
01011011 -> 00101101
11110010 -> 01011000
11001011 -> 00101101
11110111 -> 11011110
11101100 -> 00110100
11000000 -> 00000000
11001111 -> 00111101

Now, determine the output for: 10011000",01000000,"I need to find the secret bit manipulation rule from the examples.

Given 10 examples:
  10100010 -> 00010000
  00110000 -> 00000000
  00110110 -> 00011010
  01011011 -> 00101101
  11110010 -> 01011000
  11001011 -> 00101101
  11110111 -> 11011110
  11101100 -> 00110100
  11000000 -> 00000000
  11001111 -> 00111101

Query: 10011000

Step 1: Analyze each output bit as an independent boolean function of input bits.

  Output bit 0: All 2 candidates agree -> value = 0
    Best match: AND(in[2], in[7]) = 0
  Output bit 1: All 2 candidates agree -> value = 1
    Best match: AND(in[0], in[3]) = 1
  Output bit 2: Ambiguous (1 candidates predict 0, 1 predict 1)
    For 0: AND(in[1], in[4])
    For 1: ID(in[4])
  Output bit 3: All 3 candidates agree -> value = 0
    Best match: MAJ(in[0], in[2], in[5]) = 0
  Output bit 4: Ambiguous (3 candidates predict 0, 1 predict 1)
    For 0: MAJ(in[1], in[3], in[6]), MAJ(in[3], in[6], in[7]), CH(in[3], in[6], in[7])
    For 1: MAJ(in[3], in[4], in[6])
  Output bit 5: All 1 candidates agree -> value = 1
    Best match: OR(in[4], in[7]) = 1
  Output bit 6: All 2 candidates agree -> value = 0
    Best match: AND(in[3], in[5]) = 0
  Output bit 7: Ambiguous (4 candidates predict 0, 1 predict 1)
    For 0: AND(in[4], in[6]), AND(in[4], in[7]), INHIB(in[6], in[2])
    For 1: INHIB(in[4], in[2])

Step 2: No strong shift pattern detected.

Step 3: Resolve ambiguous bits using structural patterns.
  Bit 2: Resolved via pair/structure pattern -> value = 0

Step 4: Resolve remaining 2 ambiguous bit(s) by scoring all combinations.
  Ambiguous positions: [4, 7]
  Scoring considers: operation priors, complexity, template consistency, shift alignment.
  Bit 4 -> 0
  Bit 7 -> 0

Step 5: Combine all bits to form the output.
  bit0=0(unambig) | bit1=1(unambig) | bit2=0(ctx) | bit3=0(unambig) | bit4=0(scored) | bit5=1(unambig) | bit6=0(unambig) | bit7=0(scored)

The answer is 01000100.",Bit Manipulation,low,bf,2
815507cd,"In Alice's Wonderland, a secret bit manipulation rule transforms 8-bit binary numbers. The transformation involves operations like bit shifts, rotations, XOR, AND, OR, NOT, and possibly majority or choice functions.

Here are some examples of input -> output:
01000001 -> 01111101
01101000 -> 01101111
01011101 -> 10100111
01101110 -> 01011111
11111100 -> 11111111
00110001 -> 00010111
00000001 -> 11110101

Now, determine the output for: 11011101",10110111,"I need to find the secret bit manipulation rule from the examples.

Given 7 examples:
  01000001 -> 01111101
  01101000 -> 01101111
  01011101 -> 10100111
  01101110 -> 01011111
  11111100 -> 11111111
  00110001 -> 00010111
  00000001 -> 11110101

Query: 11011101

Step 1: Analyze each output bit as an independent boolean function of input bits.

  Output bit 0: All 1 candidates agree -> value = 1
    Best match: XNOR(in[1], in[3]) = 1
  Output bit 1: Ambiguous (2 candidates predict 0, 2 predict 1)
    For 0: XNOR(in[2], in[4]), NAND(in[3], in[7])
    For 1: XNOR(in[0], in[3]), IMPL(in[3], in[0])
  Output bit 2: All 1 candidates agree -> value = 1
    Best match: XNOR(in[3], in[5]) = 1
  Output bit 3: All 1 candidates agree -> value = 0
    Best match: XOR(in[5], in[7]) = 0
  Output bit 4: All 1 candidates agree -> value = 1
    Best match: AND(XNOR)(in[0], in[3], in[1]) = 1
  Output bit 5: Ambiguous (2 candidates predict 0, 18 predict 1)
    For 0: NAND(in[0], in[7]), IMPL(in[0], in[2])
    For 1: OR(in[1], in[7]), OR(in[2], in[7]), OR(in[4], in[7])
  Output bit 6: All 5 candidates agree -> value = 1
    Best match: OR(in[2], in[3]) = 1
  Output bit 7: Ambiguous (2 candidates predict 0, 18 predict 1)
    For 0: NAND(in[0], in[7]), IMPL(in[0], in[2])
    For 1: OR(in[1], in[7]), OR(in[2], in[7]), OR(in[4], in[7])

Step 2: No strong shift pattern detected.

Step 3: Resolve ambiguous bits using structural patterns.
  Bit 1: Resolved via pair/structure pattern -> value = 0

Step 4: Resolve remaining 2 ambiguous bit(s) by scoring all combinations.
  Ambiguous positions: [5, 7]
  Scoring considers: operation priors, complexity, template consistency, shift alignment.
  Bit 5 -> 1
  Bit 7 -> 1

Step 5: Combine all bits to form the output.
  bit0=1(unambig) | bit1=0(ctx) | bit2=1(unambig) | bit3=0(unambig) | bit4=1(unambig) | bit5=1(scored) | bit6=1(unambig) | bit7=1(scored)

The answer is 10101111.",Bit Manipulation,low,bf,2
8171f73c,"In Alice's Wonderland, a secret bit manipulation rule transforms 8-bit binary numbers. The transformation involves operations like bit shifts, rotations, XOR, AND, OR, NOT, and possibly majority or choice functions.

Here are some examples of input -> output:
01010111 -> 00000000
00010000 -> 00000000
00010110 -> 00000000
11101101 -> 00000011
01010000 -> 00000000
11101011 -> 00000011
00000000 -> 00000000
00000110 -> 00000000
10111001 -> 00000011
01001000 -> 00000000

Now, determine the output for: 10101110",00000001,"I need to find the secret bit manipulation rule from the examples.

Given 10 examples:
  01010111 -> 00000000
  00010000 -> 00000000
  00010110 -> 00000000
  11101101 -> 00000011
  01010000 -> 00000000
  11101011 -> 00000011
  00000000 -> 00000000
  00000110 -> 00000000
  10111001 -> 00000011
  01001000 -> 00000000

Query: 10101110

Step 1: Analyze each output bit as an independent boolean function of input bits.

  Output bit 0: Ambiguous (6 candidates predict 0, 2 predict 1)
    For 0: XOR(in[0], in[2]), INHIB(in[0], in[2]), INHIB(in[0], in[4])
    For 1: INHIB(in[0], in[7]), INHIB(in[2], in[7])
  Output bit 1: Ambiguous (6 candidates predict 0, 2 predict 1)
    For 0: XOR(in[0], in[2]), INHIB(in[0], in[2]), INHIB(in[0], in[4])
    For 1: INHIB(in[0], in[7]), INHIB(in[2], in[7])
  Output bit 2: Ambiguous (6 candidates predict 0, 2 predict 1)
    For 0: XOR(in[0], in[2]), INHIB(in[0], in[2]), INHIB(in[0], in[4])
    For 1: INHIB(in[0], in[7]), INHIB(in[2], in[7])
  Output bit 3: Ambiguous (6 candidates predict 0, 2 predict 1)
    For 0: XOR(in[0], in[2]), INHIB(in[0], in[2]), INHIB(in[0], in[4])
    For 1: INHIB(in[0], in[7]), INHIB(in[2], in[7])
  Output bit 4: Ambiguous (6 candidates predict 0, 2 predict 1)
    For 0: XOR(in[0], in[2]), INHIB(in[0], in[2]), INHIB(in[0], in[4])
    For 1: INHIB(in[0], in[7]), INHIB(in[2], in[7])
  Output bit 5: Ambiguous (6 candidates predict 0, 2 predict 1)
    For 0: XOR(in[0], in[2]), INHIB(in[0], in[2]), INHIB(in[0], in[4])
    For 1: INHIB(in[0], in[7]), INHIB(in[2], in[7])
  Output bit 6: Ambiguous (3 candidates predict 0, 6 predict 1)
    For 0: AND(in[0], in[7]), AND(in[2], in[7]), AND(in[4], in[7])
    For 1: ID(in[0]), ID(in[2]), AND(in[0], in[2])
  Output bit 7: Ambiguous (3 candidates predict 0, 6 predict 1)
    For 0: AND(in[0], in[7]), AND(in[2], in[7]), AND(in[4], in[7])
    For 1: ID(in[0]), ID(in[2]), AND(in[0], in[2])

Step 2: No strong shift pattern detected.

Step 3: No additional bits resolved by context propagation.

Step 4: Resolve remaining 8 ambiguous bit(s) by scoring all combinations.
  Ambiguous positions: [0, 1, 2, 3, 4, 5, 6, 7]
  Scoring considers: operation priors, complexity, template consistency, shift alignment.
  Bit 0 -> 0
  Bit 1 -> 0
  Bit 2 -> 0
  Bit 3 -> 0
  Bit 4 -> 0
  Bit 5 -> 0
  Bit 6 -> 1
  Bit 7 -> 1

Step 5: Combine all bits to form the output.
  bit0=0(scored) | bit1=0(scored) | bit2=0(scored) | bit3=0(scored) | bit4=0(scored) | bit5=0(scored) | bit6=1(scored) | bit7=1(scored)

The answer is 00000011.",Bit Manipulation,low,bf,8
8211fd2f,"In Alice's Wonderland, a secret bit manipulation rule transforms 8-bit binary numbers. The transformation involves operations like bit shifts, rotations, XOR, AND, OR, NOT, and possibly majority or choice functions.

Here are some examples of input -> output:
01110100 -> 10011111
10001111 -> 11011111
11011000 -> 11101110
00011101 -> 00100111
00110001 -> 00011101
10011111 -> 01110111
00101010 -> 11101111
01011001 -> 10101101
01001100 -> 00100111
11000011 -> 01100001

Now, determine the output for: 00001010",10111111,"I need to find the secret bit manipulation rule from the examples.

Given 10 examples:
  01110100 -> 10011111
  10001111 -> 11011111
  11011000 -> 11101110
  00011101 -> 00100111
  00110001 -> 00011101
  10011111 -> 01110111
  00101010 -> 11101111
  01011001 -> 10101101
  01001100 -> 00100111
  11000011 -> 01100001

Query: 00001010

Step 1: Analyze each output bit as an independent boolean function of input bits.

  Output bit 0: All 1 candidates agree -> value = 1
    Best match: XNOR(in[1], in[3]) = 1
  Output bit 1: All 1 candidates agree -> value = 1
    Best match: OR(in[0], in[6]) = 1
  Output bit 2: All 1 candidates agree -> value = 0
    Best match: XOR(OR)(in[1], in[3], in[2]) = 0
  Output bit 3: All 1 candidates agree -> value = 0
    Best match: XNOR(AND)(in[0], in[6], in[4]) = 0
  Output bit 4: All 1 candidates agree -> value = 1
    Best match: OR(XNOR)(in[1], in[3], in[2]) = 1
  Output bit 5: All 5 candidates agree -> value = 1
    Best match: OR(in[2], in[4]) = 1
  Output bit 6: All 1 candidates agree -> value = 1
    Best match: IMPL(in[7], in[5]) = 1
  Output bit 7: All 2 candidates agree -> value = 1
    Best match: IMPL(in[0], in[6]) = 1

Step 2: No strong shift pattern detected.

Step 3: No additional bits resolved by context propagation.

Step 4: All bits resolved without brute-force.

Step 5: Combine all bits to form the output.
  bit0=1(unambig) | bit1=1(unambig) | bit2=0(unambig) | bit3=0(unambig) | bit4=1(unambig) | bit5=1(unambig) | bit6=1(unambig) | bit7=1(unambig)

The answer is 11001111.",Bit Manipulation,high,ctx,0
82ae858c,"In Alice's Wonderland, a secret bit manipulation rule transforms 8-bit binary numbers. The transformation involves operations like bit shifts, rotations, XOR, AND, OR, NOT, and possibly majority or choice functions.

Here are some examples of input -> output:
10001001 -> 11101010
11011010 -> 11111110
00010111 -> 01000101
10101011 -> 00101110
00100000 -> 01111011
11110111 -> 11111101
10000111 -> 00110011
10010100 -> 00111101
10111011 -> 01101110
11010001 -> 10110101

Now, determine the output for: 00110111",11001101,"I need to find the secret bit manipulation rule from the examples.

Given 10 examples:
  10001001 -> 11101010
  11011010 -> 11111110
  00010111 -> 01000101
  10101011 -> 00101110
  00100000 -> 01111011
  11110111 -> 11111101
  10000111 -> 00110011
  10010100 -> 00111101
  10111011 -> 01101110
  11010001 -> 10110101

Query: 00110111

Step 1: Analyze each output bit as an independent boolean function of input bits.

  Output bit 0: All 1 candidates agree -> value = 1
    Best match: XNOR(in[2], in[5]) = 1
  Output bit 1: All 1 candidates agree -> value = 1
    Best match: XNOR(in[3], in[6]) = 1
  Output bit 2: Ambiguous (4 candidates predict 0, 1 predict 1)
    For 0: IMPL(in[3], in[0]), IMPL(in[5], in[0]), IMPL(in[6], in[0])
    For 1: OR(in[0], in[2])
  Output bit 3: All 1 candidates agree -> value = 0
    Best match: NAND(XNOR)(in[0], in[4], in[7]) = 0
  Output bit 4: All 1 candidates agree -> value = 0
    Best match: NAND(XOR)(in[1], in[5], in[7]) = 0
  Output bit 5: All 1 candidates agree -> value = 1
    Best match: OR(AND)(in[0], in[2], in[3]) = 1
  Output bit 6: All 1 candidates agree -> value = 0
    Best match: IMPL(in[3], in[4]) = 0
  Output bit 7: All 3 candidates agree -> value = 1
    Best match: NOT(in[4]) = 1

Step 2: Identify structural patterns.
  Confirmed bit mappings: bit7<-in[4](shift=5)
  Dominant shift = 5 (weight 5)

Step 3: Resolve ambiguous bits using structural patterns.
  Bit 2: Resolved via pair/structure pattern -> value = 0

Step 4: All bits resolved without brute-force.

Step 5: Combine all bits to form the output.
  bit0=1(unambig) | bit1=1(unambig) | bit2=0(ctx) | bit3=0(unambig) | bit4=0(unambig) | bit5=1(unambig) | bit6=0(unambig) | bit7=1(unambig)

The answer is 11000101.",Bit Manipulation,high,ctx,0
82d937aa,"In Alice's Wonderland, a secret bit manipulation rule transforms 8-bit binary numbers. The transformation involves operations like bit shifts, rotations, XOR, AND, OR, NOT, and possibly majority or choice functions.

Here are some examples of input -> output:
11111010 -> 01111101
10101010 -> 01010101
00010010 -> 00001001
00000110 -> 00000011
01011110 -> 00101111
01000110 -> 00100011
01010110 -> 00101011
11001011 -> 11100101

Now, determine the output for: 11110101",11111011,"I need to find the secret bit manipulation rule from the examples.

Given 8 examples:
  11111010 -> 01111101
  10101010 -> 01010101
  00010010 -> 00001001
  00000110 -> 00000011
  01011110 -> 00101111
  01000110 -> 00100011
  01010110 -> 00101011
  11001011 -> 11100101

Query: 11110101

Step 1: Check for whole-byte patterns.
  Rotation pattern detected.
  Rule: output = rotate(input, k) for some shift k.

Step 2: Apply the pattern to the query.
  11110101 -> 11111010

The answer is 11111010.",Bit Manipulation,high,w_rot,0
84b4b07b,"In Alice's Wonderland, a secret bit manipulation rule transforms 8-bit binary numbers. The transformation involves operations like bit shifts, rotations, XOR, AND, OR, NOT, and possibly majority or choice functions.

Here are some examples of input -> output:
00111011 -> 11001010
10000101 -> 00101000
01011001 -> 01000100
10101001 -> 01001010
01100111 -> 00011000
11000010 -> 00010000
00011011 -> 11000000

Now, determine the output for: 11111110",10111111,"I need to find the secret bit manipulation rule from the examples.

Given 7 examples:
  00111011 -> 11001010
  10000101 -> 00101000
  01011001 -> 01000100
  10101001 -> 01001010
  01100111 -> 00011000
  11000010 -> 00010000
  00011011 -> 11000000

Query: 11111110

Step 1: Analyze each output bit as an independent boolean function of input bits.

  Output bit 0: Ambiguous (3 candidates predict 0, 2 predict 1)
    For 0: NOR(in[0], in[1]), INHIB(in[3], in[1]), INHIB(in[6], in[1])
    For 1: AND(in[3], in[6]), AND(in[4], in[6])
  Output bit 1: Ambiguous (3 candidates predict 0, 3 predict 1)
    For 0: AND(in[4], in[7]), INHIB(in[4], in[5]), INHIB(in[7], in[5])
    For 1: ID(in[4]), XOR(in[5], in[7]), OR(in[3], in[4])
  Output bit 2: Ambiguous (5 candidates predict 0, 1 predict 1)
    For 0: NOR(in[1], in[4]), NOR(in[4], in[6]), INHIB(in[5], in[1])
    For 1: AND(in[0], in[5])
  Output bit 3: Ambiguous (4 candidates predict 0, 1 predict 1)
    For 0: INHIB(in[1], in[3]), INHIB(in[1], in[4]), INHIB(in[6], in[3])
    For 1: AND(in[1], in[6])
  Output bit 4: All 1 candidates agree -> value = 1
    Best match: OR(in[2], in[5]) = 1
  Output bit 5: Ambiguous (3 candidates predict 0, 2 predict 1)
    For 0: NOR(in[0], in[6]), INHIB(in[1], in[6]), INHIB(in[3], in[6])
    For 1: AND(in[1], in[3]), AND(in[1], in[4])
  Output bit 6: Ambiguous (2 candidates predict 0, 1 predict 1)
    For 0: INHIB(in[2], in[1]), INHIB(in[2], in[5])
    For 1: AND(in[2], in[4])
  Output bit 7: Ambiguous (5 candidates predict 0, 7 predict 1)
    For 0: NOR(in[0], in[7]), NOR(in[1], in[7]), NOR(in[6], in[7])
    For 1: AND(in[0], in[3]), AND(in[3], in[5]), AND(in[4], in[5])

Step 2: No strong shift pattern detected.

Step 3: No additional bits resolved by context propagation.

Step 4: Resolve remaining 7 ambiguous bit(s) by scoring all combinations.
  Ambiguous positions: [0, 1, 2, 3, 5, 6, 7]
  Scoring considers: operation priors, complexity, template consistency, shift alignment.
  Bit 0 -> 1
  Bit 1 -> 1
  Bit 2 -> 0
  Bit 3 -> 1
  Bit 5 -> 1
  Bit 6 -> 1
  Bit 7 -> 1

Step 5: Combine all bits to form the output.
  bit0=1(scored) | bit1=1(scored) | bit2=0(scored) | bit3=1(scored) | bit4=1(unambig) | bit5=1(scored) | bit6=1(scored) | bit7=1(scored)

The answer is 11011111.",Bit Manipulation,low,bf,7
859a3ca8,"In Alice's Wonderland, a secret bit manipulation rule transforms 8-bit binary numbers. The transformation involves operations like bit shifts, rotations, XOR, AND, OR, NOT, and possibly majority or choice functions.

Here are some examples of input -> output:
11001110 -> 11110011
00011101 -> 10001111
10011110 -> 11110111
11000000 -> 11110011
00100111 -> 01101101
11111101 -> 10111111
11101011 -> 00011011
01000011 -> 10111011
00111001 -> 01001110

Now, determine the output for: 01011011",00111110,"I need to find the secret bit manipulation rule from the examples.

Given 9 examples:
  11001110 -> 11110011
  00011101 -> 10001111
  10011110 -> 11110111
  11000000 -> 11110011
  00100111 -> 01101101
  11111101 -> 10111111
  11101011 -> 00011011
  01000011 -> 10111011
  00111001 -> 01001110

Query: 01011011

Step 1: Analyze each output bit as an independent boolean function of input bits.

  Output bit 0: All 1 candidates agree -> value = 0
    Best match: XNOR(in[4], in[5]) = 0
  Output bit 1: All 2 candidates agree -> value = 0
    Best match: XOR(in[0], in[2]) = 0
  Output bit 2: All 1 candidates agree -> value = 0
    Best match: NAND(XOR)(in[0], in[3], in[7]) = 0
  Output bit 3: All 2 candidates agree -> value = 1
    Best match: OR(in[0], in[1]) = 1
  Output bit 4: All 4 candidates agree -> value = 1
    Best match: ID(in[7]) = 1
  Output bit 5: All 1 candidates agree -> value = 1
    Best match: IMPL(in[1], in[3]) = 1
  Output bit 6: All 4 candidates agree -> value = 1
    Best match: OR(in[1], in[3]) = 1
  Output bit 7: Ambiguous (1 candidates predict 0, 1 predict 1)
    For 0: IMPL(in[3], in[5])
    For 1: OR(in[1], in[5])

Step 2: Identify structural patterns.
  Confirmed bit mappings: bit4<-in[7](shift=3)
  Dominant shift = 3 (weight 5)

Step 3: Resolve ambiguous bits using structural patterns.
  Bit 7: Resolved via pair/structure pattern -> value = 0

Step 4: All bits resolved without brute-force.

Step 5: Combine all bits to form the output.
  bit0=0(unambig) | bit1=0(unambig) | bit2=0(unambig) | bit3=1(unambig) | bit4=1(unambig) | bit5=1(unambig) | bit6=1(unambig) | bit7=0(ctx)

The answer is 00011110.",Bit Manipulation,high,ctx,0
8631d7b6,"In Alice's Wonderland, a secret bit manipulation rule transforms 8-bit binary numbers. The transformation involves operations like bit shifts, rotations, XOR, AND, OR, NOT, and possibly majority or choice functions.

Here are some examples of input -> output:
01101110 -> 00000000
01001110 -> 00000000
00100010 -> 00000000
11111010 -> 00000000
01011000 -> 00000000
11001000 -> 00000000
10101011 -> 10000000
11101011 -> 10000000
00111011 -> 10000000
00001010 -> 00000000

Now, determine the output for: 11011101",00000000,"I need to find the secret bit manipulation rule from the examples.

Given 10 examples:
  01101110 -> 00000000
  01001110 -> 00000000
  00100010 -> 00000000
  11111010 -> 00000000
  01011000 -> 00000000
  11001000 -> 00000000
  10101011 -> 10000000
  11101011 -> 10000000
  00111011 -> 10000000
  00001010 -> 00000000

Query: 11011101

Step 1: Analyze each output bit as an independent boolean function of input bits.

  Output bit 0: Ambiguous (3 candidates predict 0, 2 predict 1)
    For 0: AND(in[2], in[7]), AND(in[6], in[7]), INHIB(in[7], in[5])
    For 1: ID(in[7]), AND(in[4], in[7])
  Output bit 1: Ambiguous (11 candidates predict 0, 6 predict 1)
    For 0: NOR(in[1], in[6]), NOR(in[2], in[4]), NOR(in[4], in[6])
    For 1: AND(in[0], in[5]), AND(in[3], in[5]), AND(in[5], in[7])
  Output bit 2: Ambiguous (11 candidates predict 0, 6 predict 1)
    For 0: NOR(in[1], in[6]), NOR(in[2], in[4]), NOR(in[4], in[6])
    For 1: AND(in[0], in[5]), AND(in[3], in[5]), AND(in[5], in[7])
  Output bit 3: Ambiguous (11 candidates predict 0, 6 predict 1)
    For 0: NOR(in[1], in[6]), NOR(in[2], in[4]), NOR(in[4], in[6])
    For 1: AND(in[0], in[5]), AND(in[3], in[5]), AND(in[5], in[7])
  Output bit 4: Ambiguous (11 candidates predict 0, 6 predict 1)
    For 0: NOR(in[1], in[6]), NOR(in[2], in[4]), NOR(in[4], in[6])
    For 1: AND(in[0], in[5]), AND(in[3], in[5]), AND(in[5], in[7])
  Output bit 5: Ambiguous (11 candidates predict 0, 6 predict 1)
    For 0: NOR(in[1], in[6]), NOR(in[2], in[4]), NOR(in[4], in[6])
    For 1: AND(in[0], in[5]), AND(in[3], in[5]), AND(in[5], in[7])
  Output bit 6: Ambiguous (11 candidates predict 0, 6 predict 1)
    For 0: NOR(in[1], in[6]), NOR(in[2], in[4]), NOR(in[4], in[6])
    For 1: AND(in[0], in[5]), AND(in[3], in[5]), AND(in[5], in[7])
  Output bit 7: Ambiguous (11 candidates predict 0, 6 predict 1)
    For 0: NOR(in[1], in[6]), NOR(in[2], in[4]), NOR(in[4], in[6])
    For 1: AND(in[0], in[5]), AND(in[3], in[5]), AND(in[5], in[7])

Step 2: No strong shift pattern detected.

Step 3: No additional bits resolved by context propagation.

Step 4: Resolve remaining 8 ambiguous bit(s) by scoring all combinations.
  Ambiguous positions: [0, 1, 2, 3, 4, 5, 6, 7]
  Scoring considers: operation priors, complexity, template consistency, shift alignment.
  Bit 0 -> 1
  Bit 1 -> 0
  Bit 2 -> 0
  Bit 3 -> 0
  Bit 4 -> 0
  Bit 5 -> 0
  Bit 6 -> 0
  Bit 7 -> 0

Step 5: Combine all bits to form the output.
  bit0=1(scored) | bit1=0(scored) | bit2=0(scored) | bit3=0(scored) | bit4=0(scored) | bit5=0(scored) | bit6=0(scored) | bit7=0(scored)

The answer is 10000000.",Bit Manipulation,low,bf,8
8740ed31,"In Alice's Wonderland, a secret bit manipulation rule transforms 8-bit binary numbers. The transformation involves operations like bit shifts, rotations, XOR, AND, OR, NOT, and possibly majority or choice functions.

Here are some examples of input -> output:
00100110 -> 00010000
01010101 -> 10101010
01100011 -> 00011000
10011010 -> 01010001
10011011 -> 11011001
11010000 -> 00001000
00111101 -> 10001110

Now, determine the output for: 11001101",01101000,"I need to find the secret bit manipulation rule from the examples.

Given 7 examples:
  00100110 -> 00010000
  01010101 -> 10101010
  01100011 -> 00011000
  10011010 -> 01010001
  10011011 -> 11011001
  11010000 -> 00001000
  00111101 -> 10001110

Query: 11001101

Step 1: Analyze each output bit as an independent boolean function of input bits.

  Output bit 0: All 1 candidates agree -> value = 0
    Best match: AND(in[3], in[7]) = 0
  Output bit 1: Ambiguous (8 candidates predict 0, 3 predict 1)
    For 0: AND(in[0], in[6]), AND(in[3], in[6]), AND(in[4], in[6])
    For 1: AND(in[0], in[4]), XNOR(in[3], in[6]), INHIB(in[4], in[2])
  Output bit 2: Ambiguous (2 candidates predict 0, 2 predict 1)
    For 0: XNOR(in[0], in[2]), NOR(in[0], in[2])
    For 1: AND(in[1], in[5]), INHIB(in[5], in[2])
  Output bit 3: Ambiguous (1 candidates predict 0, 2 predict 1)
    For 0: ID(in[6])
    For 1: XOR(in[2], in[4]), IMPL(in[3], in[6])
  Output bit 4: All 2 candidates agree -> value = 1
    Best match: OR(in[1], in[7]) = 1
  Output bit 5: Ambiguous (5 candidates predict 0, 3 predict 1)
    For 0: AND(in[2], in[3]), AND(in[2], in[4]), NOR(in[1], in[6])
    For 1: AND(in[4], in[5]), XNOR(in[2], in[3]), INHIB(in[4], in[6])
  Output bit 6: Ambiguous (3 candidates predict 0, 4 predict 1)
    For 0: AND(in[3], in[5]), NOR(in[0], in[6]), INHIB(in[3], in[0])
    For 1: AND(in[5], in[7]), XOR(in[0], in[3]), INHIB(in[5], in[6])
  Output bit 7: Ambiguous (8 candidates predict 0, 3 predict 1)
    For 0: AND(in[0], in[6]), AND(in[3], in[6]), AND(in[4], in[6])
    For 1: AND(in[0], in[4]), XNOR(in[3], in[6]), INHIB(in[4], in[2])

Step 2: No strong shift pattern detected.

Step 3: No additional bits resolved by context propagation.

Step 4: Resolve remaining 6 ambiguous bit(s) by scoring all combinations.
  Ambiguous positions: [1, 2, 3, 5, 6, 7]
  Scoring considers: operation priors, complexity, template consistency, shift alignment.
  Bit 1 -> 0
  Bit 2 -> 1
  Bit 3 -> 0
  Bit 5 -> 0
  Bit 6 -> 1
  Bit 7 -> 0

Step 5: Combine all bits to form the output.
  bit0=0(unambig) | bit1=0(scored) | bit2=1(scored) | bit3=0(scored) | bit4=1(unambig) | bit5=0(scored) | bit6=1(scored) | bit7=0(scored)

The answer is 00101010.",Bit Manipulation,low,bf,6
8785d0c3,"In Alice's Wonderland, a secret bit manipulation rule transforms 8-bit binary numbers. The transformation involves operations like bit shifts, rotations, XOR, AND, OR, NOT, and possibly majority or choice functions.

Here are some examples of input -> output:
11001011 -> 10010100
11010010 -> 00100100
00010110 -> 00100000
10111100 -> 01001000
01100011 -> 00000110
10001111 -> 00011000
10000010 -> 00000000
10100010 -> 00000000

Now, determine the output for: 01010101",00000000,"I need to find the secret bit manipulation rule from the examples.

Given 8 examples:
  11001011 -> 10010100
  11010010 -> 00100100
  00010110 -> 00100000
  10111100 -> 01001000
  01100011 -> 00000110
  10001111 -> 00011000
  10000010 -> 00000000
  10100010 -> 00000000

Query: 01010101

Step 1: Analyze each output bit as an independent boolean function of input bits.

  Output bit 0: All 2 candidates agree -> value = 0
    Best match: AND(in[1], in[4]) = 0
  Output bit 1: Ambiguous (10 candidates predict 0, 3 predict 1)
    For 0: AND(in[2], in[3]), AND(in[2], in[4]), AND(in[2], in[5])
    For 1: NOT(in[6]), INHIB(in[3], in[6]), INHIB(in[5], in[6])
  Output bit 2: Ambiguous (2 candidates predict 0, 2 predict 1)
    For 0: AND(in[3], in[6]), XNOR(in[3], in[6])
    For 1: INHIB(in[3], in[2]), INHIB(in[3], in[4])
  Output bit 3: Ambiguous (5 candidates predict 0, 2 predict 1)
    For 0: AND(in[0], in[7]), AND(in[4], in[6]), AND(in[4], in[7])
    For 1: XNOR(in[4], in[6]), INHIB(in[7], in[2])
  Output bit 4: All 3 candidates agree -> value = 0
    Best match: AND(in[0], in[5]) = 0
  Output bit 5: Ambiguous (2 candidates predict 0, 1 predict 1)
    For 0: AND(in[1], in[6]), INHIB(in[1], in[5])
    For 1: ID(in[1])
  Output bit 6: Ambiguous (5 candidates predict 0, 3 predict 1)
    For 0: AND(in[1], in[2]), AND(in[2], in[7]), NOR(in[0], in[3])
    For 1: INHIB(in[1], in[0]), INHIB(in[7], in[0]), INHIB(in[7], in[4])
  Output bit 7: Ambiguous (4 candidates predict 0, 7 predict 1)
    For 0: NOR(in[3], in[6]), NOR(in[5], in[6]), INHIB(in[4], in[0])
    For 1: AND(in[1], in[5]), AND(in[3], in[7]), NOR(in[0], in[6])

Step 2: No strong shift pattern detected.

Step 3: Resolve ambiguous bits using structural patterns.
  Bit 1: Resolved via pair/structure pattern -> value = 0
  Bit 2: Resolved via pair/structure pattern -> value = 0
  Bit 3: Resolved via pair/structure pattern -> value = 0
  Bit 5: Resolved via pair/structure pattern -> value = 0
  Bit 6: Resolved via pair/structure pattern -> value = 0

Step 4: Resolve remaining 1 ambiguous bit(s) by scoring all combinations.
  Ambiguous positions: [7]
  Scoring considers: operation priors, complexity, template consistency, shift alignment.
  Bit 7 -> 1

Step 5: Combine all bits to form the output.
  bit0=0(unambig) | bit1=0(ctx) | bit2=0(ctx) | bit3=0(ctx) | bit4=0(unambig) | bit5=0(ctx) | bit6=0(ctx) | bit7=1(scored)

The answer is 00000001.",Bit Manipulation,low,bf,1
88ae9960,"In Alice's Wonderland, a secret bit manipulation rule transforms 8-bit binary numbers. The transformation involves operations like bit shifts, rotations, XOR, AND, OR, NOT, and possibly majority or choice functions.

Here are some examples of input -> output:
11000101 -> 00000000
00000101 -> 00000000
10011000 -> 00000000
01101100 -> 00000000
01011000 -> 00000000
01011111 -> 10000000
11111110 -> 00000000

Now, determine the output for: 10100101",00000000,"I need to find the secret bit manipulation rule from the examples.

Given 7 examples:
  11000101 -> 00000000
  00000101 -> 00000000
  10011000 -> 00000000
  01101100 -> 00000000
  01011000 -> 00000000
  01011111 -> 10000000
  11111110 -> 00000000

Query: 10100101

Step 1: Analyze each output bit as an independent boolean function of input bits.

  Output bit 0: All 6 candidates agree -> value = 0
    Best match: AND(in[3], in[7]) = 0
  Output bit 1: Ambiguous (11 candidates predict 0, 3 predict 1)
    For 0: NOR(in[3], in[5]), NOR(in[4], in[5]), NOR(in[4], in[7])
    For 1: AND(in[2], in[7]), INHIB(in[2], in[1]), INHIB(in[2], in[4])
  Output bit 2: Ambiguous (11 candidates predict 0, 3 predict 1)
    For 0: NOR(in[3], in[5]), NOR(in[4], in[5]), NOR(in[4], in[7])
    For 1: AND(in[2], in[7]), INHIB(in[2], in[1]), INHIB(in[2], in[4])
  Output bit 3: Ambiguous (11 candidates predict 0, 3 predict 1)
    For 0: NOR(in[3], in[5]), NOR(in[4], in[5]), NOR(in[4], in[7])
    For 1: AND(in[2], in[7]), INHIB(in[2], in[1]), INHIB(in[2], in[4])
  Output bit 4: Ambiguous (11 candidates predict 0, 3 predict 1)
    For 0: NOR(in[3], in[5]), NOR(in[4], in[5]), NOR(in[4], in[7])
    For 1: AND(in[2], in[7]), INHIB(in[2], in[1]), INHIB(in[2], in[4])
  Output bit 5: Ambiguous (11 candidates predict 0, 3 predict 1)
    For 0: NOR(in[3], in[5]), NOR(in[4], in[5]), NOR(in[4], in[7])
    For 1: AND(in[2], in[7]), INHIB(in[2], in[1]), INHIB(in[2], in[4])
  Output bit 6: Ambiguous (11 candidates predict 0, 3 predict 1)
    For 0: NOR(in[3], in[5]), NOR(in[4], in[5]), NOR(in[4], in[7])
    For 1: AND(in[2], in[7]), INHIB(in[2], in[1]), INHIB(in[2], in[4])
  Output bit 7: Ambiguous (11 candidates predict 0, 3 predict 1)
    For 0: NOR(in[3], in[5]), NOR(in[4], in[5]), NOR(in[4], in[7])
    For 1: AND(in[2], in[7]), INHIB(in[2], in[1]), INHIB(in[2], in[4])

Step 2: No strong shift pattern detected.

Step 3: Resolve ambiguous bits using structural patterns.
  Bit 4: Resolved via pair/structure pattern -> value = 1
  Bit 6: Resolved via pair/structure pattern -> value = 0
  Bit 7: Resolved via pair/structure pattern -> value = 0

Step 4: Resolve remaining 4 ambiguous bit(s) by scoring all combinations.
  Ambiguous positions: [1, 2, 3, 5]
  Scoring considers: operation priors, complexity, template consistency, shift alignment.
  Bit 1 -> 0
  Bit 2 -> 0
  Bit 3 -> 0
  Bit 5 -> 0

Step 5: Combine all bits to form the output.
  bit0=0(unambig) | bit1=0(scored) | bit2=0(scored) | bit3=0(scored) | bit4=1(ctx) | bit5=0(scored) | bit6=0(ctx) | bit7=0(ctx)

The answer is 00001000.",Bit Manipulation,low,bf,4
8982c48b,"In Alice's Wonderland, a secret bit manipulation rule transforms 8-bit binary numbers. The transformation involves operations like bit shifts, rotations, XOR, AND, OR, NOT, and possibly majority or choice functions.

Here are some examples of input -> output:
01001111 -> 11100000
10101111 -> 11100001
01111000 -> 00000000
10111100 -> 10000001
01001001 -> 00100000
01111111 -> 11100000
10011101 -> 10100001

Now, determine the output for: 10010001",00100001,"I need to find the secret bit manipulation rule from the examples.

Given 7 examples:
  01001111 -> 11100000
  10101111 -> 11100001
  01111000 -> 00000000
  10111100 -> 10000001
  01001001 -> 00100000
  01111111 -> 11100000
  10011101 -> 10100001

Query: 10010001

Step 1: Check for whole-byte patterns.
  Permutation pattern detected.
  Rule: each output bit is copied (possibly inverted) from a specific input bit.

Step 2: Apply the pattern to the query.
  10010001 -> 00111111

The answer is 00111111.",Bit Manipulation,high,w_perm,0
8a057351,"In Alice's Wonderland, a secret bit manipulation rule transforms 8-bit binary numbers. The transformation involves operations like bit shifts, rotations, XOR, AND, OR, NOT, and possibly majority or choice functions.

Here are some examples of input -> output:
00010000 -> 11111110
01001100 -> 00111011
00010001 -> 01101110
10100100 -> 10110101
11100001 -> 01100111
01001101 -> 10101011
01111111 -> 10001011
10010110 -> 10010110
10010100 -> 10110110

Now, determine the output for: 11111000",01110111,"I need to find the secret bit manipulation rule from the examples.

Given 9 examples:
  00010000 -> 11111110
  01001100 -> 00111011
  00010001 -> 01101110
  10100100 -> 10110101
  11100001 -> 01100111
  01001101 -> 10101011
  01111111 -> 10001011
  10010110 -> 10010110
  10010100 -> 10110110

Query: 11111000

Step 1: Analyze each output bit as an independent boolean function of input bits.

  Output bit 0: All 1 candidates agree -> value = 0
    Best match: XNOR(in[4], in[7]) = 0
  Output bit 1: Ambiguous (1 candidates predict 0, 3 predict 1)
    For 0: NOR(in[4], in[5])
    For 1: XNOR(in[0], in[1]), NOR(in[5], in[6]), NOT(in[5])
  Output bit 2: All 3 candidates agree -> value = 1
    Best match: NOT(in[6]) = 1
  Output bit 3: All 1 candidates agree -> value = 1
    Best match: NOT(in[7]) = 1
  Output bit 4: Ambiguous (2 candidates predict 0, 1 predict 1)
    For 0: XNOR(in[1], in[5]), NOT(in[0])
    For 1: IMPL(in[0], in[4])
  Output bit 5: Ambiguous (3 candidates predict 0, 5 predict 1)
    For 0: XOR(in[2], in[3]), NOT(in[4]), NAND(in[1], in[4])
    For 1: NAND(in[1], in[5]), NAND(in[4], in[5]), IMPL(in[1], in[0])
  Output bit 6: Ambiguous (1 candidates predict 0, 2 predict 1)
    For 0: IMPL(in[2], in[7])
    For 1: OR(in[1], in[3]), IMPL(in[2], in[1])
  Output bit 7: All 5 candidates agree -> value = 1
    Best match: OR(in[1], in[2]) = 1

Step 2: Identify structural patterns.
  Confirmed bit mappings: bit1<-in[5](shift=4), bit2<-in[6](shift=4), bit3<-in[7](shift=4), bit4<-in[0](shift=4), bit5<-in[4](shift=7)
  Dominant shift = 4 (weight 12)

Step 3: Resolve ambiguous bits using structural patterns.
  Bit 1: Using shift=4, source = in[5] -> value = 1
  Bit 4: Using shift=4, source = in[0] -> value = 0
  Bit 5: Using shift=7, source = in[4] -> value = 0

Step 4: Resolve remaining 1 ambiguous bit(s) by scoring all combinations.
  Ambiguous positions: [6]
  Scoring considers: operation priors, complexity, template consistency, shift alignment.
  Bit 6 -> 1

Step 5: Combine all bits to form the output.
  bit0=0(unambig) | bit1=1(ctx) | bit2=1(unambig) | bit3=1(unambig) | bit4=0(ctx) | bit5=0(ctx) | bit6=1(scored) | bit7=1(unambig)

The answer is 01110011.",Bit Manipulation,low,bf,1
8a0867ce,"In Alice's Wonderland, a secret bit manipulation rule transforms 8-bit binary numbers. The transformation involves operations like bit shifts, rotations, XOR, AND, OR, NOT, and possibly majority or choice functions.

Here are some examples of input -> output:
01000111 -> 00100011
01100011 -> 00110001
10111011 -> 01011101
10010000 -> 01001000
11011000 -> 01101100
10101000 -> 01010100
11101000 -> 01110100
00000101 -> 00000010
01110111 -> 00111011
01101011 -> 00110101

Now, determine the output for: 11101111",01110111,"I need to find the secret bit manipulation rule from the examples.

Given 10 examples:
  01000111 -> 00100011
  01100011 -> 00110001
  10111011 -> 01011101
  10010000 -> 01001000
  11011000 -> 01101100
  10101000 -> 01010100
  11101000 -> 01110100
  00000101 -> 00000010
  01110111 -> 00111011
  01101011 -> 00110101

Query: 11101111

Step 1: Check for whole-byte patterns.
  Mixed shift pattern detected.
  Rule: some output bits are shifted copies, rest use a uniform 2-input function.

Step 2: Apply the pattern to the query.
  11101111 -> 11110111

The answer is 11110111.",Bit Manipulation,high,w_mix,0
8a1a2c31,"In Alice's Wonderland, a secret bit manipulation rule transforms 8-bit binary numbers. The transformation involves operations like bit shifts, rotations, XOR, AND, OR, NOT, and possibly majority or choice functions.

Here are some examples of input -> output:
10101100 -> 00110110
01101011 -> 10111101
10000100 -> 01100010
11101001 -> 10111100
01000000 -> 00100000
10011111 -> 00100111
11010110 -> 01111011
01100011 -> 10111001

Now, determine the output for: 01010100",00001010,"I need to find the secret bit manipulation rule from the examples.

Given 8 examples:
  10101100 -> 00110110
  01101011 -> 10111101
  10000100 -> 01100010
  11101001 -> 10111100
  01000000 -> 00100000
  10011111 -> 00100111
  11010110 -> 01111011
  01100011 -> 10111001

Query: 01010100

Step 1: Analyze each output bit as an independent boolean function of input bits.

  Output bit 0: All 6 candidates agree -> value = 0
    Best match: AND(in[1], in[2]) = 0
  Output bit 1: Ambiguous (1 candidates predict 0, 1 predict 1)
    For 0: INHIB(in[0], in[4])
    For 1: INHIB(in[5], in[4])
  Output bit 2: Ambiguous (3 candidates predict 0, 5 predict 1)
    For 0: IMPL(in[3], in[0]), IMPL(in[3], in[6]), IMPL(in[5], in[0])
    For 1: OR(in[0], in[1]), OR(in[1], in[5]), NAND(in[2], in[3])
  Output bit 3: Ambiguous (1 candidates predict 0, 1 predict 1)
    For 0: MAJ(in[0], in[1], in[2])
    For 1: MAJ(in[1], in[2], in[5])
  Output bit 4: All 1 candidates agree -> value = 1
    Best match: XOR(in[3], in[7]) = 1
  Output bit 5: All 1 candidates agree -> value = 0
    Best match: ID(in[4]) = 0
  Output bit 6: Ambiguous (1 candidates predict 0, 4 predict 1)
    For 0: AND(in[0], in[5])
    For 1: ID(in[5]), OR(in[3], in[5]), IMPL(in[1], in[3])
  Output bit 7: Ambiguous (1 candidates predict 0, 1 predict 1)
    For 0: ID(in[6])
    For 1: OR(in[3], in[6])

Step 2: Identify structural patterns.
  Confirmed bit mappings: bit5<-in[4](shift=7), bit6<-in[5](shift=7), bit7<-in[6](shift=7)
  Dominant shift = 7 (weight 7)

Step 3: Resolve ambiguous bits using structural patterns.
  Bit 6: Using shift=7, source = in[5] -> value = 1
  Bit 7: Using shift=7, source = in[6] -> value = 0

Step 4: Resolve remaining 3 ambiguous bit(s) by scoring all combinations.
  Ambiguous positions: [1, 2, 3]
  Scoring considers: operation priors, complexity, template consistency, shift alignment.
  Bit 1 -> 0
  Bit 2 -> 1
  Bit 3 -> 0

Step 5: Combine all bits to form the output.
  bit0=0(unambig) | bit1=0(scored) | bit2=1(scored) | bit3=0(scored) | bit4=1(unambig) | bit5=0(unambig) | bit6=1(ctx) | bit7=0(ctx)

The answer is 00101010.",Bit Manipulation,low,bf,3
8a45a3d4,"In Alice's Wonderland, a secret bit manipulation rule transforms 8-bit binary numbers. The transformation involves operations like bit shifts, rotations, XOR, AND, OR, NOT, and possibly majority or choice functions.

Here are some examples of input -> output:
11111111 -> 11111111
00100011 -> 11011101
11000011 -> 01100001
10001111 -> 01010111
10111000 -> 11011100
10101111 -> 01010111
10001110 -> 01110111
00110001 -> 10111011

Now, determine the output for: 01000100",11111111,"I need to find the secret bit manipulation rule from the examples.

Given 8 examples:
  11111111 -> 11111111
  00100011 -> 11011101
  11000011 -> 01100001
  10001111 -> 01010111
  10111000 -> 11011100
  10101111 -> 01010111
  10001110 -> 01110111
  00110001 -> 10111011

Query: 01000100

Step 1: Analyze each output bit as an independent boolean function of input bits.

  Output bit 0: All 2 candidates agree -> value = 1
    Best match: XNOR(in[1], in[5]) = 1
  Output bit 1: Ambiguous (2 candidates predict 0, 3 predict 1)
    For 0: OR(in[0], in[6]), OR(in[4], in[6])
    For 1: IMPL(in[3], in[0]), IMPL(in[3], in[4]), IMPL(in[7], in[6])
  Output bit 2: All 1 candidates agree -> value = 1
    Best match: XOR3(in[1], in[6], in[7]) = 1
  Output bit 3: Ambiguous (4 candidates predict 0, 4 predict 1)
    For 0: OR(in[2], in[4]), IMPL(in[1], in[2]), IMPL(in[1], in[3])
    For 1: XNOR(in[0], in[4]), OR(in[2], in[5]), IMPL(in[0], in[4])
  Output bit 4: All 2 candidates agree -> value = 1
    Best match: XNOR(in[1], in[5]) = 1
  Output bit 5: Ambiguous (2 candidates predict 0, 1 predict 1)
    For 0: MAJ(in[2], in[4], in[6]), CH(in[0], in[4], in[6])
    For 1: XOR3(in[0], in[5], in[6])
  Output bit 6: All 1 candidates agree -> value = 1
    Best match: XNOR(in[4], in[6]) = 1
  Output bit 7: Ambiguous (2 candidates predict 0, 6 predict 1)
    For 0: XNOR(in[4], in[5]), OR(in[6], in[7])
    For 1: OR(in[5], in[7]), IMPL(in[0], in[6]), IMPL(in[2], in[7])

Step 2: No strong shift pattern detected.

Step 3: Resolve ambiguous bits using structural patterns.
  Bit 3: Resolved via pair/structure pattern -> value = 1

Step 4: Resolve remaining 3 ambiguous bit(s) by scoring all combinations.
  Ambiguous positions: [1, 5, 7]
  Scoring considers: operation priors, complexity, template consistency, shift alignment.
  Bit 1 -> 0
  Bit 5 -> 0
  Bit 7 -> 1

Step 5: Combine all bits to form the output.
  bit0=1(unambig) | bit1=0(scored) | bit2=1(unambig) | bit3=1(ctx) | bit4=1(unambig) | bit5=0(scored) | bit6=1(unambig) | bit7=1(scored)

The answer is 10111011.",Bit Manipulation,low,bf,3
8a5742e1,"In Alice's Wonderland, a secret bit manipulation rule transforms 8-bit binary numbers. The transformation involves operations like bit shifts, rotations, XOR, AND, OR, NOT, and possibly majority or choice functions.

Here are some examples of input -> output:
11011110 -> 11100000
11100001 -> 00010000
11001011 -> 10110000
11110110 -> 01100000
10111111 -> 11110000
11100111 -> 01110000
10111101 -> 11010000
11111111 -> 11110000
01010010 -> 00100000

Now, determine the output for: 00000001",00010000,"I need to find the secret bit manipulation rule from the examples.

Given 9 examples:
  11011110 -> 11100000
  11100001 -> 00010000
  11001011 -> 10110000
  11110110 -> 01100000
  10111111 -> 11110000
  11100111 -> 01110000
  10111101 -> 11010000
  11111111 -> 11110000
  01010010 -> 00100000

Query: 00000001

Step 1: Analyze each output bit as an independent boolean function of input bits.

  Output bit 0: Ambiguous (2 candidates predict 0, 1 predict 1)
    For 0: ID(in[4]), AND(in[0], in[4])
    For 1: IMPL(in[1], in[4])
  Output bit 1: Ambiguous (2 candidates predict 0, 1 predict 1)
    For 0: ID(in[5]), AND(in[0], in[5])
    For 1: IMPL(in[1], in[5])
  Output bit 2: Ambiguous (2 candidates predict 0, 2 predict 1)
    For 0: ID(in[6]), IMPL(in[7], in[6])
    For 1: IMPL(in[0], in[6]), IMPL(in[2], in[6])
  Output bit 3: Ambiguous (1 candidates predict 0, 4 predict 1)
    For 0: AND(in[0], in[7])
    For 1: ID(in[7]), IMPL(in[1], in[7]), IMPL(in[3], in[7])
  Output bit 4: Ambiguous (7 candidates predict 0, 9 predict 1)
    For 0: NOR(in[1], in[7]), NOR(in[3], in[7]), NOR(in[6], in[7])
    For 1: NOR(in[0], in[1]), NOR(in[0], in[3]), NOR(in[0], in[6])
  Output bit 5: Ambiguous (7 candidates predict 0, 9 predict 1)
    For 0: NOR(in[1], in[7]), NOR(in[3], in[7]), NOR(in[6], in[7])
    For 1: NOR(in[0], in[1]), NOR(in[0], in[3]), NOR(in[0], in[6])
  Output bit 6: Ambiguous (7 candidates predict 0, 9 predict 1)
    For 0: NOR(in[1], in[7]), NOR(in[3], in[7]), NOR(in[6], in[7])
    For 1: NOR(in[0], in[1]), NOR(in[0], in[3]), NOR(in[0], in[6])
  Output bit 7: Ambiguous (7 candidates predict 0, 9 predict 1)
    For 0: NOR(in[1], in[7]), NOR(in[3], in[7]), NOR(in[6], in[7])
    For 1: NOR(in[0], in[1]), NOR(in[0], in[3]), NOR(in[0], in[6])

Step 2: No strong shift pattern detected.

Step 3: No additional bits resolved by context propagation.

Step 4: Resolve remaining 8 ambiguous bit(s) by scoring all combinations.
  Ambiguous positions: [0, 1, 2, 3, 4, 5, 6, 7]
  Scoring considers: operation priors, complexity, template consistency, shift alignment.
  Bit 0 -> 0
  Bit 1 -> 0
  Bit 2 -> 0
  Bit 3 -> 1
  Bit 4 -> 1
  Bit 5 -> 1
  Bit 6 -> 1
  Bit 7 -> 1

Step 5: Combine all bits to form the output.
  bit0=0(scored) | bit1=0(scored) | bit2=0(scored) | bit3=1(scored) | bit4=1(scored) | bit5=1(scored) | bit6=1(scored) | bit7=1(scored)

The answer is 00011111.",Bit Manipulation,low,bf,8
8b434583,"In Alice's Wonderland, a secret bit manipulation rule transforms 8-bit binary numbers. The transformation involves operations like bit shifts, rotations, XOR, AND, OR, NOT, and possibly majority or choice functions.

Here are some examples of input -> output:
01111111 -> 11110011
01001101 -> 01011001
01001000 -> 01001111
01000001 -> 01111000
10000101 -> 11110011
11100110 -> 10110100
00010100 -> 10000111
00110000 -> 01011111
00000001 -> 11111001

Now, determine the output for: 00110110",01001111,"I need to find the secret bit manipulation rule from the examples.

Given 9 examples:
  01111111 -> 11110011
  01001101 -> 01011001
  01001000 -> 01001111
  01000001 -> 01111000
  10000101 -> 11110011
  11100110 -> 10110100
  00010100 -> 10000111
  00110000 -> 01011111
  00000001 -> 11111001

Query: 00110110

Step 1: Analyze each output bit as an independent boolean function of input bits.

  Output bit 0: All 1 candidates agree -> value = 0
    Best match: XNOR(in[1], in[2]) = 0
  Output bit 1: Ambiguous (1 candidates predict 0, 1 predict 1)
    For 0: IMPL(in[5], in[7])
    For 1: XNOR(in[2], in[3])
  Output bit 2: All 1 candidates agree -> value = 0
    Best match: XNOR(in[3], in[4]) = 0
  Output bit 3: All 1 candidates agree -> value = 1
    Best match: OR(in[2], in[7]) = 1
  Output bit 4: All 1 candidates agree -> value = 0
    Best match: NAND(OR)(in[0], in[3], in[5]) = 0
  Output bit 5: All 1 candidates agree -> value = 1
    Best match: NOT(in[7]) = 1
  Output bit 6: All 1 candidates agree -> value = 0
    Best match: XOR3(in[2], in[4], in[5]) = 0
  Output bit 7: All 2 candidates agree -> value = 1
    Best match: XNOR(in[1], in[4]) = 1

Step 2: Identify structural patterns.
  Confirmed bit mappings: bit5<-in[7](shift=2)
  Dominant shift = 2 (weight 5)

Step 3: Resolve ambiguous bits using structural patterns.
  Bit 1: Resolved via pair/structure pattern -> value = 1

Step 4: All bits resolved without brute-force.

Step 5: Combine all bits to form the output.
  bit0=0(unambig) | bit1=1(ctx) | bit2=0(unambig) | bit3=1(unambig) | bit4=0(unambig) | bit5=1(unambig) | bit6=0(unambig) | bit7=1(unambig)

The answer is 01010101.",Bit Manipulation,high,ctx,0
8b85ff03,"In Alice's Wonderland, a secret bit manipulation rule transforms 8-bit binary numbers. The transformation involves operations like bit shifts, rotations, XOR, AND, OR, NOT, and possibly majority or choice functions.

Here are some examples of input -> output:
11111111 -> 11111001
00110111 -> 11111110
00111011 -> 11111110
10011001 -> 11111011
00110001 -> 11111110
11000011 -> 11111001
00011100 -> 11111111
10111100 -> 11111011

Now, determine the output for: 00001010",11111111,"I need to find the secret bit manipulation rule from the examples.

Given 8 examples:
  11111111 -> 11111001
  00110111 -> 11111110
  00111011 -> 11111110
  10011001 -> 11111011
  00110001 -> 11111110
  11000011 -> 11111001
  00011100 -> 11111111
  10111100 -> 11111011

Query: 00001010

Step 1: Analyze each output bit as an independent boolean function of input bits.

  Output bit 0: Ambiguous (6 candidates predict 0, 8 predict 1)
    For 0: OR(in[0], in[3]), OR(in[1], in[3]), OR(in[3], in[7])
    For 1: OR(in[3], in[6]), OR(in[4], in[7]), IMPL(in[1], in[0])
  Output bit 1: Ambiguous (6 candidates predict 0, 8 predict 1)
    For 0: OR(in[0], in[3]), OR(in[1], in[3]), OR(in[3], in[7])
    For 1: OR(in[3], in[6]), OR(in[4], in[7]), IMPL(in[1], in[0])
  Output bit 2: Ambiguous (6 candidates predict 0, 8 predict 1)
    For 0: OR(in[0], in[3]), OR(in[1], in[3]), OR(in[3], in[7])
    For 1: OR(in[3], in[6]), OR(in[4], in[7]), IMPL(in[1], in[0])
  Output bit 3: Ambiguous (6 candidates predict 0, 8 predict 1)
    For 0: OR(in[0], in[3]), OR(in[1], in[3]), OR(in[3], in[7])
    For 1: OR(in[3], in[6]), OR(in[4], in[7]), IMPL(in[1], in[0])
  Output bit 4: Ambiguous (6 candidates predict 0, 8 predict 1)
    For 0: OR(in[0], in[3]), OR(in[1], in[3]), OR(in[3], in[7])
    For 1: OR(in[3], in[6]), OR(in[4], in[7]), IMPL(in[1], in[0])
  Output bit 5: Ambiguous (1 candidates predict 0, 2 predict 1)
    For 0: INHIB(in[3], in[0])
    For 1: NOR(in[0], in[1]), NOT(in[0])
  Output bit 6: Ambiguous (1 candidates predict 0, 5 predict 1)
    For 0: INHIB(in[3], in[1])
    For 1: NOT(in[1]), NAND(in[0], in[1]), NAND(in[0], in[6])
  Output bit 7: All 2 candidates agree -> value = 1
    Best match: IMPL(in[2], in[0]) = 1

Step 2: No strong shift pattern detected.

Step 3: Resolve ambiguous bits using structural patterns.
  Bit 0: Resolved via pair/structure pattern -> value = 1
  Bit 2: Resolved via pair/structure pattern -> value = 1
  Bit 3: Resolved via pair/structure pattern -> value = 0

Step 4: Resolve remaining 4 ambiguous bit(s) by scoring all combinations.
  Ambiguous positions: [1, 4, 5, 6]
  Scoring considers: operation priors, complexity, template consistency, shift alignment.
  Bit 1 -> 1
  Bit 4 -> 1
  Bit 5 -> 1
  Bit 6 -> 1

Step 5: Combine all bits to form the output.
  bit0=1(ctx) | bit1=1(scored) | bit2=1(ctx) | bit3=0(ctx) | bit4=1(scored) | bit5=1(scored) | bit6=1(scored) | bit7=1(unambig)

The answer is 11101111.",Bit Manipulation,low,bf,4
8bca1334,"In Alice's Wonderland, a secret bit manipulation rule transforms 8-bit binary numbers. The transformation involves operations like bit shifts, rotations, XOR, AND, OR, NOT, and possibly majority or choice functions.

Here are some examples of input -> output:
00110110 -> 11111011
01100111 -> 10111111
10100111 -> 11000111
11010010 -> 10100101
00100011 -> 00010111
10010110 -> 00111111
11001111 -> 01011111
10101101 -> 11101010
01011000 -> 10111100

Now, determine the output for: 10101111",11100011,"I need to find the secret bit manipulation rule from the examples.

Given 9 examples:
  00110110 -> 11111011
  01100111 -> 10111111
  10100111 -> 11000111
  11010010 -> 10100101
  00100011 -> 00010111
  10010110 -> 00111111
  11001111 -> 01011111
  10101101 -> 11101010
  01011000 -> 10111100

Query: 10101111

Step 1: Analyze each output bit as an independent boolean function of input bits.

  Output bit 0: All 1 candidates agree -> value = 1
    Best match: XNOR(in[2], in[5]) = 1
  Output bit 1: All 1 candidates agree -> value = 1
    Best match: AND(XOR)(in[0], in[3], in[5]) = 1
  Output bit 2: All 1 candidates agree -> value = 1
    Best match: OR(XOR)(in[1], in[4], in[3]) = 1
  Output bit 3: All 1 candidates agree -> value = 0
    Best match: NAND(XNOR)(in[1], in[3], in[0]) = 0
  Output bit 4: All 1 candidates agree -> value = 0
    Best match: XOR3(in[1], in[6], in[7]) = 0
  Output bit 5: All 1 candidates agree -> value = 1
    Best match: XNOR(OR)(in[0], in[7], in[6]) = 1
  Output bit 6: All 6 candidates agree -> value = 1
    Best match: OR(in[2], in[5]) = 1
  Output bit 7: All 2 candidates agree -> value = 1
    Best match: ID(in[6]) = 1

Step 2: Identify structural patterns.
  Confirmed bit mappings: bit7<-in[6](shift=7)
  Dominant shift = 7 (weight 5)

Step 3: No additional bits resolved by context propagation.

Step 4: All bits resolved without brute-force.

Step 5: Combine all bits to form the output.
  bit0=1(unambig) | bit1=1(unambig) | bit2=1(unambig) | bit3=0(unambig) | bit4=0(unambig) | bit5=1(unambig) | bit6=1(unambig) | bit7=1(unambig)

The answer is 11100111.",Bit Manipulation,high,ctx,0
8c06fb6f,"In Alice's Wonderland, a secret bit manipulation rule transforms 8-bit binary numbers. The transformation involves operations like bit shifts, rotations, XOR, AND, OR, NOT, and possibly majority or choice functions.

Here are some examples of input -> output:
01001000 -> 11011110
01100111 -> 11111011
01111110 -> 00011111
01110110 -> 00111111
00010111 -> 00100111
01101010 -> 01011110
01110000 -> 00111110

Now, determine the output for: 00110011",10111111,"I need to find the secret bit manipulation rule from the examples.

Given 7 examples:
  01001000 -> 11011110
  01100111 -> 11111011
  01111110 -> 00011111
  01110110 -> 00111111
  00010111 -> 00100111
  01101010 -> 01011110
  01110000 -> 00111110

Query: 00110011

Step 1: Analyze each output bit as an independent boolean function of input bits.

  Output bit 0: All 1 candidates agree -> value = 1
    Best match: XNOR(in[2], in[7]) = 1
  Output bit 1: All 5 candidates agree -> value = 0
    Best match: XNOR(in[0], in[3]) = 0
  Output bit 2: All 6 candidates agree -> value = 1
    Best match: XNOR(in[0], in[4]) = 1
  Output bit 3: Ambiguous (9 candidates predict 0, 7 predict 1)
    For 0: ID(in[1]), XOR(in[0], in[1]), OR(in[0], in[1])
    For 1: OR(in[1], in[2]), OR(in[2], in[4]), IMPL(in[3], in[2])
  Output bit 4: Ambiguous (9 candidates predict 0, 7 predict 1)
    For 0: ID(in[1]), XOR(in[0], in[1]), OR(in[0], in[1])
    For 1: OR(in[1], in[2]), OR(in[2], in[4]), IMPL(in[3], in[2])
  Output bit 5: Ambiguous (1 candidates predict 0, 5 predict 1)
    For 0: NAND(in[2], in[7])
    For 1: XOR(in[1], in[7]), OR(in[3], in[4]), NAND(in[1], in[7])
  Output bit 6: Ambiguous (3 candidates predict 0, 23 predict 1)
    For 0: OR(in[1], in[5]), IMPL(in[2], in[1]), IMPL(in[7], in[5])
    For 1: OR(in[1], in[3]), OR(in[1], in[6]), OR(in[1], in[7])
  Output bit 7: Ambiguous (5 candidates predict 0, 2 predict 1)
    For 0: ID(in[5]), AND(in[5], in[6]), XOR(in[0], in[5])
    For 1: OR(in[5], in[7]), IMPL(in[1], in[5])

Step 2: Identify structural patterns.
  Confirmed bit mappings: bit1<-in[3](shift=2), bit2<-in[4](shift=2), bit6<-in[0](shift=2)
  Dominant shift = 2 (weight 11)

Step 3: Resolve ambiguous bits using structural patterns.
  Bit 6: Using shift=2, source = in[0] -> value = 1

Step 4: Resolve remaining 4 ambiguous bit(s) by scoring all combinations.
  Ambiguous positions: [3, 4, 5, 7]
  Scoring considers: operation priors, complexity, template consistency, shift alignment.
  Bit 3 -> 0
  Bit 4 -> 0
  Bit 5 -> 1
  Bit 7 -> 0

Step 5: Combine all bits to form the output.
  bit0=1(unambig) | bit1=0(unambig) | bit2=1(unambig) | bit3=0(scored) | bit4=0(scored) | bit5=1(scored) | bit6=1(ctx) | bit7=0(scored)

The answer is 10100110.",Bit Manipulation,low,bf,4
8dcbf9d4,"In Alice's Wonderland, a secret bit manipulation rule transforms 8-bit binary numbers. The transformation involves operations like bit shifts, rotations, XOR, AND, OR, NOT, and possibly majority or choice functions.

Here are some examples of input -> output:
11111100 -> 01000111
10010111 -> 00111111
10100100 -> 11101101
10000011 -> 00111000
10001011 -> 00101110
01000110 -> 01010001
00010110 -> 11011101
10100011 -> 01101000
10010010 -> 10110110

Now, determine the output for: 10010000",10110111,"I need to find the secret bit manipulation rule from the examples.

Given 9 examples:
  11111100 -> 01000111
  10010111 -> 00111111
  10100100 -> 11101101
  10000011 -> 00111000
  10001011 -> 00101110
  01000110 -> 01010001
  00010110 -> 11011101
  10100011 -> 01101000
  10010010 -> 10110110

Query: 10010000

Step 1: Analyze each output bit as an independent boolean function of input bits.

  Output bit 0: All 2 candidates agree -> value = 1
    Best match: XNOR(in[1], in[7]) = 1
  Output bit 1: All 2 candidates agree -> value = 0
    Best match: XNOR(in[0], in[2]) = 0
  Output bit 2: All 1 candidates agree -> value = 1
    Best match: INHIB(in[0], in[1]) = 1
  Output bit 3: All 1 candidates agree -> value = 1
    Best match: NOR(in[2], in[4]) = 1
  Output bit 4: All 1 candidates agree -> value = 1
    Best match: XOR3(in[3], in[5], in[6]) = 1
  Output bit 5: All 1 candidates agree -> value = 0
    Best match: XNOR(XOR)(in[3], in[4], in[6]) = 0
  Output bit 6: All 1 candidates agree -> value = 1
    Best match: MAJ(in[0], in[3], in[4]) = 1
  Output bit 7: Ambiguous (3 candidates predict 0, 1 predict 1)
    For 0: ID(in[5]), OR(in[1], in[5]), IMPL(in[0], in[5])
    For 1: IMPL(in[6], in[5])

Step 2: No strong shift pattern detected.

Step 3: No additional bits resolved by context propagation.

Step 4: Resolve remaining 1 ambiguous bit(s) by scoring all combinations.
  Ambiguous positions: [7]
  Scoring considers: operation priors, complexity, template consistency, shift alignment.
  Bit 7 -> 0

Step 5: Combine all bits to form the output.
  bit0=1(unambig) | bit1=0(unambig) | bit2=1(unambig) | bit3=1(unambig) | bit4=1(unambig) | bit5=0(unambig) | bit6=1(unambig) | bit7=0(scored)

The answer is 10111010.",Bit Manipulation,low,bf,1
8e7952cc,"In Alice's Wonderland, a secret bit manipulation rule transforms 8-bit binary numbers. The transformation involves operations like bit shifts, rotations, XOR, AND, OR, NOT, and possibly majority or choice functions.

Here are some examples of input -> output:
11100101 -> 10100010
00000100 -> 00000000
00111000 -> 00000000
11011101 -> 10100110
01001111 -> 10100010
10010101 -> 10000000
10000010 -> 01000000

Now, determine the output for: 10001001",00000100,"I need to find the secret bit manipulation rule from the examples.

Given 7 examples:
  11100101 -> 10100010
  00000100 -> 00000000
  00111000 -> 00000000
  11011101 -> 10100110
  01001111 -> 10100010
  10010101 -> 10000000
  10000010 -> 01000000

Query: 10001001

Step 1: Analyze each output bit as an independent boolean function of input bits.

  Output bit 0: Ambiguous (1 candidates predict 0, 3 predict 1)
    For 0: AND(in[5], in[7])
    For 1: ID(in[7]), XOR(in[0], in[6]), OR(in[1], in[7])
  Output bit 1: Ambiguous (7 candidates predict 0, 3 predict 1)
    For 0: AND(in[0], in[6]), NOR(in[4], in[5]), INHIB(in[0], in[7])
    For 1: NOR(in[2], in[5]), NOR(in[3], in[5]), INHIB(in[0], in[5])
  Output bit 2: Ambiguous (3 candidates predict 0, 1 predict 1)
    For 0: ID(in[1]), AND(in[1], in[5]), AND(in[1], in[7])
    For 1: XOR(in[2], in[4])
  Output bit 3: Ambiguous (5 candidates predict 0, 1 predict 1)
    For 0: AND(in[2], in[6]), AND(in[3], in[6]), INHIB(in[1], in[5])
    For 1: INHIB(in[7], in[5])
  Output bit 4: Ambiguous (5 candidates predict 0, 1 predict 1)
    For 0: AND(in[2], in[6]), AND(in[3], in[6]), INHIB(in[1], in[5])
    For 1: INHIB(in[7], in[5])
  Output bit 5: Ambiguous (1 candidates predict 0, 1 predict 1)
    For 0: AND(in[1], in[3])
    For 1: AND(in[0], in[4])
  Output bit 6: Ambiguous (3 candidates predict 0, 1 predict 1)
    For 0: ID(in[1]), AND(in[1], in[5]), AND(in[1], in[7])
    For 1: XOR(in[2], in[4])
  Output bit 7: Ambiguous (5 candidates predict 0, 1 predict 1)
    For 0: AND(in[2], in[6]), AND(in[3], in[6]), INHIB(in[1], in[5])
    For 1: INHIB(in[7], in[5])

Step 2: No strong shift pattern detected.

Step 3: No additional bits resolved by context propagation.

Step 4: Resolve remaining 8 ambiguous bit(s) by scoring all combinations.
  Ambiguous positions: [0, 1, 2, 3, 4, 5, 6, 7]
  Scoring considers: operation priors, complexity, template consistency, shift alignment.
  Bit 0 -> 1
  Bit 1 -> 0
  Bit 2 -> 0
  Bit 3 -> 0
  Bit 4 -> 0
  Bit 5 -> 1
  Bit 6 -> 0
  Bit 7 -> 0

Step 5: Combine all bits to form the output.
  bit0=1(scored) | bit1=0(scored) | bit2=0(scored) | bit3=0(scored) | bit4=0(scored) | bit5=1(scored) | bit6=0(scored) | bit7=0(scored)

The answer is 10000100.",Bit Manipulation,low,bf,8
8e99c51c,"In Alice's Wonderland, a secret bit manipulation rule transforms 8-bit binary numbers. The transformation involves operations like bit shifts, rotations, XOR, AND, OR, NOT, and possibly majority or choice functions.

Here are some examples of input -> output:
11001010 -> 00010001
11010000 -> 00000010
11000101 -> 10001010
01000100 -> 10001000
11001000 -> 00010001
00010000 -> 00000000
10101100 -> 00010000
10101000 -> 00010000
01100101 -> 10001000
11110010 -> 01000110

Now, determine the output for: 00111100",00000000,"I need to find the secret bit manipulation rule from the examples.

Given 10 examples:
  11001010 -> 00010001
  11010000 -> 00000010
  11000101 -> 10001010
  01000100 -> 10001000
  11001000 -> 00010001
  00010000 -> 00000000
  10101100 -> 00010000
  10101000 -> 00010000
  01100101 -> 10001000
  11110010 -> 01000110

Query: 00111100

Step 1: Analyze each output bit as an independent boolean function of input bits.

  Output bit 0: Ambiguous (3 candidates predict 0, 1 predict 1)
    For 0: AND(in[1], in[5]), NOR(in[3], in[4]), INHIB(in[5], in[4])
    For 1: XNOR(in[3], in[4])
  Output bit 1: Ambiguous (3 candidates predict 0, 1 predict 1)
    For 0: AND(in[2], in[6]), AND(in[3], in[6]), INHIB(in[6], in[4])
    For 1: AND(in[2], in[3])
  Output bit 2: Ambiguous (9 candidates predict 0, 3 predict 1)
    For 0: AND(in[3], in[7]), AND(in[4], in[7]), AND(in[5], in[6])
    For 1: AND(in[3], in[4]), AND(in[3], in[5]), INHIB(in[4], in[0])
  Output bit 3: Ambiguous (2 candidates predict 0, 2 predict 1)
    For 0: AND(in[0], in[4]), INHIB(in[4], in[3])
    For 1: ID(in[4]), INHIB(in[4], in[7])
  Output bit 4: Ambiguous (3 candidates predict 0, 1 predict 1)
    For 0: AND(in[1], in[5]), NOR(in[3], in[4]), INHIB(in[5], in[4])
    For 1: XNOR(in[3], in[4])
  Output bit 5: Ambiguous (3 candidates predict 0, 1 predict 1)
    For 0: AND(in[2], in[6]), AND(in[3], in[6]), INHIB(in[6], in[4])
    For 1: AND(in[2], in[3])
  Output bit 6: Ambiguous (1 candidates predict 0, 1 predict 1)
    For 0: INHIB(in[0], in[4])
    For 1: XOR(in[0], in[4])
  Output bit 7: All 2 candidates agree -> value = 0
    Best match: AND(in[1], in[4]) = 0

Step 2: No strong shift pattern detected.

Step 3: No additional bits resolved by context propagation.

Step 4: Resolve remaining 7 ambiguous bit(s) by scoring all combinations.
  Ambiguous positions: [0, 1, 2, 3, 4, 5, 6]
  Scoring considers: operation priors, complexity, template consistency, shift alignment.
  Bit 0 -> 0
  Bit 1 -> 0
  Bit 2 -> 0
  Bit 3 -> 1
  Bit 4 -> 0
  Bit 5 -> 0
  Bit 6 -> 1

Step 5: Combine all bits to form the output.
  bit0=0(scored) | bit1=0(scored) | bit2=0(scored) | bit3=1(scored) | bit4=0(scored) | bit5=0(scored) | bit6=1(scored) | bit7=0(unambig)

The answer is 00010010.",Bit Manipulation,low,bf,7
8fc1816e,"In Alice's Wonderland, a secret bit manipulation rule transforms 8-bit binary numbers. The transformation involves operations like bit shifts, rotations, XOR, AND, OR, NOT, and possibly majority or choice functions.

Here are some examples of input -> output:
01011010 -> 00101101
10001000 -> 01000100
00101001 -> 00010100
01100001 -> 00110000
00110010 -> 00011001
10010100 -> 01001010
10001110 -> 01000111

Now, determine the output for: 11000110",01100011,"I need to find the secret bit manipulation rule from the examples.

Given 7 examples:
  01011010 -> 00101101
  10001000 -> 01000100
  00101001 -> 00010100
  01100001 -> 00110000
  00110010 -> 00011001
  10010100 -> 01001010
  10001110 -> 01000111

Query: 11000110

Step 1: Check for whole-byte patterns.
  Mixed shift pattern detected.
  Rule: some output bits are shifted copies, rest use a uniform 2-input function.

Step 2: Apply the pattern to the query.
  11000110 -> 11100011

The answer is 11100011.",Bit Manipulation,high,w_mix,0
90f50354,"In Alice's Wonderland, a secret bit manipulation rule transforms 8-bit binary numbers. The transformation involves operations like bit shifts, rotations, XOR, AND, OR, NOT, and possibly majority or choice functions.

Here are some examples of input -> output:
10001100 -> 10001001
01010111 -> 00001101
10011011 -> 01010111
11100011 -> 10001110
01100111 -> 11010110
00001000 -> 11011011
01011010 -> 10111111
00011010 -> 10011011

Now, determine the output for: 11111001",11101011,"I need to find the secret bit manipulation rule from the examples.

Given 8 examples:
  10001100 -> 10001001
  01010111 -> 00001101
  10011011 -> 01010111
  11100011 -> 10001110
  01100111 -> 11010110
  00001000 -> 11011011
  01011010 -> 10111111
  00011010 -> 10011011

Query: 11111001

Step 1: Analyze each output bit as an independent boolean function of input bits.

  Output bit 0: Ambiguous (1 candidates predict 0, 2 predict 1)
    For 0: NAND(in[3], in[7])
    For 1: XNOR(in[2], in[7]), IMPL(in[7], in[2])
  Output bit 1: All 1 candidates agree -> value = 1
    Best match: XNOR(in[0], in[3]) = 1
  Output bit 2: Ambiguous (1 candidates predict 0, 2 predict 1)
    For 0: INHIB(in[1], in[7])
    For 1: AND(in[1], in[4]), XNOR(in[1], in[4])
  Output bit 3: All 1 candidates agree -> value = 0
    Best match: XNOR(in[2], in[5]) = 0
  Output bit 4: All 1 candidates agree -> value = 1
    Best match: NAND(XOR)(in[0], in[2], in[6]) = 1
  Output bit 5: All 1 candidates agree -> value = 1
    Best match: OR(in[1], in[7]) = 1
  Output bit 6: All 1 candidates agree -> value = 1
    Best match: IMPL(in[5], in[2]) = 1
  Output bit 7: Ambiguous (4 candidates predict 0, 7 predict 1)
    For 0: XNOR(in[3], in[6]), NOT(in[2]), NAND(in[1], in[2])
    For 1: OR(in[3], in[4]), NAND(in[2], in[6]), IMPL(in[1], in[3])

Step 2: No strong shift pattern detected.

Step 3: Resolve ambiguous bits using structural patterns.
  Bit 0: Resolved via pair/structure pattern -> value = 1
  Bit 2: Resolved via pair/structure pattern -> value = 1

Step 4: Resolve remaining 1 ambiguous bit(s) by scoring all combinations.
  Ambiguous positions: [7]
  Scoring considers: operation priors, complexity, template consistency, shift alignment.
  Bit 7 -> 1

Step 5: Combine all bits to form the output.
  bit0=1(ctx) | bit1=1(unambig) | bit2=1(ctx) | bit3=0(unambig) | bit4=1(unambig) | bit5=1(unambig) | bit6=1(unambig) | bit7=1(scored)

The answer is 11101111.",Bit Manipulation,low,bf,1
91c9c95f,"In Alice's Wonderland, a secret bit manipulation rule transforms 8-bit binary numbers. The transformation involves operations like bit shifts, rotations, XOR, AND, OR, NOT, and possibly majority or choice functions.

Here are some examples of input -> output:
11010110 -> 00001011
00100010 -> 00000000
11011001 -> 00100011
00010110 -> 00001000
00110010 -> 01000000
01110101 -> 11000001
10011000 -> 00100010

Now, determine the output for: 10101100",00010010,"I need to find the secret bit manipulation rule from the examples.

Given 7 examples:
  11010110 -> 00001011
  00100010 -> 00000000
  11011001 -> 00100011
  00010110 -> 00001000
  00110010 -> 01000000
  01110101 -> 11000001
  10011000 -> 00100010

Query: 10101100

Step 1: Check for whole-byte patterns.
  Mixed shift pattern detected.
  Rule: some output bits are shifted copies, rest use a uniform 2-input function.

Step 2: Apply the pattern to the query.
  10101100 -> 00110010

The answer is 00110010.",Bit Manipulation,high,w_mix,0
9238e8d6,"In Alice's Wonderland, a secret bit manipulation rule transforms 8-bit binary numbers. The transformation involves operations like bit shifts, rotations, XOR, AND, OR, NOT, and possibly majority or choice functions.

Here are some examples of input -> output:
00000001 -> 00010000
00101111 -> 01110010
11101010 -> 10101110
01010010 -> 00100101
00000100 -> 01000000
01000111 -> 01110100
01101100 -> 11000110

Now, determine the output for: 10101110",11101010,"I need to find the secret bit manipulation rule from the examples.

Given 7 examples:
  00000001 -> 00010000
  00101111 -> 01110010
  11101010 -> 10101110
  01010010 -> 00100101
  00000100 -> 01000000
  01000111 -> 01110100
  01101100 -> 11000110

Query: 10101110

Step 1: Check for whole-byte patterns.
  Mixed shift pattern detected.
  Rule: some output bits are shifted copies, rest use a uniform 2-input function.

Step 2: Apply the pattern to the query.
  10101110 -> 01101010

The answer is 01101010.",Bit Manipulation,high,w_mix,0
923b3059,"In Alice's Wonderland, a secret bit manipulation rule transforms 8-bit binary numbers. The transformation involves operations like bit shifts, rotations, XOR, AND, OR, NOT, and possibly majority or choice functions.

Here are some examples of input -> output:
10010100 -> 01000010
00000000 -> 00000000
00000110 -> 00000011
10001000 -> 01000100
10000101 -> 11000000
11101001 -> 00100110
10110111 -> 10010101
01111101 -> 00000110
01010101 -> 00000010

Now, determine the output for: 00111111",10000001,"I need to find the secret bit manipulation rule from the examples.

Given 9 examples:
  10010100 -> 01000010
  00000000 -> 00000000
  00000110 -> 00000011
  10001000 -> 01000100
  10000101 -> 11000000
  11101001 -> 00100110
  10110111 -> 10010101
  01111101 -> 00000110
  01010101 -> 00000010

Query: 00111111

Step 1: Analyze each output bit as an independent boolean function of input bits.

  Output bit 0: All 2 candidates agree -> value = 1
    Best match: XOR(in[1], in[7]) = 1
  Output bit 1: All 1 candidates agree -> value = 0
    Best match: INHIB(in[0], in[2]) = 0
  Output bit 2: All 6 candidates agree -> value = 0
    Best match: AND(in[0], in[1]) = 0
  Output bit 3: Ambiguous (2 candidates predict 0, 4 predict 1)
    For 0: AND(in[0], in[6]), INHIB(in[2], in[4])
    For 1: AND(in[2], in[6]), AND(in[3], in[6]), AND(in[6], in[7])
  Output bit 4: Ambiguous (6 candidates predict 0, 1 predict 1)
    For 0: AND(in[1], in[6]), INHIB(in[1], in[7]), INHIB(in[2], in[7])
    For 1: AND(in[4], in[6])
  Output bit 5: All 1 candidates agree -> value = 1
    Best match: OR(in[2], in[4]) = 1
  Output bit 6: All 1 candidates agree -> value = 1
    Best match: XOR(AND)(in[0], in[7], in[5]) = 1
  Output bit 7: Ambiguous (1 candidates predict 0, 3 predict 1)
    For 0: INHIB(in[6], in[4])
    For 1: ID(in[6]), AND(in[5], in[6]), INHIB(in[6], in[1])

Step 2: No strong shift pattern detected.

Step 3: Resolve ambiguous bits using structural patterns.
  Bit 3: Resolved via pair/structure pattern -> value = 0
  Bit 4: Resolved via pair/structure pattern -> value = 0

Step 4: Resolve remaining 1 ambiguous bit(s) by scoring all combinations.
  Ambiguous positions: [7]
  Scoring considers: operation priors, complexity, template consistency, shift alignment.
  Bit 7 -> 1

Step 5: Combine all bits to form the output.
  bit0=1(unambig) | bit1=0(unambig) | bit2=0(unambig) | bit3=0(ctx) | bit4=0(ctx) | bit5=1(unambig) | bit6=1(unambig) | bit7=1(scored)

The answer is 10000111.",Bit Manipulation,low,bf,1
92b8f52a,"In Alice's Wonderland, a secret bit manipulation rule transforms 8-bit binary numbers. The transformation involves operations like bit shifts, rotations, XOR, AND, OR, NOT, and possibly majority or choice functions.

Here are some examples of input -> output:
00111101 -> 00011110
01100110 -> 00001100
11010010 -> 00101000
01010111 -> 10101010
11100000 -> 01010000
00110101 -> 00001010
10101111 -> 01010111
11101000 -> 01010100

Now, determine the output for: 10100110",01010100,"I need to find the secret bit manipulation rule from the examples.

Given 8 examples:
  00111101 -> 00011110
  01100110 -> 00001100
  11010010 -> 00101000
  01010111 -> 10101010
  11100000 -> 01010000
  00110101 -> 00001010
  10101111 -> 01010111
  11101000 -> 01010100

Query: 10100110

Step 1: Analyze each output bit as an independent boolean function of input bits.

  Output bit 0: Ambiguous (4 candidates predict 0, 1 predict 1)
    For 0: AND(in[1], in[7]), NOR(in[0], in[2]), INHIB(in[5], in[2])
    For 1: XNOR(in[1], in[7])
  Output bit 1: All 3 candidates agree -> value = 1
    Best match: AND(in[0], in[2]) = 1
  Output bit 2: All 7 candidates agree -> value = 0
    Best match: AND(in[1], in[3]) = 0
  Output bit 3: All 2 candidates agree -> value = 1
    Best match: MAJ(in[0], in[2], in[4]) = 1
  Output bit 4: All 3 candidates agree -> value = 0
    Best match: XNOR(in[1], in[6]) = 0
  Output bit 5: All 2 candidates agree -> value = 1
    Best match: MAJ(in[2], in[4], in[6]) = 1
  Output bit 6: Ambiguous (2 candidates predict 0, 1 predict 1)
    For 0: ID(in[7]), AND(in[5], in[7])
    For 1: IMPL(in[1], in[7])
  Output bit 7: Ambiguous (3 candidates predict 0, 5 predict 1)
    For 0: AND(in[0], in[7]), AND(in[4], in[6]), INHIB(in[7], in[3])
    For 1: AND(in[0], in[5]), XNOR(in[0], in[5]), NOR(in[1], in[3])

Step 2: Identify structural patterns.
  Confirmed bit mappings: bit2<-in[2](shift=0)
  Dominant shift = 0 (weight 5)

Step 3: Resolve ambiguous bits using structural patterns.
  Bit 0: Resolved via pair/structure pattern -> value = 0
  Bit 6: Resolved via pair/structure pattern -> value = 0

Step 4: Resolve remaining 1 ambiguous bit(s) by scoring all combinations.
  Ambiguous positions: [7]
  Scoring considers: operation priors, complexity, template consistency, shift alignment.
  Bit 7 -> 1

Step 5: Combine all bits to form the output.
  bit0=0(ctx) | bit1=1(unambig) | bit2=0(unambig) | bit3=1(unambig) | bit4=0(unambig) | bit5=1(unambig) | bit6=0(ctx) | bit7=1(scored)

The answer is 01010101.",Bit Manipulation,low,bf,1
936c3c1e,"In Alice's Wonderland, a secret bit manipulation rule transforms 8-bit binary numbers. The transformation involves operations like bit shifts, rotations, XOR, AND, OR, NOT, and possibly majority or choice functions.

Here are some examples of input -> output:
10110100 -> 10000000
01101110 -> 10000000
01100111 -> 10000000
10100110 -> 10000000
01001100 -> 00000000
01111111 -> 11100000
00111101 -> 10100000
11110011 -> 01000000

Now, determine the output for: 11001010",00000000,"I need to find the secret bit manipulation rule from the examples.

Given 8 examples:
  10110100 -> 10000000
  01101110 -> 10000000
  01100111 -> 10000000
  10100110 -> 10000000
  01001100 -> 00000000
  01111111 -> 11100000
  00111101 -> 10100000
  11110011 -> 01000000

Query: 11001010

Step 1: Analyze each output bit as an independent boolean function of input bits.

  Output bit 0: Ambiguous (1 candidates predict 0, 1 predict 1)
    For 0: AND(in[2], in[5])
    For 1: XNOR(in[2], in[5])
  Output bit 1: All 2 candidates agree -> value = 0
    Best match: AND(in[1], in[3]) = 0
  Output bit 2: All 3 candidates agree -> value = 0
    Best match: AND(in[3], in[4]) = 0
  Output bit 3: Ambiguous (8 candidates predict 0, 7 predict 1)
    For 0: NOR(in[0], in[5]), NOR(in[1], in[2]), NOR(in[1], in[5])
    For 1: AND(in[0], in[4]), NOR(in[2], in[5]), NOR(in[3], in[5])
  Output bit 4: Ambiguous (8 candidates predict 0, 7 predict 1)
    For 0: NOR(in[0], in[5]), NOR(in[1], in[2]), NOR(in[1], in[5])
    For 1: AND(in[0], in[4]), NOR(in[2], in[5]), NOR(in[3], in[5])
  Output bit 5: Ambiguous (8 candidates predict 0, 7 predict 1)
    For 0: NOR(in[0], in[5]), NOR(in[1], in[2]), NOR(in[1], in[5])
    For 1: AND(in[0], in[4]), NOR(in[2], in[5]), NOR(in[3], in[5])
  Output bit 6: Ambiguous (8 candidates predict 0, 7 predict 1)
    For 0: NOR(in[0], in[5]), NOR(in[1], in[2]), NOR(in[1], in[5])
    For 1: AND(in[0], in[4]), NOR(in[2], in[5]), NOR(in[3], in[5])
  Output bit 7: Ambiguous (8 candidates predict 0, 7 predict 1)
    For 0: NOR(in[0], in[5]), NOR(in[1], in[2]), NOR(in[1], in[5])
    For 1: AND(in[0], in[4]), NOR(in[2], in[5]), NOR(in[3], in[5])

Step 2: No strong shift pattern detected.

Step 3: Resolve ambiguous bits using structural patterns.
  Bit 0: Resolved via pair/structure pattern -> value = 0

Step 4: Resolve remaining 5 ambiguous bit(s) by scoring all combinations.
  Ambiguous positions: [3, 4, 5, 6, 7]
  Scoring considers: operation priors, complexity, template consistency, shift alignment.
  Bit 3 -> 1
  Bit 4 -> 1
  Bit 5 -> 1
  Bit 6 -> 1
  Bit 7 -> 1

Step 5: Combine all bits to form the output.
  bit0=0(ctx) | bit1=0(unambig) | bit2=0(unambig) | bit3=1(scored) | bit4=1(scored) | bit5=1(scored) | bit6=1(scored) | bit7=1(scored)

The answer is 00011111.",Bit Manipulation,low,bf,5
939273d7,"In Alice's Wonderland, a secret bit manipulation rule transforms 8-bit binary numbers. The transformation involves operations like bit shifts, rotations, XOR, AND, OR, NOT, and possibly majority or choice functions.

Here are some examples of input -> output:
11100011 -> 10110111
11010011 -> 10110111
01100000 -> 11110011
11001100 -> 10100110
00100110 -> 01011011
11000111 -> 01110111
10011111 -> 11111100
11001110 -> 11000110

Now, determine the output for: 01001111",11100110,"I need to find the secret bit manipulation rule from the examples.

Given 8 examples:
  11100011 -> 10110111
  11010011 -> 10110111
  01100000 -> 11110011
  11001100 -> 10100110
  00100110 -> 01011011
  11000111 -> 01110111
  10011111 -> 11111100
  11001110 -> 11000110

Query: 01001111

Step 1: Analyze each output bit as an independent boolean function of input bits.

  Output bit 0: All 2 candidates agree -> value = 1
    Best match: XNOR(in[4], in[5]) = 1
  Output bit 1: All 1 candidates agree -> value = 1
    Best match: XNOR(in[5], in[6]) = 1
  Output bit 2: All 2 candidates agree -> value = 1
    Best match: XNOR(in[6], in[7]) = 1
  Output bit 3: Ambiguous (3 candidates predict 0, 3 predict 1)
    For 0: XNOR(in[0], in[7]), NAND(in[1], in[4]), IMPL(in[4], in[3])
    For 1: OR(in[2], in[7]), IMPL(in[0], in[7]), IMPL(in[4], in[7])
  Output bit 4: All 3 candidates agree -> value = 0
    Best match: NOT(in[1]) = 0
  Output bit 5: Ambiguous (2 candidates predict 0, 5 predict 1)
    For 0: ID(in[0]), OR(in[0], in[3])
    For 1: OR(in[0], in[4]), OR(in[0], in[7]), OR(in[4], in[7])
  Output bit 6: Ambiguous (1 candidates predict 0, 7 predict 1)
    For 0: NAND(in[4], in[7])
    For 1: OR(in[1], in[2]), NAND(in[3], in[4]), NAND(in[3], in[5])
  Output bit 7: Ambiguous (3 candidates predict 0, 1 predict 1)
    For 0: NOT(in[4]), NAND(in[4], in[5]), IMPL(in[4], in[2])
    For 1: NAND(in[0], in[4])

Step 2: Identify structural patterns.
  Confirmed bit mappings: bit4<-in[1](shift=5), bit7<-in[4](shift=5)
  Dominant shift = 5 (weight 6)

Step 3: Resolve ambiguous bits using structural patterns.
  Bit 3: Resolved via pair/structure pattern -> value = 0
  Bit 7: Using shift=5, source = in[4] -> value = 0

Step 4: Resolve remaining 2 ambiguous bit(s) by scoring all combinations.
  Ambiguous positions: [5, 6]
  Scoring considers: operation priors, complexity, template consistency, shift alignment.
  Bit 5 -> 0
  Bit 6 -> 1

Step 5: Combine all bits to form the output.
  bit0=1(unambig) | bit1=1(unambig) | bit2=1(unambig) | bit3=0(ctx) | bit4=0(unambig) | bit5=0(scored) | bit6=1(scored) | bit7=0(ctx)

The answer is 11100010.",Bit Manipulation,low,bf,2
942ddd73,"In Alice's Wonderland, a secret bit manipulation rule transforms 8-bit binary numbers. The transformation involves operations like bit shifts, rotations, XOR, AND, OR, NOT, and possibly majority or choice functions.

Here are some examples of input -> output:
10101101 -> 01011010
00000101 -> 00000000
00001000 -> 00000000
11100101 -> 01001010
00000110 -> 00000000
11101111 -> 11011110
00000111 -> 00000000
11101101 -> 11011010
10100110 -> 01001010

Now, determine the output for: 11110001",00000011,"I need to find the secret bit manipulation rule from the examples.

Given 9 examples:
  10101101 -> 01011010
  00000101 -> 00000000
  00001000 -> 00000000
  11100101 -> 01001010
  00000110 -> 00000000
  11101111 -> 11011110
  00000111 -> 00000000
  11101101 -> 11011010
  10100110 -> 01001010

Query: 11110001

Step 1: Check for whole-byte patterns.
  Mixed shift pattern detected.
  Rule: some output bits are shifted copies, rest use a uniform 2-input function.

Step 2: Apply the pattern to the query.
  11110001 -> 00001011

The answer is 00001011.",Bit Manipulation,high,w_mix,0
95771a39,"In Alice's Wonderland, a secret bit manipulation rule transforms 8-bit binary numbers. The transformation involves operations like bit shifts, rotations, XOR, AND, OR, NOT, and possibly majority or choice functions.

Here are some examples of input -> output:
00101100 -> 00010011
00111000 -> 00011110
11000010 -> 00110000
11111100 -> 01111111
00010011 -> 11000000
00011000 -> 00000110
11110110 -> 01111001
11001010 -> 00100110

Now, determine the output for: 10010000",00000100,"I need to find the secret bit manipulation rule from the examples.

Given 8 examples:
  00101100 -> 00010011
  00111000 -> 00011110
  11000010 -> 00110000
  11111100 -> 01111111
  00010011 -> 11000000
  00011000 -> 00000110
  11110110 -> 01111001
  11001010 -> 00100110

Query: 10010000

Step 1: Analyze each output bit as an independent boolean function of input bits.

  Output bit 0: Ambiguous (11 candidates predict 0, 1 predict 1)
    For 0: ID(in[7]), AND(in[3], in[7]), AND(in[6], in[7])
    For 1: NOR(in[1], in[4])
  Output bit 1: Ambiguous (13 candidates predict 0, 3 predict 1)
    For 0: MAJ(in[1], in[3], in[7]), MAJ(in[3], in[5], in[6]), MAJ(in[3], in[5], in[7])
    For 1: MAJ(in[0], in[3], in[7]), CH(in[0], in[3], in[6]), CH(in[0], in[3], in[7])
  Output bit 2: Ambiguous (4 candidates predict 0, 3 predict 1)
    For 0: ID(in[1]), AND(in[0], in[1]), XNOR(in[3], in[5])
    For 1: ID(in[0]), OR(in[0], in[1]), INHIB(in[0], in[7])
  Output bit 3: All 1 candidates agree -> value = 0
    Best match: XNOR(OR)(in[3], in[4], in[2]) = 0
  Output bit 4: All 1 candidates agree -> value = 0
    Best match: AND(in[2], in[3]) = 0
  Output bit 5: All 1 candidates agree -> value = 0
    Best match: AND(OR)(in[0], in[3], in[4]) = 0
  Output bit 6: Ambiguous (2 candidates predict 0, 1 predict 1)
    For 0: ID(in[4]), INHIB(in[4], in[7])
    For 1: IMPL(in[6], in[4])
  Output bit 7: Ambiguous (4 candidates predict 0, 1 predict 1)
    For 0: ID(in[5]), AND(in[2], in[5]), XNOR(in[1], in[3])
    For 1: XNOR(in[0], in[3])

Step 2: No strong shift pattern detected.

Step 3: No additional bits resolved by context propagation.

Step 4: Resolve remaining 5 ambiguous bit(s) by scoring all combinations.
  Ambiguous positions: [0, 1, 2, 6, 7]
  Scoring considers: operation priors, complexity, template consistency, shift alignment.
  Bit 0 -> 0
  Bit 1 -> 0
  Bit 2 -> 1
  Bit 6 -> 0
  Bit 7 -> 0

Step 5: Combine all bits to form the output.
  bit0=0(scored) | bit1=0(scored) | bit2=1(scored) | bit3=0(unambig) | bit4=0(unambig) | bit5=0(unambig) | bit6=0(scored) | bit7=0(scored)

The answer is 00100000.",Bit Manipulation,low,bf,5
97f45beb,"In Alice's Wonderland, a secret bit manipulation rule transforms 8-bit binary numbers. The transformation involves operations like bit shifts, rotations, XOR, AND, OR, NOT, and possibly majority or choice functions.

Here are some examples of input -> output:
01011101 -> 10011111
10110001 -> 01011010
01011001 -> 00111101
11110000 -> 01111000
01110001 -> 01111100
10101011 -> 10010111
11101001 -> 11110100
01100101 -> 01010110

Now, determine the output for: 01111111",11011111,"I need to find the secret bit manipulation rule from the examples.

Given 8 examples:
  01011101 -> 10011111
  10110001 -> 01011010
  01011001 -> 00111101
  11110000 -> 01111000
  01110001 -> 01111100
  10101011 -> 10010111
  11101001 -> 11110100
  01100101 -> 01010110

Query: 01111111

Step 1: Analyze each output bit as an independent boolean function of input bits.

  Output bit 0: All 1 candidates agree -> value = 1
    Best match: XNOR(in[3], in[5]) = 1
  Output bit 1: All 2 candidates agree -> value = 0
    Best match: XOR(in[2], in[6]) = 0
  Output bit 2: All 2 candidates agree -> value = 0
    Best match: XOR(in[1], in[5]) = 0
  Output bit 3: Ambiguous (4 candidates predict 0, 17 predict 1)
    For 0: NAND(in[1], in[6]), NAND(in[3], in[6]), NAND(in[5], in[6])
    For 1: OR(in[0], in[1]), OR(in[0], in[7]), OR(in[1], in[2])
  Output bit 4: Ambiguous (1 candidates predict 0, 3 predict 1)
    For 0: INHIB(in[3], in[6])
    For 1: ID(in[3]), IMPL(in[2], in[3]), IMPL(in[7], in[3])
  Output bit 5: All 2 candidates agree -> value = 1
    Best match: NAND(in[0], in[3]) = 1
  Output bit 6: All 2 candidates agree -> value = 1
    Best match: XNOR(in[1], in[5]) = 1
  Output bit 7: All 2 candidates agree -> value = 1
    Best match: XNOR(in[2], in[6]) = 1

Step 2: No strong shift pattern detected.

Step 3: Resolve ambiguous bits using structural patterns.
  Bit 3: Resolved via pair/structure pattern -> value = 1
  Bit 4: Resolved via pair/structure pattern -> value = 1

Step 4: All bits resolved without brute-force.

Step 5: Combine all bits to form the output.
  bit0=1(unambig) | bit1=0(unambig) | bit2=0(unambig) | bit3=1(ctx) | bit4=1(ctx) | bit5=1(unambig) | bit6=1(unambig) | bit7=1(unambig)

The answer is 10011111.",Bit Manipulation,high,ctx,0
9b1761fb,"In Alice's Wonderland, a secret bit manipulation rule transforms 8-bit binary numbers. The transformation involves operations like bit shifts, rotations, XOR, AND, OR, NOT, and possibly majority or choice functions.

Here are some examples of input -> output:
00101000 -> 00000000
00011000 -> 00000000
10001011 -> 00000000
11010101 -> 10000000
10100111 -> 00000000
11110010 -> 00000000
10100101 -> 00000000
00000101 -> 00000000
01010000 -> 00000000
11110111 -> 10000000

Now, determine the output for: 10011011",10000000,"I need to find the secret bit manipulation rule from the examples.

Given 10 examples:
  00101000 -> 00000000
  00011000 -> 00000000
  10001011 -> 00000000
  11010101 -> 10000000
  10100111 -> 00000000
  11110010 -> 00000000
  10100101 -> 00000000
  00000101 -> 00000000
  01010000 -> 00000000
  11110111 -> 10000000

Query: 10011011

Step 1: Analyze each output bit as an independent boolean function of input bits.

  Output bit 0: Ambiguous (3 candidates predict 0, 1 predict 1)
    For 0: AND(in[1], in[5]), AND(in[1], in[7]), AND(in[3], in[5])
    For 1: AND(in[3], in[7])
  Output bit 1: All 6 candidates agree -> value = 0
    Best match: AND(in[1], in[4]) = 0
  Output bit 2: All 6 candidates agree -> value = 0
    Best match: AND(in[1], in[4]) = 0
  Output bit 3: All 6 candidates agree -> value = 0
    Best match: AND(in[1], in[4]) = 0
  Output bit 4: All 6 candidates agree -> value = 0
    Best match: AND(in[1], in[4]) = 0
  Output bit 5: All 6 candidates agree -> value = 0
    Best match: AND(in[1], in[4]) = 0
  Output bit 6: All 6 candidates agree -> value = 0
    Best match: AND(in[1], in[4]) = 0
  Output bit 7: All 6 candidates agree -> value = 0
    Best match: AND(in[1], in[4]) = 0

Step 2: No strong shift pattern detected.

Step 3: No additional bits resolved by context propagation.

Step 4: Resolve remaining 1 ambiguous bit(s) by scoring all combinations.
  Ambiguous positions: [0]
  Scoring considers: operation priors, complexity, template consistency, shift alignment.
  Bit 0 -> 0

Step 5: Combine all bits to form the output.
  bit0=0(scored) | bit1=0(unambig) | bit2=0(unambig) | bit3=0(unambig) | bit4=0(unambig) | bit5=0(unambig) | bit6=0(unambig) | bit7=0(unambig)

The answer is 00000000.",Bit Manipulation,low,bf,1
9bbca089,"In Alice's Wonderland, a secret bit manipulation rule transforms 8-bit binary numbers. The transformation involves operations like bit shifts, rotations, XOR, AND, OR, NOT, and possibly majority or choice functions.

Here are some examples of input -> output:
01111101 -> 00001111
01101010 -> 00100110
01110101 -> 00011111
01101011 -> 00100100
11011010 -> 00011001
10001101 -> 11010000
10101011 -> 10111100
00001100 -> 11000000
01100110 -> 00101110
10011100 -> 11010001

Now, determine the output for: 00001001",10000000,"I need to find the secret bit manipulation rule from the examples.

Given 10 examples:
  01111101 -> 00001111
  01101010 -> 00100110
  01110101 -> 00011111
  01101011 -> 00100100
  11011010 -> 00011001
  10001101 -> 11010000
  10101011 -> 10111100
  00001100 -> 11000000
  01100110 -> 00101110
  10011100 -> 11010001

Query: 00001001

Step 1: Analyze each output bit as an independent boolean function of input bits.

  Output bit 0: All 2 candidates agree -> value = 1
    Best match: NOT(in[1]) = 1
  Output bit 1: Ambiguous (2 candidates predict 0, 3 predict 1)
    For 0: INHIB(in[5], in[1]), INHIB(in[5], in[2])
    For 1: NOR(in[1], in[2]), NOR(in[1], in[6]), NOR(in[2], in[6])
  Output bit 2: All 3 candidates agree -> value = 0
    Best match: AND(in[2], in[6]) = 0
  Output bit 3: All 1 candidates agree -> value = 0
    Best match: XNOR(OR)(in[4], in[6], in[0]) = 0
  Output bit 4: All 1 candidates agree -> value = 1
    Best match: XNOR(AND)(in[1], in[2], in[5]) = 1
  Output bit 5: All 2 candidates agree -> value = 0
    Best match: ID(in[2]) = 0
  Output bit 6: All 1 candidates agree -> value = 0
    Best match: AND(XNOR)(in[3], in[7], in[1]) = 0
  Output bit 7: All 1 candidates agree -> value = 0
    Best match: ID(in[3]) = 0

Step 2: Identify structural patterns.
  Confirmed bit mappings: bit0<-in[1](shift=1), bit5<-in[2](shift=5), bit7<-in[3](shift=4)
  Dominant shift = 1 (weight 5)

Step 3: Resolve ambiguous bits using structural patterns.
  Bit 1: Resolved via pair/structure pattern -> value = 0

Step 4: All bits resolved without brute-force.

Step 5: Combine all bits to form the output.
  bit0=1(unambig) | bit1=0(ctx) | bit2=0(unambig) | bit3=0(unambig) | bit4=1(unambig) | bit5=0(unambig) | bit6=0(unambig) | bit7=0(unambig)

The answer is 10001000.",Bit Manipulation,high,ctx,0
9cfc388d,"In Alice's Wonderland, a secret bit manipulation rule transforms 8-bit binary numbers. The transformation involves operations like bit shifts, rotations, XOR, AND, OR, NOT, and possibly majority or choice functions.

Here are some examples of input -> output:
10000110 -> 00000010
00110001 -> 00000000
11101101 -> 10010011
11011010 -> 00100011
00110000 -> 00000000
01001011 -> 00100001
00011000 -> 00000000

Now, determine the output for: 10111010",10100010,"I need to find the secret bit manipulation rule from the examples.

Given 7 examples:
  10000110 -> 00000010
  00110001 -> 00000000
  11101101 -> 10010011
  11011010 -> 00100011
  00110000 -> 00000000
  01001011 -> 00100001
  00011000 -> 00000000

Query: 10111010

Step 1: Analyze each output bit as an independent boolean function of input bits.

  Output bit 0: Ambiguous (11 candidates predict 0, 2 predict 1)
    For 0: AND(in[0], in[7]), AND(in[1], in[2]), AND(in[1], in[5])
    For 1: AND(in[0], in[2]), AND(in[2], in[4])
  Output bit 1: Ambiguous (4 candidates predict 0, 1 predict 1)
    For 0: AND(in[3], in[5]), INHIB(in[1], in[4]), INHIB(in[5], in[0])
    For 1: AND(in[2], in[6])
  Output bit 2: Ambiguous (3 candidates predict 0, 3 predict 1)
    For 0: AND(in[1], in[6]), INHIB(in[1], in[2]), INHIB(in[1], in[5])
    For 1: AND(in[4], in[6]), XNOR(in[0], in[3]), INHIB(in[6], in[5])
  Output bit 3: Ambiguous (11 candidates predict 0, 2 predict 1)
    For 0: AND(in[0], in[7]), AND(in[1], in[2]), AND(in[1], in[5])
    For 1: AND(in[0], in[2]), AND(in[2], in[4])
  Output bit 4: Ambiguous (4 candidates predict 0, 1 predict 1)
    For 0: AND(in[3], in[5]), INHIB(in[1], in[4]), INHIB(in[5], in[0])
    For 1: AND(in[2], in[6])
  Output bit 5: Ambiguous (4 candidates predict 0, 1 predict 1)
    For 0: AND(in[3], in[5]), INHIB(in[1], in[4]), INHIB(in[5], in[0])
    For 1: AND(in[2], in[6])
  Output bit 6: All 2 candidates agree -> value = 1
    Best match: ID(in[0]) = 1
  Output bit 7: Ambiguous (2 candidates predict 0, 1 predict 1)
    For 0: ID(in[1]), AND(in[1], in[4])
    For 1: XOR(in[5], in[6])

Step 2: Identify structural patterns.
  Confirmed bit mappings: bit6<-in[0](shift=2), bit7<-in[1](shift=2)
  Dominant shift = 2 (weight 6)

Step 3: Resolve ambiguous bits using structural patterns.
  Bit 7: Using shift=2, source = in[1] -> value = 0

Step 4: Resolve remaining 6 ambiguous bit(s) by scoring all combinations.
  Ambiguous positions: [0, 1, 2, 3, 4, 5]
  Scoring considers: operation priors, complexity, template consistency, shift alignment.
  Bit 0 -> 0
  Bit 1 -> 0
  Bit 2 -> 1
  Bit 3 -> 0
  Bit 4 -> 0
  Bit 5 -> 0

Step 5: Combine all bits to form the output.
  bit0=0(scored) | bit1=0(scored) | bit2=1(scored) | bit3=0(scored) | bit4=0(scored) | bit5=0(scored) | bit6=1(unambig) | bit7=0(ctx)

The answer is 00100010.",Bit Manipulation,low,bf,6
9d09171e,"In Alice's Wonderland, a secret bit manipulation rule transforms 8-bit binary numbers. The transformation involves operations like bit shifts, rotations, XOR, AND, OR, NOT, and possibly majority or choice functions.

Here are some examples of input -> output:
11010110 -> 10011111
10100010 -> 11111010
10001000 -> 11101110
11111011 -> 01101111
10101011 -> 11001010
11000010 -> 00111110
00001101 -> 01000101

Now, determine the output for: 01100011",01011111,"I need to find the secret bit manipulation rule from the examples.

Given 7 examples:
  11010110 -> 10011111
  10100010 -> 11111010
  10001000 -> 11101110
  11111011 -> 01101111
  10101011 -> 11001010
  11000010 -> 00111110
  00001101 -> 01000101

Query: 01100011

Step 1: Analyze each output bit as an independent boolean function of input bits.

  Output bit 0: All 1 candidates agree -> value = 0
    Best match: XNOR(in[1], in[5]) = 0
  Output bit 1: Ambiguous (1 candidates predict 0, 5 predict 1)
    For 0: IMPL(in[1], in[4])
    For 1: OR(in[2], in[4]), XNOR(in[2], in[6]), IMPL(in[1], in[2])
  Output bit 2: All 1 candidates agree -> value = 0
    Best match: XNOR(in[3], in[7]) = 0
  Output bit 3: Ambiguous (3 candidates predict 0, 2 predict 1)
    For 0: NOR(in[4], in[7]), INHIB(in[0], in[4]), INHIB(in[6], in[7])
    For 1: NOT(in[4]), INHIB(in[6], in[4])
  Output bit 4: Ambiguous (3 candidates predict 0, 12 predict 1)
    For 0: ID(in[0]), OR(in[0], in[3]), IMPL(in[7], in[0])
    For 1: OR(in[0], in[1]), OR(in[0], in[2]), OR(in[0], in[6])
  Output bit 5: Ambiguous (1 candidates predict 0, 3 predict 1)
    For 0: IMPL(in[2], in[3])
    For 1: XNOR(in[1], in[6]), IMPL(in[2], in[1]), IMPL(in[6], in[1])
  Output bit 6: Ambiguous (3 candidates predict 0, 12 predict 1)
    For 0: ID(in[0]), OR(in[0], in[3]), IMPL(in[7], in[0])
    For 1: OR(in[0], in[1]), OR(in[0], in[2]), OR(in[0], in[6])
  Output bit 7: Ambiguous (1 candidates predict 0, 2 predict 1)
    For 0: OR(in[3], in[5])
    For 1: XNOR(in[0], in[3]), IMPL(in[0], in[3])

Step 2: No strong shift pattern detected.

Step 3: Resolve ambiguous bits using structural patterns.
  Bit 1: Resolved via pair/structure pattern -> value = 1

Step 4: Resolve remaining 5 ambiguous bit(s) by scoring all combinations.
  Ambiguous positions: [3, 4, 5, 6, 7]
  Scoring considers: operation priors, complexity, template consistency, shift alignment.
  Bit 3 -> 1
  Bit 4 -> 0
  Bit 5 -> 1
  Bit 6 -> 0
  Bit 7 -> 1

Step 5: Combine all bits to form the output.
  bit0=0(unambig) | bit1=1(ctx) | bit2=0(unambig) | bit3=1(scored) | bit4=0(scored) | bit5=1(scored) | bit6=0(scored) | bit7=1(scored)

The answer is 01010101.",Bit Manipulation,low,bf,5
9d964043,"In Alice's Wonderland, a secret bit manipulation rule transforms 8-bit binary numbers. The transformation involves operations like bit shifts, rotations, XOR, AND, OR, NOT, and possibly majority or choice functions.

Here are some examples of input -> output:
01000110 -> 10000100
10111111 -> 11001011
00011100 -> 00000001
10010000 -> 00001001
00010001 -> 01000001
01101100 -> 00000110
00000110 -> 10000000
11001111 -> 11001100

Now, determine the output for: 11110001",01001111,"I need to find the secret bit manipulation rule from the examples.

Given 8 examples:
  01000110 -> 10000100
  10111111 -> 11001011
  00011100 -> 00000001
  10010000 -> 00001001
  00010001 -> 01000001
  01101100 -> 00000110
  00000110 -> 10000000
  11001111 -> 11001100

Query: 11110001

Step 1: Analyze each output bit as an independent boolean function of input bits.

  Output bit 0: Ambiguous (2 candidates predict 0, 1 predict 1)
    For 0: ID(in[6]), AND(in[5], in[6])
    For 1: XNOR(in[2], in[3])
  Output bit 1: Ambiguous (1 candidates predict 0, 1 predict 1)
    For 0: XNOR(in[0], in[5])
    For 1: ID(in[7])
  Output bit 2: Ambiguous (4 candidates predict 0, 4 predict 1)
    For 0: NOR(in[3], in[5]), INHIB(in[4], in[5]), INHIB(in[6], in[5])
    For 1: AND(in[1], in[3]), INHIB(in[1], in[5]), INHIB(in[2], in[4])
  Output bit 3: Ambiguous (4 candidates predict 0, 4 predict 1)
    For 0: NOR(in[3], in[5]), INHIB(in[4], in[5]), INHIB(in[6], in[5])
    For 1: AND(in[1], in[3]), INHIB(in[1], in[5]), INHIB(in[2], in[4])
  Output bit 4: Ambiguous (1 candidates predict 0, 1 predict 1)
    For 0: XNOR(in[5], in[7])
    For 1: ID(in[0])
  Output bit 5: Ambiguous (2 candidates predict 0, 1 predict 1)
    For 0: AND(in[1], in[5]), INHIB(in[1], in[3])
    For 1: ID(in[1])
  Output bit 6: Ambiguous (3 candidates predict 0, 1 predict 1)
    For 0: AND(in[2], in[4]), AND(in[2], in[5]), XNOR(in[3], in[6])
    For 1: ID(in[2])
  Output bit 7: Ambiguous (2 candidates predict 0, 2 predict 1)
    For 0: XNOR(in[2], in[6]), INHIB(in[3], in[1])
    For 1: ID(in[3]), IMPL(in[5], in[3])

Step 2: No strong shift pattern detected.

Step 3: No additional bits resolved by context propagation.

Step 4: Resolve remaining 8 ambiguous bit(s) by scoring all combinations.
  Ambiguous positions: [0, 1, 2, 3, 4, 5, 6, 7]
  Scoring considers: operation priors, complexity, template consistency, shift alignment.
  Bit 0 -> 0
  Bit 1 -> 1
  Bit 2 -> 1
  Bit 3 -> 1
  Bit 4 -> 1
  Bit 5 -> 1
  Bit 6 -> 1
  Bit 7 -> 1

Step 5: Combine all bits to form the output.
  bit0=0(scored) | bit1=1(scored) | bit2=1(scored) | bit3=1(scored) | bit4=1(scored) | bit5=1(scored) | bit6=1(scored) | bit7=1(scored)

The answer is 01111111.",Bit Manipulation,low,bf,8
a0847120,"In Alice's Wonderland, a secret bit manipulation rule transforms 8-bit binary numbers. The transformation involves operations like bit shifts, rotations, XOR, AND, OR, NOT, and possibly majority or choice functions.

Here are some examples of input -> output:
11111111 -> 11000111
11010001 -> 00011110
01010111 -> 10010011
10010001 -> 10011100
11111001 -> 01001111
00110110 -> 00010011
11111101 -> 01000111
00010101 -> 10010101
10011000 -> 11001110

Now, determine the output for: 10111100",10000111,"I need to find the secret bit manipulation rule from the examples.

Given 9 examples:
  11111111 -> 11000111
  11010001 -> 00011110
  01010111 -> 10010011
  10010001 -> 10011100
  11111001 -> 01001111
  00110110 -> 00010011
  11111101 -> 01000111
  00010101 -> 10010101
  10011000 -> 11001110

Query: 10111100

Step 1: Analyze each output bit as an independent boolean function of input bits.

  Output bit 0: All 1 candidates agree -> value = 1
    Best match: XNOR(in[1], in[6]) = 1
  Output bit 1: Ambiguous (1 candidates predict 0, 5 predict 1)
    For 0: XNOR(in[2], in[7])
    For 1: ID(in[4]), AND(in[0], in[4]), AND(in[3], in[4])
  Output bit 2: All 20 candidates agree -> value = 0
    Best match: NOR(in[0], in[3]) = 0
  Output bit 3: Ambiguous (5 candidates predict 0, 1 predict 1)
    For 0: XOR(in[3], in[4]), NOT(in[4]), NAND(in[0], in[4])
    For 1: XOR(in[2], in[7])
  Output bit 4: All 6 candidates agree -> value = 0
    Best match: XOR(in[3], in[5]) = 0
  Output bit 5: All 2 candidates agree -> value = 1
    Best match: IMPL(in[6], in[0]) = 1
  Output bit 6: All 2 candidates agree -> value = 1
    Best match: XNOR(in[1], in[7]) = 1
  Output bit 7: All 2 candidates agree -> value = 1
    Best match: OR(in[2], in[5]) = 1

Step 2: Identify structural patterns.
  Confirmed bit mappings: bit2<-in[3](shift=1), bit3<-in[4](shift=1), bit4<-in[5](shift=1)
  Dominant shift = 1 (weight 11)

Step 3: Resolve ambiguous bits using structural patterns.
  Bit 3: Using shift=1, source = in[4] -> value = 0

Step 4: Resolve remaining 1 ambiguous bit(s) by scoring all combinations.
  Ambiguous positions: [1]
  Scoring considers: operation priors, complexity, template consistency, shift alignment.
  Bit 1 -> 1

Step 5: Combine all bits to form the output.
  bit0=1(unambig) | bit1=1(scored) | bit2=0(unambig) | bit3=0(ctx) | bit4=0(unambig) | bit5=1(unambig) | bit6=1(unambig) | bit7=1(unambig)

The answer is 11000111.",Bit Manipulation,low,bf,1
a0ffbfd2,"In Alice's Wonderland, a secret bit manipulation rule transforms 8-bit binary numbers. The transformation involves operations like bit shifts, rotations, XOR, AND, OR, NOT, and possibly majority or choice functions.

Here are some examples of input -> output:
11111000 -> 10111111
10101101 -> 01001111
01110100 -> 00011111
00010100 -> 00011111
11100101 -> 10001111
11010110 -> 00101111
00110110 -> 00101111
00000011 -> 11010111

Now, determine the output for: 01011101",11000111,"I need to find the secret bit manipulation rule from the examples.

Given 8 examples:
  11111000 -> 10111111
  10101101 -> 01001111
  01110100 -> 00011111
  00010100 -> 00011111
  11100101 -> 10001111
  11010110 -> 00101111
  00110110 -> 00101111
  00000011 -> 11010111

Query: 01011101

Step 1: Analyze each output bit as an independent boolean function of input bits.

  Output bit 0: Ambiguous (1 candidates predict 0, 1 predict 1)
    For 0: XOR(in[4], in[7])
    For 1: XNOR(in[3], in[4])
  Output bit 1: Ambiguous (2 candidates predict 0, 1 predict 1)
    For 0: NOR(in[1], in[3]), INHIB(in[7], in[1])
    For 1: XNOR(in[4], in[5])
  Output bit 2: All 1 candidates agree -> value = 0
    Best match: XNOR(in[5], in[6]) = 0
  Output bit 3: Ambiguous (1 candidates predict 0, 1 predict 1)
    For 0: XNOR(in[6], in[7])
    For 1: XOR(in[3], in[6])
  Output bit 4: Ambiguous (2 candidates predict 0, 11 predict 1)
    For 0: IMPL(in[7], in[0]), IMPL(in[7], in[2])
    For 1: OR(in[0], in[3]), OR(in[0], in[5]), OR(in[1], in[5])
  Output bit 5: Ambiguous (4 candidates predict 0, 3 predict 1)
    For 0: XOR(in[3], in[7]), NAND(in[3], in[7]), IMPL(in[4], in[0])
    For 1: OR(in[3], in[7]), NAND(in[4], in[6]), C1
  Output bit 6: Ambiguous (4 candidates predict 0, 3 predict 1)
    For 0: XOR(in[3], in[7]), NAND(in[3], in[7]), IMPL(in[4], in[0])
    For 1: OR(in[3], in[7]), NAND(in[4], in[6]), C1
  Output bit 7: Ambiguous (4 candidates predict 0, 3 predict 1)
    For 0: XOR(in[3], in[7]), NAND(in[3], in[7]), IMPL(in[4], in[0])
    For 1: OR(in[3], in[7]), NAND(in[4], in[6]), C1

Step 2: No strong shift pattern detected.

Step 3: Resolve ambiguous bits using structural patterns.
  Bit 0: Resolved via pair/structure pattern -> value = 1
  Bit 1: Resolved via pair/structure pattern -> value = 1
  Bit 3: Resolved via pair/structure pattern -> value = 0

Step 4: Resolve remaining 4 ambiguous bit(s) by scoring all combinations.
  Ambiguous positions: [4, 5, 6, 7]
  Scoring considers: operation priors, complexity, template consistency, shift alignment.
  Bit 4 -> 1
  Bit 5 -> 1
  Bit 6 -> 1
  Bit 7 -> 1

Step 5: Combine all bits to form the output.
  bit0=1(ctx) | bit1=1(ctx) | bit2=0(unambig) | bit3=0(ctx) | bit4=1(scored) | bit5=1(scored) | bit6=1(scored) | bit7=1(scored)

The answer is 11001111.",Bit Manipulation,low,bf,4
a2bb8c3a,"In Alice's Wonderland, a secret bit manipulation rule transforms 8-bit binary numbers. The transformation involves operations like bit shifts, rotations, XOR, AND, OR, NOT, and possibly majority or choice functions.

Here are some examples of input -> output:
01000010 -> 00001000
00010100 -> 00000010
10111111 -> 00010111
01110001 -> 00001110
00011101 -> 00000011
10110011 -> 00010110
00100110 -> 00000100
10000011 -> 00010000
11100111 -> 00011100

Now, determine the output for: 01101000",00001101,"I need to find the secret bit manipulation rule from the examples.

Given 9 examples:
  01000010 -> 00001000
  00010100 -> 00000010
  10111111 -> 00010111
  01110001 -> 00001110
  00011101 -> 00000011
  10110011 -> 00010110
  00100110 -> 00000100
  10000011 -> 00010000
  11100111 -> 00011100

Query: 01101000

Step 1: Analyze each output bit as an independent boolean function of input bits.

  Output bit 0: Ambiguous (3 candidates predict 0, 5 predict 1)
    For 0: INHIB(in[0], in[6]), INHIB(in[0], in[7]), C0
    For 1: AND(in[1], in[4]), NOR(in[3], in[6]), INHIB(in[4], in[3])
  Output bit 1: Ambiguous (3 candidates predict 0, 5 predict 1)
    For 0: INHIB(in[0], in[6]), INHIB(in[0], in[7]), C0
    For 1: AND(in[1], in[4]), NOR(in[3], in[6]), INHIB(in[4], in[3])
  Output bit 2: Ambiguous (3 candidates predict 0, 5 predict 1)
    For 0: INHIB(in[0], in[6]), INHIB(in[0], in[7]), C0
    For 1: AND(in[1], in[4]), NOR(in[3], in[6]), INHIB(in[4], in[3])
  Output bit 3: All 4 candidates agree -> value = 0
    Best match: ID(in[0]) = 0
  Output bit 4: Ambiguous (1 candidates predict 0, 1 predict 1)
    For 0: INHIB(in[1], in[4])
    For 1: ID(in[1])
  Output bit 5: All 1 candidates agree -> value = 1
    Best match: ID(in[2]) = 1
  Output bit 6: Ambiguous (1 candidates predict 0, 2 predict 1)
    For 0: ID(in[3])
    For 1: OR(in[3], in[4]), IMPL(in[6], in[3])
  Output bit 7: Ambiguous (4 candidates predict 0, 1 predict 1)
    For 0: AND(in[3], in[4]), AND(in[4], in[5]), AND(in[4], in[7])
    For 1: ID(in[4])

Step 2: Identify structural patterns.
  Confirmed bit mappings: bit3<-in[0](shift=5), bit4<-in[1](shift=5), bit5<-in[2](shift=5), bit6<-in[3](shift=5), bit7<-in[4](shift=5)
  Dominant shift = 5 (weight 13)

Step 3: Resolve ambiguous bits using structural patterns.
  Bit 4: Using shift=5, source = in[1] -> value = 1
  Bit 6: Using shift=5, source = in[3] -> value = 0
  Bit 7: Using shift=5, source = in[4] -> value = 1

Step 4: Resolve remaining 3 ambiguous bit(s) by scoring all combinations.
  Ambiguous positions: [0, 1, 2]
  Scoring considers: operation priors, complexity, template consistency, shift alignment.
  Bit 0 -> 1
  Bit 1 -> 1
  Bit 2 -> 1

Step 5: Combine all bits to form the output.
  bit0=1(scored) | bit1=1(scored) | bit2=1(scored) | bit3=0(unambig) | bit4=1(ctx) | bit5=1(unambig) | bit6=0(ctx) | bit7=1(ctx)

The answer is 11101101.",Bit Manipulation,low,bf,3
a2eb7c6f,"In Alice's Wonderland, a secret bit manipulation rule transforms 8-bit binary numbers. The transformation involves operations like bit shifts, rotations, XOR, AND, OR, NOT, and possibly majority or choice functions.

Here are some examples of input -> output:
01001100 -> 00001001
00001000 -> 00000001
00011001 -> 00000011
11001110 -> 00011001
11000111 -> 00011000
10010001 -> 00010010
10000011 -> 00010000
00110001 -> 00000110

Now, determine the output for: 01101101",00001101,"I need to find the secret bit manipulation rule from the examples.

Given 8 examples:
  01001100 -> 00001001
  00001000 -> 00000001
  00011001 -> 00000011
  11001110 -> 00011001
  11000111 -> 00011000
  10010001 -> 00010010
  10000011 -> 00010000
  00110001 -> 00000110

Query: 01101101

Step 1: Check for whole-byte patterns.
  Mixed shift pattern detected.
  Rule: some output bits are shifted copies, rest use a uniform 2-input function.

Step 2: Apply the pattern to the query.
  01101101 -> 00101101

The answer is 00101101.",Bit Manipulation,high,w_mix,0
a316aadc,"In Alice's Wonderland, a secret bit manipulation rule transforms 8-bit binary numbers. The transformation involves operations like bit shifts, rotations, XOR, AND, OR, NOT, and possibly majority or choice functions.

Here are some examples of input -> output:
01001100 -> 00001110
11001110 -> 00100101
00100100 -> 00101111
10101111 -> 10110001
11111010 -> 10110101
10110110 -> 01000101
01111100 -> 11001110
00001011 -> 01100011
00010000 -> 10111111

Now, determine the output for: 01100010",01010110,"I need to find the secret bit manipulation rule from the examples.

Given 9 examples:
  01001100 -> 00001110
  11001110 -> 00100101
  00100100 -> 00101111
  10101111 -> 10110001
  11111010 -> 10110101
  10110110 -> 01000101
  01111100 -> 11001110
  00001011 -> 01100011
  00010000 -> 10111111

Query: 01100010

Step 1: Analyze each output bit as an independent boolean function of input bits.

  Output bit 0: All 1 candidates agree -> value = 0
    Best match: XNOR(in[2], in[4]) = 0
  Output bit 1: All 1 candidates agree -> value = 1
    Best match: XNOR(in[3], in[5]) = 1
  Output bit 2: All 1 candidates agree -> value = 0
    Best match: XNOR(in[4], in[6]) = 0
  Output bit 3: All 1 candidates agree -> value = 1
    Best match: XNOR(in[5], in[7]) = 1
  Output bit 4: Ambiguous (3 candidates predict 0, 1 predict 1)
    For 0: NOR(in[0], in[6]), NOR(in[6], in[7]), NOT(in[6])
    For 1: NOR(in[0], in[7])
  Output bit 5: Ambiguous (1 candidates predict 0, 6 predict 1)
    For 0: XNOR(in[1], in[4])
    For 1: NOT(in[7]), NAND(in[4], in[7]), NAND(in[6], in[7])
  Output bit 6: All 2 candidates agree -> value = 1
    Best match: NOT(in[0]) = 1
  Output bit 7: Ambiguous (1 candidates predict 0, 2 predict 1)
    For 0: IMPL(in[1], in[0])
    For 1: IMPL(in[1], in[6]), IMPL(in[4], in[6])

Step 2: Identify structural patterns.
  Confirmed bit mappings: bit4<-in[6](shift=2), bit5<-in[7](shift=2), bit6<-in[0](shift=2)
  Dominant shift = 2 (weight 7)

Step 3: Resolve ambiguous bits using structural patterns.
  Bit 4: Using shift=2, source = in[6] -> value = 0
  Bit 5: Using shift=2, source = in[7] -> value = 1

Step 4: Resolve remaining 1 ambiguous bit(s) by scoring all combinations.
  Ambiguous positions: [7]
  Scoring considers: operation priors, complexity, template consistency, shift alignment.
  Bit 7 -> 1

Step 5: Combine all bits to form the output.
  bit0=0(unambig) | bit1=1(unambig) | bit2=0(unambig) | bit3=1(unambig) | bit4=0(ctx) | bit5=1(ctx) | bit6=1(unambig) | bit7=1(scored)

The answer is 01010111.",Bit Manipulation,low,bf,1
a46d71d0,"In Alice's Wonderland, a secret bit manipulation rule transforms 8-bit binary numbers. The transformation involves operations like bit shifts, rotations, XOR, AND, OR, NOT, and possibly majority or choice functions.

Here are some examples of input -> output:
11010001 -> 01100000
10100111 -> 11000011
10111111 -> 00000111
00110011 -> 00000001
11111010 -> 00101101
01101001 -> 10110100
10110010 -> 01001001
10010110 -> 01001011

Now, determine the output for: 11100110",01000011,"I need to find the secret bit manipulation rule from the examples.

Given 8 examples:
  11010001 -> 01100000
  10100111 -> 11000011
  10111111 -> 00000111
  00110011 -> 00000001
  11111010 -> 00101101
  01101001 -> 10110100
  10110010 -> 01001001
  10010110 -> 01001011

Query: 11100110

Step 1: Analyze each output bit as an independent boolean function of input bits.

  Output bit 0: Ambiguous (1 candidates predict 0, 2 predict 1)
    For 0: INHIB(in[7], in[3])
    For 1: NOT(in[3]), INHIB(in[2], in[3])
  Output bit 1: All 1 candidates agree -> value = 1
    Best match: INHIB(in[0], in[4]) = 1
  Output bit 2: Ambiguous (1 candidates predict 0, 2 predict 1)
    For 0: INHIB(in[1], in[5])
    For 1: ID(in[1]), IMPL(in[6], in[1])
  Output bit 3: Ambiguous (9 candidates predict 0, 1 predict 1)
    For 0: NOR(in[0], in[3]), NOR(in[0], in[6]), NOR(in[3], in[5])
    For 1: INHIB(in[1], in[3])
  Output bit 4: Ambiguous (1 candidates predict 0, 3 predict 1)
    For 0: INHIB(in[3], in[7])
    For 1: NOT(in[7]), INHIB(in[0], in[7]), INHIB(in[6], in[7])
  Output bit 5: All 2 candidates agree -> value = 0
    Best match: ID(in[4]) = 0
  Output bit 6: Ambiguous (1 candidates predict 0, 3 predict 1)
    For 0: INHIB(in[5], in[1])
    For 1: ID(in[5]), AND(in[0], in[5]), AND(in[5], in[6])
  Output bit 7: All 5 candidates agree -> value = 1
    Best match: ID(in[6]) = 1

Step 2: Identify structural patterns.
  Confirmed bit mappings: bit2<-in[1](shift=7), bit5<-in[4](shift=7), bit6<-in[5](shift=7), bit7<-in[6](shift=7)
  Dominant shift = 7 (weight 12)

Step 3: Resolve ambiguous bits using structural patterns.
  Bit 0: Resolved via pair/structure pattern -> value = 0
  Bit 2: Using shift=7, source = in[1] -> value = 1
  Bit 3: Resolved via pair/structure pattern -> value = 0
  Bit 4: Resolved via pair/structure pattern -> value = 0
  Bit 6: Using shift=7, source = in[5] -> value = 1

Step 4: All bits resolved without brute-force.

Step 5: Combine all bits to form the output.
  bit0=0(ctx) | bit1=1(unambig) | bit2=1(ctx) | bit3=0(ctx) | bit4=0(ctx) | bit5=0(unambig) | bit6=1(ctx) | bit7=1(unambig)

The answer is 01100011.",Bit Manipulation,high,ctx,0
a48b8329,"In Alice's Wonderland, a secret bit manipulation rule transforms 8-bit binary numbers. The transformation involves operations like bit shifts, rotations, XOR, AND, OR, NOT, and possibly majority or choice functions.

Here are some examples of input -> output:
10100011 -> 00111111
00010101 -> 10000101
00111011 -> 01101011
11110111 -> 11110011
01110101 -> 11011101
01101011 -> 10011110
00011011 -> 10100011
01011010 -> 00110110

Now, determine the output for: 11010100",00110101,"I need to find the secret bit manipulation rule from the examples.

Given 8 examples:
  10100011 -> 00111111
  00010101 -> 10000101
  00111011 -> 01101011
  11110111 -> 11110011
  01110101 -> 11011101
  01101011 -> 10011110
  00011011 -> 10100011
  01011010 -> 00110110

Query: 11010100

Step 1: Analyze each output bit as an independent boolean function of input bits.

  Output bit 0: All 1 candidates agree -> value = 0
    Best match: XNOR(in[1], in[2]) = 0
  Output bit 1: All 2 candidates agree -> value = 0
    Best match: AND(in[2], in[3]) = 0
  Output bit 2: All 2 candidates agree -> value = 1
    Best match: MAJ(in[0], in[3], in[6]) = 1
  Output bit 3: All 2 candidates agree -> value = 1
    Best match: OR(in[0], in[1]) = 1
  Output bit 4: All 1 candidates agree -> value = 1
    Best match: XOR(AND)(in[0], in[1], in[2]) = 1
  Output bit 5: All 1 candidates agree -> value = 1
    Best match: NAND(XNOR)(in[0], in[1], in[6]) = 1
  Output bit 6: Ambiguous (4 candidates predict 0, 5 predict 1)
    For 0: ID(in[6]), OR(in[4], in[6]), IMPL(in[3], in[6])
    For 1: XOR(in[0], in[4]), OR(in[0], in[4]), OR(in[0], in[6])
  Output bit 7: All 2 candidates agree -> value = 1
    Best match: NAND(in[1], in[4]) = 1

Step 2: No strong shift pattern detected.

Step 3: No additional bits resolved by context propagation.

Step 4: Resolve remaining 1 ambiguous bit(s) by scoring all combinations.
  Ambiguous positions: [6]
  Scoring considers: operation priors, complexity, template consistency, shift alignment.
  Bit 6 -> 0

Step 5: Combine all bits to form the output.
  bit0=0(unambig) | bit1=0(unambig) | bit2=1(unambig) | bit3=1(unambig) | bit4=1(unambig) | bit5=1(unambig) | bit6=0(scored) | bit7=1(unambig)

The answer is 00111101.",Bit Manipulation,low,bf,1
a4dd4cce,"In Alice's Wonderland, a secret bit manipulation rule transforms 8-bit binary numbers. The transformation involves operations like bit shifts, rotations, XOR, AND, OR, NOT, and possibly majority or choice functions.

Here are some examples of input -> output:
11010110 -> 01100110
10101111 -> 11110101
01011000 -> 10000010
11010010 -> 00100110
11110101 -> 01010111
11100011 -> 00110111
11110111 -> 01110111
01101010 -> 10100011

Now, determine the output for: 01001011",10110010,"I need to find the secret bit manipulation rule from the examples.

Given 8 examples:
  11010110 -> 01100110
  10101111 -> 11110101
  01011000 -> 10000010
  11010010 -> 00100110
  11110101 -> 01010111
  11100011 -> 00110111
  11110111 -> 01110111
  01101010 -> 10100011

Query: 01001011

Step 1: Analyze each output bit as an independent boolean function of input bits.

  Output bit 0: All 5 candidates agree -> value = 1
    Best match: ID(in[4]) = 1
  Output bit 1: All 3 candidates agree -> value = 0
    Best match: ID(in[5]) = 0
  Output bit 2: All 3 candidates agree -> value = 1
    Best match: ID(in[6]) = 1
  Output bit 3: Ambiguous (3 candidates predict 0, 2 predict 1)
    For 0: AND(in[0], in[2]), AND(in[0], in[7]), AND(in[2], in[7])
    For 1: ID(in[7]), IMPL(in[1], in[7])
  Output bit 4: Ambiguous (11 candidates predict 0, 3 predict 1)
    For 0: NOR(in[0], in[1]), NOR(in[0], in[4]), NOR(in[1], in[2])
    For 1: NOR(in[2], in[3]), INHIB(in[7], in[0]), INHIB(in[7], in[2])
  Output bit 5: Ambiguous (7 candidates predict 0, 2 predict 1)
    For 0: ID(in[0]), XOR(in[1], in[4]), OR(in[0], in[5])
    For 1: OR(in[0], in[7]), IMPL(in[4], in[7])
  Output bit 6: Ambiguous (1 candidates predict 0, 12 predict 1)
    For 0: NAND(in[4], in[7])
    For 1: ID(in[1]), XOR(in[0], in[4]), OR(in[1], in[3])
  Output bit 7: Ambiguous (2 candidates predict 0, 3 predict 1)
    For 0: ID(in[2]), IMPL(in[1], in[2])
    For 1: OR(in[2], in[7]), IMPL(in[3], in[2]), IMPL(in[3], in[7])

Step 2: Identify structural patterns.
  Confirmed bit mappings: bit0<-in[4](shift=4), bit1<-in[5](shift=4), bit2<-in[6](shift=4), bit3<-in[7](shift=4), bit5<-in[0](shift=3)
  Dominant shift = 4 (weight 16)

Step 3: Resolve ambiguous bits using structural patterns.
  Bit 3: Using shift=4, source = in[7] -> value = 1
  Bit 5: Using shift=3, source = in[0] -> value = 0
  Bit 6: Using shift=3, source = in[1] -> value = 1
  Bit 7: Resolved via pair/structure pattern -> value = 1

Step 4: Resolve remaining 1 ambiguous bit(s) by scoring all combinations.
  Ambiguous positions: [4]
  Scoring considers: operation priors, complexity, template consistency, shift alignment.
  Bit 4 -> 0

Step 5: Combine all bits to form the output.
  bit0=1(unambig) | bit1=0(unambig) | bit2=1(unambig) | bit3=1(ctx) | bit4=0(scored) | bit5=0(ctx) | bit6=1(ctx) | bit7=1(ctx)

The answer is 10110011.",Bit Manipulation,low,bf,1
a5208b7e,"In Alice's Wonderland, a secret bit manipulation rule transforms 8-bit binary numbers. The transformation involves operations like bit shifts, rotations, XOR, AND, OR, NOT, and possibly majority or choice functions.

Here are some examples of input -> output:
00001001 -> 01101001
10111101 -> 01010001
11010111 -> 10110111
01110100 -> 00101111
00000001 -> 01111101
00000101 -> 01110111
10001010 -> 10101110

Now, determine the output for: 00100110",10100010,"I need to find the secret bit manipulation rule from the examples.

Given 7 examples:
  00001001 -> 01101001
  10111101 -> 01010001
  11010111 -> 10110111
  01110100 -> 00101111
  00000001 -> 01111101
  00000101 -> 01110111
  10001010 -> 10101110

Query: 00100110

Step 1: Analyze each output bit as an independent boolean function of input bits.

  Output bit 0: Ambiguous (3 candidates predict 0, 2 predict 1)
    For 0: AND(in[0], in[6]), INHIB(in[0], in[2]), INHIB(in[6], in[2])
    For 1: ID(in[6]), XNOR(in[1], in[7])
  Output bit 1: All 4 candidates agree -> value = 0
    Best match: XNOR(in[0], in[2]) = 0
  Output bit 2: Ambiguous (2 candidates predict 0, 8 predict 1)
    For 0: XNOR(in[0], in[6]), IMPL(in[2], in[1])
    For 1: XNOR(in[1], in[3]), NAND(in[0], in[2]), NAND(in[2], in[4])
  Output bit 3: All 1 candidates agree -> value = 0
    Best match: XNOR(in[2], in[4]) = 0
  Output bit 4: All 1 candidates agree -> value = 1
    Best match: NAND(in[5], in[7]) = 1
  Output bit 5: All 2 candidates agree -> value = 1
    Best match: NAND(in[4], in[7]) = 1
  Output bit 6: All 1 candidates agree -> value = 1
    Best match: XOR(AND)(in[0], in[4], in[5]) = 1
  Output bit 7: Ambiguous (5 candidates predict 0, 8 predict 1)
    For 0: OR(in[1], in[7]), OR(in[3], in[7]), IMPL(in[6], in[1])
    For 1: OR(in[2], in[7]), OR(in[5], in[7]), NAND(in[4], in[6])

Step 2: No strong shift pattern detected.

Step 3: Resolve ambiguous bits using structural patterns.
  Bit 0: Resolved via pair/structure pattern -> value = 1
  Bit 2: Resolved via pair/structure pattern -> value = 1

Step 4: Resolve remaining 1 ambiguous bit(s) by scoring all combinations.
  Ambiguous positions: [7]
  Scoring considers: operation priors, complexity, template consistency, shift alignment.
  Bit 7 -> 1

Step 5: Combine all bits to form the output.
  bit0=1(ctx) | bit1=0(unambig) | bit2=1(ctx) | bit3=0(unambig) | bit4=1(unambig) | bit5=1(unambig) | bit6=1(unambig) | bit7=1(scored)

The answer is 10101111.",Bit Manipulation,low,bf,1
a60c36ec,"In Alice's Wonderland, a secret bit manipulation rule transforms 8-bit binary numbers. The transformation involves operations like bit shifts, rotations, XOR, AND, OR, NOT, and possibly majority or choice functions.

Here are some examples of input -> output:
00010101 -> 00011011
01000100 -> 01101110
01010010 -> 00101111
10110100 -> 01011011
11101101 -> 00101110
00000001 -> 10011111
00010010 -> 00111011
10110011 -> 01111011
11110100 -> 01001111

Now, determine the output for: 11000111",11101110,"I need to find the secret bit manipulation rule from the examples.

Given 9 examples:
  00010101 -> 00011011
  01000100 -> 01101110
  01010010 -> 00101111
  10110100 -> 01011011
  11101101 -> 00101110
  00000001 -> 10011111
  00010010 -> 00111011
  10110011 -> 01111011
  11110100 -> 01001111

Query: 11000111

Step 1: Analyze each output bit as an independent boolean function of input bits.

  Output bit 0: Ambiguous (3 candidates predict 0, 1 predict 1)
    For 0: NOR(in[1], in[3]), NOR(in[3], in[5]), NOR(in[5], in[6])
    For 1: XNOR(in[5], in[6])
  Output bit 1: All 1 candidates agree -> value = 1
    Best match: XNOR(in[6], in[7]) = 1
  Output bit 2: Ambiguous (1 candidates predict 0, 2 predict 1)
    For 0: XNOR(in[2], in[7])
    For 1: XOR(in[3], in[5]), XNOR(in[0], in[7])
  Output bit 3: All 2 candidates agree -> value = 0
    Best match: NOR(in[1], in[4]) = 0
  Output bit 4: Ambiguous (4 candidates predict 0, 9 predict 1)
    For 0: XNOR(in[0], in[2]), NAND(in[5], in[6]), IMPL(in[0], in[2])
    For 1: NAND(in[3], in[4]), NAND(in[4], in[6]), IMPL(in[2], in[0])
  Output bit 5: All 1 candidates agree -> value = 1
    Best match: IMPL(in[3], in[1]) = 1
  Output bit 6: Ambiguous (4 candidates predict 0, 9 predict 1)
    For 0: XNOR(in[0], in[2]), NAND(in[5], in[6]), IMPL(in[0], in[2])
    For 1: NAND(in[3], in[4]), NAND(in[4], in[6]), IMPL(in[2], in[0])
  Output bit 7: All 2 candidates agree -> value = 0
    Best match: IMPL(in[1], in[3]) = 0

Step 2: Identify structural patterns.
  Confirmed bit mappings: bit3<-in[1](shift=6)
  Dominant shift = 6 (weight 5)

Step 3: Resolve ambiguous bits using structural patterns.
  Bit 6: Resolved via pair/structure pattern -> value = 1

Step 4: Resolve remaining 3 ambiguous bit(s) by scoring all combinations.
  Ambiguous positions: [0, 2, 4]
  Scoring considers: operation priors, complexity, template consistency, shift alignment.
  Bit 0 -> 0
  Bit 2 -> 1
  Bit 4 -> 1

Step 5: Combine all bits to form the output.
  bit0=0(scored) | bit1=1(unambig) | bit2=1(scored) | bit3=0(unambig) | bit4=1(scored) | bit5=1(unambig) | bit6=1(ctx) | bit7=0(unambig)

The answer is 01101110.",Bit Manipulation,low,bf,3
a62dd199,"In Alice's Wonderland, a secret bit manipulation rule transforms 8-bit binary numbers. The transformation involves operations like bit shifts, rotations, XOR, AND, OR, NOT, and possibly majority or choice functions.

Here are some examples of input -> output:
10001101 -> 00110011
10111000 -> 00111110
00000101 -> 01010111
11111100 -> 00111111
01101100 -> 10011111
01000001 -> 01110101
11010001 -> 11110101

Now, determine the output for: 11001010",10111011,"I need to find the secret bit manipulation rule from the examples.

Given 7 examples:
  10001101 -> 00110011
  10111000 -> 00111110
  00000101 -> 01010111
  11111100 -> 00111111
  01101100 -> 10011111
  01000001 -> 01110101
  11010001 -> 11110101

Query: 11001010

Step 1: Analyze each output bit as an independent boolean function of input bits.

  Output bit 0: Ambiguous (2 candidates predict 0, 1 predict 1)
    For 0: XOR(in[0], in[4]), XOR(in[2], in[3])
    For 1: XNOR(in[3], in[7])
  Output bit 1: Ambiguous (4 candidates predict 0, 2 predict 1)
    For 0: NOR(in[2], in[4]), NOR(in[4], in[6]), NOT(in[4])
    For 1: XNOR(in[4], in[6]), IMPL(in[4], in[6])
  Output bit 2: All 1 candidates agree -> value = 1
    Best match: IMPL(in[5], in[0]) = 1
  Output bit 3: Ambiguous (10 candidates predict 0, 12 predict 1)
    For 0: XOR(in[2], in[7]), OR(in[2], in[7]), NOT(in[6])
    For 1: OR(in[4], in[7]), NAND(in[2], in[6]), NAND(in[2], in[7])
  Output bit 4: Ambiguous (7 candidates predict 0, 6 predict 1)
    For 0: ID(in[2]), AND(in[2], in[4]), XNOR(in[1], in[5])
    For 1: XOR(in[2], in[6]), OR(in[2], in[6]), NOT(in[7])
  Output bit 5: Ambiguous (4 candidates predict 0, 2 predict 1)
    For 0: XNOR(in[0], in[3]), XNOR(in[2], in[4]), IMPL(in[0], in[3])
    For 1: XOR(in[4], in[7]), NAND(in[4], in[7])
  Output bit 6: Ambiguous (3 candidates predict 0, 4 predict 1)
    For 0: OR(in[2], in[5]), IMPL(in[1], in[2]), IMPL(in[1], in[5])
    For 1: OR(in[4], in[5]), NAND(in[1], in[7]), IMPL(in[1], in[4])
  Output bit 7: Ambiguous (2 candidates predict 0, 5 predict 1)
    For 0: OR(in[5], in[7]), IMPL(in[4], in[5])
    For 1: OR(in[1], in[5]), OR(in[1], in[7]), IMPL(in[2], in[1])

Step 2: No strong shift pattern detected.

Step 3: Resolve ambiguous bits using structural patterns.
  Bit 3: Resolved via pair/structure pattern -> value = 1
  Bit 4: Resolved via pair/structure pattern -> value = 1
  Bit 5: Resolved via pair/structure pattern -> value = 0
  Bit 6: Resolved via pair/structure pattern -> value = 1
  Bit 7: Resolved via pair/structure pattern -> value = 1

Step 4: Resolve remaining 2 ambiguous bit(s) by scoring all combinations.
  Ambiguous positions: [0, 1]
  Scoring considers: operation priors, complexity, template consistency, shift alignment.
  Bit 0 -> 0
  Bit 1 -> 0

Step 5: Combine all bits to form the output.
  bit0=0(scored) | bit1=0(scored) | bit2=1(unambig) | bit3=1(ctx) | bit4=1(ctx) | bit5=0(ctx) | bit6=1(ctx) | bit7=1(ctx)

The answer is 00111011.",Bit Manipulation,low,bf,2
a6704625,"In Alice's Wonderland, a secret bit manipulation rule transforms 8-bit binary numbers. The transformation involves operations like bit shifts, rotations, XOR, AND, OR, NOT, and possibly majority or choice functions.

Here are some examples of input -> output:
00010001 -> 11001110
01111000 -> 10001111
01100101 -> 01101111
10111000 -> 00010111
10001000 -> 01110111
01111100 -> 11001111
10100100 -> 11111101
01100111 -> 01001111
01110101 -> 01001110
11010001 -> 01011010

Now, determine the output for: 01000111",00001101,"I need to find the secret bit manipulation rule from the examples.

Given 10 examples:
  00010001 -> 11001110
  01111000 -> 10001111
  01100101 -> 01101111
  10111000 -> 00010111
  10001000 -> 01110111
  01111100 -> 11001111
  10100100 -> 11111101
  01100111 -> 01001111
  01110101 -> 01001110
  11010001 -> 01011010

Query: 01000111

Step 1: Analyze each output bit as an independent boolean function of input bits.

  Output bit 0: All 1 candidates agree -> value = 0
    Best match: XNOR(in[1], in[4]) = 0
  Output bit 1: Ambiguous (1 candidates predict 0, 1 predict 1)
    For 0: XNOR(in[2], in[5])
    For 1: IMPL(in[2], in[5])
  Output bit 2: All 2 candidates agree -> value = 0
    Best match: XNOR(in[3], in[6]) = 0
  Output bit 3: All 2 candidates agree -> value = 0
    Best match: ID(in[0]) = 0
  Output bit 4: All 2 candidates agree -> value = 1
    Best match: NAND(in[0], in[4]) = 1
  Output bit 5: Ambiguous (1 candidates predict 0, 2 predict 1)
    For 0: IMPL(in[1], in[2])
    For 1: NAND(in[0], in[1]), NAND(in[0], in[7])
  Output bit 6: All 4 candidates agree -> value = 1
    Best match: XOR(in[4], in[7]) = 1
  Output bit 7: All 2 candidates agree -> value = 1
    Best match: NAND(in[3], in[7]) = 1

Step 2: Identify structural patterns.
  Confirmed bit mappings: bit3<-in[0](shift=5)
  Dominant shift = 5 (weight 5)

Step 3: Resolve ambiguous bits using structural patterns.
  Bit 1: Resolved via pair/structure pattern -> value = 0

Step 4: Resolve remaining 1 ambiguous bit(s) by scoring all combinations.
  Ambiguous positions: [5]
  Scoring considers: operation priors, complexity, template consistency, shift alignment.
  Bit 5 -> 1

Step 5: Combine all bits to form the output.
  bit0=0(unambig) | bit1=0(ctx) | bit2=0(unambig) | bit3=0(unambig) | bit4=1(unambig) | bit5=1(scored) | bit6=1(unambig) | bit7=1(unambig)

The answer is 00001111.",Bit Manipulation,low,bf,1
a7cbf6fd,"In Alice's Wonderland, a secret bit manipulation rule transforms 8-bit binary numbers. The transformation involves operations like bit shifts, rotations, XOR, AND, OR, NOT, and possibly majority or choice functions.

Here are some examples of input -> output:
10110110 -> 01100001
01111000 -> 10000000
00010000 -> 00000000
10110111 -> 01110001
10010110 -> 01100001
11010101 -> 01010001
00110011 -> 00110000

Now, determine the output for: 00010110",01100000,"I need to find the secret bit manipulation rule from the examples.

Given 7 examples:
  10110110 -> 01100001
  01111000 -> 10000000
  00010000 -> 00000000
  10110111 -> 01110001
  10010110 -> 01100001
  11010101 -> 01010001
  00110011 -> 00110000

Query: 00010110

Step 1: Check for whole-byte patterns.
  Permutation pattern detected.
  Rule: each output bit is copied (possibly inverted) from a specific input bit.

Step 2: Apply the pattern to the query.
  00010110 -> 00100000

The answer is 00100000.",Bit Manipulation,high,w_perm,0
a87fdd3a,"In Alice's Wonderland, a secret bit manipulation rule transforms 8-bit binary numbers. The transformation involves operations like bit shifts, rotations, XOR, AND, OR, NOT, and possibly majority or choice functions.

Here are some examples of input -> output:
11111000 -> 11110111
01111110 -> 11111111
01001001 -> 10010000
01011011 -> 10110100
01110110 -> 11101111
01110000 -> 11100011
11110001 -> 11100101

Now, determine the output for: 00101100",01011001,"I need to find the secret bit manipulation rule from the examples.

Given 7 examples:
  11111000 -> 11110111
  01111110 -> 11111111
  01001001 -> 10010000
  01011011 -> 10110100
  01110110 -> 11101111
  01110000 -> 11100011
  11110001 -> 11100101

Query: 00101100

Step 1: Check for whole-byte patterns.
  Mixed shift pattern detected.
  Rule: some output bits are shifted copies, rest use a uniform 2-input function.

Step 2: Apply the pattern to the query.
  00101100 -> 01011011

The answer is 01011011.",Bit Manipulation,high,w_mix,0
a94232ca,"In Alice's Wonderland, a secret bit manipulation rule transforms 8-bit binary numbers. The transformation involves operations like bit shifts, rotations, XOR, AND, OR, NOT, and possibly majority or choice functions.

Here are some examples of input -> output:
10101001 -> 10010100
11011101 -> 01011110
10000000 -> 01000000
11111010 -> 00011101
00111001 -> 10001110
10100111 -> 10010101
10101011 -> 10010101

Now, determine the output for: 00011111",10000011,"I need to find the secret bit manipulation rule from the examples.

Given 7 examples:
  10101001 -> 10010100
  11011101 -> 01011110
  10000000 -> 01000000
  11111010 -> 00011101
  00111001 -> 10001110
  10100111 -> 10010101
  10101011 -> 10010101

Query: 00011111

Step 1: Analyze each output bit as an independent boolean function of input bits.

  Output bit 0: Ambiguous (2 candidates predict 0, 1 predict 1)
    For 0: AND(in[2], in[7]), INHIB(in[2], in[1])
    For 1: INHIB(in[7], in[1])
  Output bit 1: Ambiguous (3 candidates predict 0, 2 predict 1)
    For 0: XNOR(in[1], in[7]), NOR(in[2], in[6]), INHIB(in[0], in[2])
    For 1: XNOR(in[4], in[5]), NOT(in[2])
  Output bit 2: Ambiguous (9 candidates predict 0, 4 predict 1)
    For 0: NOR(in[0], in[3]), NOR(in[0], in[4]), NOR(in[0], in[7])
    For 1: NOR(in[0], in[2]), INHIB(in[5], in[0]), INHIB(in[6], in[0])
  Output bit 3: Ambiguous (3 candidates predict 0, 3 predict 1)
    For 0: MAJ(in[0], in[1], in[2]), MAJ(in[0], in[1], in[7]), MAJ(in[0], in[2], in[5])
    For 1: MAJ(in[0], in[4], in[5]), MAJ(in[0], in[4], in[6]), MAJ(in[0], in[6], in[7])
  Output bit 4: All 6 candidates agree -> value = 1
    Best match: ID(in[3]) = 1
  Output bit 5: Ambiguous (1 candidates predict 0, 10 predict 1)
    For 0: OR(in[1], in[2])
    For 1: OR(in[1], in[7]), OR(in[2], in[3]), OR(in[2], in[4])
  Output bit 6: Ambiguous (1 candidates predict 0, 1 predict 1)
    For 0: INHIB(in[3], in[6])
    For 1: AND(in[3], in[7])
  Output bit 7: Ambiguous (2 candidates predict 0, 1 predict 1)
    For 0: AND(in[0], in[6]), AND(in[2], in[6])
    For 1: ID(in[6])

Step 2: Identify structural patterns.
  Confirmed bit mappings: bit4<-in[3](shift=7), bit7<-in[6](shift=7)
  Dominant shift = 7 (weight 6)

Step 3: Resolve ambiguous bits using structural patterns.
  Bit 7: Using shift=7, source = in[6] -> value = 1

Step 4: Resolve remaining 6 ambiguous bit(s) by scoring all combinations.
  Ambiguous positions: [0, 1, 2, 3, 5, 6]
  Scoring considers: operation priors, complexity, template consistency, shift alignment.
  Bit 0 -> 0
  Bit 1 -> 1
  Bit 2 -> 0
  Bit 3 -> 0
  Bit 5 -> 1
  Bit 6 -> 1

Step 5: Combine all bits to form the output.
  bit0=0(scored) | bit1=1(scored) | bit2=0(scored) | bit3=0(scored) | bit4=1(unambig) | bit5=1(scored) | bit6=1(scored) | bit7=1(ctx)

The answer is 01001111.",Bit Manipulation,low,bf,6
a99ea0f0,"In Alice's Wonderland, a secret bit manipulation rule transforms 8-bit binary numbers. The transformation involves operations like bit shifts, rotations, XOR, AND, OR, NOT, and possibly majority or choice functions.

Here are some examples of input -> output:
10001001 -> 10111001
00111011 -> 11011111
00011000 -> 10011011
00011010 -> 00010011
10000100 -> 11011110
01111001 -> 01001111
01101101 -> 00011101

Now, determine the output for: 01010010",00101011,"I need to find the secret bit manipulation rule from the examples.

Given 7 examples:
  10001001 -> 10111001
  00111011 -> 11011111
  00011000 -> 10011011
  00011010 -> 00010011
  10000100 -> 11011110
  01111001 -> 01001111
  01101101 -> 00011101

Query: 01010010

Step 1: Analyze each output bit as an independent boolean function of input bits.

  Output bit 0: All 1 candidates agree -> value = 0
    Best match: XNOR(in[2], in[6]) = 0
  Output bit 1: All 2 candidates agree -> value = 0
    Best match: XOR(in[2], in[5]) = 0
  Output bit 2: Ambiguous (7 candidates predict 0, 1 predict 1)
    For 0: AND(in[0], in[4]), AND(in[0], in[7]), XOR(in[2], in[7])
    For 1: XNOR(in[0], in[4])
  Output bit 3: All 2 candidates agree -> value = 0
    Best match: NAND(in[1], in[3]) = 0
  Output bit 4: All 2 candidates agree -> value = 0
    Best match: IMPL(in[6], in[2]) = 0
  Output bit 5: Ambiguous (2 candidates predict 0, 2 predict 1)
    For 0: XOR(in[0], in[7]), OR(in[2], in[5])
    For 1: XNOR(in[2], in[4]), IMPL(in[4], in[2])
  Output bit 6: Ambiguous (1 candidates predict 0, 3 predict 1)
    For 0: XNOR(in[3], in[4])
    For 1: XNOR(in[0], in[5]), IMPL(in[4], in[3]), IMPL(in[7], in[3])
  Output bit 7: Ambiguous (3 candidates predict 0, 11 predict 1)
    For 0: ID(in[4]), OR(in[2], in[4]), OR(in[4], in[7])
    For 1: OR(in[1], in[4]), OR(in[3], in[4]), OR(in[3], in[7])

Step 2: No strong shift pattern detected.

Step 3: Resolve ambiguous bits using structural patterns.
  Bit 2: Resolved via pair/structure pattern -> value = 1

Step 4: Resolve remaining 3 ambiguous bit(s) by scoring all combinations.
  Ambiguous positions: [5, 6, 7]
  Scoring considers: operation priors, complexity, template consistency, shift alignment.
  Bit 5 -> 1
  Bit 6 -> 1
  Bit 7 -> 0

Step 5: Combine all bits to form the output.
  bit0=0(unambig) | bit1=0(unambig) | bit2=1(ctx) | bit3=0(unambig) | bit4=0(unambig) | bit5=1(scored) | bit6=1(scored) | bit7=0(scored)

The answer is 00100110.",Bit Manipulation,low,bf,3
aa2e26f1,"In Alice's Wonderland, a secret bit manipulation rule transforms 8-bit binary numbers. The transformation involves operations like bit shifts, rotations, XOR, AND, OR, NOT, and possibly majority or choice functions.

Here are some examples of input -> output:
11001011 -> 00010001
11110100 -> 00001000
00001010 -> 00000000
00010010 -> 00000000
01011011 -> 00000010
10100000 -> 00000000
10010001 -> 00000010

Now, determine the output for: 11100110",00001100,"I need to find the secret bit manipulation rule from the examples.

Given 7 examples:
  11001011 -> 00010001
  11110100 -> 00001000
  00001010 -> 00000000
  00010010 -> 00000000
  01011011 -> 00000010
  10100000 -> 00000000
  10010001 -> 00000010

Query: 11100110

Step 1: Analyze each output bit as an independent boolean function of input bits.

  Output bit 0: Ambiguous (11 candidates predict 0, 3 predict 1)
    For 0: AND(in[2], in[4]), AND(in[2], in[7]), AND(in[4], in[5])
    For 1: AND(in[2], in[6]), AND(in[5], in[6]), INHIB(in[5], in[3])
  Output bit 1: Ambiguous (11 candidates predict 0, 3 predict 1)
    For 0: AND(in[2], in[4]), AND(in[2], in[7]), AND(in[4], in[5])
    For 1: AND(in[2], in[6]), AND(in[5], in[6]), INHIB(in[5], in[3])
  Output bit 2: Ambiguous (11 candidates predict 0, 3 predict 1)
    For 0: AND(in[2], in[4]), AND(in[2], in[7]), AND(in[4], in[5])
    For 1: AND(in[2], in[6]), AND(in[5], in[6]), INHIB(in[5], in[3])
  Output bit 3: Ambiguous (2 candidates predict 0, 3 predict 1)
    For 0: AND(in[0], in[4]), INHIB(in[7], in[3])
    For 1: AND(in[0], in[6]), XNOR(in[0], in[6]), INHIB(in[1], in[3])
  Output bit 4: Ambiguous (4 candidates predict 0, 9 predict 1)
    For 0: AND(in[2], in[3]), AND(in[3], in[5]), INHIB(in[1], in[6])
    For 1: ID(in[5]), AND(in[0], in[5]), AND(in[1], in[2])
  Output bit 5: Ambiguous (11 candidates predict 0, 3 predict 1)
    For 0: AND(in[2], in[4]), AND(in[2], in[7]), AND(in[4], in[5])
    For 1: AND(in[2], in[6]), AND(in[5], in[6]), INHIB(in[5], in[3])
  Output bit 6: All 1 candidates agree -> value = 0
    Best match: AND(in[3], in[7]) = 0
  Output bit 7: Ambiguous (2 candidates predict 0, 3 predict 1)
    For 0: AND(in[0], in[4]), INHIB(in[7], in[3])
    For 1: AND(in[0], in[6]), XNOR(in[0], in[6]), INHIB(in[1], in[3])

Step 2: No strong shift pattern detected.

Step 3: Resolve ambiguous bits using structural patterns.
  Bit 1: Resolved via pair/structure pattern -> value = 1
  Bit 3: Resolved via pair/structure pattern -> value = 0
  Bit 4: Resolved via pair/structure pattern -> value = 1
  Bit 5: Resolved via pair/structure pattern -> value = 1
  Bit 7: Resolved via pair/structure pattern -> value = 0

Step 4: Resolve remaining 2 ambiguous bit(s) by scoring all combinations.
  Ambiguous positions: [0, 2]
  Scoring considers: operation priors, complexity, template consistency, shift alignment.
  Bit 0 -> 0
  Bit 2 -> 0

Step 5: Combine all bits to form the output.
  bit0=0(scored) | bit1=1(ctx) | bit2=0(scored) | bit3=0(ctx) | bit4=1(ctx) | bit5=1(ctx) | bit6=0(unambig) | bit7=0(ctx)

The answer is 01001100.",Bit Manipulation,low,bf,2
aa72ae9f,"In Alice's Wonderland, a secret bit manipulation rule transforms 8-bit binary numbers. The transformation involves operations like bit shifts, rotations, XOR, AND, OR, NOT, and possibly majority or choice functions.

Here are some examples of input -> output:
01111100 -> 11110111
01101100 -> 10010111
01010111 -> 00001001
00101101 -> 00010011
00110110 -> 01001011
11011110 -> 00110111
00001110 -> 11011011
01010010 -> 00010111

Now, determine the output for: 10100111",00100110,"I need to find the secret bit manipulation rule from the examples.

Given 8 examples:
  01111100 -> 11110111
  01101100 -> 10010111
  01010111 -> 00001001
  00101101 -> 00010011
  00110110 -> 01001011
  11011110 -> 00110111
  00001110 -> 11011011
  01010010 -> 00010111

Query: 10100111

Step 1: Analyze each output bit as an independent boolean function of input bits.

  Output bit 0: All 1 candidates agree -> value = 0
    Best match: XNOR(in[1], in[2]) = 0
  Output bit 1: All 1 candidates agree -> value = 0
    Best match: XNOR(in[2], in[3]) = 0
  Output bit 2: Ambiguous (1 candidates predict 0, 1 predict 1)
    For 0: AND(in[3], in[4])
    For 1: XNOR(in[3], in[4])
  Output bit 3: All 2 candidates agree -> value = 0
    Best match: XNOR(in[4], in[5]) = 0
  Output bit 4: All 1 candidates agree -> value = 0
    Best match: XNOR(in[1], in[7]) = 0
  Output bit 5: All 1 candidates agree -> value = 0
    Best match: INHIB(in[1], in[7]) = 0
  Output bit 6: Ambiguous (2 candidates predict 0, 3 predict 1)
    For 0: NAND(in[6], in[7]), IMPL(in[7], in[4])
    For 1: NAND(in[1], in[7]), NAND(in[3], in[7]), IMPL(in[7], in[2])
  Output bit 7: Ambiguous (6 candidates predict 0, 11 predict 1)
    For 0: OR(in[3], in[4]), NAND(in[0], in[2]), NAND(in[0], in[7])
    For 1: OR(in[1], in[5]), OR(in[2], in[6]), OR(in[3], in[5])

Step 2: No strong shift pattern detected.

Step 3: Resolve ambiguous bits using structural patterns.
  Bit 2: Resolved via pair/structure pattern -> value = 1

Step 4: Resolve remaining 2 ambiguous bit(s) by scoring all combinations.
  Ambiguous positions: [6, 7]
  Scoring considers: operation priors, complexity, template consistency, shift alignment.
  Bit 6 -> 1
  Bit 7 -> 1

Step 5: Combine all bits to form the output.
  bit0=0(unambig) | bit1=0(unambig) | bit2=1(ctx) | bit3=0(unambig) | bit4=0(unambig) | bit5=0(unambig) | bit6=1(scored) | bit7=1(scored)

The answer is 00100011.",Bit Manipulation,low,bf,2
ab064b6a,"In Alice's Wonderland, a secret bit manipulation rule transforms 8-bit binary numbers. The transformation involves operations like bit shifts, rotations, XOR, AND, OR, NOT, and possibly majority or choice functions.

Here are some examples of input -> output:
10100100 -> 11110111
10010101 -> 00110011
10000101 -> 10110111
01010111 -> 10010010
01010110 -> 11011010
01011110 -> 10011000
10011110 -> 10101001
11111011 -> 11011001

Now, determine the output for: 00000000",11111111,"I need to find the secret bit manipulation rule from the examples.

Given 8 examples:
  10100100 -> 11110111
  10010101 -> 00110011
  10000101 -> 10110111
  01010111 -> 10010010
  01010110 -> 11011010
  01011110 -> 10011000
  10011110 -> 10101001
  11111011 -> 11011001

Query: 00000000

Step 1: Analyze each output bit as an independent boolean function of input bits.

  Output bit 0: All 2 candidates agree -> value = 1
    Best match: XNOR(in[3], in[6]) = 1
  Output bit 1: All 1 candidates agree -> value = 1
    Best match: XNOR(in[4], in[7]) = 1
  Output bit 2: Ambiguous (3 candidates predict 0, 4 predict 1)
    For 0: AND(in[0], in[5]), INHIB(in[0], in[1]), INHIB(in[5], in[1])
    For 1: XNOR(in[0], in[5]), NOT(in[1]), NAND(in[1], in[3])
  Output bit 3: All 3 candidates agree -> value = 1
    Best match: XNOR(in[1], in[6]) = 1
  Output bit 4: All 1 candidates agree -> value = 1
    Best match: XNOR(in[2], in[7]) = 1
  Output bit 5: Ambiguous (2 candidates predict 0, 4 predict 1)
    For 0: INHIB(in[0], in[3]), INHIB(in[5], in[3])
    For 1: NOR(in[1], in[3]), NOR(in[3], in[4]), NOR(in[3], in[6])
  Output bit 6: Ambiguous (1 candidates predict 0, 3 predict 1)
    For 0: INHIB(in[5], in[4])
    For 1: NOT(in[4]), NAND(in[3], in[4]), NAND(in[4], in[6])
  Output bit 7: Ambiguous (3 candidates predict 0, 6 predict 1)
    For 0: ID(in[0]), XOR(in[1], in[5]), OR(in[0], in[2])
    For 1: NAND(in[1], in[5]), IMPL(in[1], in[0]), IMPL(in[1], in[2])

Step 2: No strong shift pattern detected.

Step 3: Resolve ambiguous bits using structural patterns.
  Bit 2: Resolved via pair/structure pattern -> value = 1

Step 4: Resolve remaining 3 ambiguous bit(s) by scoring all combinations.
  Ambiguous positions: [5, 6, 7]
  Scoring considers: operation priors, complexity, template consistency, shift alignment.
  Bit 5 -> 1
  Bit 6 -> 1
  Bit 7 -> 0

Step 5: Combine all bits to form the output.
  bit0=1(unambig) | bit1=1(unambig) | bit2=1(ctx) | bit3=1(unambig) | bit4=1(unambig) | bit5=1(scored) | bit6=1(scored) | bit7=0(scored)

The answer is 11111110.",Bit Manipulation,low,bf,3
abb5d597,"In Alice's Wonderland, a secret bit manipulation rule transforms 8-bit binary numbers. The transformation involves operations like bit shifts, rotations, XOR, AND, OR, NOT, and possibly majority or choice functions.

Here are some examples of input -> output:
10101010 -> 00101010
10001001 -> 00100010
00111000 -> 00001110
11011100 -> 00110111
01111100 -> 00011111
00110101 -> 00001101
01010001 -> 00010100

Now, determine the output for: 11100011",00111000,"I need to find the secret bit manipulation rule from the examples.

Given 7 examples:
  10101010 -> 00101010
  10001001 -> 00100010
  00111000 -> 00001110
  11011100 -> 00110111
  01111100 -> 00011111
  00110101 -> 00001101
  01010001 -> 00010100

Query: 11100011

Step 1: Check for whole-byte patterns.
  Mixed shift pattern detected.
  Rule: some output bits are shifted copies, rest use a uniform 2-input function.

Step 2: Apply the pattern to the query.
  11100011 -> 01111000

The answer is 01111000.",Bit Manipulation,high,w_mix,0
abb9c33a,"In Alice's Wonderland, a secret bit manipulation rule transforms 8-bit binary numbers. The transformation involves operations like bit shifts, rotations, XOR, AND, OR, NOT, and possibly majority or choice functions.

Here are some examples of input -> output:
10101001 -> 01111101
00110100 -> 10101111
10100001 -> 01011101
01110001 -> 00011110
11001011 -> 10111001
11100001 -> 01011100
01000110 -> 00101110
00011000 -> 10011111
10110101 -> 10011111
00010010 -> 11110111

Now, determine the output for: 11000100",01111100,"I need to find the secret bit manipulation rule from the examples.

Given 10 examples:
  10101001 -> 01111101
  00110100 -> 10101111
  10100001 -> 01011101
  01110001 -> 00011110
  11001011 -> 10111001
  11100001 -> 01011100
  01000110 -> 00101110
  00011000 -> 10011111
  10110101 -> 10011111
  00010010 -> 11110111

Query: 11000100

Step 1: Analyze each output bit as an independent boolean function of input bits.

  Output bit 0: All 1 candidates agree -> value = 0
    Best match: XNOR(in[2], in[5]) = 0
  Output bit 1: All 1 candidates agree -> value = 1
    Best match: XNOR(in[3], in[6]) = 1
  Output bit 2: All 1 candidates agree -> value = 1
    Best match: XNOR(in[4], in[7]) = 1
  Output bit 3: Ambiguous (1 candidates predict 0, 1 predict 1)
    For 0: IMPL(in[5], in[7])
    For 1: IMPL(in[5], in[0])
  Output bit 4: All 2 candidates agree -> value = 1
    Best match: NAND(in[3], in[6]) = 1
  Output bit 5: Ambiguous (1 candidates predict 0, 5 predict 1)
    For 0: IMPL(in[0], in[2])
    For 1: NAND(in[0], in[6]), NAND(in[1], in[4]), NAND(in[4], in[6])
  Output bit 6: Ambiguous (1 candidates predict 0, 3 predict 1)
    For 0: IMPL(in[0], in[3])
    For 1: OR(in[3], in[5]), IMPL(in[0], in[5]), IMPL(in[7], in[3])
  Output bit 7: All 1 candidates agree -> value = 0
    Best match: IMPL(in[1], in[4]) = 0

Step 2: No strong shift pattern detected.

Step 3: No additional bits resolved by context propagation.

Step 4: Resolve remaining 3 ambiguous bit(s) by scoring all combinations.
  Ambiguous positions: [3, 5, 6]
  Scoring considers: operation priors, complexity, template consistency, shift alignment.
  Bit 3 -> 0
  Bit 5 -> 1
  Bit 6 -> 1

Step 5: Combine all bits to form the output.
  bit0=0(unambig) | bit1=1(unambig) | bit2=1(unambig) | bit3=0(scored) | bit4=1(unambig) | bit5=1(scored) | bit6=1(scored) | bit7=0(unambig)

The answer is 01101110.",Bit Manipulation,low,bf,3
abda193b,"In Alice's Wonderland, a secret bit manipulation rule transforms 8-bit binary numbers. The transformation involves operations like bit shifts, rotations, XOR, AND, OR, NOT, and possibly majority or choice functions.

Here are some examples of input -> output:
01111001 -> 10001111
00100000 -> 01111111
10101100 -> 10001111
01100011 -> 01000110
00111010 -> 10110111
00101011 -> 11100011
10000001 -> 11101001
00110101 -> 01111011
01000101 -> 10111110

Now, determine the output for: 01111100",11001111,"I need to find the secret bit manipulation rule from the examples.

Given 9 examples:
  01111001 -> 10001111
  00100000 -> 01111111
  10101100 -> 10001111
  01100011 -> 01000110
  00111010 -> 10110111
  00101011 -> 11100011
  10000001 -> 11101001
  00110101 -> 01111011
  01000101 -> 10111110

Query: 01111100

Step 1: Analyze each output bit as an independent boolean function of input bits.

  Output bit 0: All 2 candidates agree -> value = 1
    Best match: XNOR(in[2], in[4]) = 1
  Output bit 1: All 1 candidates agree -> value = 1
    Best match: XNOR(in[3], in[5]) = 1
  Output bit 2: All 1 candidates agree -> value = 0
    Best match: XNOR(in[4], in[6]) = 0
  Output bit 3: All 1 candidates agree -> value = 0
    Best match: XNOR(in[5], in[7]) = 0
  Output bit 4: All 4 candidates agree -> value = 1
    Best match: NOT(in[6]) = 1
  Output bit 5: Ambiguous (1 candidates predict 0, 1 predict 1)
    For 0: XNOR(in[1], in[7])
    For 1: IMPL(in[7], in[1])
  Output bit 6: All 6 candidates agree -> value = 1
    Best match: OR(in[1], in[2]) = 1
  Output bit 7: All 2 candidates agree -> value = 1
    Best match: IMPL(in[1], in[3]) = 1

Step 2: Identify structural patterns.
  Confirmed bit mappings: bit4<-in[6](shift=2)
  Dominant shift = 2 (weight 5)

Step 3: Resolve ambiguous bits using structural patterns.
  Bit 5: Resolved via pair/structure pattern -> value = 0

Step 4: All bits resolved without brute-force.

Step 5: Combine all bits to form the output.
  bit0=1(unambig) | bit1=1(unambig) | bit2=0(unambig) | bit3=0(unambig) | bit4=1(unambig) | bit5=0(ctx) | bit6=1(unambig) | bit7=1(unambig)

The answer is 11001011.",Bit Manipulation,high,ctx,0
ae566562,"In Alice's Wonderland, a secret bit manipulation rule transforms 8-bit binary numbers. The transformation involves operations like bit shifts, rotations, XOR, AND, OR, NOT, and possibly majority or choice functions.

Here are some examples of input -> output:
00010010 -> 11000010
00011011 -> 11100011
11011100 -> 10011011
00000110 -> 11000000
11001110 -> 11011001
01101110 -> 11001101
00111111 -> 11100111

Now, determine the output for: 11001101",11111001,"I need to find the secret bit manipulation rule from the examples.

Given 7 examples:
  00010010 -> 11000010
  00011011 -> 11100011
  11011100 -> 10011011
  00000110 -> 11000000
  11001110 -> 11011001
  01101110 -> 11001101
  00111111 -> 11100111

Query: 11001101

Step 1: Check for whole-byte patterns.
  Mixed shift pattern detected.
  Rule: some output bits are shifted copies, rest use a uniform 2-input function.

Step 2: Apply the pattern to the query.
  11001101 -> 10111001

The answer is 10111001.",Bit Manipulation,high,w_mix,0
aedef8e4,"In Alice's Wonderland, a secret bit manipulation rule transforms 8-bit binary numbers. The transformation involves operations like bit shifts, rotations, XOR, AND, OR, NOT, and possibly majority or choice functions.

Here are some examples of input -> output:
10111111 -> 11110001
00100100 -> 01000000
10010101 -> 01010001
10111001 -> 10010001
01101111 -> 11110000
00001110 -> 11100000
00100110 -> 01100000
10010000 -> 00000001

Now, determine the output for: 01010001",00010000,"I need to find the secret bit manipulation rule from the examples.

Given 8 examples:
  10111111 -> 11110001
  00100100 -> 01000000
  10010101 -> 01010001
  10111001 -> 10010001
  01101111 -> 11110000
  00001110 -> 11100000
  00100110 -> 01100000
  10010000 -> 00000001

Query: 01010001

Step 1: Analyze each output bit as an independent boolean function of input bits.

  Output bit 0: Ambiguous (1 candidates predict 0, 1 predict 1)
    For 0: ID(in[4])
    For 1: OR(in[1], in[4])
  Output bit 1: Ambiguous (3 candidates predict 0, 2 predict 1)
    For 0: ID(in[5]), OR(in[5], in[6]), IMPL(in[3], in[5])
    For 1: OR(in[1], in[5]), IMPL(in[0], in[5])
  Output bit 2: Ambiguous (2 candidates predict 0, 1 predict 1)
    For 0: ID(in[6]), AND(in[5], in[6])
    For 1: OR(in[1], in[6])
  Output bit 3: All 2 candidates agree -> value = 1
    Best match: ID(in[7]) = 1
  Output bit 4: Ambiguous (6 candidates predict 0, 8 predict 1)
    For 0: AND(in[0], in[1]), NOR(in[3], in[5]), INHIB(in[0], in[3])
    For 1: AND(in[1], in[3]), XOR(in[0], in[3]), NOR(in[0], in[5])
  Output bit 5: Ambiguous (6 candidates predict 0, 8 predict 1)
    For 0: AND(in[0], in[1]), NOR(in[3], in[5]), INHIB(in[0], in[3])
    For 1: AND(in[1], in[3]), XOR(in[0], in[3]), NOR(in[0], in[5])
  Output bit 6: Ambiguous (6 candidates predict 0, 8 predict 1)
    For 0: AND(in[0], in[1]), NOR(in[3], in[5]), INHIB(in[0], in[3])
    For 1: AND(in[1], in[3]), XOR(in[0], in[3]), NOR(in[0], in[5])
  Output bit 7: Ambiguous (4 candidates predict 0, 4 predict 1)
    For 0: ID(in[0]), AND(in[0], in[3]), INHIB(in[0], in[1])
    For 1: ID(in[3]), OR(in[0], in[3]), IMPL(in[5], in[0])

Step 2: Identify structural patterns.
  Confirmed bit mappings: bit0<-in[4](shift=4), bit1<-in[5](shift=4), bit2<-in[6](shift=4), bit3<-in[7](shift=4), bit7<-in[3](shift=4)
  Dominant shift = 4 (weight 9)

Step 3: Resolve ambiguous bits using structural patterns.
  Bit 0: Using shift=4, source = in[4] -> value = 0
  Bit 1: Using shift=4, source = in[5] -> value = 0
  Bit 2: Using shift=4, source = in[6] -> value = 0
  Bit 7: Using shift=4, source = in[3] -> value = 1

Step 4: Resolve remaining 3 ambiguous bit(s) by scoring all combinations.
  Ambiguous positions: [4, 5, 6]
  Scoring considers: operation priors, complexity, template consistency, shift alignment.
  Bit 4 -> 0
  Bit 5 -> 1
  Bit 6 -> 1

Step 5: Combine all bits to form the output.
  bit0=0(ctx) | bit1=0(ctx) | bit2=0(ctx) | bit3=1(unambig) | bit4=0(scored) | bit5=1(scored) | bit6=1(scored) | bit7=1(ctx)

The answer is 00010111.",Bit Manipulation,low,bf,3
b1de518a,"In Alice's Wonderland, a secret bit manipulation rule transforms 8-bit binary numbers. The transformation involves operations like bit shifts, rotations, XOR, AND, OR, NOT, and possibly majority or choice functions.

Here are some examples of input -> output:
00110100 -> 00110111
10101101 -> 11011101
01001111 -> 00010001
01000110 -> 01001011
01001100 -> 00001111
01111011 -> 11011111
10100110 -> 10010110

Now, determine the output for: 10101110",11000111,"I need to find the secret bit manipulation rule from the examples.

Given 7 examples:
  00110100 -> 00110111
  10101101 -> 11011101
  01001111 -> 00010001
  01000110 -> 01001011
  01001100 -> 00001111
  01111011 -> 11011111
  10100110 -> 10010110

Query: 10101110

Step 1: Analyze each output bit as an independent boolean function of input bits.

  Output bit 0: All 3 candidates agree -> value = 1
    Best match: XNOR(in[0], in[5]) = 1
  Output bit 1: All 1 candidates agree -> value = 1
    Best match: XNOR(in[2], in[4]) = 1
  Output bit 2: All 9 candidates agree -> value = 0
    Best match: AND(in[3], in[5]) = 0
  Output bit 3: All 2 candidates agree -> value = 1
    Best match: OR(in[2], in[7]) = 1
  Output bit 4: All 1 candidates agree -> value = 0
    Best match: XNOR(in[2], in[7]) = 0
  Output bit 5: All 1 candidates agree -> value = 1
    Best match: IMPL(in[6], in[2]) = 1
  Output bit 6: All 3 candidates agree -> value = 1
    Best match: XOR(in[5], in[7]) = 1
  Output bit 7: Ambiguous (3 candidates predict 0, 1 predict 1)
    For 0: NAND(in[0], in[6]), IMPL(in[0], in[7]), IMPL(in[6], in[1])
    For 1: IMPL(in[0], in[4])

Step 2: No strong shift pattern detected.

Step 3: No additional bits resolved by context propagation.

Step 4: Resolve remaining 1 ambiguous bit(s) by scoring all combinations.
  Ambiguous positions: [7]
  Scoring considers: operation priors, complexity, template consistency, shift alignment.
  Bit 7 -> 0

Step 5: Combine all bits to form the output.
  bit0=1(unambig) | bit1=1(unambig) | bit2=0(unambig) | bit3=1(unambig) | bit4=0(unambig) | bit5=1(unambig) | bit6=1(unambig) | bit7=0(scored)

The answer is 11010110.",Bit Manipulation,low,bf,1
b236ba44,"In Alice's Wonderland, a secret bit manipulation rule transforms 8-bit binary numbers. The transformation involves operations like bit shifts, rotations, XOR, AND, OR, NOT, and possibly majority or choice functions.

Here are some examples of input -> output:
01111111 -> 10111111
01001101 -> 01101110
10110101 -> 11111011
01100110 -> 01110111
11001011 -> 01110101
00100100 -> 01111111
10010010 -> 11111101

Now, determine the output for: 10001000",11011101,"I need to find the secret bit manipulation rule from the examples.

Given 7 examples:
  01111111 -> 10111111
  01001101 -> 01101110
  10110101 -> 11111011
  01100110 -> 01110111
  11001011 -> 01110101
  00100100 -> 01111111
  10010010 -> 11111101

Query: 10001000

Step 1: Analyze each output bit as an independent boolean function of input bits.

  Output bit 0: Ambiguous (1 candidates predict 0, 1 predict 1)
    For 0: ID(in[3])
    For 1: XNOR(in[2], in[7])
  Output bit 1: All 4 candidates agree -> value = 1
    Best match: NAND(in[1], in[3]) = 1
  Output bit 2: Ambiguous (3 candidates predict 0, 3 predict 1)
    For 0: OR(in[5], in[6]), IMPL(in[4], in[1]), IMPL(in[4], in[7])
    For 1: OR(in[0], in[5]), IMPL(in[2], in[5]), C1
  Output bit 3: Ambiguous (2 candidates predict 0, 4 predict 1)
    For 0: OR(in[2], in[6]), IMPL(in[4], in[6])
    For 1: OR(in[0], in[2]), XNOR(in[2], in[5]), IMPL(in[1], in[6])
  Output bit 4: All 1 candidates agree -> value = 1
    Best match: IMPL(in[6], in[3]) = 1
  Output bit 5: Ambiguous (2 candidates predict 0, 6 predict 1)
    For 0: XNOR(in[4], in[7]), IMPL(in[0], in[6])
    For 1: XOR(in[0], in[5]), NAND(in[0], in[2]), NAND(in[0], in[5])
  Output bit 6: Ambiguous (4 candidates predict 0, 3 predict 1)
    For 0: ID(in[5]), OR(in[2], in[5]), IMPL(in[0], in[2])
    For 1: NAND(in[0], in[6]), IMPL(in[6], in[2]), IMPL(in[6], in[5])
  Output bit 7: Ambiguous (2 candidates predict 0, 4 predict 1)
    For 0: OR(in[2], in[6]), IMPL(in[4], in[6])
    For 1: OR(in[0], in[2]), XNOR(in[2], in[5]), IMPL(in[1], in[6])

Step 2: No strong shift pattern detected.

Step 3: Resolve ambiguous bits using structural patterns.
  Bit 2: Resolved via pair/structure pattern -> value = 0
  Bit 3: Resolved via pair/structure pattern -> value = 1
  Bit 5: Resolved via pair/structure pattern -> value = 1
  Bit 6: Resolved via pair/structure pattern -> value = 0
  Bit 7: Resolved via pair/structure pattern -> value = 1

Step 4: Resolve remaining 1 ambiguous bit(s) by scoring all combinations.
  Ambiguous positions: [0]
  Scoring considers: operation priors, complexity, template consistency, shift alignment.
  Bit 0 -> 0

Step 5: Combine all bits to form the output.
  bit0=0(scored) | bit1=1(unambig) | bit2=0(ctx) | bit3=1(ctx) | bit4=1(unambig) | bit5=1(ctx) | bit6=0(ctx) | bit7=1(ctx)

The answer is 01011101.",Bit Manipulation,low,bf,1
b275443b,"In Alice's Wonderland, a secret bit manipulation rule transforms 8-bit binary numbers. The transformation involves operations like bit shifts, rotations, XOR, AND, OR, NOT, and possibly majority or choice functions.

Here are some examples of input -> output:
00111100 -> 01111111
11001001 -> 01111010
00001101 -> 11010011
01100100 -> 10111111
11111110 -> 11000111
00100111 -> 00100101
00101111 -> 00010111
00011100 -> 10110111

Now, determine the output for: 10100001",00111000,"I need to find the secret bit manipulation rule from the examples.

Given 8 examples:
  00111100 -> 01111111
  11001001 -> 01111010
  00001101 -> 11010011
  01100100 -> 10111111
  11111110 -> 11000111
  00100111 -> 00100101
  00101111 -> 00010111
  00011100 -> 10110111

Query: 10100001

Step 1: Analyze each output bit as an independent boolean function of input bits.

  Output bit 0: All 1 candidates agree -> value = 0
    Best match: XNOR(in[1], in[2]) = 0
  Output bit 1: All 1 candidates agree -> value = 0
    Best match: XNOR(in[2], in[3]) = 0
  Output bit 2: All 1 candidates agree -> value = 1
    Best match: XOR3(in[1], in[4], in[7]) = 1
  Output bit 3: All 1 candidates agree -> value = 1
    Best match: NAND(XNOR)(in[0], in[4], in[6]) = 1
  Output bit 4: All 1 candidates agree -> value = 1
    Best match: XOR(OR)(in[0], in[2], in[6]) = 1
  Output bit 5: Ambiguous (1 candidates predict 0, 2 predict 1)
    For 0: IMPL(in[7], in[6])
    For 1: OR(in[2], in[3]), IMPL(in[7], in[2])
  Output bit 6: Ambiguous (2 candidates predict 0, 1 predict 1)
    For 0: OR(in[1], in[4]), IMPL(in[7], in[4])
    For 1: IMPL(in[6], in[4])
  Output bit 7: Ambiguous (8 candidates predict 0, 6 predict 1)
    For 0: ID(in[5]), OR(in[3], in[5]), OR(in[5], in[6])
    For 1: OR(in[2], in[5]), NAND(in[1], in[7]), IMPL(in[0], in[2])

Step 2: No strong shift pattern detected.

Step 3: No additional bits resolved by context propagation.

Step 4: Resolve remaining 3 ambiguous bit(s) by scoring all combinations.
  Ambiguous positions: [5, 6, 7]
  Scoring considers: operation priors, complexity, template consistency, shift alignment.
  Bit 5 -> 1
  Bit 6 -> 0
  Bit 7 -> 0

Step 5: Combine all bits to form the output.
  bit0=0(unambig) | bit1=0(unambig) | bit2=1(unambig) | bit3=1(unambig) | bit4=1(unambig) | bit5=1(scored) | bit6=0(scored) | bit7=0(scored)

The answer is 00111100.",Bit Manipulation,low,bf,3
b2bdef43,"In Alice's Wonderland, a secret bit manipulation rule transforms 8-bit binary numbers. The transformation involves operations like bit shifts, rotations, XOR, AND, OR, NOT, and possibly majority or choice functions.

Here are some examples of input -> output:
01000000 -> 11111111
11001010 -> 01111111
00001010 -> 01111111
00111110 -> 01111111
01111011 -> 10111111
00101000 -> 11111111
00000101 -> 00111111
01111111 -> 10111111

Now, determine the output for: 11110010",01111111,"I need to find the secret bit manipulation rule from the examples.

Given 8 examples:
  01000000 -> 11111111
  11001010 -> 01111111
  00001010 -> 01111111
  00111110 -> 01111111
  01111011 -> 10111111
  00101000 -> 11111111
  00000101 -> 00111111
  01111111 -> 10111111

Query: 11110010

Step 1: Analyze each output bit as an independent boolean function of input bits.

  Output bit 0: All 1 candidates agree -> value = 0
    Best match: XNOR(in[6], in[7]) = 0
  Output bit 1: All 2 candidates agree -> value = 1
    Best match: NOT(in[7]) = 1
  Output bit 2: Ambiguous (6 candidates predict 0, 7 predict 1)
    For 0: NAND(in[0], in[2]), NAND(in[0], in[3]), IMPL(in[0], in[4])
    For 1: NAND(in[0], in[5]), NAND(in[0], in[7]), IMPL(in[0], in[1])
  Output bit 3: Ambiguous (6 candidates predict 0, 7 predict 1)
    For 0: NAND(in[0], in[2]), NAND(in[0], in[3]), IMPL(in[0], in[4])
    For 1: NAND(in[0], in[5]), NAND(in[0], in[7]), IMPL(in[0], in[1])
  Output bit 4: Ambiguous (6 candidates predict 0, 7 predict 1)
    For 0: NAND(in[0], in[2]), NAND(in[0], in[3]), IMPL(in[0], in[4])
    For 1: NAND(in[0], in[5]), NAND(in[0], in[7]), IMPL(in[0], in[1])
  Output bit 5: Ambiguous (6 candidates predict 0, 7 predict 1)
    For 0: NAND(in[0], in[2]), NAND(in[0], in[3]), IMPL(in[0], in[4])
    For 1: NAND(in[0], in[5]), NAND(in[0], in[7]), IMPL(in[0], in[1])
  Output bit 6: Ambiguous (6 candidates predict 0, 7 predict 1)
    For 0: NAND(in[0], in[2]), NAND(in[0], in[3]), IMPL(in[0], in[4])
    For 1: NAND(in[0], in[5]), NAND(in[0], in[7]), IMPL(in[0], in[1])
  Output bit 7: Ambiguous (6 candidates predict 0, 7 predict 1)
    For 0: NAND(in[0], in[2]), NAND(in[0], in[3]), IMPL(in[0], in[4])
    For 1: NAND(in[0], in[5]), NAND(in[0], in[7]), IMPL(in[0], in[1])

Step 2: Identify structural patterns.
  Confirmed bit mappings: bit1<-in[7](shift=6)
  Dominant shift = 6 (weight 5)

Step 3: Resolve ambiguous bits using structural patterns.
  Bit 2: Resolved via pair/structure pattern -> value = 1
  Bit 4: Resolved via pair/structure pattern -> value = 1
  Bit 5: Resolved via pair/structure pattern -> value = 0

Step 4: Resolve remaining 3 ambiguous bit(s) by scoring all combinations.
  Ambiguous positions: [3, 6, 7]
  Scoring considers: operation priors, complexity, template consistency, shift alignment.
  Bit 3 -> 1
  Bit 6 -> 1
  Bit 7 -> 1

Step 5: Combine all bits to form the output.
  bit0=0(unambig) | bit1=1(unambig) | bit2=1(ctx) | bit3=1(scored) | bit4=1(ctx) | bit5=0(ctx) | bit6=1(scored) | bit7=1(scored)

The answer is 01111011.",Bit Manipulation,low,bf,3
b3ce071c,"In Alice's Wonderland, a secret bit manipulation rule transforms 8-bit binary numbers. The transformation involves operations like bit shifts, rotations, XOR, AND, OR, NOT, and possibly majority or choice functions.

Here are some examples of input -> output:
11111001 -> 11111111
11010101 -> 00011010
01100001 -> 10111100
00111001 -> 01101111
10001110 -> 11011001
00110101 -> 01000111
11010001 -> 00011010
11101010 -> 10011101

Now, determine the output for: 10000001",11111011,"I need to find the secret bit manipulation rule from the examples.

Given 8 examples:
  11111001 -> 11111111
  11010101 -> 00011010
  01100001 -> 10111100
  00111001 -> 01101111
  10001110 -> 11011001
  00110101 -> 01000111
  11010001 -> 00011010
  11101010 -> 10011101

Query: 10000001

Step 1: Analyze each output bit as an independent boolean function of input bits.

  Output bit 0: All 1 candidates agree -> value = 1
    Best match: XNOR(in[1], in[2]) = 1
  Output bit 1: All 1 candidates agree -> value = 1
    Best match: XNOR(in[2], in[3]) = 1
  Output bit 2: All 1 candidates agree -> value = 1
    Best match: XNOR(in[3], in[4]) = 1
  Output bit 3: Ambiguous (2 candidates predict 0, 4 predict 1)
    For 0: OR(in[1], in[6]), IMPL(in[7], in[1])
    For 1: OR(in[0], in[1]), IMPL(in[2], in[1]), IMPL(in[3], in[0])
  Output bit 4: Ambiguous (1 candidates predict 0, 2 predict 1)
    For 0: OR(in[1], in[4])
    For 1: NAND(in[2], in[5]), IMPL(in[5], in[0])
  Output bit 5: All 2 candidates agree -> value = 0
    Best match: ID(in[2]) = 0
  Output bit 6: All 3 candidates agree -> value = 0
    Best match: ID(in[3]) = 0
  Output bit 7: All 1 candidates agree -> value = 1
    Best match: IMPL(in[1], in[4]) = 1

Step 2: Identify structural patterns.
  Confirmed bit mappings: bit5<-in[2](shift=5), bit6<-in[3](shift=5)
  Dominant shift = 5 (weight 10)

Step 3: No additional bits resolved by context propagation.

Step 4: Resolve remaining 2 ambiguous bit(s) by scoring all combinations.
  Ambiguous positions: [3, 4]
  Scoring considers: operation priors, complexity, template consistency, shift alignment.
  Bit 3 -> 1
  Bit 4 -> 1

Step 5: Combine all bits to form the output.
  bit0=1(unambig) | bit1=1(unambig) | bit2=1(unambig) | bit3=1(scored) | bit4=1(scored) | bit5=0(unambig) | bit6=0(unambig) | bit7=1(unambig)

The answer is 11111001.",Bit Manipulation,low,bf,2
b4229b4a,"In Alice's Wonderland, a secret bit manipulation rule transforms 8-bit binary numbers. The transformation involves operations like bit shifts, rotations, XOR, AND, OR, NOT, and possibly majority or choice functions.

Here are some examples of input -> output:
01110110 -> 11100111
10110010 -> 10110101
11110100 -> 10101110
10000100 -> 11111111
01111110 -> 11000111
01111100 -> 11001110
10101111 -> 11101011

Now, determine the output for: 00001101",11111011,"I need to find the secret bit manipulation rule from the examples.

Given 7 examples:
  01110110 -> 11100111
  10110010 -> 10110101
  11110100 -> 10101110
  10000100 -> 11111111
  01111110 -> 11000111
  01111100 -> 11001110
  10101111 -> 11101011

Query: 00001101

Step 1: Analyze each output bit as an independent boolean function of input bits.

  Output bit 0: Ambiguous (7 candidates predict 0, 15 predict 1)
    For 0: OR(in[0], in[1]), OR(in[0], in[2]), OR(in[0], in[3])
    For 1: OR(in[0], in[5]), OR(in[2], in[5]), OR(in[3], in[5])
  Output bit 1: Ambiguous (1 candidates predict 0, 1 predict 1)
    For 0: XOR(in[0], in[3])
    For 1: NAND(in[0], in[3])
  Output bit 2: Ambiguous (1 candidates predict 0, 4 predict 1)
    For 0: IMPL(in[4], in[0])
    For 1: XNOR(in[4], in[7]), NAND(in[1], in[4]), NAND(in[3], in[4])
  Output bit 3: Ambiguous (3 candidates predict 0, 2 predict 1)
    For 0: XNOR(in[1], in[7]), NOR(in[1], in[4]), NOR(in[1], in[7])
    For 1: XOR(in[2], in[5]), NAND(in[2], in[5])
  Output bit 4: Ambiguous (1 candidates predict 0, 2 predict 1)
    For 0: XNOR(in[6], in[7])
    For 1: NAND(in[3], in[6]), IMPL(in[6], in[7])
  Output bit 5: Ambiguous (7 candidates predict 0, 7 predict 1)
    For 0: NOT(in[7]), NAND(in[4], in[7]), NAND(in[5], in[7])
    For 1: XNOR(in[2], in[3]), NAND(in[0], in[4]), NAND(in[0], in[7])
  Output bit 6: All 10 candidates agree -> value = 1
    Best match: ID(in[5]) = 1
  Output bit 7: All 4 candidates agree -> value = 1
    Best match: XNOR(in[2], in[6]) = 1

Step 2: Identify structural patterns.
  Confirmed bit mappings: bit6<-in[5](shift=7)
  Dominant shift = 7 (weight 5)

Step 3: Resolve ambiguous bits using structural patterns.
  Bit 0: Resolved via pair/structure pattern -> value = 1
  Bit 5: Resolved via pair/structure pattern -> value = 0

Step 4: Resolve remaining 4 ambiguous bit(s) by scoring all combinations.
  Ambiguous positions: [1, 2, 3, 4]
  Scoring considers: operation priors, complexity, template consistency, shift alignment.
  Bit 1 -> 0
  Bit 2 -> 1
  Bit 3 -> 0
  Bit 4 -> 0

Step 5: Combine all bits to form the output.
  bit0=1(ctx) | bit1=0(scored) | bit2=1(scored) | bit3=0(scored) | bit4=0(scored) | bit5=0(ctx) | bit6=1(unambig) | bit7=1(unambig)

The answer is 10100011.",Bit Manipulation,low,bf,4
b45003a6,"In Alice's Wonderland, a secret bit manipulation rule transforms 8-bit binary numbers. The transformation involves operations like bit shifts, rotations, XOR, AND, OR, NOT, and possibly majority or choice functions.

Here are some examples of input -> output:
01111010 -> 01001111
11011011 -> 01111011
10001101 -> 00110001
00110010 -> 01000110
10100110 -> 11010100
11101110 -> 11011101
00011111 -> 01100011

Now, determine the output for: 10110101",00110110,"I need to find the secret bit manipulation rule from the examples.

Given 7 examples:
  01111010 -> 01001111
  11011011 -> 01111011
  10001101 -> 00110001
  00110010 -> 01000110
  10100110 -> 11010100
  11101110 -> 11011101
  00011111 -> 01100011

Query: 10110101

Step 1: Check for whole-byte patterns.
  Mixed shift pattern detected.
  Rule: some output bits are shifted copies, rest use a uniform 2-input function.

Step 2: Apply the pattern to the query.
  10110101 -> 10110110

The answer is 10110110.",Bit Manipulation,high,w_mix,0
b4ddb69d,"In Alice's Wonderland, a secret bit manipulation rule transforms 8-bit binary numbers. The transformation involves operations like bit shifts, rotations, XOR, AND, OR, NOT, and possibly majority or choice functions.

Here are some examples of input -> output:
00110000 -> 00000110
00011110 -> 10001011
11111101 -> 01111111
01000000 -> 00001000
01101010 -> 01100101
10100110 -> 01010100
10010101 -> 11100010
11011100 -> 11101011

Now, determine the output for: 00000000",00000000,"I need to find the secret bit manipulation rule from the examples.

Given 8 examples:
  00110000 -> 00000110
  00011110 -> 10001011
  11111101 -> 01111111
  01000000 -> 00001000
  01101010 -> 01100101
  10100110 -> 01010100
  10010101 -> 11100010
  11011100 -> 11101011

Query: 00000000

Step 1: Analyze each output bit as an independent boolean function of input bits.

  Output bit 0: All 2 candidates agree -> value = 0
    Best match: INHIB(in[3], in[2]) = 0
  Output bit 1: All 1 candidates agree -> value = 0
    Best match: OR(AND)(in[1], in[2], in[0]) = 0
  Output bit 2: All 1 candidates agree -> value = 0
    Best match: XOR(in[5], in[6]) = 0
  Output bit 3: All 2 candidates agree -> value = 0
    Best match: AND(in[0], in[2]) = 0
  Output bit 4: All 1 candidates agree -> value = 1
    Best match: XNOR(in[2], in[7]) = 1
  Output bit 5: All 1 candidates agree -> value = 0
    Best match: ID(in[2]) = 0
  Output bit 6: All 2 candidates agree -> value = 0
    Best match: ID(in[3]) = 0
  Output bit 7: All 1 candidates agree -> value = 0
    Best match: ID(in[4]) = 0

Step 2: Identify structural patterns.
  Confirmed bit mappings: bit5<-in[2](shift=5), bit6<-in[3](shift=5), bit7<-in[4](shift=5)
  Dominant shift = 5 (weight 15)

Step 3: No additional bits resolved by context propagation.

Step 4: All bits resolved without brute-force.

Step 5: Combine all bits to form the output.
  bit0=0(unambig) | bit1=0(unambig) | bit2=0(unambig) | bit3=0(unambig) | bit4=1(unambig) | bit5=0(unambig) | bit6=0(unambig) | bit7=0(unambig)

The answer is 00001000.",Bit Manipulation,high,ctx,0
b61afd75,"In Alice's Wonderland, a secret bit manipulation rule transforms 8-bit binary numbers. The transformation involves operations like bit shifts, rotations, XOR, AND, OR, NOT, and possibly majority or choice functions.

Here are some examples of input -> output:
01011110 -> 11010111
01010010 -> 10010101
00001111 -> 11101111
00011111 -> 11101111
11011001 -> 01100110
11100111 -> 01001011
01100111 -> 01111011
10111011 -> 00011110
11010101 -> 00100101
00100110 -> 01011011

Now, determine the output for: 11110101",00101101,"I need to find the secret bit manipulation rule from the examples.

Given 10 examples:
  01011110 -> 11010111
  01010010 -> 10010101
  00001111 -> 11101111
  00011111 -> 11101111
  11011001 -> 01100110
  11100111 -> 01001011
  01100111 -> 01111011
  10111011 -> 00011110
  11010101 -> 00100101
  00100110 -> 01011011

Query: 11110101

Step 1: Analyze each output bit as an independent boolean function of input bits.

  Output bit 0: Ambiguous (3 candidates predict 0, 1 predict 1)
    For 0: XNOR(in[4], in[5]), NOR(in[0], in[2]), INHIB(in[6], in[2])
    For 1: XOR(in[2], in[6])
  Output bit 1: Ambiguous (1 candidates predict 0, 1 predict 1)
    For 0: XNOR(in[5], in[6])
    For 1: XOR(in[2], in[4])
  Output bit 2: All 1 candidates agree -> value = 0
    Best match: XOR(AND)(in[0], in[2], in[7]) = 0
  Output bit 3: All 1 candidates agree -> value = 0
    Best match: NAND(XNOR)(in[0], in[1], in[7]) = 0
  Output bit 4: Ambiguous (1 candidates predict 0, 1 predict 1)
    For 0: NAND(in[1], in[3])
    For 1: IMPL(in[1], in[2])
  Output bit 5: Ambiguous (2 candidates predict 0, 2 predict 1)
    For 0: NAND(in[2], in[5]), IMPL(in[2], in[4])
    For 1: OR(in[3], in[4]), IMPL(in[2], in[3])
  Output bit 6: Ambiguous (1 candidates predict 0, 1 predict 1)
    For 0: IMPL(in[3], in[4])
    For 1: OR(in[2], in[4])
  Output bit 7: All 4 candidates agree -> value = 1
    Best match: NAND(in[0], in[4]) = 1

Step 2: No strong shift pattern detected.

Step 3: Resolve ambiguous bits using structural patterns.
  Bit 4: Resolved via pair/structure pattern -> value = 1
  Bit 5: Resolved via pair/structure pattern -> value = 1
  Bit 6: Resolved via pair/structure pattern -> value = 0

Step 4: Resolve remaining 2 ambiguous bit(s) by scoring all combinations.
  Ambiguous positions: [0, 1]
  Scoring considers: operation priors, complexity, template consistency, shift alignment.
  Bit 0 -> 0
  Bit 1 -> 0

Step 5: Combine all bits to form the output.
  bit0=0(scored) | bit1=0(scored) | bit2=0(unambig) | bit3=0(unambig) | bit4=1(ctx) | bit5=1(ctx) | bit6=0(ctx) | bit7=1(unambig)

The answer is 00001101.",Bit Manipulation,low,bf,2
b634898d,"In Alice's Wonderland, a secret bit manipulation rule transforms 8-bit binary numbers. The transformation involves operations like bit shifts, rotations, XOR, AND, OR, NOT, and possibly majority or choice functions.

Here are some examples of input -> output:
01011111 -> 11000000
01111110 -> 10000000
00110010 -> 10000000
00101000 -> 00000000
01101101 -> 01000000
01110101 -> 01000000
01000111 -> 11000000
11010110 -> 10000001
01010110 -> 10000000

Now, determine the output for: 01100011",11000000,"I need to find the secret bit manipulation rule from the examples.

Given 9 examples:
  01011111 -> 11000000
  01111110 -> 10000000
  00110010 -> 10000000
  00101000 -> 00000000
  01101101 -> 01000000
  01110101 -> 01000000
  01000111 -> 11000000
  11010110 -> 10000001
  01010110 -> 10000000

Query: 01100011

Step 1: Analyze each output bit as an independent boolean function of input bits.

  Output bit 0: All 3 candidates agree -> value = 1
    Best match: ID(in[6]) = 1
  Output bit 1: Ambiguous (1 candidates predict 0, 3 predict 1)
    For 0: AND(in[5], in[7])
    For 1: ID(in[7]), AND(in[1], in[7]), INHIB(in[7], in[0])
  Output bit 2: Ambiguous (13 candidates predict 0, 3 predict 1)
    For 0: AND(in[0], in[2]), AND(in[0], in[4]), AND(in[0], in[7])
    For 1: XOR(in[1], in[5]), INHIB(in[1], in[5]), INHIB(in[7], in[5])
  Output bit 3: Ambiguous (13 candidates predict 0, 3 predict 1)
    For 0: AND(in[0], in[2]), AND(in[0], in[4]), AND(in[0], in[7])
    For 1: XOR(in[1], in[5]), INHIB(in[1], in[5]), INHIB(in[7], in[5])
  Output bit 4: Ambiguous (13 candidates predict 0, 3 predict 1)
    For 0: AND(in[0], in[2]), AND(in[0], in[4]), AND(in[0], in[7])
    For 1: XOR(in[1], in[5]), INHIB(in[1], in[5]), INHIB(in[7], in[5])
  Output bit 5: Ambiguous (13 candidates predict 0, 3 predict 1)
    For 0: AND(in[0], in[2]), AND(in[0], in[4]), AND(in[0], in[7])
    For 1: XOR(in[1], in[5]), INHIB(in[1], in[5]), INHIB(in[7], in[5])
  Output bit 6: Ambiguous (13 candidates predict 0, 3 predict 1)
    For 0: AND(in[0], in[2]), AND(in[0], in[4]), AND(in[0], in[7])
    For 1: XOR(in[1], in[5]), INHIB(in[1], in[5]), INHIB(in[7], in[5])
  Output bit 7: All 8 candidates agree -> value = 0
    Best match: ID(in[0]) = 0

Step 2: Identify structural patterns.
  Confirmed bit mappings: bit0<-in[6](shift=6), bit1<-in[7](shift=6), bit7<-in[0](shift=1)
  Dominant shift = 6 (weight 6)

Step 3: Resolve ambiguous bits using structural patterns.
  Bit 1: Using shift=6, source = in[7] -> value = 1
  Bit 4: Resolved via pair/structure pattern -> value = 1
  Bit 5: Resolved via pair/structure pattern -> value = 0
  Bit 6: Resolved via pair/structure pattern -> value = 0

Step 4: Resolve remaining 2 ambiguous bit(s) by scoring all combinations.
  Ambiguous positions: [2, 3]
  Scoring considers: operation priors, complexity, template consistency, shift alignment.
  Bit 2 -> 0
  Bit 3 -> 0

Step 5: Combine all bits to form the output.
  bit0=1(unambig) | bit1=1(ctx) | bit2=0(scored) | bit3=0(scored) | bit4=1(ctx) | bit5=0(ctx) | bit6=0(ctx) | bit7=0(unambig)

The answer is 11001000.",Bit Manipulation,low,bf,2
b6cd1807,"In Alice's Wonderland, a secret bit manipulation rule transforms 8-bit binary numbers. The transformation involves operations like bit shifts, rotations, XOR, AND, OR, NOT, and possibly majority or choice functions.

Here are some examples of input -> output:
11000000 -> 11111111
11110010 -> 11101111
01100011 -> 00100111
01001010 -> 00101111
11010010 -> 11101111
11111101 -> 01010111
11110101 -> 00010111
11000110 -> 01001111

Now, determine the output for: 10100110",01001111,"I need to find the secret bit manipulation rule from the examples.

Given 8 examples:
  11000000 -> 11111111
  11110010 -> 11101111
  01100011 -> 00100111
  01001010 -> 00101111
  11010010 -> 11101111
  11111101 -> 01010111
  11110101 -> 00010111
  11000110 -> 01001111

Query: 10100110

Step 1: Analyze each output bit as an independent boolean function of input bits.

  Output bit 0: All 3 candidates agree -> value = 0
    Best match: XOR(in[0], in[5]) = 0
  Output bit 1: All 1 candidates agree -> value = 1
    Best match: XNOR(in[4], in[7]) = 1
  Output bit 2: Ambiguous (3 candidates predict 0, 2 predict 1)
    For 0: NOT(in[5]), NAND(in[0], in[5]), INHIB(in[1], in[5])
    For 1: XOR(in[1], in[5]), NAND(in[1], in[5])
  Output bit 3: Ambiguous (3 candidates predict 0, 2 predict 1)
    For 0: NOT(in[6]), INHIB(in[0], in[6]), INHIB(in[1], in[6])
    For 1: XOR(in[1], in[6]), NAND(in[1], in[6])
  Output bit 4: Ambiguous (2 candidates predict 0, 3 predict 1)
    For 0: XOR(in[1], in[7]), INHIB(in[1], in[7])
    For 1: NOT(in[7]), NAND(in[1], in[7]), NAND(in[2], in[7])
  Output bit 5: Ambiguous (8 candidates predict 0, 12 predict 1)
    For 0: ID(in[1]), OR(in[1], in[3]), OR(in[1], in[4])
    For 1: OR(in[0], in[1]), OR(in[0], in[6]), OR(in[1], in[2])
  Output bit 6: Ambiguous (8 candidates predict 0, 12 predict 1)
    For 0: ID(in[1]), OR(in[1], in[3]), OR(in[1], in[4])
    For 1: OR(in[0], in[1]), OR(in[0], in[6]), OR(in[1], in[2])
  Output bit 7: Ambiguous (8 candidates predict 0, 12 predict 1)
    For 0: ID(in[1]), OR(in[1], in[3]), OR(in[1], in[4])
    For 1: OR(in[0], in[1]), OR(in[0], in[6]), OR(in[1], in[2])

Step 2: No strong shift pattern detected.

Step 3: No additional bits resolved by context propagation.

Step 4: Resolve remaining 6 ambiguous bit(s) by scoring all combinations.
  Ambiguous positions: [2, 3, 4, 5, 6, 7]
  Scoring considers: operation priors, complexity, template consistency, shift alignment.
  Bit 2 -> 0
  Bit 3 -> 0
  Bit 4 -> 1
  Bit 5 -> 0
  Bit 6 -> 0
  Bit 7 -> 0

Step 5: Combine all bits to form the output.
  bit0=0(unambig) | bit1=1(unambig) | bit2=0(scored) | bit3=0(scored) | bit4=1(scored) | bit5=0(scored) | bit6=0(scored) | bit7=0(scored)

The answer is 01001000.",Bit Manipulation,low,bf,6
b72f6f48,"In Alice's Wonderland, a secret bit manipulation rule transforms 8-bit binary numbers. The transformation involves operations like bit shifts, rotations, XOR, AND, OR, NOT, and possibly majority or choice functions.

Here are some examples of input -> output:
00110101 -> 11111110
00000100 -> 10111111
10101011 -> 11010101
01100111 -> 01111011
00001010 -> 11011111
01000010 -> 01111011
01001110 -> 10111111
00001101 -> 01101111

Now, determine the output for: 10001110",11010111,"I need to find the secret bit manipulation rule from the examples.

Given 8 examples:
  00110101 -> 11111110
  00000100 -> 10111111
  10101011 -> 11010101
  01100111 -> 01111011
  00001010 -> 11011111
  01000010 -> 01111011
  01001110 -> 10111111
  00001101 -> 01101111

Query: 10001110

Step 1: Analyze each output bit as an independent boolean function of input bits.

  Output bit 0: All 1 candidates agree -> value = 1
    Best match: XNOR(in[4], in[6]) = 1
  Output bit 1: All 1 candidates agree -> value = 0
    Best match: IMPL(in[5], in[7]) = 0
  Output bit 2: Ambiguous (2 candidates predict 0, 2 predict 1)
    For 0: XNOR(in[1], in[6]), IMPL(in[6], in[1])
    For 1: OR(in[1], in[5]), IMPL(in[4], in[5])
  Output bit 3: All 3 candidates agree -> value = 1
    Best match: XNOR(in[2], in[7]) = 1
  Output bit 4: Ambiguous (5 candidates predict 0, 6 predict 1)
    For 0: NOT(in[0]), NAND(in[0], in[4]), NAND(in[0], in[6])
    For 1: NAND(in[0], in[2]), NAND(in[0], in[7]), NAND(in[2], in[4])
  Output bit 5: All 2 candidates agree -> value = 1
    Best match: IMPL(in[1], in[4]) = 1
  Output bit 6: Ambiguous (5 candidates predict 0, 6 predict 1)
    For 0: NOT(in[0]), NAND(in[0], in[4]), NAND(in[0], in[6])
    For 1: NAND(in[0], in[2]), NAND(in[0], in[7]), NAND(in[2], in[4])
  Output bit 7: All 9 candidates agree -> value = 1
    Best match: NOT(in[3]) = 1

Step 2: Identify structural patterns.
  Confirmed bit mappings: bit4<-in[0](shift=4), bit7<-in[3](shift=4)
  Dominant shift = 4 (weight 6)

Step 3: Resolve ambiguous bits using structural patterns.
  Bit 2: Resolved via pair/structure pattern -> value = 0
  Bit 4: Using shift=4, source = in[0] -> value = 0
  Bit 6: Resolved via pair/structure pattern -> value = 1

Step 4: All bits resolved without brute-force.

Step 5: Combine all bits to form the output.
  bit0=1(unambig) | bit1=0(unambig) | bit2=0(ctx) | bit3=1(unambig) | bit4=0(ctx) | bit5=1(unambig) | bit6=1(ctx) | bit7=1(unambig)

The answer is 10010111.",Bit Manipulation,high,ctx,0
b80795b4,"In Alice's Wonderland, a secret bit manipulation rule transforms 8-bit binary numbers. The transformation involves operations like bit shifts, rotations, XOR, AND, OR, NOT, and possibly majority or choice functions.

Here are some examples of input -> output:
10100010 -> 00010000
11101010 -> 01010110
10001110 -> 01110000
00100001 -> 00001000
00100111 -> 00111000
01110111 -> 10111011
01110100 -> 10100011

Now, determine the output for: 01000010",00010000,"I need to find the secret bit manipulation rule from the examples.

Given 7 examples:
  10100010 -> 00010000
  11101010 -> 01010110
  10001110 -> 01110000
  00100001 -> 00001000
  00100111 -> 00111000
  01110111 -> 10111011
  01110100 -> 10100011

Query: 01000010

Step 1: Check for whole-byte patterns.
  Mixed shift pattern detected.
  Rule: some output bits are shifted copies, rest use a uniform 2-input function.

Step 2: Apply the pattern to the query.
  01000010 -> 00010010

The answer is 00010010.",Bit Manipulation,high,w_mix,0
b82b2a02,"In Alice's Wonderland, a secret bit manipulation rule transforms 8-bit binary numbers. The transformation involves operations like bit shifts, rotations, XOR, AND, OR, NOT, and possibly majority or choice functions.

Here are some examples of input -> output:
10001001 -> 00110101
11011011 -> 01110111
11010000 -> 01011010
01000000 -> 00001000
01101100 -> 10111101
10010110 -> 01001010
01101010 -> 10100101

Now, determine the output for: 01010011",01000110,"I need to find the secret bit manipulation rule from the examples.

Given 7 examples:
  10001001 -> 00110101
  11011011 -> 01110111
  11010000 -> 01011010
  01000000 -> 00001000
  01101100 -> 10111101
  10010110 -> 01001010
  01101010 -> 10100101

Query: 01010011

Step 1: Analyze each output bit as an independent boolean function of input bits.

  Output bit 0: Ambiguous (8 candidates predict 0, 1 predict 1)
    For 0: ID(in[2]), AND(in[1], in[2]), AND(in[2], in[4])
    For 1: XOR(in[4], in[7])
  Output bit 1: Ambiguous (1 candidates predict 0, 2 predict 1)
    For 0: AND(in[0], in[3])
    For 1: ID(in[3]), INHIB(in[3], in[2])
  Output bit 2: Ambiguous (2 candidates predict 0, 3 predict 1)
    For 0: ID(in[4]), OR(in[2], in[4])
    For 1: XOR(in[2], in[7]), OR(in[2], in[7]), OR(in[4], in[7])
  Output bit 3: All 1 candidates agree -> value = 0
    Best match: XOR(in[0], in[5]) = 0
  Output bit 4: Ambiguous (1 candidates predict 0, 1 predict 1)
    For 0: XOR(in[1], in[6])
    For 1: IMPL(in[4], in[5])
  Output bit 5: Ambiguous (2 candidates predict 0, 3 predict 1)
    For 0: ID(in[4]), OR(in[2], in[4])
    For 1: XOR(in[2], in[7]), OR(in[2], in[7]), OR(in[4], in[7])
  Output bit 6: Ambiguous (1 candidates predict 0, 2 predict 1)
    For 0: AND(in[0], in[3])
    For 1: ID(in[3]), INHIB(in[3], in[2])
  Output bit 7: Ambiguous (2 candidates predict 0, 3 predict 1)
    For 0: ID(in[4]), OR(in[2], in[4])
    For 1: XOR(in[2], in[7]), OR(in[2], in[7]), OR(in[4], in[7])

Step 2: No strong shift pattern detected.

Step 3: No additional bits resolved by context propagation.

Step 4: Resolve remaining 7 ambiguous bit(s) by scoring all combinations.
  Ambiguous positions: [0, 1, 2, 4, 5, 6, 7]
  Scoring considers: operation priors, complexity, template consistency, shift alignment.
  Bit 0 -> 0
  Bit 1 -> 1
  Bit 2 -> 0
  Bit 4 -> 0
  Bit 5 -> 0
  Bit 6 -> 1
  Bit 7 -> 0

Step 5: Combine all bits to form the output.
  bit0=0(scored) | bit1=1(scored) | bit2=0(scored) | bit3=0(unambig) | bit4=0(scored) | bit5=0(scored) | bit6=1(scored) | bit7=0(scored)

The answer is 01000010.",Bit Manipulation,low,bf,7
b8722d19,"In Alice's Wonderland, a secret bit manipulation rule transforms 8-bit binary numbers. The transformation involves operations like bit shifts, rotations, XOR, AND, OR, NOT, and possibly majority or choice functions.

Here are some examples of input -> output:
00011101 -> 10001100
11101011 -> 01110111
10101100 -> 01010101
10100000 -> 00000101
00110101 -> 00111001
00011110 -> 10001000
10010010 -> 11011100

Now, determine the output for: 10000100",00100100,"I need to find the secret bit manipulation rule from the examples.

Given 7 examples:
  00011101 -> 10001100
  11101011 -> 01110111
  10101100 -> 01010101
  10100000 -> 00000101
  00110101 -> 00111001
  00011110 -> 10001000
  10010010 -> 11011100

Query: 10000100

Step 1: Analyze each output bit as an independent boolean function of input bits.

  Output bit 0: Ambiguous (1 candidates predict 0, 2 predict 1)
    For 0: INHIB(in[3], in[2])
    For 1: NOR(in[1], in[2]), NOT(in[2])
  Output bit 1: All 1 candidates agree -> value = 1
    Best match: XNOR(in[2], in[4]) = 1
  Output bit 2: Ambiguous (1 candidates predict 0, 1 predict 1)
    For 0: AND(in[2], in[7])
    For 1: XOR(in[4], in[5])
  Output bit 3: All 1 candidates agree -> value = 0
    Best match: XOR(in[3], in[4]) = 0
  Output bit 4: Ambiguous (4 candidates predict 0, 2 predict 1)
    For 0: ID(in[3]), XOR(in[6], in[7]), INHIB(in[3], in[1])
    For 1: NAND(in[0], in[2]), IMPL(in[2], in[3])
  Output bit 5: All 1 candidates agree -> value = 0
    Best match: XNOR(OR)(in[2], in[6], in[0]) = 0
  Output bit 6: All 15 candidates agree -> value = 0
    Best match: ID(in[1]) = 0
  Output bit 7: Ambiguous (2 candidates predict 0, 1 predict 1)
    For 0: ID(in[2]), OR(in[1], in[2])
    For 1: IMPL(in[3], in[2])

Step 2: Identify structural patterns.
  Confirmed bit mappings: bit6<-in[1](shift=3), bit7<-in[2](shift=3)
  Dominant shift = 3 (weight 6)

Step 3: Resolve ambiguous bits using structural patterns.
  Bit 7: Using shift=3, source = in[2] -> value = 0

Step 4: Resolve remaining 3 ambiguous bit(s) by scoring all combinations.
  Ambiguous positions: [0, 2, 4]
  Scoring considers: operation priors, complexity, template consistency, shift alignment.
  Bit 0 -> 1
  Bit 2 -> 0
  Bit 4 -> 0

Step 5: Combine all bits to form the output.
  bit0=1(scored) | bit1=1(unambig) | bit2=0(scored) | bit3=0(unambig) | bit4=0(scored) | bit5=0(unambig) | bit6=0(unambig) | bit7=0(ctx)

The answer is 11000000.",Bit Manipulation,low,bf,3
b8aa3072,"In Alice's Wonderland, a secret bit manipulation rule transforms 8-bit binary numbers. The transformation involves operations like bit shifts, rotations, XOR, AND, OR, NOT, and possibly majority or choice functions.

Here are some examples of input -> output:
11001101 -> 11000110
01111111 -> 00000111
00110010 -> 00010001
11110100 -> 00101010
00110110 -> 00000011
10100010 -> 01011001
00111010 -> 00010101

Now, determine the output for: 00101111",00000011,"I need to find the secret bit manipulation rule from the examples.

Given 7 examples:
  11001101 -> 11000110
  01111111 -> 00000111
  00110010 -> 00010001
  11110100 -> 00101010
  00110110 -> 00000011
  10100010 -> 01011001
  00111010 -> 00010101

Query: 00101111

Step 1: Analyze each output bit as an independent boolean function of input bits.

  Output bit 0: Ambiguous (14 candidates predict 0, 3 predict 1)
    For 0: AND(in[0], in[4]), AND(in[0], in[7]), NOR(in[2], in[3])
    For 1: INHIB(in[4], in[3]), INHIB(in[5], in[3]), INHIB(in[7], in[3])
  Output bit 1: Ambiguous (1 candidates predict 0, 2 predict 1)
    For 0: INHIB(in[0], in[3])
    For 1: NOT(in[3]), NAND(in[2], in[3])
  Output bit 2: Ambiguous (8 candidates predict 0, 2 predict 1)
    For 0: AND(in[0], in[3]), XOR(in[2], in[6]), NOR(in[4], in[6])
    For 1: XOR(in[1], in[7]), XNOR(in[0], in[3])
  Output bit 3: All 5 candidates agree -> value = 0
    Best match: NOR(in[1], in[5]) = 0
  Output bit 4: Ambiguous (4 candidates predict 0, 1 predict 1)
    For 0: AND(in[0], in[2]), XNOR(in[0], in[2]), INHIB(in[0], in[4])
    For 1: XOR(in[3], in[6])
  Output bit 5: All 3 candidates agree -> value = 1
    Best match: ID(in[4]) = 1
  Output bit 6: All 5 candidates agree -> value = 1
    Best match: ID(in[5]) = 1
  Output bit 7: All 7 candidates agree -> value = 1
    Best match: ID(in[6]) = 1

Step 2: Identify structural patterns.
  Confirmed bit mappings: bit0<-in[2](shift=2), bit1<-in[3](shift=2), bit3<-in[5](shift=2), bit5<-in[4](shift=7), bit6<-in[5](shift=7)
  Dominant shift = 7 (weight 15)

Step 3: Resolve ambiguous bits using structural patterns.
  Bit 0: Using shift=2, source = in[2] -> value = 0
  Bit 1: Using shift=2, source = in[3] -> value = 1
  Bit 2: Resolved via pair/structure pattern -> value = 0

Step 4: Resolve remaining 1 ambiguous bit(s) by scoring all combinations.
  Ambiguous positions: [4]
  Scoring considers: operation priors, complexity, template consistency, shift alignment.
  Bit 4 -> 0

Step 5: Combine all bits to form the output.
  bit0=0(ctx) | bit1=1(ctx) | bit2=0(ctx) | bit3=0(unambig) | bit4=0(scored) | bit5=1(unambig) | bit6=1(unambig) | bit7=1(unambig)

The answer is 01000111.",Bit Manipulation,low,bf,1
b8dcc19a,"In Alice's Wonderland, a secret bit manipulation rule transforms 8-bit binary numbers. The transformation involves operations like bit shifts, rotations, XOR, AND, OR, NOT, and possibly majority or choice functions.

Here are some examples of input -> output:
01100111 -> 10110100
01100011 -> 11010100
11110000 -> 01111001
01001001 -> 00100101
00101100 -> 01011110
11010011 -> 01010001
01101010 -> 00001100

Now, determine the output for: 11000110",10101001,"I need to find the secret bit manipulation rule from the examples.

Given 7 examples:
  01100111 -> 10110100
  01100011 -> 11010100
  11110000 -> 01111001
  01001001 -> 00100101
  00101100 -> 01011110
  11010011 -> 01010001
  01101010 -> 00001100

Query: 11000110

Step 1: Analyze each output bit as an independent boolean function of input bits.

  Output bit 0: Ambiguous (3 candidates predict 0, 3 predict 1)
    For 0: AND(in[2], in[7]), XNOR(in[0], in[4]), NOR(in[0], in[4])
    For 1: XNOR(in[2], in[7]), XNOR(in[3], in[4]), NOR(in[3], in[4])
  Output bit 1: All 1 candidates agree -> value = 0
    Best match: XNOR(in[4], in[5]) = 0
  Output bit 2: All 1 candidates agree -> value = 1
    Best match: XNOR(in[5], in[6]) = 1
  Output bit 3: Ambiguous (1 candidates predict 0, 3 predict 1)
    For 0: XNOR(in[6], in[7])
    For 1: XOR(in[1], in[4]), NAND(in[1], in[4]), IMPL(in[4], in[5])
  Output bit 4: Ambiguous (1 candidates predict 0, 2 predict 1)
    For 0: INHIB(in[2], in[7])
    For 1: NOT(in[7]), NAND(in[1], in[7])
  Output bit 5: Ambiguous (4 candidates predict 0, 6 predict 1)
    For 0: NOR(in[0], in[3]), NOT(in[0]), NAND(in[0], in[1])
    For 1: NOT(in[3]), NAND(in[0], in[3]), NAND(in[1], in[3])
  Output bit 6: Ambiguous (10 candidates predict 0, 1 predict 1)
    For 0: AND(in[4], in[5]), NOR(in[0], in[1]), NOR(in[1], in[3])
    For 1: INHIB(in[5], in[7])
  Output bit 7: All 2 candidates agree -> value = 1
    Best match: IMPL(in[2], in[0]) = 1

Step 2: No strong shift pattern detected.

Step 3: Resolve ambiguous bits using structural patterns.
  Bit 0: Resolved via pair/structure pattern -> value = 1
  Bit 3: Resolved via pair/structure pattern -> value = 0

Step 4: Resolve remaining 3 ambiguous bit(s) by scoring all combinations.
  Ambiguous positions: [4, 5, 6]
  Scoring considers: operation priors, complexity, template consistency, shift alignment.
  Bit 4 -> 1
  Bit 5 -> 1
  Bit 6 -> 0

Step 5: Combine all bits to form the output.
  bit0=1(ctx) | bit1=0(unambig) | bit2=1(unambig) | bit3=0(ctx) | bit4=1(scored) | bit5=1(scored) | bit6=0(scored) | bit7=1(unambig)

The answer is 10101101.",Bit Manipulation,low,bf,3
b8e0c853,"In Alice's Wonderland, a secret bit manipulation rule transforms 8-bit binary numbers. The transformation involves operations like bit shifts, rotations, XOR, AND, OR, NOT, and possibly majority or choice functions.

Here are some examples of input -> output:
10101110 -> 01101101
00100110 -> 00101101
00010010 -> 10110110
11000100 -> 00011111
01100110 -> 00001111
01001101 -> 11111011
01001000 -> 11011011
00100100 -> 01101101
11000011 -> 01111110

Now, determine the output for: 01001010",10011010,"I need to find the secret bit manipulation rule from the examples.

Given 9 examples:
  10101110 -> 01101101
  00100110 -> 00101101
  00010010 -> 10110110
  11000100 -> 00011111
  01100110 -> 00001111
  01001101 -> 11111011
  01001000 -> 11011011
  00100100 -> 01101101
  11000011 -> 01111110

Query: 01001010

Step 1: Analyze each output bit as an independent boolean function of input bits.

  Output bit 0: All 2 candidates agree -> value = 1
    Best match: XNOR(in[5], in[7]) = 1
  Output bit 1: All 1 candidates agree -> value = 0
    Best match: XNOR(in[0], in[6]) = 0
  Output bit 2: All 2 candidates agree -> value = 0
    Best match: XNOR(in[1], in[7]) = 0
  Output bit 3: All 4 candidates agree -> value = 1
    Best match: NOT(in[2]) = 1
  Output bit 4: All 10 candidates agree -> value = 1
    Best match: OR(in[1], in[2]) = 1
  Output bit 5: Ambiguous (3 candidates predict 0, 1 predict 1)
    For 0: NAND(in[1], in[4]), IMPL(in[4], in[0]), IMPL(in[4], in[2])
    For 1: IMPL(in[4], in[6])
  Output bit 6: All 4 candidates agree -> value = 1
    Best match: XOR(in[1], in[3]) = 1
  Output bit 7: Ambiguous (2 candidates predict 0, 1 predict 1)
    For 0: IMPL(in[6], in[2]), IMPL(in[6], in[5])
    For 1: OR(in[4], in[5])

Step 2: Identify structural patterns.
  Confirmed bit mappings: bit3<-in[2](shift=7), bit4<-in[3](shift=7)
  Dominant shift = 7 (weight 10)

Step 3: No additional bits resolved by context propagation.

Step 4: Resolve remaining 2 ambiguous bit(s) by scoring all combinations.
  Ambiguous positions: [5, 7]
  Scoring considers: operation priors, complexity, template consistency, shift alignment.
  Bit 5 -> 0
  Bit 7 -> 1

Step 5: Combine all bits to form the output.
  bit0=1(unambig) | bit1=0(unambig) | bit2=0(unambig) | bit3=1(unambig) | bit4=1(unambig) | bit5=0(scored) | bit6=1(unambig) | bit7=1(scored)

The answer is 10011011.",Bit Manipulation,low,bf,2
b8e5057a,"In Alice's Wonderland, a secret bit manipulation rule transforms 8-bit binary numbers. The transformation involves operations like bit shifts, rotations, XOR, AND, OR, NOT, and possibly majority or choice functions.

Here are some examples of input -> output:
10111100 -> 11101111
11111110 -> 11100111
01101111 -> 11110011
10110111 -> 11101011
10011000 -> 11111111
01001001 -> 11111111
10110011 -> 11111011
01101011 -> 11110011
11010010 -> 11110110
10100111 -> 11101001

Now, determine the output for: 01100101",11111010,"I need to find the secret bit manipulation rule from the examples.

Given 10 examples:
  10111100 -> 11101111
  11111110 -> 11100111
  01101111 -> 11110011
  10110111 -> 11101011
  10011000 -> 11111111
  01001001 -> 11111111
  10110011 -> 11111011
  01101011 -> 11110011
  11010010 -> 11110110
  10100111 -> 11101001

Query: 01100101

Step 1: Analyze each output bit as an independent boolean function of input bits.

  Output bit 0: Ambiguous (2 candidates predict 0, 6 predict 1)
    For 0: OR(in[0], in[4]), OR(in[4], in[6])
    For 1: OR(in[0], in[1]), OR(in[0], in[7]), OR(in[3], in[7])
  Output bit 1: Ambiguous (2 candidates predict 0, 6 predict 1)
    For 0: OR(in[0], in[4]), OR(in[4], in[6])
    For 1: OR(in[0], in[1]), OR(in[0], in[7]), OR(in[3], in[7])
  Output bit 2: Ambiguous (2 candidates predict 0, 6 predict 1)
    For 0: OR(in[0], in[4]), OR(in[4], in[6])
    For 1: OR(in[0], in[1]), OR(in[0], in[7]), OR(in[3], in[7])
  Output bit 3: All 1 candidates agree -> value = 1
    Best match: NAND(in[0], in[5]) = 1
  Output bit 4: All 1 candidates agree -> value = 1
    Best match: NAND(in[1], in[6]) = 1
  Output bit 5: Ambiguous (1 candidates predict 0, 1 predict 1)
    For 0: NAND(in[2], in[7])
    For 1: NAND(in[6], in[7])
  Output bit 6: Ambiguous (1 candidates predict 0, 3 predict 1)
    For 0: OR(in[3], in[4])
    For 1: XNOR(in[0], in[3]), OR(in[1], in[3]), IMPL(in[0], in[3])
  Output bit 7: Ambiguous (1 candidates predict 0, 3 predict 1)
    For 0: IMPL(in[1], in[4])
    For 1: OR(in[2], in[4]), OR(in[4], in[7]), IMPL(in[6], in[2])

Step 2: No strong shift pattern detected.

Step 3: Resolve ambiguous bits using structural patterns.
  Bit 5: Resolved via pair/structure pattern -> value = 0

Step 4: Resolve remaining 5 ambiguous bit(s) by scoring all combinations.
  Ambiguous positions: [0, 1, 2, 6, 7]
  Scoring considers: operation priors, complexity, template consistency, shift alignment.
  Bit 0 -> 1
  Bit 1 -> 1
  Bit 2 -> 1
  Bit 6 -> 0
  Bit 7 -> 1

Step 5: Combine all bits to form the output.
  bit0=1(scored) | bit1=1(scored) | bit2=1(scored) | bit3=1(unambig) | bit4=1(unambig) | bit5=0(ctx) | bit6=0(scored) | bit7=1(scored)

The answer is 11111001.",Bit Manipulation,low,bf,5
b9e9dc9f,"In Alice's Wonderland, a secret bit manipulation rule transforms 8-bit binary numbers. The transformation involves operations like bit shifts, rotations, XOR, AND, OR, NOT, and possibly majority or choice functions.

Here are some examples of input -> output:
01011001 -> 01000101
11111011 -> 10001111
00010011 -> 00001100
00101110 -> 00111000
00011100 -> 01110000
01110111 -> 00011101
01110000 -> 11000001
00001010 -> 00101000
11110100 -> 01010011

Now, determine the output for: 00000000",00000000,"I need to find the secret bit manipulation rule from the examples.

Given 9 examples:
  01011001 -> 01000101
  11111011 -> 10001111
  00010011 -> 00001100
  00101110 -> 00111000
  00011100 -> 01110000
  01110111 -> 00011101
  01110000 -> 11000001
  00001010 -> 00101000
  11110100 -> 01010011

Query: 00000000

Step 1: Analyze each output bit as an independent boolean function of input bits.

  Output bit 0: All 1 candidates agree -> value = 0
    Best match: INHIB(in[2], in[5]) = 0
  Output bit 1: Ambiguous (1 candidates predict 0, 1 predict 1)
    For 0: INHIB(in[3], in[6])
    For 1: NOT(in[6])
  Output bit 2: Ambiguous (2 candidates predict 0, 1 predict 1)
    For 0: INHIB(in[4], in[1]), INHIB(in[4], in[7])
    For 1: NOR(in[1], in[7])
  Output bit 3: All 1 candidates agree -> value = 0
    Best match: ID(in[5]) = 0
  Output bit 4: Ambiguous (1 candidates predict 0, 1 predict 1)
    For 0: ID(in[6])
    For 1: IMPL(in[3], in[6])
  Output bit 5: All 2 candidates agree -> value = 0
    Best match: ID(in[7]) = 0
  Output bit 6: All 4 candidates agree -> value = 0
    Best match: ID(in[0]) = 0
  Output bit 7: All 3 candidates agree -> value = 0
    Best match: ID(in[1]) = 0

Step 2: Identify structural patterns.
  Confirmed bit mappings: bit1<-in[6](shift=5), bit3<-in[5](shift=2), bit4<-in[6](shift=2), bit5<-in[7](shift=2), bit6<-in[0](shift=2)
  Dominant shift = 2 (weight 21)

Step 3: Resolve ambiguous bits using structural patterns.
  Bit 1: Using shift=5, source = in[6] -> value = 1
  Bit 4: Using shift=2, source = in[6] -> value = 0

Step 4: Resolve remaining 1 ambiguous bit(s) by scoring all combinations.
  Ambiguous positions: [2]
  Scoring considers: operation priors, complexity, template consistency, shift alignment.
  Bit 2 -> 0

Step 5: Combine all bits to form the output.
  bit0=0(unambig) | bit1=1(ctx) | bit2=0(scored) | bit3=0(unambig) | bit4=0(ctx) | bit5=0(unambig) | bit6=0(unambig) | bit7=0(unambig)

The answer is 01000000.",Bit Manipulation,low,bf,1
ba409835,"In Alice's Wonderland, a secret bit manipulation rule transforms 8-bit binary numbers. The transformation involves operations like bit shifts, rotations, XOR, AND, OR, NOT, and possibly majority or choice functions.

Here are some examples of input -> output:
01110100 -> 00000011
00011011 -> 11000000
00100111 -> 11000001
11101001 -> 01000111
11101100 -> 00000111
11111000 -> 00000111
11001000 -> 00000110
01111011 -> 11000011
11101101 -> 01000111
10111000 -> 00000101

Now, determine the output for: 11010111",11000110,"I need to find the secret bit manipulation rule from the examples.

Given 10 examples:
  01110100 -> 00000011
  00011011 -> 11000000
  00100111 -> 11000001
  11101001 -> 01000111
  11101100 -> 00000111
  11111000 -> 00000111
  11001000 -> 00000110
  01111011 -> 11000011
  11101101 -> 01000111
  10111000 -> 00000101

Query: 11010111

Step 1: Analyze each output bit as an independent boolean function of input bits.

  Output bit 0: Ambiguous (2 candidates predict 0, 2 predict 1)
    For 0: INHIB(in[6], in[0]), INHIB(in[7], in[0])
    For 1: ID(in[6]), AND(in[6], in[7])
  Output bit 1: All 2 candidates agree -> value = 1
    Best match: ID(in[7]) = 1
  Output bit 2: Ambiguous (3 candidates predict 0, 4 predict 1)
    For 0: NOR(in[4], in[5]), INHIB(in[6], in[7]), C0
    For 1: AND(in[0], in[6]), NOR(in[2], in[4]), INHIB(in[0], in[4])
  Output bit 3: Ambiguous (3 candidates predict 0, 4 predict 1)
    For 0: NOR(in[4], in[5]), INHIB(in[6], in[7]), C0
    For 1: AND(in[0], in[6]), NOR(in[2], in[4]), INHIB(in[0], in[4])
  Output bit 4: Ambiguous (3 candidates predict 0, 4 predict 1)
    For 0: NOR(in[4], in[5]), INHIB(in[6], in[7]), C0
    For 1: AND(in[0], in[6]), NOR(in[2], in[4]), INHIB(in[0], in[4])
  Output bit 5: Ambiguous (3 candidates predict 0, 1 predict 1)
    For 0: AND(in[0], in[4]), INHIB(in[0], in[6]), INHIB(in[4], in[6])
    For 1: ID(in[0])
  Output bit 6: All 1 candidates agree -> value = 1
    Best match: ID(in[1]) = 1
  Output bit 7: Ambiguous (1 candidates predict 0, 2 predict 1)
    For 0: ID(in[2])
    For 1: OR(in[2], in[5]), IMPL(in[4], in[2])

Step 2: Identify structural patterns.
  Confirmed bit mappings: bit0<-in[6](shift=6), bit1<-in[7](shift=6), bit5<-in[0](shift=3), bit6<-in[1](shift=3), bit7<-in[2](shift=3)
  Dominant shift = 3 (weight 7)

Step 3: Resolve ambiguous bits using structural patterns.
  Bit 0: Using shift=6, source = in[6] -> value = 1
  Bit 5: Using shift=3, source = in[0] -> value = 1
  Bit 7: Using shift=3, source = in[2] -> value = 0

Step 4: Resolve remaining 3 ambiguous bit(s) by scoring all combinations.
  Ambiguous positions: [2, 3, 4]
  Scoring considers: operation priors, complexity, template consistency, shift alignment.
  Bit 2 -> 1
  Bit 3 -> 1
  Bit 4 -> 1

Step 5: Combine all bits to form the output.
  bit0=1(ctx) | bit1=1(unambig) | bit2=1(scored) | bit3=1(scored) | bit4=1(scored) | bit5=1(ctx) | bit6=1(unambig) | bit7=0(ctx)

The answer is 11111110.",Bit Manipulation,low,bf,3
bb056bc9,"In Alice's Wonderland, a secret bit manipulation rule transforms 8-bit binary numbers. The transformation involves operations like bit shifts, rotations, XOR, AND, OR, NOT, and possibly majority or choice functions.

Here are some examples of input -> output:
11111101 -> 11111111
00100100 -> 01001111
00100001 -> 01111010
01010011 -> 00111101
10011111 -> 01111111
10111111 -> 11111111
01100111 -> 01011001
00011100 -> 01101111

Now, determine the output for: 01000110",11010101,"I need to find the secret bit manipulation rule from the examples.

Given 8 examples:
  11111101 -> 11111111
  00100100 -> 01001111
  00100001 -> 01111010
  01010011 -> 00111101
  10011111 -> 01111111
  10111111 -> 11111111
  01100111 -> 01011001
  00011100 -> 01101111

Query: 01000110

Step 1: Analyze each output bit as an independent boolean function of input bits.

  Output bit 0: Ambiguous (3 candidates predict 0, 1 predict 1)
    For 0: AND(in[0], in[2]), AND(in[2], in[3]), AND(in[2], in[4])
    For 1: XNOR(in[2], in[3])
  Output bit 1: Ambiguous (2 candidates predict 0, 6 predict 1)
    For 0: OR(in[2], in[4]), IMPL(in[1], in[2])
    For 1: OR(in[2], in[5]), XNOR(in[3], in[4]), IMPL(in[1], in[5])
  Output bit 2: All 3 candidates agree -> value = 0
    Best match: XNOR(in[4], in[5]) = 0
  Output bit 3: Ambiguous (3 candidates predict 0, 2 predict 1)
    For 0: ID(in[7]), OR(in[0], in[7]), IMPL(in[5], in[7])
    For 1: OR(in[1], in[7]), OR(in[6], in[7])
  Output bit 4: Ambiguous (3 candidates predict 0, 8 predict 1)
    For 0: OR(in[2], in[3]), IMPL(in[1], in[7]), IMPL(in[6], in[7])
    For 1: OR(in[5], in[7]), IMPL(in[0], in[3]), IMPL(in[0], in[4])
  Output bit 5: All 1 candidates agree -> value = 1
    Best match: IMPL(in[7], in[3]) = 1
  Output bit 6: All 5 candidates agree -> value = 0
    Best match: NAND(in[1], in[6]) = 0
  Output bit 7: All 4 candidates agree -> value = 1
    Best match: OR(in[1], in[5]) = 1

Step 2: No strong shift pattern detected.

Step 3: Resolve ambiguous bits using structural patterns.
  Bit 1: Resolved via pair/structure pattern -> value = 1
  Bit 4: Resolved via pair/structure pattern -> value = 0

Step 4: Resolve remaining 2 ambiguous bit(s) by scoring all combinations.
  Ambiguous positions: [0, 3]
  Scoring considers: operation priors, complexity, template consistency, shift alignment.
  Bit 0 -> 0
  Bit 3 -> 0

Step 5: Combine all bits to form the output.
  bit0=0(scored) | bit1=1(ctx) | bit2=0(unambig) | bit3=0(scored) | bit4=0(ctx) | bit5=1(unambig) | bit6=0(unambig) | bit7=1(unambig)

The answer is 01000101.",Bit Manipulation,low,bf,2
bb326096,"In Alice's Wonderland, a secret bit manipulation rule transforms 8-bit binary numbers. The transformation involves operations like bit shifts, rotations, XOR, AND, OR, NOT, and possibly majority or choice functions.

Here are some examples of input -> output:
00111100 -> 11000011
10011101 -> 10011001
00010011 -> 00110001
00010010 -> 00100001
01000010 -> 00100100
01001010 -> 00100100
10111111 -> 00111011
10100101 -> 00011010

Now, determine the output for: 10011010",00101001,"I need to find the secret bit manipulation rule from the examples.

Given 8 examples:
  00111100 -> 11000011
  10011101 -> 10011001
  00010011 -> 00110001
  00010010 -> 00100001
  01000010 -> 00100100
  01001010 -> 00100100
  10111111 -> 00111011
  10100101 -> 00011010

Query: 10011010

Step 1: Analyze each output bit as an independent boolean function of input bits.

  Output bit 0: Ambiguous (2 candidates predict 0, 1 predict 1)
    For 0: INHIB(in[3], in[6]), INHIB(in[4], in[6])
    For 1: XOR(in[0], in[2])
  Output bit 1: Ambiguous (6 candidates predict 0, 1 predict 1)
    For 0: NOR(in[0], in[6]), NOR(in[6], in[7]), INHIB(in[2], in[0])
    For 1: XOR(in[0], in[5])
  Output bit 2: All 3 candidates agree -> value = 1
    Best match: ID(in[6]) = 1
  Output bit 3: Ambiguous (2 candidates predict 0, 1 predict 1)
    For 0: ID(in[7]), INHIB(in[7], in[1])
    For 1: OR(in[0], in[7])
  Output bit 4: Ambiguous (3 candidates predict 0, 2 predict 1)
    For 0: AND(in[0], in[5]), AND(in[0], in[7]), AND(in[5], in[7])
    For 1: ID(in[0]), INHIB(in[0], in[1])
  Output bit 5: All 12 candidates agree -> value = 0
    Best match: ID(in[1]) = 0
  Output bit 6: All 3 candidates agree -> value = 0
    Best match: ID(in[2]) = 0
  Output bit 7: All 2 candidates agree -> value = 1
    Best match: ID(in[3]) = 1

Step 2: Identify structural patterns.
  Confirmed bit mappings: bit2<-in[6](shift=4), bit3<-in[7](shift=4), bit4<-in[0](shift=4), bit5<-in[1](shift=4), bit6<-in[2](shift=4)
  Dominant shift = 4 (weight 22)

Step 3: Resolve ambiguous bits using structural patterns.
  Bit 3: Using shift=4, source = in[7] -> value = 0
  Bit 4: Using shift=4, source = in[0] -> value = 1

Step 4: Resolve remaining 2 ambiguous bit(s) by scoring all combinations.
  Ambiguous positions: [0, 1]
  Scoring considers: operation priors, complexity, template consistency, shift alignment.
  Bit 0 -> 1
  Bit 1 -> 1

Step 5: Combine all bits to form the output.
  bit0=1(scored) | bit1=1(scored) | bit2=1(unambig) | bit3=0(ctx) | bit4=1(ctx) | bit5=0(unambig) | bit6=0(unambig) | bit7=1(unambig)

The answer is 11101001.",Bit Manipulation,low,bf,2
bbf1dba3,"In Alice's Wonderland, a secret bit manipulation rule transforms 8-bit binary numbers. The transformation involves operations like bit shifts, rotations, XOR, AND, OR, NOT, and possibly majority or choice functions.

Here are some examples of input -> output:
00001110 -> 00000000
10111110 -> 01000010
10111011 -> 10010000
01011010 -> 00100001
11101110 -> 01100011
10100101 -> 01010010
10101101 -> 11010010
00011101 -> 10000000
10001010 -> 00000000

Now, determine the output for: 11101101",11010010,"I need to find the secret bit manipulation rule from the examples.

Given 9 examples:
  00001110 -> 00000000
  10111110 -> 01000010
  10111011 -> 10010000
  01011010 -> 00100001
  11101110 -> 01100011
  10100101 -> 01010010
  10101101 -> 11010010
  00011101 -> 10000000
  10001010 -> 00000000

Query: 11101101

Step 1: Analyze each output bit as an independent boolean function of input bits.

  Output bit 0: All 2 candidates agree -> value = 1
    Best match: AND(in[4], in[7]) = 1
  Output bit 1: All 2 candidates agree -> value = 1
    Best match: AND(in[0], in[5]) = 1
  Output bit 2: Ambiguous (2 candidates predict 0, 2 predict 1)
    For 0: AND(in[1], in[6]), INHIB(in[1], in[7])
    For 1: ID(in[1]), AND(in[1], in[4])
  Output bit 3: All 2 candidates agree -> value = 1
    Best match: AND(in[0], in[7]) = 1
  Output bit 4: Ambiguous (11 candidates predict 0, 2 predict 1)
    For 0: NOR(in[0], in[4]), NOR(in[2], in[4]), NOR(in[4], in[5])
    For 1: AND(in[1], in[7]), INHIB(in[1], in[6])
  Output bit 5: Ambiguous (11 candidates predict 0, 2 predict 1)
    For 0: NOR(in[0], in[4]), NOR(in[2], in[4]), NOR(in[4], in[5])
    For 1: AND(in[1], in[7]), INHIB(in[1], in[6])
  Output bit 6: All 2 candidates agree -> value = 1
    Best match: AND(in[0], in[5]) = 1
  Output bit 7: Ambiguous (2 candidates predict 0, 2 predict 1)
    For 0: AND(in[1], in[6]), INHIB(in[1], in[7])
    For 1: ID(in[1]), AND(in[1], in[4])

Step 2: No strong shift pattern detected.

Step 3: Resolve ambiguous bits using structural patterns.
  Bit 2: Resolved via pair/structure pattern -> value = 0

Step 4: Resolve remaining 3 ambiguous bit(s) by scoring all combinations.
  Ambiguous positions: [4, 5, 7]
  Scoring considers: operation priors, complexity, template consistency, shift alignment.
  Bit 4 -> 0
  Bit 5 -> 0
  Bit 7 -> 1

Step 5: Combine all bits to form the output.
  bit0=1(unambig) | bit1=1(unambig) | bit2=0(ctx) | bit3=1(unambig) | bit4=0(scored) | bit5=0(scored) | bit6=1(unambig) | bit7=1(scored)

The answer is 11010011.",Bit Manipulation,low,bf,3
bc4d68f5,"In Alice's Wonderland, a secret bit manipulation rule transforms 8-bit binary numbers. The transformation involves operations like bit shifts, rotations, XOR, AND, OR, NOT, and possibly majority or choice functions.

Here are some examples of input -> output:
10100000 -> 00000010
00110010 -> 10010000
00101110 -> 01110000
00000010 -> 00010000
00011101 -> 11101000
10011101 -> 11101010
00100001 -> 00001000
00001111 -> 01111000

Now, determine the output for: 11100000",00000011,"I need to find the secret bit manipulation rule from the examples.

Given 8 examples:
  10100000 -> 00000010
  00110010 -> 10010000
  00101110 -> 01110000
  00000010 -> 00010000
  00011101 -> 11101000
  10011101 -> 11101010
  00100001 -> 00001000
  00001111 -> 01111000

Query: 11100000

Step 1: Check for whole-byte patterns.
  Permutation pattern detected.
  Rule: each output bit is copied (possibly inverted) from a specific input bit.

Step 2: Apply the pattern to the query.
  11100000 -> 00000111

The answer is 00000111.",Bit Manipulation,high,w_perm,0
bc520eb0,"In Alice's Wonderland, a secret bit manipulation rule transforms 8-bit binary numbers. The transformation involves operations like bit shifts, rotations, XOR, AND, OR, NOT, and possibly majority or choice functions.

Here are some examples of input -> output:
10001111 -> 00111100
00110001 -> 10001001
10100001 -> 00001101
11110010 -> 00010111
10000001 -> 00001100
01000011 -> 00011010
10000111 -> 00111100

Now, determine the output for: 01101001",00001011,"I need to find the secret bit manipulation rule from the examples.

Given 7 examples:
  10001111 -> 00111100
  00110001 -> 10001001
  10100001 -> 00001101
  11110010 -> 00010111
  10000001 -> 00001100
  01000011 -> 00011010
  10000111 -> 00111100

Query: 01101001

Step 1: Check for whole-byte patterns.
  Mixed shift pattern detected.
  Rule: some output bits are shifted copies, rest use a uniform 2-input function.

Step 2: Apply the pattern to the query.
  01101001 -> 10001011

The answer is 10001011.",Bit Manipulation,high,w_mix,0
bcf0d51d,"In Alice's Wonderland, a secret bit manipulation rule transforms 8-bit binary numbers. The transformation involves operations like bit shifts, rotations, XOR, AND, OR, NOT, and possibly majority or choice functions.

Here are some examples of input -> output:
01100100 -> 01000000
00111110 -> 11100000
11011001 -> 10010001
00001010 -> 10100000
01111010 -> 10100001
10110010 -> 00100010
00011011 -> 10110000
01001110 -> 11100000
10011100 -> 11000000
10101110 -> 11100010

Now, determine the output for: 00000111",01110000,"I need to find the secret bit manipulation rule from the examples.

Given 10 examples:
  01100100 -> 01000000
  00111110 -> 11100000
  11011001 -> 10010001
  00001010 -> 10100000
  01111010 -> 10100001
  10110010 -> 00100010
  00011011 -> 10110000
  01001110 -> 11100000
  10011100 -> 11000000
  10101110 -> 11100010

Query: 00000111

Step 1: Analyze each output bit as an independent boolean function of input bits.

  Output bit 0: Ambiguous (1 candidates predict 0, 2 predict 1)
    For 0: ID(in[4])
    For 1: OR(in[4], in[7]), IMPL(in[2], in[4])
  Output bit 1: Ambiguous (1 candidates predict 0, 1 predict 1)
    For 0: INHIB(in[5], in[7])
    For 1: ID(in[5])
  Output bit 2: All 1 candidates agree -> value = 1
    Best match: ID(in[6]) = 1
  Output bit 3: Ambiguous (3 candidates predict 0, 2 predict 1)
    For 0: AND(in[3], in[7]), AND(in[4], in[7]), INHIB(in[7], in[5])
    For 1: ID(in[7]), INHIB(in[7], in[2])
  Output bit 4: Ambiguous (2 candidates predict 0, 4 predict 1)
    For 0: AND(in[2], in[7]), C0
    For 1: AND(in[5], in[7]), NOR(in[2], in[4]), INHIB(in[7], in[3])
  Output bit 5: Ambiguous (2 candidates predict 0, 4 predict 1)
    For 0: AND(in[2], in[7]), C0
    For 1: AND(in[5], in[7]), NOR(in[2], in[4]), INHIB(in[7], in[3])
  Output bit 6: All 2 candidates agree -> value = 0
    Best match: AND(in[0], in[2]) = 0
  Output bit 7: All 2 candidates agree -> value = 0
    Best match: AND(in[1], in[3]) = 0

Step 2: Identify structural patterns.
  Confirmed bit mappings: bit0<-in[4](shift=4), bit1<-in[5](shift=4), bit2<-in[6](shift=4), bit3<-in[7](shift=4)
  Dominant shift = 4 (weight 8)

Step 3: Resolve ambiguous bits using structural patterns.
  Bit 0: Using shift=4, source = in[4] -> value = 0
  Bit 1: Using shift=4, source = in[5] -> value = 1
  Bit 3: Using shift=4, source = in[7] -> value = 1

Step 4: Resolve remaining 2 ambiguous bit(s) by scoring all combinations.
  Ambiguous positions: [4, 5]
  Scoring considers: operation priors, complexity, template consistency, shift alignment.
  Bit 4 -> 1
  Bit 5 -> 1

Step 5: Combine all bits to form the output.
  bit0=0(ctx) | bit1=1(ctx) | bit2=1(unambig) | bit3=1(ctx) | bit4=1(scored) | bit5=1(scored) | bit6=0(unambig) | bit7=0(unambig)

The answer is 01111100.",Bit Manipulation,low,bf,2
bd214050,"In Alice's Wonderland, a secret bit manipulation rule transforms 8-bit binary numbers. The transformation involves operations like bit shifts, rotations, XOR, AND, OR, NOT, and possibly majority or choice functions.

Here are some examples of input -> output:
10010011 -> 11101101
10001011 -> 11101110
00100111 -> 11111011
00001111 -> 11111110
01010100 -> 11110101
01110010 -> 11110111
11011001 -> 11101101

Now, determine the output for: 00001100",11111110,"I need to find the secret bit manipulation rule from the examples.

Given 7 examples:
  10010011 -> 11101101
  10001011 -> 11101110
  00100111 -> 11111011
  00001111 -> 11111110
  01010100 -> 11110101
  01110010 -> 11110111
  11011001 -> 11101101

Query: 00001100

Step 1: Analyze each output bit as an independent boolean function of input bits.

  Output bit 0: Ambiguous (5 candidates predict 0, 7 predict 1)
    For 0: OR(in[1], in[6]), OR(in[1], in[7]), OR(in[3], in[6])
    For 1: NAND(in[0], in[2]), NAND(in[0], in[5]), NAND(in[2], in[4])
  Output bit 1: Ambiguous (5 candidates predict 0, 7 predict 1)
    For 0: OR(in[1], in[6]), OR(in[1], in[7]), OR(in[3], in[6])
    For 1: NAND(in[0], in[2]), NAND(in[0], in[5]), NAND(in[2], in[4])
  Output bit 2: Ambiguous (5 candidates predict 0, 7 predict 1)
    For 0: OR(in[1], in[6]), OR(in[1], in[7]), OR(in[3], in[6])
    For 1: NAND(in[0], in[2]), NAND(in[0], in[5]), NAND(in[2], in[4])
  Output bit 3: All 6 candidates agree -> value = 1
    Best match: OR(in[2], in[5]) = 1
  Output bit 4: Ambiguous (2 candidates predict 0, 6 predict 1)
    For 0: ID(in[7]), OR(in[0], in[7])
    For 1: OR(in[4], in[7]), IMPL(in[1], in[0]), IMPL(in[1], in[4])
  Output bit 5: All 5 candidates agree -> value = 1
    Best match: OR(in[3], in[4]) = 1
  Output bit 6: All 1 candidates agree -> value = 1
    Best match: IMPL(in[3], in[2]) = 1
  Output bit 7: Ambiguous (3 candidates predict 0, 1 predict 1)
    For 0: OR(in[2], in[3]), IMPL(in[4], in[1]), IMPL(in[4], in[3])
    For 1: NAND(in[4], in[6])

Step 2: Identify structural patterns.
  Confirmed bit mappings: bit3<-in[0](shift=5)
  Dominant shift = 5 (weight 5)

Step 3: Resolve ambiguous bits using structural patterns.
  Bit 4: Resolved via pair/structure pattern -> value = 1
  Bit 7: Resolved via pair/structure pattern -> value = 0

Step 4: Resolve remaining 3 ambiguous bit(s) by scoring all combinations.
  Ambiguous positions: [0, 1, 2]
  Scoring considers: operation priors, complexity, template consistency, shift alignment.
  Bit 0 -> 0
  Bit 1 -> 0
  Bit 2 -> 0

Step 5: Combine all bits to form the output.
  bit0=0(scored) | bit1=0(scored) | bit2=0(scored) | bit3=1(unambig) | bit4=1(ctx) | bit5=1(unambig) | bit6=1(unambig) | bit7=0(ctx)

The answer is 00011110.",Bit Manipulation,low,bf,3
bf20f12c,"In Alice's Wonderland, a secret bit manipulation rule transforms 8-bit binary numbers. The transformation involves operations like bit shifts, rotations, XOR, AND, OR, NOT, and possibly majority or choice functions.

Here are some examples of input -> output:
00000110 -> 00000000
11111001 -> 10111110
01001111 -> 10010110
00011101 -> 00010011
10011110 -> 00101101
11111011 -> 10111110
11000110 -> 00101100
10111000 -> 00101010
00001001 -> 00010010

Now, determine the output for: 01011011",10110110,"I need to find the secret bit manipulation rule from the examples.

Given 9 examples:
  00000110 -> 00000000
  11111001 -> 10111110
  01001111 -> 10010110
  00011101 -> 00010011
  10011110 -> 00101101
  11111011 -> 10111110
  11000110 -> 00101100
  10111000 -> 00101010
  00001001 -> 00010010

Query: 01011011

Step 1: Analyze each output bit as an independent boolean function of input bits.

  Output bit 0: All 2 candidates agree -> value = 1
    Best match: AND(in[1], in[4]) = 1
  Output bit 1: All 9 candidates agree -> value = 0
    Best match: AND(in[2], in[5]) = 0
  Output bit 2: All 2 candidates agree -> value = 0
    Best match: ID(in[0]) = 0
  Output bit 3: All 2 candidates agree -> value = 1
    Best match: ID(in[7]) = 1
  Output bit 4: All 2 candidates agree -> value = 0
    Best match: ID(in[0]) = 0
  Output bit 5: Ambiguous (1 candidates predict 0, 4 predict 1)
    For 0: MAJ(in[0], in[1], in[5])
    For 1: MAJ(in[0], in[1], in[6]), MAJ(in[0], in[6], in[7]), MAJ(in[1], in[3], in[6])
  Output bit 6: All 3 candidates agree -> value = 1
    Best match: OR(in[2], in[7]) = 1
  Output bit 7: Ambiguous (1 candidates predict 0, 2 predict 1)
    For 0: AND(in[3], in[5])
    For 1: XOR(in[2], in[3]), INHIB(in[3], in[2])

Step 2: Identify structural patterns.
  Confirmed bit mappings: bit2<-in[0](shift=6), bit3<-in[7](shift=4), bit4<-in[0](shift=4)
  Dominant shift = 4 (weight 10)

Step 3: No additional bits resolved by context propagation.

Step 4: Resolve remaining 2 ambiguous bit(s) by scoring all combinations.
  Ambiguous positions: [5, 7]
  Scoring considers: operation priors, complexity, template consistency, shift alignment.
  Bit 5 -> 1
  Bit 7 -> 0

Step 5: Combine all bits to form the output.
  bit0=1(unambig) | bit1=0(unambig) | bit2=0(unambig) | bit3=1(unambig) | bit4=0(unambig) | bit5=1(scored) | bit6=1(unambig) | bit7=0(scored)

The answer is 10010110.",Bit Manipulation,low,bf,2
bfca784f,"In Alice's Wonderland, a secret bit manipulation rule transforms 8-bit binary numbers. The transformation involves operations like bit shifts, rotations, XOR, AND, OR, NOT, and possibly majority or choice functions.

Here are some examples of input -> output:
11000000 -> 11111011
11011100 -> 11011011
10110110 -> 00110110
00010100 -> 00011110
11001101 -> 01011011
00110001 -> 01100110
01110101 -> 00001110
10000001 -> 11111111
00011110 -> 11101111
11100001 -> 11111101

Now, determine the output for: 11111101",11011111,"I need to find the secret bit manipulation rule from the examples.

Given 10 examples:
  11000000 -> 11111011
  11011100 -> 11011011
  10110110 -> 00110110
  00010100 -> 00011110
  11001101 -> 01011011
  00110001 -> 01100110
  01110101 -> 00001110
  10000001 -> 11111111
  00011110 -> 11101111
  11100001 -> 11111101

Query: 11111101

Step 1: Analyze each output bit as an independent boolean function of input bits.

  Output bit 0: All 1 candidates agree -> value = 1
    Best match: XNOR(in[3], in[4]) = 1
  Output bit 1: All 2 candidates agree -> value = 1
    Best match: XNOR(in[4], in[5]) = 1
  Output bit 2: All 2 candidates agree -> value = 0
    Best match: XNOR(in[5], in[6]) = 0
  Output bit 3: All 1 candidates agree -> value = 0
    Best match: XNOR(AND)(in[2], in[3], in[6]) = 0
  Output bit 4: All 1 candidates agree -> value = 1
    Best match: IMPL(in[2], in[1]) = 1
  Output bit 5: All 1 candidates agree -> value = 1
    Best match: IMPL(in[1], in[2]) = 1
  Output bit 6: All 1 candidates agree -> value = 1
    Best match: IMPL(in[2], in[3]) = 1
  Output bit 7: All 2 candidates agree -> value = 1
    Best match: XOR(in[0], in[6]) = 1

Step 2: No strong shift pattern detected.

Step 3: No additional bits resolved by context propagation.

Step 4: All bits resolved without brute-force.

Step 5: Combine all bits to form the output.
  bit0=1(unambig) | bit1=1(unambig) | bit2=0(unambig) | bit3=0(unambig) | bit4=1(unambig) | bit5=1(unambig) | bit6=1(unambig) | bit7=1(unambig)

The answer is 11001111.",Bit Manipulation,high,ctx,0
c05f5733,"In Alice's Wonderland, a secret bit manipulation rule transforms 8-bit binary numbers. The transformation involves operations like bit shifts, rotations, XOR, AND, OR, NOT, and possibly majority or choice functions.

Here are some examples of input -> output:
11000001 -> 00001000
10010001 -> 00000010
10111000 -> 01010001
10100010 -> 00010100
00110100 -> 00100000
00010110 -> 00100000
11001110 -> 00011001

Now, determine the output for: 10110101",00101010,"I need to find the secret bit manipulation rule from the examples.

Given 7 examples:
  11000001 -> 00001000
  10010001 -> 00000010
  10111000 -> 01010001
  10100010 -> 00010100
  00110100 -> 00100000
  00010110 -> 00100000
  11001110 -> 00011001

Query: 10110101

Step 1: Analyze each output bit as an independent boolean function of input bits.

  Output bit 0: Ambiguous (10 candidates predict 0, 2 predict 1)
    For 0: AND(in[1], in[2]), AND(in[1], in[3]), AND(in[4], in[7])
    For 1: AND(in[2], in[7]), AND(in[5], in[7])
  Output bit 1: All 5 candidates agree -> value = 0
    Best match: AND(in[2], in[4]) = 0
  Output bit 2: Ambiguous (6 candidates predict 0, 3 predict 1)
    For 0: NOR(in[0], in[1]), NOR(in[0], in[4]), NOR(in[0], in[7])
    For 1: AND(in[3], in[5]), INHIB(in[5], in[1]), INHIB(in[5], in[4])
  Output bit 3: All 2 candidates agree -> value = 0
    Best match: XOR(in[0], in[7]) = 0
  Output bit 4: All 5 candidates agree -> value = 0
    Best match: ID(in[1]) = 0
  Output bit 5: All 5 candidates agree -> value = 0
    Best match: AND(in[2], in[6]) = 0
  Output bit 6: All 2 candidates agree -> value = 1
    Best match: AND(in[3], in[7]) = 1
  Output bit 7: All 3 candidates agree -> value = 0
    Best match: ID(in[4]) = 0

Step 2: Identify structural patterns.
  Confirmed bit mappings: bit4<-in[1](shift=5), bit7<-in[4](shift=5)
  Dominant shift = 5 (weight 10)

Step 3: No additional bits resolved by context propagation.

Step 4: Resolve remaining 2 ambiguous bit(s) by scoring all combinations.
  Ambiguous positions: [0, 2]
  Scoring considers: operation priors, complexity, template consistency, shift alignment.
  Bit 0 -> 0
  Bit 2 -> 0

Step 5: Combine all bits to form the output.
  bit0=0(scored) | bit1=0(unambig) | bit2=0(scored) | bit3=0(unambig) | bit4=0(unambig) | bit5=0(unambig) | bit6=1(unambig) | bit7=0(unambig)

The answer is 00000010.",Bit Manipulation,low,bf,2
c23fca57,"In Alice's Wonderland, a secret bit manipulation rule transforms 8-bit binary numbers. The transformation involves operations like bit shifts, rotations, XOR, AND, OR, NOT, and possibly majority or choice functions.

Here are some examples of input -> output:
00101101 -> 10100111
10000011 -> 01111000
00101111 -> 11100111
10110000 -> 00011111
10000111 -> 11111000
10111111 -> 11111111
10001000 -> 00011001
10100001 -> 00111110
11110001 -> 00111111

Now, determine the output for: 01000001",00101100,"I need to find the secret bit manipulation rule from the examples.

Given 9 examples:
  00101101 -> 10100111
  10000011 -> 01111000
  00101111 -> 11100111
  10110000 -> 00011111
  10000111 -> 11111000
  10111111 -> 11111111
  10001000 -> 00011001
  10100001 -> 00111110
  11110001 -> 00111111

Query: 01000001

Step 1: Check for whole-byte patterns.
  Mixed shift pattern detected.
  Rule: some output bits are shifted copies, rest use a uniform 2-input function.

Step 2: Apply the pattern to the query.
  01000001 -> 00101000

The answer is 00101000.",Bit Manipulation,high,w_mix,0
c2d8ef67,"In Alice's Wonderland, a secret bit manipulation rule transforms 8-bit binary numbers. The transformation involves operations like bit shifts, rotations, XOR, AND, OR, NOT, and possibly majority or choice functions.

Here are some examples of input -> output:
10111000 -> 00000000
00101010 -> 01000000
10000101 -> 00000000
11001001 -> 00000000
11111001 -> 00100000
11011001 -> 00100000
11011110 -> 10000000

Now, determine the output for: 11111011",01100000,"I need to find the secret bit manipulation rule from the examples.

Given 7 examples:
  10111000 -> 00000000
  00101010 -> 01000000
  10000101 -> 00000000
  11001001 -> 00000000
  11111001 -> 00100000
  11011001 -> 00100000
  11011110 -> 10000000

Query: 11111011

Step 1: Analyze each output bit as an independent boolean function of input bits.

  Output bit 0: Ambiguous (9 candidates predict 0, 4 predict 1)
    For 0: AND(in[1], in[5]), AND(in[3], in[5]), AND(in[4], in[5])
    For 1: AND(in[0], in[6]), AND(in[1], in[6]), AND(in[3], in[6])
  Output bit 1: Ambiguous (12 candidates predict 0, 2 predict 1)
    For 0: NOR(in[0], in[1]), NOR(in[0], in[3]), NOR(in[0], in[5])
    For 1: AND(in[2], in[6]), INHIB(in[6], in[5])
  Output bit 2: All 1 candidates agree -> value = 1
    Best match: AND(in[3], in[7]) = 1
  Output bit 3: Ambiguous (15 candidates predict 0, 1 predict 1)
    For 0: AND(in[2], in[5]), NOR(in[0], in[2]), NOR(in[0], in[4])
    For 1: AND(in[6], in[7])
  Output bit 4: Ambiguous (15 candidates predict 0, 1 predict 1)
    For 0: AND(in[2], in[5]), NOR(in[0], in[2]), NOR(in[0], in[4])
    For 1: AND(in[6], in[7])
  Output bit 5: Ambiguous (15 candidates predict 0, 1 predict 1)
    For 0: AND(in[2], in[5]), NOR(in[0], in[2]), NOR(in[0], in[4])
    For 1: AND(in[6], in[7])
  Output bit 6: Ambiguous (15 candidates predict 0, 1 predict 1)
    For 0: AND(in[2], in[5]), NOR(in[0], in[2]), NOR(in[0], in[4])
    For 1: AND(in[6], in[7])
  Output bit 7: Ambiguous (15 candidates predict 0, 1 predict 1)
    For 0: AND(in[2], in[5]), NOR(in[0], in[2]), NOR(in[0], in[4])
    For 1: AND(in[6], in[7])

Step 2: No strong shift pattern detected.

Step 3: No additional bits resolved by context propagation.

Step 4: Resolve remaining 7 ambiguous bit(s) by scoring all combinations.
  Ambiguous positions: [0, 1, 3, 4, 5, 6, 7]
  Scoring considers: operation priors, complexity, template consistency, shift alignment.
  Bit 0 -> 0
  Bit 1 -> 0
  Bit 3 -> 0
  Bit 4 -> 0
  Bit 5 -> 0
  Bit 6 -> 0
  Bit 7 -> 0

Step 5: Combine all bits to form the output.
  bit0=0(scored) | bit1=0(scored) | bit2=1(unambig) | bit3=0(scored) | bit4=0(scored) | bit5=0(scored) | bit6=0(scored) | bit7=0(scored)

The answer is 00100000.",Bit Manipulation,low,bf,7
c39705cd,"In Alice's Wonderland, a secret bit manipulation rule transforms 8-bit binary numbers. The transformation involves operations like bit shifts, rotations, XOR, AND, OR, NOT, and possibly majority or choice functions.

Here are some examples of input -> output:
11000000 -> 00001100
10010111 -> 00011001
00110010 -> 00000011
00111000 -> 00000011
11000011 -> 00011100
00011001 -> 00000001
11010100 -> 00001101
00110100 -> 00000011

Now, determine the output for: 01101100",00000110,"I need to find the secret bit manipulation rule from the examples.

Given 8 examples:
  11000000 -> 00001100
  10010111 -> 00011001
  00110010 -> 00000011
  00111000 -> 00000011
  11000011 -> 00011100
  00011001 -> 00000001
  11010100 -> 00001101
  00110100 -> 00000011

Query: 01101100

Step 1: Analyze each output bit as an independent boolean function of input bits.

  Output bit 0: Ambiguous (6 candidates predict 0, 8 predict 1)
    For 0: AND(in[0], in[2]), AND(in[0], in[4]), AND(in[2], in[7])
    For 1: AND(in[1], in[2]), AND(in[1], in[4]), AND(in[4], in[5])
  Output bit 1: Ambiguous (6 candidates predict 0, 8 predict 1)
    For 0: AND(in[0], in[2]), AND(in[0], in[4]), AND(in[2], in[7])
    For 1: AND(in[1], in[2]), AND(in[1], in[4]), AND(in[4], in[5])
  Output bit 2: Ambiguous (6 candidates predict 0, 8 predict 1)
    For 0: AND(in[0], in[2]), AND(in[0], in[4]), AND(in[2], in[7])
    For 1: AND(in[1], in[2]), AND(in[1], in[4]), AND(in[4], in[5])
  Output bit 3: All 5 candidates agree -> value = 0
    Best match: AND(in[0], in[6]) = 0
  Output bit 4: Ambiguous (4 candidates predict 0, 2 predict 1)
    For 0: ID(in[0]), NOR(in[2], in[4]), INHIB(in[0], in[2])
    For 1: OR(in[0], in[1]), IMPL(in[3], in[0])
  Output bit 5: Ambiguous (3 candidates predict 0, 2 predict 1)
    For 0: AND(in[0], in[1]), INHIB(in[1], in[2]), INHIB(in[1], in[4])
    For 1: ID(in[1]), IMPL(in[3], in[1])
  Output bit 6: Ambiguous (3 candidates predict 0, 4 predict 1)
    For 0: AND(in[2], in[3]), NOR(in[1], in[7]), INHIB(in[2], in[1])
    For 1: ID(in[2]), NOR(in[0], in[7]), INHIB(in[2], in[0])
  Output bit 7: Ambiguous (2 candidates predict 0, 6 predict 1)
    For 0: ID(in[3]), IMPL(in[1], in[3])
    For 1: OR(in[2], in[3]), OR(in[3], in[4]), OR(in[3], in[5])

Step 2: No strong shift pattern detected.

Step 3: No additional bits resolved by context propagation.

Step 4: Resolve remaining 7 ambiguous bit(s) by scoring all combinations.
  Ambiguous positions: [0, 1, 2, 4, 5, 6, 7]
  Scoring considers: operation priors, complexity, template consistency, shift alignment.
  Bit 0 -> 1
  Bit 1 -> 1
  Bit 2 -> 1
  Bit 4 -> 0
  Bit 5 -> 1
  Bit 6 -> 1
  Bit 7 -> 0

Step 5: Combine all bits to form the output.
  bit0=1(scored) | bit1=1(scored) | bit2=1(scored) | bit3=0(unambig) | bit4=0(scored) | bit5=1(scored) | bit6=1(scored) | bit7=0(scored)

The answer is 11100110.",Bit Manipulation,low,bf,7
c3ab014b,"In Alice's Wonderland, a secret bit manipulation rule transforms 8-bit binary numbers. The transformation involves operations like bit shifts, rotations, XOR, AND, OR, NOT, and possibly majority or choice functions.

Here are some examples of input -> output:
01001001 -> 10011010
10001010 -> 00010101
00111110 -> 00001100
10001001 -> 00010011
11001101 -> 10011011
10100010 -> 01010101
01010111 -> 00001110
10001100 -> 00011001
01110000 -> 01100000
11110000 -> 01100001

Now, determine the output for: 00011101",00010010,"I need to find the secret bit manipulation rule from the examples.

Given 10 examples:
  01001001 -> 10011010
  10001010 -> 00010101
  00111110 -> 00001100
  10001001 -> 00010011
  11001101 -> 10011011
  10100010 -> 01010101
  01010111 -> 00001110
  10001100 -> 00011001
  01110000 -> 01100000
  11110000 -> 01100001

Query: 00011101

Step 1: Analyze each output bit as an independent boolean function of input bits.

  Output bit 0: All 2 candidates agree -> value = 0
    Best match: AND(in[1], in[4]) = 0
  Output bit 1: All 4 candidates agree -> value = 0
    Best match: NOR(in[4], in[5]) = 0
  Output bit 2: Ambiguous (5 candidates predict 0, 1 predict 1)
    For 0: AND(in[1], in[2]), NOR(in[4], in[6]), INHIB(in[1], in[7])
    For 1: INHIB(in[3], in[6])
  Output bit 3: All 1 candidates agree -> value = 0
    Best match: NOT(in[3]) = 0
  Output bit 4: All 1 candidates agree -> value = 1
    Best match: MAJ(in[1], in[4], in[5]) = 1
  Output bit 5: All 1 candidates agree -> value = 0
    Best match: ID(in[6]) = 0
  Output bit 6: All 2 candidates agree -> value = 1
    Best match: ID(in[7]) = 1
  Output bit 7: All 1 candidates agree -> value = 0
    Best match: ID(in[0]) = 0

Step 2: Identify structural patterns.
  Confirmed bit mappings: bit3<-in[3](shift=0), bit5<-in[6](shift=1), bit6<-in[7](shift=1), bit7<-in[0](shift=1)
  Dominant shift = 1 (weight 15)

Step 3: Resolve ambiguous bits using structural patterns.
  Bit 2: Resolved via pair/structure pattern -> value = 0

Step 4: All bits resolved without brute-force.

Step 5: Combine all bits to form the output.
  bit0=0(unambig) | bit1=0(unambig) | bit2=0(ctx) | bit3=0(unambig) | bit4=1(unambig) | bit5=0(unambig) | bit6=1(unambig) | bit7=0(unambig)

The answer is 00001010.",Bit Manipulation,high,ctx,0
c424dcd4,"In Alice's Wonderland, a secret bit manipulation rule transforms 8-bit binary numbers. The transformation involves operations like bit shifts, rotations, XOR, AND, OR, NOT, and possibly majority or choice functions.

Here are some examples of input -> output:
01110000 -> 11100111
11011000 -> 11001101
00010001 -> 00111011
01100000 -> 11100111
01010101 -> 00101111
11101111 -> 10001110
00101000 -> 11110111
00101001 -> 00110111

Now, determine the output for: 11110000",11001111,"I need to find the secret bit manipulation rule from the examples.

Given 8 examples:
  01110000 -> 11100111
  11011000 -> 11001101
  00010001 -> 00111011
  01100000 -> 11100111
  01010101 -> 00101111
  11101111 -> 10001110
  00101000 -> 11110111
  00101001 -> 00110111

Query: 11110000

Step 1: Analyze each output bit as an independent boolean function of input bits.

  Output bit 0: All 3 candidates agree -> value = 1
    Best match: XNOR(in[6], in[7]) = 1
  Output bit 1: All 3 candidates agree -> value = 1
    Best match: NOR(in[5], in[7]) = 1
  Output bit 2: Ambiguous (3 candidates predict 0, 2 predict 1)
    For 0: NOR(in[0], in[6]), NOT(in[0]), NAND(in[0], in[1])
    For 1: NAND(in[0], in[4]), NAND(in[1], in[4])
  Output bit 3: All 4 candidates agree -> value = 0
    Best match: NOR(in[0], in[1]) = 0
  Output bit 4: Ambiguous (3 candidates predict 0, 1 predict 1)
    For 0: XNOR(in[2], in[6]), IMPL(in[2], in[5]), IMPL(in[2], in[6])
    For 1: IMPL(in[2], in[0])
  Output bit 5: All 3 candidates agree -> value = 1
    Best match: OR(in[1], in[2]) = 1
  Output bit 6: Ambiguous (5 candidates predict 0, 4 predict 1)
    For 0: XNOR(in[0], in[6]), NAND(in[0], in[3]), IMPL(in[0], in[5])
    For 1: OR(in[2], in[7]), NAND(in[3], in[4]), IMPL(in[0], in[2])
  Output bit 7: Ambiguous (1 candidates predict 0, 14 predict 1)
    For 0: NAND(in[0], in[2])
    For 1: NOT(in[6]), NAND(in[0], in[5]), NAND(in[0], in[6])

Step 2: Identify structural patterns.
  Confirmed bit mappings: bit1<-in[7](shift=6), bit2<-in[0](shift=6), bit3<-in[1](shift=6)
  Dominant shift = 6 (weight 11)

Step 3: Resolve ambiguous bits using structural patterns.
  Bit 2: Using shift=6, source = in[0] -> value = 0

Step 4: Resolve remaining 3 ambiguous bit(s) by scoring all combinations.
  Ambiguous positions: [4, 6, 7]
  Scoring considers: operation priors, complexity, template consistency, shift alignment.
  Bit 4 -> 0
  Bit 6 -> 0
  Bit 7 -> 1

Step 5: Combine all bits to form the output.
  bit0=1(unambig) | bit1=1(unambig) | bit2=0(ctx) | bit3=0(unambig) | bit4=0(scored) | bit5=1(unambig) | bit6=0(scored) | bit7=1(scored)

The answer is 11000101.",Bit Manipulation,low,bf,3
c65654a5,"In Alice's Wonderland, a secret bit manipulation rule transforms 8-bit binary numbers. The transformation involves operations like bit shifts, rotations, XOR, AND, OR, NOT, and possibly majority or choice functions.

Here are some examples of input -> output:
11000000 -> 11111101
00001010 -> 10000111
01111000 -> 11011110
00110011 -> 10101011
00001100 -> 10101111
10000110 -> 11010101
01000110 -> 11010110

Now, determine the output for: 11011001",01010001,"I need to find the secret bit manipulation rule from the examples.

Given 7 examples:
  11000000 -> 11111101
  00001010 -> 10000111
  01111000 -> 11011110
  00110011 -> 10101011
  00001100 -> 10101111
  10000110 -> 11010101
  01000110 -> 11010110

Query: 11011001

Step 1: Analyze each output bit as an independent boolean function of input bits.

  Output bit 0: Ambiguous (9 candidates predict 0, 7 predict 1)
    For 0: XNOR(in[2], in[3]), NAND(in[0], in[3]), NAND(in[0], in[4])
    For 1: NAND(in[0], in[2]), NAND(in[2], in[5]), NAND(in[3], in[5])
  Output bit 1: Ambiguous (1 candidates predict 0, 3 predict 1)
    For 0: XNOR(in[2], in[4])
    For 1: OR(in[0], in[1]), XNOR(in[3], in[4]), XNOR(in[5], in[6])
  Output bit 2: Ambiguous (2 candidates predict 0, 1 predict 1)
    For 0: XNOR(in[3], in[6]), XNOR(in[4], in[5])
    For 1: XNOR(in[2], in[6])
  Output bit 3: Ambiguous (1 candidates predict 0, 3 predict 1)
    For 0: XNOR(in[2], in[4])
    For 1: OR(in[0], in[1]), XNOR(in[3], in[4]), XNOR(in[5], in[6])
  Output bit 4: Ambiguous (1 candidates predict 0, 3 predict 1)
    For 0: XNOR(in[6], in[7])
    For 1: IMPL(in[6], in[2]), IMPL(in[6], in[3]), IMPL(in[6], in[7])
  Output bit 5: Ambiguous (3 candidates predict 0, 11 predict 1)
    For 0: NOT(in[7]), NAND(in[3], in[7]), IMPL(in[7], in[5])
    For 1: NAND(in[2], in[6]), NAND(in[2], in[7]), NAND(in[3], in[6])
  Output bit 6: Ambiguous (2 candidates predict 0, 3 predict 1)
    For 0: NOT(in[0]), IMPL(in[0], in[2])
    For 1: IMPL(in[0], in[3]), IMPL(in[0], in[4]), IMPL(in[0], in[7])
  Output bit 7: All 1 candidates agree -> value = 1
    Best match: IMPL(in[1], in[0]) = 1

Step 2: No strong shift pattern detected.

Step 3: No additional bits resolved by context propagation.

Step 4: Resolve remaining 7 ambiguous bit(s) by scoring all combinations.
  Ambiguous positions: [0, 1, 2, 3, 4, 5, 6]
  Scoring considers: operation priors, complexity, template consistency, shift alignment.
  Bit 0 -> 0
  Bit 1 -> 1
  Bit 2 -> 0
  Bit 3 -> 1
  Bit 4 -> 0
  Bit 5 -> 1
  Bit 6 -> 0

Step 5: Combine all bits to form the output.
  bit0=0(scored) | bit1=1(scored) | bit2=0(scored) | bit3=1(scored) | bit4=0(scored) | bit5=1(scored) | bit6=0(scored) | bit7=1(unambig)

The answer is 01010101.",Bit Manipulation,low,bf,7
c711f9dd,"In Alice's Wonderland, a secret bit manipulation rule transforms 8-bit binary numbers. The transformation involves operations like bit shifts, rotations, XOR, AND, OR, NOT, and possibly majority or choice functions.

Here are some examples of input -> output:
00101110 -> 01011100
10010011 -> 00100111
10101000 -> 01010001
00100110 -> 01001100
11011111 -> 00111111
01110110 -> 01101100
10110100 -> 01101001
01110011 -> 00100110
00111000 -> 01110000

Now, determine the output for: 01100000",11000000,"I need to find the secret bit manipulation rule from the examples.

Given 9 examples:
  00101110 -> 01011100
  10010011 -> 00100111
  10101000 -> 01010001
  00100110 -> 01001100
  11011111 -> 00111111
  01110110 -> 01101100
  10110100 -> 01101001
  01110011 -> 00100110
  00111000 -> 01110000

Query: 01100000

Step 1: Analyze each output bit as an independent boolean function of input bits.

  Output bit 0: Ambiguous (7 candidates predict 0, 2 predict 1)
    For 0: NOR(in[0], in[2]), NOR(in[2], in[3]), NOR(in[2], in[6])
    For 1: INHIB(in[1], in[3]), INHIB(in[1], in[6])
  Output bit 1: All 4 candidates agree -> value = 1
    Best match: NOT(in[7]) = 1
  Output bit 2: Ambiguous (3 candidates predict 0, 1 predict 1)
    For 0: ID(in[3]), OR(in[3], in[7]), IMPL(in[2], in[3])
    For 1: OR(in[1], in[3])
  Output bit 3: All 1 candidates agree -> value = 0
    Best match: ID(in[4]) = 0
  Output bit 4: All 1 candidates agree -> value = 0
    Best match: ID(in[5]) = 0
  Output bit 5: Ambiguous (3 candidates predict 0, 1 predict 1)
    For 0: ID(in[6]), OR(in[6], in[7]), IMPL(in[2], in[6])
    For 1: OR(in[1], in[6])
  Output bit 6: All 4 candidates agree -> value = 0
    Best match: ID(in[7]) = 0
  Output bit 7: All 2 candidates agree -> value = 0
    Best match: ID(in[0]) = 0

Step 2: Identify structural patterns.
  Confirmed bit mappings: bit1<-in[7](shift=6), bit2<-in[3](shift=1), bit3<-in[4](shift=1), bit4<-in[5](shift=1), bit5<-in[6](shift=1)
  Dominant shift = 1 (weight 22)

Step 3: Resolve ambiguous bits using structural patterns.
  Bit 2: Using shift=1, source = in[3] -> value = 0
  Bit 5: Using shift=1, source = in[6] -> value = 0

Step 4: Resolve remaining 1 ambiguous bit(s) by scoring all combinations.
  Ambiguous positions: [0]
  Scoring considers: operation priors, complexity, template consistency, shift alignment.
  Bit 0 -> 0

Step 5: Combine all bits to form the output.
  bit0=0(scored) | bit1=1(unambig) | bit2=0(ctx) | bit3=0(unambig) | bit4=0(unambig) | bit5=0(ctx) | bit6=0(unambig) | bit7=0(unambig)

The answer is 01000000.",Bit Manipulation,low,bf,1
c825ac2a,"In Alice's Wonderland, a secret bit manipulation rule transforms 8-bit binary numbers. The transformation involves operations like bit shifts, rotations, XOR, AND, OR, NOT, and possibly majority or choice functions.

Here are some examples of input -> output:
11001000 -> 00000110
10101011 -> 11000101
11101111 -> 11000111
10010111 -> 11000100
00111100 -> 00000001
00011010 -> 10000000
10111010 -> 10000101
00010011 -> 11000000
01100000 -> 00000011
00110011 -> 11000001

Now, determine the output for: 11111100",00000111,"I need to find the secret bit manipulation rule from the examples.

Given 10 examples:
  11001000 -> 00000110
  10101011 -> 11000101
  11101111 -> 11000111
  10010111 -> 11000100
  00111100 -> 00000001
  00011010 -> 10000000
  10111010 -> 10000101
  00010011 -> 11000000
  01100000 -> 00000011
  00110011 -> 11000001

Query: 11111100

Step 1: Analyze each output bit as an independent boolean function of input bits.

  Output bit 0: All 2 candidates agree -> value = 0
    Best match: ID(in[6]) = 0
  Output bit 1: All 2 candidates agree -> value = 0
    Best match: ID(in[7]) = 0
  Output bit 2: Ambiguous (2 candidates predict 0, 1 predict 1)
    For 0: INHIB(in[7], in[6]), C0
    For 1: AND(in[1], in[3])
  Output bit 3: Ambiguous (2 candidates predict 0, 1 predict 1)
    For 0: INHIB(in[7], in[6]), C0
    For 1: AND(in[1], in[3])
  Output bit 4: Ambiguous (2 candidates predict 0, 1 predict 1)
    For 0: INHIB(in[7], in[6]), C0
    For 1: AND(in[1], in[3])
  Output bit 5: All 1 candidates agree -> value = 1
    Best match: ID(in[0]) = 1
  Output bit 6: Ambiguous (1 candidates predict 0, 1 predict 1)
    For 0: INHIB(in[1], in[3])
    For 1: ID(in[1])
  Output bit 7: All 1 candidates agree -> value = 1
    Best match: ID(in[2]) = 1

Step 2: Identify structural patterns.
  Confirmed bit mappings: bit0<-in[6](shift=6), bit1<-in[7](shift=6), bit5<-in[0](shift=3), bit6<-in[1](shift=3), bit7<-in[2](shift=3)
  Dominant shift = 3 (weight 11)

Step 3: Resolve ambiguous bits using structural patterns.
  Bit 6: Using shift=3, source = in[1] -> value = 1

Step 4: Resolve remaining 3 ambiguous bit(s) by scoring all combinations.
  Ambiguous positions: [2, 3, 4]
  Scoring considers: operation priors, complexity, template consistency, shift alignment.
  Bit 2 -> 1
  Bit 3 -> 1
  Bit 4 -> 1

Step 5: Combine all bits to form the output.
  bit0=0(unambig) | bit1=0(unambig) | bit2=1(scored) | bit3=1(scored) | bit4=1(scored) | bit5=1(unambig) | bit6=1(ctx) | bit7=1(unambig)

The answer is 00111111.",Bit Manipulation,low,bf,3
c8c65001,"In Alice's Wonderland, a secret bit manipulation rule transforms 8-bit binary numbers. The transformation involves operations like bit shifts, rotations, XOR, AND, OR, NOT, and possibly majority or choice functions.

Here are some examples of input -> output:
00011110 -> 00001111
11010010 -> 01101000
01000111 -> 10101010
01001001 -> 00100000
11110110 -> 11111110
01010010 -> 00101000
01111100 -> 10111110

Now, determine the output for: 11001000",00010000,"I need to find the secret bit manipulation rule from the examples.

Given 7 examples:
  00011110 -> 00001111
  11010010 -> 01101000
  01000111 -> 10101010
  01001001 -> 00100000
  11110110 -> 11111110
  01010010 -> 00101000
  01111100 -> 10111110

Query: 11001000

Step 1: Analyze each output bit as an independent boolean function of input bits.

  Output bit 0: All 2 candidates agree -> value = 0
    Best match: AND(in[1], in[5]) = 0
  Output bit 1: Ambiguous (3 candidates predict 0, 3 predict 1)
    For 0: AND(in[0], in[3]), AND(in[0], in[6]), INHIB(in[0], in[4])
    For 1: ID(in[0]), AND(in[0], in[1]), INHIB(in[0], in[7])
  Output bit 2: All 10 candidates agree -> value = 1
    Best match: ID(in[1]) = 1
  Output bit 3: All 5 candidates agree -> value = 0
    Best match: ID(in[2]) = 0
  Output bit 4: Ambiguous (6 candidates predict 0, 3 predict 1)
    For 0: OR(in[2], in[6]), OR(in[3], in[5]), OR(in[3], in[6])
    For 1: NAND(in[4], in[7]), IMPL(in[7], in[5]), IMPL(in[7], in[6])
  Output bit 5: All 4 candidates agree -> value = 0
    Best match: AND(in[3], in[5]) = 0
  Output bit 6: All 3 candidates agree -> value = 0
    Best match: ID(in[5]) = 0
  Output bit 7: All 10 candidates agree -> value = 0
    Best match: AND(in[4], in[6]) = 0

Step 2: Identify structural patterns.
  Confirmed bit mappings: bit1<-in[0](shift=7), bit2<-in[1](shift=7), bit3<-in[2](shift=7), bit6<-in[5](shift=7), bit7<-in[1](shift=2)
  Dominant shift = 7 (weight 16)

Step 3: Resolve ambiguous bits using structural patterns.
  Bit 1: Using shift=7, source = in[0] -> value = 1

Step 4: Resolve remaining 1 ambiguous bit(s) by scoring all combinations.
  Ambiguous positions: [4]
  Scoring considers: operation priors, complexity, template consistency, shift alignment.
  Bit 4 -> 0

Step 5: Combine all bits to form the output.
  bit0=0(unambig) | bit1=1(ctx) | bit2=1(unambig) | bit3=0(unambig) | bit4=0(scored) | bit5=0(unambig) | bit6=0(unambig) | bit7=0(unambig)

The answer is 01100000.",Bit Manipulation,low,bf,1
c90fa3a6,"In Alice's Wonderland, a secret bit manipulation rule transforms 8-bit binary numbers. The transformation involves operations like bit shifts, rotations, XOR, AND, OR, NOT, and possibly majority or choice functions.

Here are some examples of input -> output:
00010011 -> 00000100
10001100 -> 00000001
10111001 -> 00100011
10001001 -> 00000011
10000000 -> 00000001
00000110 -> 00000000
00111111 -> 00001110
10011101 -> 00100011
10100100 -> 00001001
10000111 -> 00000001

Now, determine the output for: 01011011",00010110,"I need to find the secret bit manipulation rule from the examples.

Given 10 examples:
  00010011 -> 00000100
  10001100 -> 00000001
  10111001 -> 00100011
  10001001 -> 00000011
  10000000 -> 00000001
  00000110 -> 00000000
  00111111 -> 00001110
  10011101 -> 00100011
  10100100 -> 00001001
  10000111 -> 00000001

Query: 01011011

Step 1: Analyze each output bit as an independent boolean function of input bits.

  Output bit 0: Ambiguous (10 candidates predict 0, 8 predict 1)
    For 0: AND(in[0], in[1]), AND(in[1], in[2]), AND(in[1], in[5])
    For 1: ID(in[1]), AND(in[1], in[3]), AND(in[1], in[4])
  Output bit 1: Ambiguous (10 candidates predict 0, 8 predict 1)
    For 0: AND(in[0], in[1]), AND(in[1], in[2]), AND(in[1], in[5])
    For 1: ID(in[1]), AND(in[1], in[3]), AND(in[1], in[4])
  Output bit 2: All 2 candidates agree -> value = 0
    Best match: AND(in[0], in[3]) = 0
  Output bit 3: Ambiguous (10 candidates predict 0, 8 predict 1)
    For 0: AND(in[0], in[1]), AND(in[1], in[2]), AND(in[1], in[5])
    For 1: ID(in[1]), AND(in[1], in[3]), AND(in[1], in[4])
  Output bit 4: All 1 candidates agree -> value = 0
    Best match: AND(in[2], in[5]) = 0
  Output bit 5: All 3 candidates agree -> value = 1
    Best match: AND(in[3], in[6]) = 1
  Output bit 6: All 1 candidates agree -> value = 1
    Best match: AND(in[4], in[7]) = 1
  Output bit 7: Ambiguous (3 candidates predict 0, 2 predict 1)
    For 0: ID(in[0]), INHIB(in[0], in[1]), IMPL(in[6], in[0])
    For 1: XOR(in[0], in[1]), OR(in[0], in[1])

Step 2: No strong shift pattern detected.

Step 3: Resolve ambiguous bits using structural patterns.
  Bit 0: Resolved via pair/structure pattern -> value = 1
  Bit 3: Resolved via pair/structure pattern -> value = 1

Step 4: Resolve remaining 2 ambiguous bit(s) by scoring all combinations.
  Ambiguous positions: [1, 7]
  Scoring considers: operation priors, complexity, template consistency, shift alignment.
  Bit 1 -> 1
  Bit 7 -> 0

Step 5: Combine all bits to form the output.
  bit0=1(ctx) | bit1=1(scored) | bit2=0(unambig) | bit3=1(ctx) | bit4=0(unambig) | bit5=1(unambig) | bit6=1(unambig) | bit7=0(scored)

The answer is 11010110.",Bit Manipulation,low,bf,2
ca8d32e6,"In Alice's Wonderland, a secret bit manipulation rule transforms 8-bit binary numbers. The transformation involves operations like bit shifts, rotations, XOR, AND, OR, NOT, and possibly majority or choice functions.

Here are some examples of input -> output:
11101101 -> 00101110
01001100 -> 01101100
10011000 -> 11011001
01011000 -> 11101101
10000100 -> 01011110
11000011 -> 01101111
10010100 -> 01011011
10000111 -> 11111110

Now, determine the output for: 11001110",10001100,"I need to find the secret bit manipulation rule from the examples.

Given 8 examples:
  11101101 -> 00101110
  01001100 -> 01101100
  10011000 -> 11011001
  01011000 -> 11101101
  10000100 -> 01011110
  11000011 -> 01101111
  10010100 -> 01011011
  10000111 -> 11111110

Query: 11001110

Step 1: Analyze each output bit as an independent boolean function of input bits.

  Output bit 0: All 1 candidates agree -> value = 1
    Best match: XNOR(in[5], in[6]) = 1
  Output bit 1: Ambiguous (1 candidates predict 0, 10 predict 1)
    For 0: XNOR(in[6], in[7])
    For 1: NOT(in[2]), NAND(in[0], in[2]), NAND(in[1], in[2])
  Output bit 2: Ambiguous (2 candidates predict 0, 2 predict 1)
    For 0: XNOR(in[0], in[7]), IMPL(in[0], in[7])
    For 1: OR(in[1], in[6]), OR(in[1], in[7])
  Output bit 3: All 3 candidates agree -> value = 0
    Best match: NOR(in[1], in[2]) = 0
  Output bit 4: Ambiguous (2 candidates predict 0, 14 predict 1)
    For 0: NAND(in[4], in[6]), IMPL(in[6], in[7])
    For 1: OR(in[0], in[1]), OR(in[0], in[4]), NAND(in[2], in[3])
  Output bit 5: All 2 candidates agree -> value = 1
    Best match: NAND(in[0], in[3]) = 1
  Output bit 6: All 3 candidates agree -> value = 0
    Best match: XNOR(in[2], in[4]) = 0
  Output bit 7: All 1 candidates agree -> value = 0
    Best match: IMPL(in[5], in[3]) = 0

Step 2: Identify structural patterns.
  Confirmed bit mappings: bit3<-in[1](shift=6)
  Dominant shift = 6 (weight 5)

Step 3: Resolve ambiguous bits using structural patterns.
  Bit 4: Resolved via pair/structure pattern -> value = 1

Step 4: Resolve remaining 2 ambiguous bit(s) by scoring all combinations.
  Ambiguous positions: [1, 2]
  Scoring considers: operation priors, complexity, template consistency, shift alignment.
  Bit 1 -> 1
  Bit 2 -> 0

Step 5: Combine all bits to form the output.
  bit0=1(unambig) | bit1=1(scored) | bit2=0(scored) | bit3=0(unambig) | bit4=1(ctx) | bit5=1(unambig) | bit6=0(unambig) | bit7=0(unambig)

The answer is 11001100.",Bit Manipulation,low,bf,2
cb11a232,"In Alice's Wonderland, a secret bit manipulation rule transforms 8-bit binary numbers. The transformation involves operations like bit shifts, rotations, XOR, AND, OR, NOT, and possibly majority or choice functions.

Here are some examples of input -> output:
11101110 -> 11111111
10101011 -> 11011101
11101011 -> 01011101
10011010 -> 10011011
00111000 -> 10001111
10011110 -> 00010011
01011101 -> 11101111

Now, determine the output for: 10011001",11111111,"I need to find the secret bit manipulation rule from the examples.

Given 7 examples:
  11101110 -> 11111111
  10101011 -> 11011101
  11101011 -> 01011101
  10011010 -> 10011011
  00111000 -> 10001111
  10011110 -> 00010011
  01011101 -> 11101111

Query: 10011001

Step 1: Analyze each output bit as an independent boolean function of input bits.

  Output bit 0: All 1 candidates agree -> value = 1
    Best match: XNOR(in[1], in[5]) = 1
  Output bit 1: Ambiguous (2 candidates predict 0, 3 predict 1)
    For 0: XNOR(in[0], in[2]), IMPL(in[3], in[1])
    For 1: OR(in[1], in[7]), XNOR(in[2], in[6]), IMPL(in[3], in[7])
  Output bit 2: Ambiguous (1 candidates predict 0, 1 predict 1)
    For 0: AND(in[1], in[5])
    For 1: XNOR(in[3], in[7])
  Output bit 3: Ambiguous (6 candidates predict 0, 6 predict 1)
    For 0: ID(in[6]), AND(in[0], in[6]), AND(in[4], in[6])
    For 1: ID(in[0]), AND(in[0], in[4]), XNOR(in[0], in[4])
  Output bit 4: All 1 candidates agree -> value = 1
    Best match: IMPL(in[5], in[1]) = 1
  Output bit 5: Ambiguous (4 candidates predict 0, 4 predict 1)
    For 0: XOR(in[0], in[3]), OR(in[1], in[2]), NAND(in[0], in[3])
    For 1: XOR(in[3], in[6]), OR(in[2], in[7]), NAND(in[3], in[6])
  Output bit 6: Ambiguous (2 candidates predict 0, 4 predict 1)
    For 0: NAND(in[0], in[7]), IMPL(in[7], in[5])
    For 1: OR(in[3], in[5]), NAND(in[2], in[7]), NAND(in[6], in[7])
  Output bit 7: Ambiguous (2 candidates predict 0, 20 predict 1)
    For 0: XNOR(in[0], in[6]), IMPL(in[0], in[6])
    For 1: ID(in[4]), OR(in[0], in[3]), OR(in[0], in[4])

Step 2: No strong shift pattern detected.

Step 3: Resolve ambiguous bits using structural patterns.
  Bit 3: Resolved via pair/structure pattern -> value = 1
  Bit 5: Resolved via pair/structure pattern -> value = 1
  Bit 6: Resolved via pair/structure pattern -> value = 1
  Bit 7: Resolved via pair/structure pattern -> value = 1

Step 4: Resolve remaining 2 ambiguous bit(s) by scoring all combinations.
  Ambiguous positions: [1, 2]
  Scoring considers: operation priors, complexity, template consistency, shift alignment.
  Bit 1 -> 1
  Bit 2 -> 0

Step 5: Combine all bits to form the output.
  bit0=1(unambig) | bit1=1(scored) | bit2=0(scored) | bit3=1(ctx) | bit4=1(unambig) | bit5=1(ctx) | bit6=1(ctx) | bit7=1(ctx)

The answer is 11011111.",Bit Manipulation,low,bf,2
cb239867,"In Alice's Wonderland, a secret bit manipulation rule transforms 8-bit binary numbers. The transformation involves operations like bit shifts, rotations, XOR, AND, OR, NOT, and possibly majority or choice functions.

Here are some examples of input -> output:
00101011 -> 10101100
10110010 -> 01001010
00100000 -> 10000000
00001011 -> 00100100
01110110 -> 01011001
11110001 -> 01001111
10101111 -> 10101110

Now, determine the output for: 11100000",10000011,"I need to find the secret bit manipulation rule from the examples.

Given 7 examples:
  00101011 -> 10101100
  10110010 -> 01001010
  00100000 -> 10000000
  00001011 -> 00100100
  01110110 -> 01011001
  11110001 -> 01001111
  10101111 -> 10101110

Query: 11100000

Step 1: Analyze each output bit as an independent boolean function of input bits.

  Output bit 0: All 2 candidates agree -> value = 1
    Best match: XOR(in[2], in[3]) = 1
  Output bit 1: Ambiguous (4 candidates predict 0, 2 predict 1)
    For 0: ID(in[3]), AND(in[2], in[3]), XOR(in[6], in[7])
    For 1: XOR(in[0], in[5]), OR(in[1], in[3])
  Output bit 2: All 10 candidates agree -> value = 0
    Best match: ID(in[4]) = 0
  Output bit 3: Ambiguous (8 candidates predict 0, 1 predict 1)
    For 0: AND(in[1], in[5]), AND(in[1], in[6]), AND(in[3], in[5])
    For 1: INHIB(in[1], in[7])
  Output bit 4: Ambiguous (3 candidates predict 0, 2 predict 1)
    For 0: MAJ(in[2], in[3], in[4]), MAJ(in[2], in[3], in[6]), MAJ(in[2], in[3], in[7])
    For 1: MAJ(in[0], in[2], in[6]), MAJ(in[1], in[2], in[6])
  Output bit 5: All 4 candidates agree -> value = 0
    Best match: ID(in[7]) = 0
  Output bit 6: Ambiguous (1 candidates predict 0, 2 predict 1)
    For 0: XOR(in[3], in[5])
    For 1: ID(in[0]), AND(in[0], in[2])
  Output bit 7: Ambiguous (1 candidates predict 0, 3 predict 1)
    For 0: AND(in[1], in[3])
    For 1: ID(in[1]), AND(in[1], in[2]), INHIB(in[1], in[4])

Step 2: Identify structural patterns.
  Confirmed bit mappings: bit1<-in[3](shift=2), bit2<-in[4](shift=2), bit5<-in[7](shift=2), bit6<-in[0](shift=2), bit7<-in[1](shift=2)
  Dominant shift = 2 (weight 13)

Step 3: Resolve ambiguous bits using structural patterns.
  Bit 1: Using shift=2, source = in[3] -> value = 0
  Bit 6: Using shift=2, source = in[0] -> value = 1
  Bit 7: Using shift=2, source = in[1] -> value = 1

Step 4: Resolve remaining 2 ambiguous bit(s) by scoring all combinations.
  Ambiguous positions: [3, 4]
  Scoring considers: operation priors, complexity, template consistency, shift alignment.
  Bit 3 -> 0
  Bit 4 -> 1

Step 5: Combine all bits to form the output.
  bit0=1(unambig) | bit1=0(ctx) | bit2=0(unambig) | bit3=0(scored) | bit4=1(scored) | bit5=0(unambig) | bit6=1(ctx) | bit7=1(ctx)

The answer is 10001011.",Bit Manipulation,low,bf,2
cc7dd4ae,"In Alice's Wonderland, a secret bit manipulation rule transforms 8-bit binary numbers. The transformation involves operations like bit shifts, rotations, XOR, AND, OR, NOT, and possibly majority or choice functions.

Here are some examples of input -> output:
01010101 -> 01010111
10001110 -> 10100111
10100001 -> 00101000
01001010 -> 00000010
01010100 -> 00010101
00001100 -> 00000011
11010110 -> 00010101
00111101 -> 00000101
10011000 -> 00000110
11001100 -> 00100011

Now, determine the output for: 01111110",00000011,"I need to find the secret bit manipulation rule from the examples.

Given 10 examples:
  01010101 -> 01010111
  10001110 -> 10100111
  10100001 -> 00101000
  01001010 -> 00000010
  01010100 -> 00010101
  00001100 -> 00000011
  11010110 -> 00010101
  00111101 -> 00000101
  10011000 -> 00000110
  11001100 -> 00100011

Query: 01111110

Step 1: Analyze each output bit as an independent boolean function of input bits.

  Output bit 0: All 1 candidates agree -> value = 0
    Best match: INHIB(in[6], in[1]) = 0
  Output bit 1: Ambiguous (2 candidates predict 0, 1 predict 1)
    For 0: AND(in[1], in[7]), INHIB(in[7], in[2])
    For 1: XOR(in[2], in[7])
  Output bit 2: All 1 candidates agree -> value = 0
    Best match: INHIB(in[0], in[3]) = 0
  Output bit 3: Ambiguous (4 candidates predict 0, 1 predict 1)
    For 0: NOR(in[2], in[4]), INHIB(in[1], in[4]), INHIB(in[3], in[4])
    For 1: AND(in[1], in[3])
  Output bit 4: All 10 candidates agree -> value = 0
    Best match: AND(in[0], in[2]) = 0
  Output bit 5: All 1 candidates agree -> value = 1
    Best match: OR(AND)(in[0], in[6], in[3]) = 1
  Output bit 6: All 1 candidates agree -> value = 0
    Best match: XNOR(AND)(in[1], in[3], in[7]) = 0
  Output bit 7: All 1 candidates agree -> value = 1
    Best match: ID(in[5]) = 1

Step 2: Identify structural patterns.
  Confirmed bit mappings: bit7<-in[5](shift=6)
  Dominant shift = 6 (weight 5)

Step 3: Resolve ambiguous bits using structural patterns.
  Bit 1: Resolved via pair/structure pattern -> value = 0
  Bit 3: Resolved via pair/structure pattern -> value = 0

Step 4: All bits resolved without brute-force.

Step 5: Combine all bits to form the output.
  bit0=0(unambig) | bit1=0(ctx) | bit2=0(unambig) | bit3=0(ctx) | bit4=0(unambig) | bit5=1(unambig) | bit6=0(unambig) | bit7=1(unambig)

The answer is 00000101.",Bit Manipulation,high,ctx,0
ccc42ec2,"In Alice's Wonderland, a secret bit manipulation rule transforms 8-bit binary numbers. The transformation involves operations like bit shifts, rotations, XOR, AND, OR, NOT, and possibly majority or choice functions.

Here are some examples of input -> output:
01101101 -> 11010110
11010100 -> 01011101
01110010 -> 11101111
01010100 -> 01011101
11101111 -> 01001110
00010010 -> 11101111
10111100 -> 00011011
11010010 -> 11101101
00110110 -> 11001111

Now, determine the output for: 10000010",01101011,"I need to find the secret bit manipulation rule from the examples.

Given 9 examples:
  01101101 -> 11010110
  11010100 -> 01011101
  01110010 -> 11101111
  01010100 -> 01011101
  11101111 -> 01001110
  00010010 -> 11101111
  10111100 -> 00011011
  11010010 -> 11101101
  00110110 -> 11001111

Query: 10000010

Step 1: Analyze each output bit as an independent boolean function of input bits.

  Output bit 0: Ambiguous (1 candidates predict 0, 1 predict 1)
    For 0: XNOR(in[3], in[6])
    For 1: XOR(in[6], in[7])
  Output bit 1: Ambiguous (2 candidates predict 0, 5 predict 1)
    For 0: XOR(in[3], in[4]), IMPL(in[0], in[1])
    For 1: OR(in[1], in[6]), XNOR(in[4], in[7]), NAND(in[3], in[4])
  Output bit 2: Ambiguous (1 candidates predict 0, 4 predict 1)
    For 0: INHIB(in[3], in[5])
    For 1: NOR(in[4], in[5]), NOR(in[5], in[7]), NOT(in[5])
  Output bit 3: All 2 candidates agree -> value = 0
    Best match: NOT(in[6]) = 0
  Output bit 4: All 5 candidates agree -> value = 1
    Best match: OR(in[0], in[3]) = 1
  Output bit 5: Ambiguous (2 candidates predict 0, 5 predict 1)
    For 0: XOR(in[3], in[4]), IMPL(in[0], in[1])
    For 1: OR(in[1], in[6]), XNOR(in[4], in[7]), NAND(in[3], in[4])
  Output bit 6: All 1 candidates agree -> value = 1
    Best match: IMPL(in[1], in[2]) = 1
  Output bit 7: Ambiguous (2 candidates predict 0, 11 predict 1)
    For 0: ID(in[3]), INHIB(in[3], in[7])
    For 1: NOT(in[7]), NAND(in[1], in[4]), NAND(in[1], in[7])

Step 2: Identify structural patterns.
  Confirmed bit mappings: bit2<-in[5](shift=3), bit3<-in[6](shift=3)
  Dominant shift = 3 (weight 6)

Step 3: Resolve ambiguous bits using structural patterns.
  Bit 2: Using shift=3, source = in[5] -> value = 1
  Bit 5: Resolved via pair/structure pattern -> value = 0
  Bit 7: Resolved via pair/structure pattern -> value = 1

Step 4: Resolve remaining 2 ambiguous bit(s) by scoring all combinations.
  Ambiguous positions: [0, 1]
  Scoring considers: operation priors, complexity, template consistency, shift alignment.
  Bit 0 -> 1
  Bit 1 -> 1

Step 5: Combine all bits to form the output.
  bit0=1(scored) | bit1=1(scored) | bit2=1(ctx) | bit3=0(unambig) | bit4=1(unambig) | bit5=0(ctx) | bit6=1(unambig) | bit7=1(ctx)

The answer is 11101011.",Bit Manipulation,low,bf,2
ccf02dee,"In Alice's Wonderland, a secret bit manipulation rule transforms 8-bit binary numbers. The transformation involves operations like bit shifts, rotations, XOR, AND, OR, NOT, and possibly majority or choice functions.

Here are some examples of input -> output:
00111000 -> 01001110
11010110 -> 11100111
11000100 -> 01010011
01000101 -> 01011111
10110101 -> 00111010
00001001 -> 10100101
01000100 -> 01010101
10100001 -> 10110010

Now, determine the output for: 11110101",10111001,"I need to find the secret bit manipulation rule from the examples.

Given 8 examples:
  00111000 -> 01001110
  11010110 -> 11100111
  11000100 -> 01010011
  01000101 -> 01011111
  10110101 -> 00111010
  00001001 -> 10100101
  01000100 -> 01010101
  10100001 -> 10110010

Query: 11110101

Step 1: Analyze each output bit as an independent boolean function of input bits.

  Output bit 0: All 1 candidates agree -> value = 1
    Best match: XNOR(in[1], in[3]) = 1
  Output bit 1: Ambiguous (1 candidates predict 0, 1 predict 1)
    For 0: XNOR(in[2], in[4])
    For 1: IMPL(in[7], in[1])
  Output bit 2: All 1 candidates agree -> value = 1
    Best match: XNOR(in[3], in[5]) = 1
  Output bit 3: All 2 candidates agree -> value = 1
    Best match: XNOR(in[4], in[6]) = 1
  Output bit 4: All 1 candidates agree -> value = 1
    Best match: XNOR(in[5], in[7]) = 1
  Output bit 5: All 2 candidates agree -> value = 0
    Best match: XNOR(in[0], in[6]) = 0
  Output bit 6: All 1 candidates agree -> value = 0
    Best match: XNOR(XOR)(in[0], in[1], in[7]) = 0
  Output bit 7: Ambiguous (2 candidates predict 0, 1 predict 1)
    For 0: NOT(in[2]), IMPL(in[2], in[6])
    For 1: IMPL(in[2], in[1])

Step 2: No strong shift pattern detected.

Step 3: Resolve ambiguous bits using structural patterns.
  Bit 1: Resolved via pair/structure pattern -> value = 0

Step 4: Resolve remaining 1 ambiguous bit(s) by scoring all combinations.
  Ambiguous positions: [7]
  Scoring considers: operation priors, complexity, template consistency, shift alignment.
  Bit 7 -> 0

Step 5: Combine all bits to form the output.
  bit0=1(unambig) | bit1=0(ctx) | bit2=1(unambig) | bit3=1(unambig) | bit4=1(unambig) | bit5=0(unambig) | bit6=0(unambig) | bit7=0(scored)

The answer is 10111000.",Bit Manipulation,low,bf,1
ce00ffe4,"In Alice's Wonderland, a secret bit manipulation rule transforms 8-bit binary numbers. The transformation involves operations like bit shifts, rotations, XOR, AND, OR, NOT, and possibly majority or choice functions.

Here are some examples of input -> output:
00011000 -> 00100000
01111101 -> 11111110
10010011 -> 00000110
10011100 -> 00110001
01001011 -> 00001100
11000110 -> 00011000
00101010 -> 00000100

Now, determine the output for: 11111000",11110001,"I need to find the secret bit manipulation rule from the examples.

Given 7 examples:
  00011000 -> 00100000
  01111101 -> 11111110
  10010011 -> 00000110
  10011100 -> 00110001
  01001011 -> 00001100
  11000110 -> 00011000
  00101010 -> 00000100

Query: 11111000

Step 1: Analyze each output bit as an independent boolean function of input bits.

  Output bit 0: Ambiguous (5 candidates predict 0, 5 predict 1)
    For 0: AND(in[2], in[5]), AND(in[2], in[7]), AND(in[5], in[7])
    For 1: AND(in[1], in[2]), AND(in[1], in[3]), AND(in[2], in[3])
  Output bit 1: Ambiguous (5 candidates predict 0, 5 predict 1)
    For 0: AND(in[2], in[5]), AND(in[2], in[7]), AND(in[5], in[7])
    For 1: AND(in[1], in[2]), AND(in[1], in[3]), AND(in[2], in[3])
  Output bit 2: All 4 candidates agree -> value = 1
    Best match: AND(in[3], in[4]) = 1
  Output bit 3: All 1 candidates agree -> value = 0
    Best match: ID(in[5]) = 0
  Output bit 4: Ambiguous (1 candidates predict 0, 2 predict 1)
    For 0: XNOR(in[4], in[7])
    For 1: ID(in[1]), XNOR(in[2], in[3])
  Output bit 5: All 1 candidates agree -> value = 1
    Best match: OR(in[2], in[7]) = 1
  Output bit 6: Ambiguous (1 candidates predict 0, 1 predict 1)
    For 0: AND(in[3], in[7])
    For 1: XOR(in[0], in[5])
  Output bit 7: Ambiguous (1 candidates predict 0, 3 predict 1)
    For 0: INHIB(in[5], in[1])
    For 1: AND(in[0], in[4]), XNOR(in[0], in[4]), INHIB(in[0], in[6])

Step 2: Identify structural patterns.
  Confirmed bit mappings: bit2<-in[6](shift=4), bit3<-in[5](shift=2)
  Dominant shift = 4 (weight 5)

Step 3: No additional bits resolved by context propagation.

Step 4: Resolve remaining 5 ambiguous bit(s) by scoring all combinations.
  Ambiguous positions: [0, 1, 4, 6, 7]
  Scoring considers: operation priors, complexity, template consistency, shift alignment.
  Bit 0 -> 1
  Bit 1 -> 0
  Bit 4 -> 1
  Bit 6 -> 0
  Bit 7 -> 1

Step 5: Combine all bits to form the output.
  bit0=1(scored) | bit1=0(scored) | bit2=1(unambig) | bit3=0(unambig) | bit4=1(scored) | bit5=1(unambig) | bit6=0(scored) | bit7=1(scored)

The answer is 10101101.",Bit Manipulation,low,bf,5
cf3629fc,"In Alice's Wonderland, a secret bit manipulation rule transforms 8-bit binary numbers. The transformation involves operations like bit shifts, rotations, XOR, AND, OR, NOT, and possibly majority or choice functions.

Here are some examples of input -> output:
01101000 -> 01100011
00001110 -> 01000000
00110110 -> 00111001
00111110 -> 00011001
00111000 -> 00000001
10101010 -> 01010101
11100110 -> 00110111

Now, determine the output for: 10010111",11101000,"I need to find the secret bit manipulation rule from the examples.

Given 7 examples:
  01101000 -> 01100011
  00001110 -> 01000000
  00110110 -> 00111001
  00111110 -> 00011001
  00111000 -> 00000001
  10101010 -> 01010101
  11100110 -> 00110111

Query: 10010111

Step 1: Analyze each output bit as an independent boolean function of input bits.

  Output bit 0: Ambiguous (16 candidates predict 0, 12 predict 1)
    For 0: AND(in[1], in[3]), AND(in[1], in[7]), AND(in[2], in[7])
    For 1: ID(in[7]), AND(in[0], in[3]), AND(in[0], in[7])
  Output bit 1: All 1 candidates agree -> value = 0
    Best match: INHIB(in[4], in[3]) = 0
  Output bit 2: All 1 candidates agree -> value = 1
    Best match: IMPL(in[4], in[1]) = 1
  Output bit 3: All 2 candidates agree -> value = 0
    Best match: AND(in[2], in[6]) = 0
  Output bit 4: All 2 candidates agree -> value = 1
    Best match: AND(in[3], in[5]) = 1
  Output bit 5: Ambiguous (4 candidates predict 0, 3 predict 1)
    For 0: AND(in[0], in[2]), XOR(in[0], in[7]), INHIB(in[0], in[3])
    For 1: ID(in[0]), AND(in[0], in[6]), OR(in[0], in[7])
  Output bit 6: Ambiguous (4 candidates predict 0, 2 predict 1)
    For 0: ID(in[1]), AND(in[1], in[2]), INHIB(in[1], in[3])
    For 1: XOR(in[1], in[7]), OR(in[1], in[7])
  Output bit 7: Ambiguous (5 candidates predict 0, 5 predict 1)
    For 0: ID(in[2]), OR(in[1], in[2]), INHIB(in[2], in[7])
    For 1: XOR(in[2], in[7]), OR(in[0], in[2]), OR(in[2], in[3])

Step 2: No strong shift pattern detected.

Step 3: No additional bits resolved by context propagation.

Step 4: Resolve remaining 4 ambiguous bit(s) by scoring all combinations.
  Ambiguous positions: [0, 5, 6, 7]
  Scoring considers: operation priors, complexity, template consistency, shift alignment.
  Bit 0 -> 1
  Bit 5 -> 1
  Bit 6 -> 0
  Bit 7 -> 0

Step 5: Combine all bits to form the output.
  bit0=1(scored) | bit1=0(unambig) | bit2=1(unambig) | bit3=0(unambig) | bit4=1(unambig) | bit5=1(scored) | bit6=0(scored) | bit7=0(scored)

The answer is 10101100.",Bit Manipulation,low,bf,4
cf5b4ab4,"In Alice's Wonderland, a secret bit manipulation rule transforms 8-bit binary numbers. The transformation involves operations like bit shifts, rotations, XOR, AND, OR, NOT, and possibly majority or choice functions.

Here are some examples of input -> output:
00101100 -> 00010110
01111111 -> 00111111
11000011 -> 11100001
00011101 -> 00001110
01000001 -> 10100000
00110100 -> 00011010
11011000 -> 01101100
00111010 -> 00011101

Now, determine the output for: 11011001",11101100,"I need to find the secret bit manipulation rule from the examples.

Given 8 examples:
  00101100 -> 00010110
  01111111 -> 00111111
  11000011 -> 11100001
  00011101 -> 00001110
  01000001 -> 10100000
  00110100 -> 00011010
  11011000 -> 01101100
  00111010 -> 00011101

Query: 11011001

Step 1: Check for whole-byte patterns.
  Mixed shift pattern detected.
  Rule: some output bits are shifted copies, rest use a uniform 2-input function.

Step 2: Apply the pattern to the query.
  11011001 -> 01101100

The answer is 01101100.",Bit Manipulation,high,w_mix,0
d03223ca,"In Alice's Wonderland, a secret bit manipulation rule transforms 8-bit binary numbers. The transformation involves operations like bit shifts, rotations, XOR, AND, OR, NOT, and possibly majority or choice functions.

Here are some examples of input -> output:
11100011 -> 00011110
11100111 -> 00011110
00001000 -> 00000000
01111001 -> 11001011
10000111 -> 00011100
10111001 -> 01010111
11010011 -> 10011110

Now, determine the output for: 10100111",00011100,"I need to find the secret bit manipulation rule from the examples.

Given 7 examples:
  11100011 -> 00011110
  11100111 -> 00011110
  00001000 -> 00000000
  01111001 -> 11001011
  10000111 -> 00011100
  10111001 -> 01010111
  11010011 -> 10011110

Query: 10100111

Step 1: Analyze each output bit as an independent boolean function of input bits.

  Output bit 0: All 1 candidates agree -> value = 0
    Best match: AND(in[1], in[3]) = 0
  Output bit 1: All 9 candidates agree -> value = 0
    Best match: AND(in[2], in[3]) = 0
  Output bit 2: All 17 candidates agree -> value = 0
    Best match: AND(in[3], in[5]) = 0
  Output bit 3: All 5 candidates agree -> value = 1
    Best match: ID(in[0]) = 1
  Output bit 4: All 3 candidates agree -> value = 1
    Best match: OR(in[1], in[5]) = 1
  Output bit 5: All 5 candidates agree -> value = 1
    Best match: ID(in[0]) = 1
  Output bit 6: Ambiguous (1 candidates predict 0, 2 predict 1)
    For 0: OR(in[1], in[3])
    For 1: OR(in[1], in[2]), OR(in[2], in[3])
  Output bit 7: All 9 candidates agree -> value = 0
    Best match: AND(in[2], in[3]) = 0

Step 2: Identify structural patterns.
  Confirmed bit mappings: bit3<-in[0](shift=5), bit5<-in[0](shift=3)
  Dominant shift = 5 (weight 5)

Step 3: No additional bits resolved by context propagation.

Step 4: Resolve remaining 1 ambiguous bit(s) by scoring all combinations.
  Ambiguous positions: [6]
  Scoring considers: operation priors, complexity, template consistency, shift alignment.
  Bit 6 -> 1

Step 5: Combine all bits to form the output.
  bit0=0(unambig) | bit1=0(unambig) | bit2=0(unambig) | bit3=1(unambig) | bit4=1(unambig) | bit5=1(unambig) | bit6=1(scored) | bit7=0(unambig)

The answer is 00011110.",Bit Manipulation,low,bf,1
d065968c,"In Alice's Wonderland, a secret bit manipulation rule transforms 8-bit binary numbers. The transformation involves operations like bit shifts, rotations, XOR, AND, OR, NOT, and possibly majority or choice functions.

Here are some examples of input -> output:
00100000 -> 10101111
11100011 -> 11111000
11100010 -> 01111010
11111011 -> 11001010
01101110 -> 00001111
10010010 -> 10110110
01110100 -> 00110101
11010100 -> 00011101

Now, determine the output for: 11011111",10011001,"I need to find the secret bit manipulation rule from the examples.

Given 8 examples:
  00100000 -> 10101111
  11100011 -> 11111000
  11100010 -> 01111010
  11111011 -> 11001010
  01101110 -> 00001111
  10010010 -> 10110110
  01110100 -> 00110101
  11010100 -> 00011101

Query: 11011111

Step 1: Analyze each output bit as an independent boolean function of input bits.

  Output bit 0: All 2 candidates agree -> value = 1
    Best match: XNOR(in[1], in[7]) = 1
  Output bit 1: All 4 candidates agree -> value = 0
    Best match: AND(in[0], in[2]) = 0
  Output bit 2: All 1 candidates agree -> value = 0
    Best match: XOR3(in[2], in[3], in[5]) = 0
  Output bit 3: All 1 candidates agree -> value = 1
    Best match: XOR3(in[1], in[3], in[5]) = 1
  Output bit 4: All 1 candidates agree -> value = 1
    Best match: NAND(XOR)(in[0], in[1], in[3]) = 1
  Output bit 5: All 4 candidates agree -> value = 1
    Best match: XOR(in[0], in[2]) = 1
  Output bit 6: All 1 candidates agree -> value = 1
    Best match: XNOR(AND)(in[1], in[3], in[7]) = 1
  Output bit 7: Ambiguous (1 candidates predict 0, 2 predict 1)
    For 0: NAND(in[0], in[6])
    For 1: IMPL(in[0], in[5]), IMPL(in[6], in[5])

Step 2: No strong shift pattern detected.

Step 3: No additional bits resolved by context propagation.

Step 4: Resolve remaining 1 ambiguous bit(s) by scoring all combinations.
  Ambiguous positions: [7]
  Scoring considers: operation priors, complexity, template consistency, shift alignment.
  Bit 7 -> 0

Step 5: Combine all bits to form the output.
  bit0=1(unambig) | bit1=0(unambig) | bit2=0(unambig) | bit3=1(unambig) | bit4=1(unambig) | bit5=1(unambig) | bit6=1(unambig) | bit7=0(scored)

The answer is 10011110.",Bit Manipulation,low,bf,1
d155a508,"In Alice's Wonderland, a secret bit manipulation rule transforms 8-bit binary numbers. The transformation involves operations like bit shifts, rotations, XOR, AND, OR, NOT, and possibly majority or choice functions.

Here are some examples of input -> output:
11010011 -> 00100111
00110001 -> 10111011
11000001 -> 01000111
01101111 -> 11001111
00000000 -> 11111111
11110111 -> 11101111
11000100 -> 11101111

Now, determine the output for: 11001001",01010110,"I need to find the secret bit manipulation rule from the examples.

Given 7 examples:
  11010011 -> 00100111
  00110001 -> 10111011
  11000001 -> 01000111
  01101111 -> 11001111
  00000000 -> 11111111
  11110111 -> 11101111
  11000100 -> 11101111

Query: 11001001

Step 1: Analyze each output bit as an independent boolean function of input bits.

  Output bit 0: All 5 candidates agree -> value = 0
    Best match: XNOR(in[1], in[5]) = 0
  Output bit 1: All 2 candidates agree -> value = 1
    Best match: XNOR(in[2], in[6]) = 1
  Output bit 2: All 2 candidates agree -> value = 0
    Best match: XNOR(in[3], in[7]) = 0
  Output bit 3: Ambiguous (8 candidates predict 0, 1 predict 1)
    For 0: NOR(in[0], in[1]), NOR(in[0], in[4]), NOR(in[0], in[5])
    For 1: XNOR(in[0], in[4])
  Output bit 4: All 5 candidates agree -> value = 0
    Best match: XNOR(in[1], in[5]) = 0
  Output bit 5: All 7 candidates agree -> value = 1
    Best match: IMPL(in[2], in[1]) = 1
  Output bit 6: Ambiguous (4 candidates predict 0, 10 predict 1)
    For 0: NAND(in[0], in[4]), IMPL(in[4], in[2]), IMPL(in[4], in[5])
    For 1: NAND(in[3], in[4]), IMPL(in[0], in[1]), IMPL(in[2], in[7])
  Output bit 7: Ambiguous (4 candidates predict 0, 10 predict 1)
    For 0: NAND(in[0], in[4]), IMPL(in[4], in[2]), IMPL(in[4], in[5])
    For 1: NAND(in[3], in[4]), IMPL(in[0], in[1]), IMPL(in[2], in[7])

Step 2: No strong shift pattern detected.

Step 3: Resolve ambiguous bits using structural patterns.
  Bit 3: Resolved via pair/structure pattern -> value = 1

Step 4: Resolve remaining 2 ambiguous bit(s) by scoring all combinations.
  Ambiguous positions: [6, 7]
  Scoring considers: operation priors, complexity, template consistency, shift alignment.
  Bit 6 -> 1
  Bit 7 -> 1

Step 5: Combine all bits to form the output.
  bit0=0(unambig) | bit1=1(unambig) | bit2=0(unambig) | bit3=1(ctx) | bit4=0(unambig) | bit5=1(unambig) | bit6=1(scored) | bit7=1(scored)

The answer is 01010111.",Bit Manipulation,low,bf,2
d1c3ed77,"In Alice's Wonderland, a secret bit manipulation rule transforms 8-bit binary numbers. The transformation involves operations like bit shifts, rotations, XOR, AND, OR, NOT, and possibly majority or choice functions.

Here are some examples of input -> output:
11100101 -> 11111100
01100010 -> 11111110
00001100 -> 11111111
11001010 -> 11111101
00000000 -> 11111111
10110110 -> 11111111
11110011 -> 11111110

Now, determine the output for: 01000010",11111110,"I need to find the secret bit manipulation rule from the examples.

Given 7 examples:
  11100101 -> 11111100
  01100010 -> 11111110
  00001100 -> 11111111
  11001010 -> 11111101
  00000000 -> 11111111
  10110110 -> 11111111
  11110011 -> 11111110

Query: 01000010

Step 1: Analyze each output bit as an independent boolean function of input bits.

  Output bit 0: All 10 candidates agree -> value = 1
    Best match: NAND(in[2], in[4]) = 1
  Output bit 1: All 10 candidates agree -> value = 1
    Best match: NAND(in[2], in[4]) = 1
  Output bit 2: All 10 candidates agree -> value = 1
    Best match: NAND(in[2], in[4]) = 1
  Output bit 3: All 10 candidates agree -> value = 1
    Best match: NAND(in[2], in[4]) = 1
  Output bit 4: All 10 candidates agree -> value = 1
    Best match: NAND(in[2], in[4]) = 1
  Output bit 5: All 10 candidates agree -> value = 1
    Best match: NAND(in[2], in[4]) = 1
  Output bit 6: Ambiguous (1 candidates predict 0, 2 predict 1)
    For 0: XNOR(in[2], in[6])
    For 1: XNOR(in[0], in[3]), IMPL(in[0], in[3])
  Output bit 7: Ambiguous (1 candidates predict 0, 1 predict 1)
    For 0: IMPL(in[1], in[4])
    For 1: NAND(in[1], in[2])

Step 2: No strong shift pattern detected.

Step 3: No additional bits resolved by context propagation.

Step 4: Resolve remaining 2 ambiguous bit(s) by scoring all combinations.
  Ambiguous positions: [6, 7]
  Scoring considers: operation priors, complexity, template consistency, shift alignment.
  Bit 6 -> 1
  Bit 7 -> 1

Step 5: Combine all bits to form the output.
  bit0=1(unambig) | bit1=1(unambig) | bit2=1(unambig) | bit3=1(unambig) | bit4=1(unambig) | bit5=1(unambig) | bit6=1(scored) | bit7=1(scored)

The answer is 11111111.",Bit Manipulation,low,bf,2
d2503f8b,"In Alice's Wonderland, a secret bit manipulation rule transforms 8-bit binary numbers. The transformation involves operations like bit shifts, rotations, XOR, AND, OR, NOT, and possibly majority or choice functions.

Here are some examples of input -> output:
00100111 -> 00100110
10110110 -> 11011110
00101000 -> 10111111
00101010 -> 10111011
00110001 -> 00000111
00001101 -> 01100011
00011110 -> 11001111
01100011 -> 10001100
01110100 -> 00100111
00000000 -> 11111111

Now, determine the output for: 11010010",00111010,"I need to find the secret bit manipulation rule from the examples.

Given 10 examples:
  00100111 -> 00100110
  10110110 -> 11011110
  00101000 -> 10111111
  00101010 -> 10111011
  00110001 -> 00000111
  00001101 -> 01100011
  00011110 -> 11001111
  01100011 -> 10001100
  01110100 -> 00100111
  00000000 -> 11111111

Query: 11010010

Step 1: Analyze each output bit as an independent boolean function of input bits.

  Output bit 0: All 1 candidates agree -> value = 0
    Best match: XNOR(in[1], in[7]) = 0
  Output bit 1: Ambiguous (1 candidates predict 0, 1 predict 1)
    For 0: XNOR(in[0], in[2])
    For 1: IMPL(in[2], in[0])
  Output bit 2: All 1 candidates agree -> value = 1
    Best match: XNOR(in[1], in[3]) = 1
  Output bit 3: All 1 candidates agree -> value = 0
    Best match: XNOR(XOR)(in[0], in[2], in[4]) = 0
  Output bit 4: All 1 candidates agree -> value = 0
    Best match: XNOR(in[1], in[7]) = 0
  Output bit 5: All 1 candidates agree -> value = 1
    Best match: XNOR(XOR)(in[1], in[5], in[6]) = 1
  Output bit 6: Ambiguous (2 candidates predict 0, 2 predict 1)
    For 0: NAND(in[1], in[6]), IMPL(in[1], in[5])
    For 1: NAND(in[1], in[7]), IMPL(in[1], in[3])
  Output bit 7: All 1 candidates agree -> value = 0
    Best match: IMPL(in[6], in[4]) = 0

Step 2: No strong shift pattern detected.

Step 3: Resolve ambiguous bits using structural patterns.
  Bit 1: Resolved via pair/structure pattern -> value = 0

Step 4: Resolve remaining 1 ambiguous bit(s) by scoring all combinations.
  Ambiguous positions: [6]
  Scoring considers: operation priors, complexity, template consistency, shift alignment.
  Bit 6 -> 0

Step 5: Combine all bits to form the output.
  bit0=0(unambig) | bit1=0(ctx) | bit2=1(unambig) | bit3=0(unambig) | bit4=0(unambig) | bit5=1(unambig) | bit6=0(scored) | bit7=0(unambig)

The answer is 00100100.",Bit Manipulation,low,bf,1
d26f22c3,"In Alice's Wonderland, a secret bit manipulation rule transforms 8-bit binary numbers. The transformation involves operations like bit shifts, rotations, XOR, AND, OR, NOT, and possibly majority or choice functions.

Here are some examples of input -> output:
11011000 -> 11001110
01010100 -> 00010111
00011101 -> 00010101
10010110 -> 10110110
01010000 -> 01011111
10111110 -> 01100111
00111010 -> 00101011

Now, determine the output for: 10010011",11101100,"I need to find the secret bit manipulation rule from the examples.

Given 7 examples:
  11011000 -> 11001110
  01010100 -> 00010111
  00011101 -> 00010101
  10010110 -> 10110110
  01010000 -> 01011111
  10111110 -> 01100111
  00111010 -> 00101011

Query: 10010011

Step 1: Analyze each output bit as an independent boolean function of input bits.

  Output bit 0: All 2 candidates agree -> value = 1
    Best match: XNOR(in[1], in[4]) = 1
  Output bit 1: All 1 candidates agree -> value = 1
    Best match: XNOR(in[2], in[5]) = 1
  Output bit 2: Ambiguous (3 candidates predict 0, 6 predict 1)
    For 0: XNOR(in[1], in[7]), NOR(in[1], in[7]), INHIB(in[6], in[7])
    For 1: ID(in[6]), AND(in[3], in[6]), OR(in[2], in[6])
  Output bit 3: Ambiguous (1 candidates predict 0, 1 predict 1)
    For 0: XNOR(in[4], in[7])
    For 1: IMPL(in[4], in[7])
  Output bit 4: Ambiguous (1 candidates predict 0, 4 predict 1)
    For 0: NOR(in[5], in[7])
    For 1: XOR(in[3], in[5]), NOT(in[5]), NAND(in[3], in[5])
  Output bit 5: Ambiguous (2 candidates predict 0, 3 predict 1)
    For 0: OR(in[1], in[5]), IMPL(in[6], in[5])
    For 1: IMPL(in[2], in[0]), IMPL(in[2], in[5]), IMPL(in[6], in[0])
  Output bit 6: Ambiguous (6 candidates predict 0, 6 predict 1)
    For 0: XOR(in[3], in[7]), NOT(in[7]), NAND(in[3], in[7])
    For 1: XOR(in[1], in[6]), OR(in[1], in[6]), NAND(in[4], in[7])
  Output bit 7: All 2 candidates agree -> value = 0
    Best match: XOR(in[1], in[4]) = 0

Step 2: No strong shift pattern detected.

Step 3: Resolve ambiguous bits using structural patterns.
  Bit 2: Resolved via pair/structure pattern -> value = 1
  Bit 3: Resolved via pair/structure pattern -> value = 0

Step 4: Resolve remaining 3 ambiguous bit(s) by scoring all combinations.
  Ambiguous positions: [4, 5, 6]
  Scoring considers: operation priors, complexity, template consistency, shift alignment.
  Bit 4 -> 1
  Bit 5 -> 0
  Bit 6 -> 0

Step 5: Combine all bits to form the output.
  bit0=1(unambig) | bit1=1(unambig) | bit2=1(ctx) | bit3=0(ctx) | bit4=1(scored) | bit5=0(scored) | bit6=0(scored) | bit7=0(unambig)

The answer is 11101000.",Bit Manipulation,low,bf,3
d2b4560f,"In Alice's Wonderland, a secret bit manipulation rule transforms 8-bit binary numbers. The transformation involves operations like bit shifts, rotations, XOR, AND, OR, NOT, and possibly majority or choice functions.

Here are some examples of input -> output:
00010100 -> 01010010
11111000 -> 11111111
00011100 -> 01110011
11010011 -> 01010110
01010111 -> 01010110
11001000 -> 00111001
10110000 -> 11010110
11011000 -> 01111011

Now, determine the output for: 01001000",00101001,"I need to find the secret bit manipulation rule from the examples.

Given 8 examples:
  00010100 -> 01010010
  11111000 -> 11111111
  00011100 -> 01110011
  11010011 -> 01010110
  01010111 -> 01010110
  11001000 -> 00111001
  10110000 -> 11010110
  11011000 -> 01111011

Query: 01001000

Step 1: Analyze each output bit as an independent boolean function of input bits.

  Output bit 0: All 6 candidates agree -> value = 0
    Best match: ID(in[2]) = 0
  Output bit 1: Ambiguous (7 candidates predict 0, 1 predict 1)
    For 0: ID(in[3]), OR(in[2], in[3]), OR(in[3], in[5])
    For 1: IMPL(in[0], in[3])
  Output bit 2: All 4 candidates agree -> value = 1
    Best match: ID(in[4]) = 1
  Output bit 3: Ambiguous (3 candidates predict 0, 19 predict 1)
    For 0: XOR(in[0], in[5]), OR(in[0], in[3]), OR(in[0], in[5])
    For 1: OR(in[1], in[3]), OR(in[3], in[4]), XNOR(in[6], in[7])
  Output bit 4: Ambiguous (1 candidates predict 0, 6 predict 1)
    For 0: AND(in[0], in[4])
    For 1: AND(in[1], in[4]), XOR(in[1], in[6]), XOR(in[1], in[7])
  Output bit 5: All 4 candidates agree -> value = 0
    Best match: XOR(in[2], in[6]) = 0
  Output bit 6: Ambiguous (7 candidates predict 0, 1 predict 1)
    For 0: ID(in[3]), OR(in[2], in[3]), OR(in[3], in[5])
    For 1: IMPL(in[0], in[3])
  Output bit 7: All 4 candidates agree -> value = 1
    Best match: ID(in[4]) = 1

Step 2: Identify structural patterns.
  Confirmed bit mappings: bit0<-in[2](shift=2), bit1<-in[3](shift=2), bit2<-in[4](shift=2), bit6<-in[3](shift=5), bit7<-in[4](shift=5)
  Dominant shift = 2 (weight 11)

Step 3: Resolve ambiguous bits using structural patterns.
  Bit 1: Using shift=2, source = in[3] -> value = 0
  Bit 4: Resolved via pair/structure pattern -> value = 1
  Bit 6: Using shift=5, source = in[3] -> value = 0

Step 4: Resolve remaining 1 ambiguous bit(s) by scoring all combinations.
  Ambiguous positions: [3]
  Scoring considers: operation priors, complexity, template consistency, shift alignment.
  Bit 3 -> 1

Step 5: Combine all bits to form the output.
  bit0=0(unambig) | bit1=0(ctx) | bit2=1(unambig) | bit3=1(scored) | bit4=1(ctx) | bit5=0(unambig) | bit6=0(ctx) | bit7=1(unambig)

The answer is 00111001.",Bit Manipulation,low,bf,1
d408af38,"In Alice's Wonderland, a secret bit manipulation rule transforms 8-bit binary numbers. The transformation involves operations like bit shifts, rotations, XOR, AND, OR, NOT, and possibly majority or choice functions.

Here are some examples of input -> output:
11110010 -> 10000111
10011011 -> 00010110
10011001 -> 00000010
00000011 -> 00000000
11000100 -> 00000010
00010101 -> 00101000
10110001 -> 00000010
01001010 -> 00010000

Now, determine the output for: 11110001",10000011,"I need to find the secret bit manipulation rule from the examples.

Given 8 examples:
  11110010 -> 10000111
  10011011 -> 00010110
  10011001 -> 00000010
  00000011 -> 00000000
  11000100 -> 00000010
  00010101 -> 00101000
  10110001 -> 00000010
  01001010 -> 00010000

Query: 11110001

Step 1: Analyze each output bit as an independent boolean function of input bits.

  Output bit 0: Ambiguous (3 candidates predict 0, 2 predict 1)
    For 0: AND(in[2], in[6]), INHIB(in[2], in[7]), INHIB(in[3], in[7])
    For 1: AND(in[1], in[2]), AND(in[1], in[3])
  Output bit 1: Ambiguous (8 candidates predict 0, 2 predict 1)
    For 0: AND(in[2], in[4]), AND(in[2], in[5]), AND(in[4], in[5])
    For 1: AND(in[1], in[7]), XNOR(in[1], in[7])
  Output bit 2: All 6 candidates agree -> value = 0
    Best match: AND(in[3], in[5]) = 0
  Output bit 3: All 1 candidates agree -> value = 0
    Best match: AND(in[4], in[6]) = 0
  Output bit 4: All 6 candidates agree -> value = 0
    Best match: AND(in[3], in[5]) = 0
  Output bit 5: All 2 candidates agree -> value = 0
    Best match: AND(in[0], in[6]) = 0
  Output bit 6: All 3 candidates agree -> value = 1
    Best match: ID(in[0]) = 1
  Output bit 7: Ambiguous (3 candidates predict 0, 2 predict 1)
    For 0: AND(in[2], in[6]), INHIB(in[2], in[7]), INHIB(in[3], in[7])
    For 1: AND(in[1], in[2]), AND(in[1], in[3])

Step 2: Identify structural patterns.
  Confirmed bit mappings: bit6<-in[0](shift=2)
  Dominant shift = 2 (weight 5)

Step 3: Resolve ambiguous bits using structural patterns.
  Bit 0: Resolved via pair/structure pattern -> value = 1
  Bit 1: Resolved via pair/structure pattern -> value = 0

Step 4: Resolve remaining 1 ambiguous bit(s) by scoring all combinations.
  Ambiguous positions: [7]
  Scoring considers: operation priors, complexity, template consistency, shift alignment.
  Bit 7 -> 0

Step 5: Combine all bits to form the output.
  bit0=1(ctx) | bit1=0(ctx) | bit2=0(unambig) | bit3=0(unambig) | bit4=0(unambig) | bit5=0(unambig) | bit6=1(unambig) | bit7=0(scored)

The answer is 10000010.",Bit Manipulation,low,bf,1
d5220697,"In Alice's Wonderland, a secret bit manipulation rule transforms 8-bit binary numbers. The transformation involves operations like bit shifts, rotations, XOR, AND, OR, NOT, and possibly majority or choice functions.

Here are some examples of input -> output:
11110011 -> 11111100
00011010 -> 11010110
11010001 -> 11111100
11111001 -> 11111110
10110010 -> 10111100
11001000 -> 01110010
10101000 -> 01101010
00010000 -> 10000100
00001001 -> 01001010

Now, determine the output for: 01011101",11111111,"I need to find the secret bit manipulation rule from the examples.

Given 9 examples:
  11110011 -> 11111100
  00011010 -> 11010110
  11010001 -> 11111100
  11111001 -> 11111110
  10110010 -> 10111100
  11001000 -> 01110010
  10101000 -> 01101010
  00010000 -> 10000100
  00001001 -> 01001010

Query: 01011101

Step 1: Check for whole-byte patterns.
  Mixed shift pattern detected.
  Rule: some output bits are shifted copies, rest use a uniform 2-input function.

Step 2: Apply the pattern to the query.
  01011101 -> 11011111

The answer is 11011111.",Bit Manipulation,high,w_mix,0
d582c492,"In Alice's Wonderland, a secret bit manipulation rule transforms 8-bit binary numbers. The transformation involves operations like bit shifts, rotations, XOR, AND, OR, NOT, and possibly majority or choice functions.

Here are some examples of input -> output:
11110010 -> 10111110
10100101 -> 01010110
11110011 -> 10111110
01111111 -> 11111111
11000000 -> 11111001
01110010 -> 10101110
11010001 -> 00111111
11011000 -> 01011011
11101110 -> 00111101
10111111 -> 11111111

Now, determine the output for: 10010101",00010111,"I need to find the secret bit manipulation rule from the examples.

Given 10 examples:
  11110010 -> 10111110
  10100101 -> 01010110
  11110011 -> 10111110
  01111111 -> 11111111
  11000000 -> 11111001
  01110010 -> 10101110
  11010001 -> 00111111
  11011000 -> 01011011
  11101110 -> 00111101
  10111111 -> 11111111

Query: 10010101

Step 1: Analyze each output bit as an independent boolean function of input bits.

  Output bit 0: All 1 candidates agree -> value = 0
    Best match: XNOR(in[2], in[3]) = 0
  Output bit 1: All 1 candidates agree -> value = 0
    Best match: XNOR(in[3], in[4]) = 0
  Output bit 2: All 1 candidates agree -> value = 0
    Best match: XNOR(in[4], in[5]) = 0
  Output bit 3: All 3 candidates agree -> value = 1
    Best match: OR(in[0], in[4]) = 1
  Output bit 4: Ambiguous (4 candidates predict 0, 4 predict 1)
    For 0: OR(in[1], in[4]), OR(in[1], in[6]), IMPL(in[5], in[4])
    For 1: OR(in[1], in[3]), XNOR(in[2], in[6]), IMPL(in[2], in[6])
  Output bit 5: All 2 candidates agree -> value = 1
    Best match: OR(in[2], in[7]) = 1
  Output bit 6: All 2 candidates agree -> value = 1
    Best match: OR(in[3], in[7]) = 1
  Output bit 7: Ambiguous (1 candidates predict 0, 1 predict 1)
    For 0: XNOR(in[5], in[6])
    For 1: IMPL(in[2], in[4])

Step 2: No strong shift pattern detected.

Step 3: No additional bits resolved by context propagation.

Step 4: Resolve remaining 2 ambiguous bit(s) by scoring all combinations.
  Ambiguous positions: [4, 7]
  Scoring considers: operation priors, complexity, template consistency, shift alignment.
  Bit 4 -> 0
  Bit 7 -> 0

Step 5: Combine all bits to form the output.
  bit0=0(unambig) | bit1=0(unambig) | bit2=0(unambig) | bit3=1(unambig) | bit4=0(scored) | bit5=1(unambig) | bit6=1(unambig) | bit7=0(scored)

The answer is 00010110.",Bit Manipulation,low,bf,2
d6844056,"In Alice's Wonderland, a secret bit manipulation rule transforms 8-bit binary numbers. The transformation involves operations like bit shifts, rotations, XOR, AND, OR, NOT, and possibly majority or choice functions.

Here are some examples of input -> output:
01101010 -> 00000110
10000100 -> 00001000
10011010 -> 00001001
01100010 -> 00000110
00110110 -> 00000011
01101001 -> 00000110
11010010 -> 00001101
01001110 -> 00000100
00010010 -> 00000001

Now, determine the output for: 10110001",00001011,"I need to find the secret bit manipulation rule from the examples.

Given 9 examples:
  01101010 -> 00000110
  10000100 -> 00001000
  10011010 -> 00001001
  01100010 -> 00000110
  00110110 -> 00000011
  01101001 -> 00000110
  11010010 -> 00001101
  01001110 -> 00000100
  00010010 -> 00000001

Query: 10110001

Step 1: Analyze each output bit as an independent boolean function of input bits.

  Output bit 0: Ambiguous (4 candidates predict 0, 6 predict 1)
    For 0: AND(in[5], in[7]), AND(in[6], in[7]), INHIB(in[7], in[2])
    For 1: AND(in[0], in[2]), AND(in[0], in[7]), AND(in[3], in[7])
  Output bit 1: Ambiguous (4 candidates predict 0, 6 predict 1)
    For 0: AND(in[5], in[7]), AND(in[6], in[7]), INHIB(in[7], in[2])
    For 1: AND(in[0], in[2]), AND(in[0], in[7]), AND(in[3], in[7])
  Output bit 2: Ambiguous (4 candidates predict 0, 6 predict 1)
    For 0: AND(in[5], in[7]), AND(in[6], in[7]), INHIB(in[7], in[2])
    For 1: AND(in[0], in[2]), AND(in[0], in[7]), AND(in[3], in[7])
  Output bit 3: Ambiguous (4 candidates predict 0, 6 predict 1)
    For 0: AND(in[5], in[7]), AND(in[6], in[7]), INHIB(in[7], in[2])
    For 1: AND(in[0], in[2]), AND(in[0], in[7]), AND(in[3], in[7])
  Output bit 4: Ambiguous (2 candidates predict 0, 1 predict 1)
    For 0: INHIB(in[0], in[2]), INHIB(in[0], in[7])
    For 1: ID(in[0])
  Output bit 5: Ambiguous (1 candidates predict 0, 1 predict 1)
    For 0: ID(in[1])
    For 1: OR(in[1], in[7])
  Output bit 6: Ambiguous (2 candidates predict 0, 2 predict 1)
    For 0: XNOR(in[3], in[5]), INHIB(in[2], in[0])
    For 1: ID(in[2]), OR(in[2], in[7])
  Output bit 7: Ambiguous (3 candidates predict 0, 1 predict 1)
    For 0: AND(in[3], in[6]), XNOR(in[2], in[5]), INHIB(in[3], in[7])
    For 1: ID(in[3])

Step 2: No strong shift pattern detected.

Step 3: No additional bits resolved by context propagation.

Step 4: Resolve remaining 8 ambiguous bit(s) by scoring all combinations.
  Ambiguous positions: [0, 1, 2, 3, 4, 5, 6, 7]
  Scoring considers: operation priors, complexity, template consistency, shift alignment.
  Bit 0 -> 0
  Bit 1 -> 1
  Bit 2 -> 1
  Bit 3 -> 1
  Bit 4 -> 1
  Bit 5 -> 0
  Bit 6 -> 1
  Bit 7 -> 1

Step 5: Combine all bits to form the output.
  bit0=0(scored) | bit1=1(scored) | bit2=1(scored) | bit3=1(scored) | bit4=1(scored) | bit5=0(scored) | bit6=1(scored) | bit7=1(scored)

The answer is 01111011.",Bit Manipulation,low,bf,8
d9441d16,"In Alice's Wonderland, a secret bit manipulation rule transforms 8-bit binary numbers. The transformation involves operations like bit shifts, rotations, XOR, AND, OR, NOT, and possibly majority or choice functions.

Here are some examples of input -> output:
10110100 -> 01101001
11101111 -> 01011111
11010101 -> 00101011
10000100 -> 00001001
11000000 -> 10000001
10000010 -> 00000101
00000111 -> 00001110

Now, determine the output for: 00100001",01000010,"I need to find the secret bit manipulation rule from the examples.

Given 7 examples:
  10110100 -> 01101001
  11101111 -> 01011111
  11010101 -> 00101011
  10000100 -> 00001001
  11000000 -> 10000001
  10000010 -> 00000101
  00000111 -> 00001110

Query: 00100001

Step 1: Check for whole-byte patterns.
  Mixed shift pattern detected.
  Rule: some output bits are shifted copies, rest use a uniform 2-input function.

Step 2: Apply the pattern to the query.
  00100001 -> 11000010

The answer is 11000010.",Bit Manipulation,high,w_mix,0
d996d0b8,"In Alice's Wonderland, a secret bit manipulation rule transforms 8-bit binary numbers. The transformation involves operations like bit shifts, rotations, XOR, AND, OR, NOT, and possibly majority or choice functions.

Here are some examples of input -> output:
00001011 -> 00000000
11001101 -> 00000110
01100110 -> 00000011
00110110 -> 00000001
10110011 -> 00000101
11000011 -> 00000110
01000010 -> 00000010
01110101 -> 00000011
01010101 -> 00000010

Now, determine the output for: 01111100",00000011,"I need to find the secret bit manipulation rule from the examples.

Given 9 examples:
  00001011 -> 00000000
  11001101 -> 00000110
  01100110 -> 00000011
  00110110 -> 00000001
  10110011 -> 00000101
  11000011 -> 00000110
  01000010 -> 00000010
  01110101 -> 00000011
  01010101 -> 00000010

Query: 01111100

Step 1: Analyze each output bit as an independent boolean function of input bits.

  Output bit 0: Ambiguous (4 candidates predict 0, 4 predict 1)
    For 0: NOR(in[1], in[6]), NOR(in[5], in[6]), INHIB(in[0], in[7])
    For 1: AND(in[2], in[4]), AND(in[3], in[4]), NOR(in[6], in[7])
  Output bit 1: Ambiguous (4 candidates predict 0, 4 predict 1)
    For 0: NOR(in[1], in[6]), NOR(in[5], in[6]), INHIB(in[0], in[7])
    For 1: AND(in[2], in[4]), AND(in[3], in[4]), NOR(in[6], in[7])
  Output bit 2: Ambiguous (4 candidates predict 0, 4 predict 1)
    For 0: NOR(in[1], in[6]), NOR(in[5], in[6]), INHIB(in[0], in[7])
    For 1: AND(in[2], in[4]), AND(in[3], in[4]), NOR(in[6], in[7])
  Output bit 3: Ambiguous (4 candidates predict 0, 4 predict 1)
    For 0: NOR(in[1], in[6]), NOR(in[5], in[6]), INHIB(in[0], in[7])
    For 1: AND(in[2], in[4]), AND(in[3], in[4]), NOR(in[6], in[7])
  Output bit 4: Ambiguous (4 candidates predict 0, 4 predict 1)
    For 0: NOR(in[1], in[6]), NOR(in[5], in[6]), INHIB(in[0], in[7])
    For 1: AND(in[2], in[4]), AND(in[3], in[4]), NOR(in[6], in[7])
  Output bit 5: All 2 candidates agree -> value = 0
    Best match: ID(in[0]) = 0
  Output bit 6: All 2 candidates agree -> value = 1
    Best match: ID(in[1]) = 1
  Output bit 7: Ambiguous (1 candidates predict 0, 1 predict 1)
    For 0: INHIB(in[2], in[4])
    For 1: ID(in[2])

Step 2: Identify structural patterns.
  Confirmed bit mappings: bit5<-in[0](shift=3), bit6<-in[1](shift=3), bit7<-in[2](shift=3)
  Dominant shift = 3 (weight 11)

Step 3: Resolve ambiguous bits using structural patterns.
  Bit 7: Using shift=3, source = in[2] -> value = 1

Step 4: Resolve remaining 5 ambiguous bit(s) by scoring all combinations.
  Ambiguous positions: [0, 1, 2, 3, 4]
  Scoring considers: operation priors, complexity, template consistency, shift alignment.
  Bit 0 -> 1
  Bit 1 -> 1
  Bit 2 -> 1
  Bit 3 -> 1
  Bit 4 -> 1

Step 5: Combine all bits to form the output.
  bit0=1(scored) | bit1=1(scored) | bit2=1(scored) | bit3=1(scored) | bit4=1(scored) | bit5=0(unambig) | bit6=1(unambig) | bit7=1(ctx)

The answer is 11111011.",Bit Manipulation,low,bf,5
d9bdf754,"In Alice's Wonderland, a secret bit manipulation rule transforms 8-bit binary numbers. The transformation involves operations like bit shifts, rotations, XOR, AND, OR, NOT, and possibly majority or choice functions.

Here are some examples of input -> output:
00000011 -> 01111001
00101100 -> 10100111
00101111 -> 00100011
11010011 -> 11011101
01000110 -> 01110111
01001101 -> 11100101
11111110 -> 00001111
01001100 -> 01100111

Now, determine the output for: 01110000",00011111,"I need to find the secret bit manipulation rule from the examples.

Given 8 examples:
  00000011 -> 01111001
  00101100 -> 10100111
  00101111 -> 00100011
  11010011 -> 11011101
  01000110 -> 01110111
  01001101 -> 11100101
  11111110 -> 00001111
  01001100 -> 01100111

Query: 01110000

Step 1: Analyze each output bit as an independent boolean function of input bits.

  Output bit 0: All 1 candidates agree -> value = 0
    Best match: XNOR(in[1], in[7]) = 0
  Output bit 1: Ambiguous (1 candidates predict 0, 2 predict 1)
    For 0: NOT(in[2])
    For 1: NAND(in[2], in[4]), NAND(in[2], in[5])
  Output bit 2: Ambiguous (3 candidates predict 0, 5 predict 1)
    For 0: NOR(in[0], in[3]), NOT(in[3]), NAND(in[1], in[3])
    For 1: NOT(in[0]), NAND(in[0], in[1]), NAND(in[0], in[3])
  Output bit 3: Ambiguous (3 candidates predict 0, 2 predict 1)
    For 0: NOR(in[2], in[4]), INHIB(in[6], in[2]), INHIB(in[6], in[4])
    For 1: NOT(in[4]), NAND(in[4], in[5])
  Output bit 4: All 2 candidates agree -> value = 1
    Best match: IMPL(in[5], in[0]) = 1
  Output bit 5: All 2 candidates agree -> value = 1
    Best match: IMPL(in[6], in[1]) = 1
  Output bit 6: All 1 candidates agree -> value = 1
    Best match: IMPL(in[7], in[2]) = 1
  Output bit 7: Ambiguous (8 candidates predict 0, 6 predict 1)
    For 0: XNOR(in[0], in[3]), OR(in[4], in[6]), OR(in[5], in[6])
    For 1: IMPL(in[0], in[1]), IMPL(in[0], in[3]), IMPL(in[0], in[6])

Step 2: No strong shift pattern detected.

Step 3: No additional bits resolved by context propagation.

Step 4: Resolve remaining 4 ambiguous bit(s) by scoring all combinations.
  Ambiguous positions: [1, 2, 3, 7]
  Scoring considers: operation priors, complexity, template consistency, shift alignment.
  Bit 1 -> 0
  Bit 2 -> 1
  Bit 3 -> 1
  Bit 7 -> 0

Step 5: Combine all bits to form the output.
  bit0=0(unambig) | bit1=0(scored) | bit2=1(scored) | bit3=1(scored) | bit4=1(unambig) | bit5=1(unambig) | bit6=1(unambig) | bit7=0(scored)

The answer is 00111110.",Bit Manipulation,low,bf,4
da616170,"In Alice's Wonderland, a secret bit manipulation rule transforms 8-bit binary numbers. The transformation involves operations like bit shifts, rotations, XOR, AND, OR, NOT, and possibly majority or choice functions.

Here are some examples of input -> output:
01110000 -> 00100011
10110011 -> 11011111
11100010 -> 11001111
00011100 -> 10001000
00111110 -> 10001001
00110101 -> 01100111
10100100 -> 01000111

Now, determine the output for: 11110100",00010111,"I need to find the secret bit manipulation rule from the examples.

Given 7 examples:
  01110000 -> 00100011
  10110011 -> 11011111
  11100010 -> 11001111
  00011100 -> 10001000
  00111110 -> 10001001
  00110101 -> 01100111
  10100100 -> 01000111

Query: 11110100

Step 1: Analyze each output bit as an independent boolean function of input bits.

  Output bit 0: All 3 candidates agree -> value = 0
    Best match: XNOR(in[2], in[6]) = 0
  Output bit 1: Ambiguous (2 candidates predict 0, 1 predict 1)
    For 0: XNOR(in[3], in[7]), IMPL(in[3], in[7])
    For 1: OR(in[0], in[7])
  Output bit 2: All 2 candidates agree -> value = 0
    Best match: XNOR(in[0], in[4]) = 0
  Output bit 3: Ambiguous (4 candidates predict 0, 3 predict 1)
    For 0: AND(in[0], in[7]), AND(in[6], in[7]), NOR(in[1], in[5])
    For 1: AND(in[0], in[3]), XNOR(in[0], in[3]), XNOR(in[1], in[5])
  Output bit 4: All 3 candidates agree -> value = 0
    Best match: XNOR(in[2], in[6]) = 0
  Output bit 5: Ambiguous (2 candidates predict 0, 1 predict 1)
    For 0: XNOR(in[3], in[7]), IMPL(in[3], in[7])
    For 1: OR(in[0], in[7])
  Output bit 6: All 7 candidates agree -> value = 1
    Best match: NOT(in[4]) = 1
  Output bit 7: All 9 candidates agree -> value = 1
    Best match: ID(in[2]) = 1

Step 2: Identify structural patterns.
  Confirmed bit mappings: bit6<-in[4](shift=6), bit7<-in[2](shift=3)
  Dominant shift = 6 (weight 5)

Step 3: Resolve ambiguous bits using structural patterns.
  Bit 1: Resolved via pair/structure pattern -> value = 0
  Bit 3: Resolved via pair/structure pattern -> value = 1
  Bit 5: Resolved via pair/structure pattern -> value = 0

Step 4: All bits resolved without brute-force.

Step 5: Combine all bits to form the output.
  bit0=0(unambig) | bit1=0(ctx) | bit2=0(unambig) | bit3=1(ctx) | bit4=0(unambig) | bit5=0(ctx) | bit6=1(unambig) | bit7=1(unambig)

The answer is 00010011.",Bit Manipulation,high,ctx,0
daf04fee,"In Alice's Wonderland, a secret bit manipulation rule transforms 8-bit binary numbers. The transformation involves operations like bit shifts, rotations, XOR, AND, OR, NOT, and possibly majority or choice functions.

Here are some examples of input -> output:
11111001 -> 11110001
11001100 -> 11110011
11111000 -> 11110001
01110110 -> 11111000
00011111 -> 11111110
00001001 -> 11111111
11011000 -> 11110011

Now, determine the output for: 10100001",11110101,"I need to find the secret bit manipulation rule from the examples.

Given 7 examples:
  11111001 -> 11110001
  11001100 -> 11110011
  11111000 -> 11110001
  01110110 -> 11111000
  00011111 -> 11111110
  00001001 -> 11111111
  11011000 -> 11110011

Query: 10100001

Step 1: Analyze each output bit as an independent boolean function of input bits.

  Output bit 0: Ambiguous (9 candidates predict 0, 6 predict 1)
    For 0: OR(in[1], in[4]), OR(in[3], in[4]), OR(in[4], in[5])
    For 1: OR(in[1], in[7]), OR(in[2], in[4]), NAND(in[0], in[6])
  Output bit 1: Ambiguous (9 candidates predict 0, 6 predict 1)
    For 0: OR(in[1], in[4]), OR(in[3], in[4]), OR(in[4], in[5])
    For 1: OR(in[1], in[7]), OR(in[2], in[4]), NAND(in[0], in[6])
  Output bit 2: Ambiguous (9 candidates predict 0, 6 predict 1)
    For 0: OR(in[1], in[4]), OR(in[3], in[4]), OR(in[4], in[5])
    For 1: OR(in[1], in[7]), OR(in[2], in[4]), NAND(in[0], in[6])
  Output bit 3: Ambiguous (9 candidates predict 0, 6 predict 1)
    For 0: OR(in[1], in[4]), OR(in[3], in[4]), OR(in[4], in[5])
    For 1: OR(in[1], in[7]), OR(in[2], in[4]), NAND(in[0], in[6])
  Output bit 4: Ambiguous (3 candidates predict 0, 5 predict 1)
    For 0: XOR(in[1], in[4]), NOT(in[0]), IMPL(in[0], in[6])
    For 1: XNOR(in[3], in[5]), NAND(in[0], in[1]), NAND(in[0], in[4])
  Output bit 5: Ambiguous (7 candidates predict 0, 3 predict 1)
    For 0: NOR(in[0], in[1]), NOR(in[0], in[2]), NOR(in[1], in[2])
    For 1: XOR(in[0], in[4]), NOT(in[1]), INHIB(in[7], in[1])
  Output bit 6: Ambiguous (2 candidates predict 0, 2 predict 1)
    For 0: NOT(in[2]), INHIB(in[4], in[2])
    For 1: NAND(in[1], in[2]), NAND(in[2], in[3])
  Output bit 7: Ambiguous (1 candidates predict 0, 7 predict 1)
    For 0: INHIB(in[4], in[6])
    For 1: NOT(in[6]), NAND(in[3], in[5]), NAND(in[3], in[6])

Step 2: No strong shift pattern detected.

Step 3: No additional bits resolved by context propagation.

Step 4: Resolve remaining 8 ambiguous bit(s) by scoring all combinations.
  Ambiguous positions: [0, 1, 2, 3, 4, 5, 6, 7]
  Scoring considers: operation priors, complexity, template consistency, shift alignment.
  Bit 0 -> 0
  Bit 1 -> 0
  Bit 2 -> 0
  Bit 3 -> 0
  Bit 4 -> 1
  Bit 5 -> 0
  Bit 6 -> 0
  Bit 7 -> 1

Step 5: Combine all bits to form the output.
  bit0=0(scored) | bit1=0(scored) | bit2=0(scored) | bit3=0(scored) | bit4=1(scored) | bit5=0(scored) | bit6=0(scored) | bit7=1(scored)

The answer is 00001001.",Bit Manipulation,low,bf,8
db360db0,"In Alice's Wonderland, a secret bit manipulation rule transforms 8-bit binary numbers. The transformation involves operations like bit shifts, rotations, XOR, AND, OR, NOT, and possibly majority or choice functions.

Here are some examples of input -> output:
11011100 -> 01000110
01011110 -> 01000011
00111111 -> 00000001
01001111 -> 11100011
11111100 -> 00000111
10101010 -> 10101111
11100010 -> 00111111
01001101 -> 11100111

Now, determine the output for: 10011110",11000110,"I need to find the secret bit manipulation rule from the examples.

Given 8 examples:
  11011100 -> 01000110
  01011110 -> 01000011
  00111111 -> 00000001
  01001111 -> 11100011
  11111100 -> 00000111
  10101010 -> 10101111
  11100010 -> 00111111
  01001101 -> 11100111

Query: 10011110

Step 1: Analyze each output bit as an independent boolean function of input bits.

  Output bit 0: Ambiguous (2 candidates predict 0, 1 predict 1)
    For 0: XOR(in[3], in[4]), INHIB(in[4], in[3])
    For 1: XNOR(in[1], in[7])
  Output bit 1: Ambiguous (1 candidates predict 0, 3 predict 1)
    For 0: INHIB(in[1], in[2])
    For 1: NOT(in[2]), INHIB(in[4], in[2]), INHIB(in[5], in[2])
  Output bit 2: All 3 candidates agree -> value = 0
    Best match: NOT(in[3]) = 0
  Output bit 3: All 9 candidates agree -> value = 0
    Best match: NOR(in[3], in[4]) = 0
  Output bit 4: Ambiguous (10 candidates predict 0, 1 predict 1)
    For 0: NOR(in[3], in[5]), NOR(in[3], in[7]), NOR(in[5], in[7])
    For 1: AND(in[0], in[6])
  Output bit 5: Ambiguous (2 candidates predict 0, 1 predict 1)
    For 0: XOR(in[5], in[6]), NAND(in[5], in[6])
    For 1: IMPL(in[6], in[0])
  Output bit 6: Ambiguous (2 candidates predict 0, 5 predict 1)
    For 0: IMPL(in[3], in[1]), IMPL(in[5], in[1])
    For 1: OR(in[0], in[1]), NAND(in[2], in[7]), NAND(in[3], in[7])
  Output bit 7: All 1 candidates agree -> value = 0
    Best match: IMPL(in[0], in[2]) = 0

Step 2: Identify structural patterns.
  Confirmed bit mappings: bit1<-in[2](shift=1), bit2<-in[3](shift=1), bit3<-in[4](shift=1), bit4<-in[5](shift=1)
  Dominant shift = 1 (weight 12)

Step 3: Resolve ambiguous bits using structural patterns.
  Bit 1: Using shift=1, source = in[2] -> value = 1
  Bit 4: Using shift=1, source = in[5] -> value = 0

Step 4: Resolve remaining 3 ambiguous bit(s) by scoring all combinations.
  Ambiguous positions: [0, 5, 6]
  Scoring considers: operation priors, complexity, template consistency, shift alignment.
  Bit 0 -> 0
  Bit 5 -> 0
  Bit 6 -> 1

Step 5: Combine all bits to form the output.
  bit0=0(scored) | bit1=1(ctx) | bit2=0(unambig) | bit3=0(unambig) | bit4=0(ctx) | bit5=0(scored) | bit6=1(scored) | bit7=0(unambig)

The answer is 01000010.",Bit Manipulation,low,bf,3
dbb789cc,"In Alice's Wonderland, a secret bit manipulation rule transforms 8-bit binary numbers. The transformation involves operations like bit shifts, rotations, XOR, AND, OR, NOT, and possibly majority or choice functions.

Here are some examples of input -> output:
01001011 -> 11010010
01011100 -> 00010111
11111001 -> 01111111
10011111 -> 11100111
11010001 -> 01110110
01111010 -> 10011111
01110111 -> 11011111

Now, determine the output for: 10100110",10101101,"I need to find the secret bit manipulation rule from the examples.

Given 7 examples:
  01001011 -> 11010010
  01011100 -> 00010111
  11111001 -> 01111111
  10011111 -> 11100111
  11010001 -> 01110110
  01111010 -> 10011111
  01110111 -> 11011111

Query: 10100110

Step 1: Check for whole-byte patterns.
  Mixed shift pattern detected.
  Rule: some output bits are shifted copies, rest use a uniform 2-input function.

Step 2: Apply the pattern to the query.
  10100110 -> 10101001

The answer is 10101001.",Bit Manipulation,high,w_mix,0
dbc197e0,"In Alice's Wonderland, a secret bit manipulation rule transforms 8-bit binary numbers. The transformation involves operations like bit shifts, rotations, XOR, AND, OR, NOT, and possibly majority or choice functions.

Here are some examples of input -> output:
11000000 -> 00110000
00000100 -> 00000001
10111011 -> 10101110
01011001 -> 10010110
10100000 -> 00101000
11100110 -> 00111001
11111100 -> 00111111
11000001 -> 10110000

Now, determine the output for: 11101101",10111011,"I need to find the secret bit manipulation rule from the examples.

Given 8 examples:
  11000000 -> 00110000
  00000100 -> 00000001
  10111011 -> 10101110
  01011001 -> 10010110
  10100000 -> 00101000
  11100110 -> 00111001
  11111100 -> 00111111
  11000001 -> 10110000

Query: 11101101

Step 1: Analyze each output bit as an independent boolean function of input bits.

  Output bit 0: Ambiguous (1 candidates predict 0, 1 predict 1)
    For 0: INHIB(in[7], in[5])
    For 1: ID(in[7])
  Output bit 1: Ambiguous (5 candidates predict 0, 3 predict 1)
    For 0: INHIB(in[2], in[0]), INHIB(in[3], in[4]), INHIB(in[6], in[0])
    For 1: AND(in[5], in[7]), XOR(in[3], in[4]), INHIB(in[4], in[3])
  Output bit 2: All 3 candidates agree -> value = 1
    Best match: ID(in[0]) = 1
  Output bit 3: All 2 candidates agree -> value = 1
    Best match: ID(in[1]) = 1
  Output bit 4: All 4 candidates agree -> value = 1
    Best match: ID(in[2]) = 1
  Output bit 5: Ambiguous (2 candidates predict 0, 2 predict 1)
    For 0: ID(in[3]), AND(in[3], in[4])
    For 1: ID(in[4]), OR(in[3], in[4])
  Output bit 6: Ambiguous (2 candidates predict 0, 2 predict 1)
    For 0: ID(in[3]), AND(in[3], in[4])
    For 1: ID(in[4]), OR(in[3], in[4])
  Output bit 7: Ambiguous (1 candidates predict 0, 2 predict 1)
    For 0: INHIB(in[5], in[7])
    For 1: ID(in[5]), XNOR(in[1], in[2])

Step 2: Identify structural patterns.
  Confirmed bit mappings: bit2<-in[0](shift=6), bit3<-in[1](shift=6), bit4<-in[2](shift=6), bit5<-in[3](shift=6), bit6<-in[4](shift=6)
  Dominant shift = 6 (weight 18)

Step 3: Resolve ambiguous bits using structural patterns.
  Bit 5: Using shift=6, source = in[3] -> value = 0
  Bit 6: Using shift=6, source = in[4] -> value = 1
  Bit 7: Using shift=6, source = in[5] -> value = 1

Step 4: Resolve remaining 2 ambiguous bit(s) by scoring all combinations.
  Ambiguous positions: [0, 1]
  Scoring considers: operation priors, complexity, template consistency, shift alignment.
  Bit 0 -> 1
  Bit 1 -> 1

Step 5: Combine all bits to form the output.
  bit0=1(scored) | bit1=1(scored) | bit2=1(unambig) | bit3=1(unambig) | bit4=1(unambig) | bit5=0(ctx) | bit6=1(ctx) | bit7=1(ctx)

The answer is 11111011.",Bit Manipulation,low,bf,2
dd3d9046,"In Alice's Wonderland, a secret bit manipulation rule transforms 8-bit binary numbers. The transformation involves operations like bit shifts, rotations, XOR, AND, OR, NOT, and possibly majority or choice functions.

Here are some examples of input -> output:
01100010 -> 00000000
10111001 -> 00000000
10110000 -> 00000000
01110100 -> 10000000
01000101 -> 00100000
00011001 -> 00000000
01001101 -> 00100000

Now, determine the output for: 00010101",10100000,"I need to find the secret bit manipulation rule from the examples.

Given 7 examples:
  01100010 -> 00000000
  10111001 -> 00000000
  10110000 -> 00000000
  01110100 -> 10000000
  01000101 -> 00100000
  00011001 -> 00000000
  01001101 -> 00100000

Query: 00010101

Step 1: Analyze each output bit as an independent boolean function of input bits.

  Output bit 0: Ambiguous (4 candidates predict 0, 1 predict 1)
    For 0: AND(in[1], in[3]), AND(in[2], in[5]), XNOR(in[1], in[3])
    For 1: AND(in[3], in[5])
  Output bit 1: Ambiguous (15 candidates predict 0, 1 predict 1)
    For 0: AND(in[0], in[1]), AND(in[0], in[5]), AND(in[0], in[6])
    For 1: INHIB(in[5], in[1])
  Output bit 2: Ambiguous (7 candidates predict 0, 2 predict 1)
    For 0: AND(in[1], in[7]), XNOR(in[3], in[6]), NOR(in[2], in[3])
    For 1: AND(in[5], in[7]), INHIB(in[5], in[2])
  Output bit 3: Ambiguous (15 candidates predict 0, 1 predict 1)
    For 0: AND(in[0], in[1]), AND(in[0], in[5]), AND(in[0], in[6])
    For 1: INHIB(in[5], in[1])
  Output bit 4: Ambiguous (15 candidates predict 0, 1 predict 1)
    For 0: AND(in[0], in[1]), AND(in[0], in[5]), AND(in[0], in[6])
    For 1: INHIB(in[5], in[1])
  Output bit 5: Ambiguous (15 candidates predict 0, 1 predict 1)
    For 0: AND(in[0], in[1]), AND(in[0], in[5]), AND(in[0], in[6])
    For 1: INHIB(in[5], in[1])
  Output bit 6: Ambiguous (15 candidates predict 0, 1 predict 1)
    For 0: AND(in[0], in[1]), AND(in[0], in[5]), AND(in[0], in[6])
    For 1: INHIB(in[5], in[1])
  Output bit 7: Ambiguous (15 candidates predict 0, 1 predict 1)
    For 0: AND(in[0], in[1]), AND(in[0], in[5]), AND(in[0], in[6])
    For 1: INHIB(in[5], in[1])

Step 2: No strong shift pattern detected.

Step 3: No additional bits resolved by context propagation.

Step 4: Resolve remaining 8 ambiguous bit(s) by scoring all combinations.
  Ambiguous positions: [0, 1, 2, 3, 4, 5, 6, 7]
  Scoring considers: operation priors, complexity, template consistency, shift alignment.
  Bit 0 -> 0
  Bit 1 -> 0
  Bit 2 -> 0
  Bit 3 -> 0
  Bit 4 -> 0
  Bit 5 -> 0
  Bit 6 -> 0
  Bit 7 -> 0

Step 5: Combine all bits to form the output.
  bit0=0(scored) | bit1=0(scored) | bit2=0(scored) | bit3=0(scored) | bit4=0(scored) | bit5=0(scored) | bit6=0(scored) | bit7=0(scored)

The answer is 00000000.",Bit Manipulation,low,bf,8
dd9ee40c,"In Alice's Wonderland, a secret bit manipulation rule transforms 8-bit binary numbers. The transformation involves operations like bit shifts, rotations, XOR, AND, OR, NOT, and possibly majority or choice functions.

Here are some examples of input -> output:
00110111 -> 11110111
01001100 -> 11111111
01001111 -> 11101111
01000000 -> 11111101
00110110 -> 11111111
01010001 -> 11111101
01000111 -> 11101101

Now, determine the output for: 11001001",11111011,"I need to find the secret bit manipulation rule from the examples.

Given 7 examples:
  00110111 -> 11110111
  01001100 -> 11111111
  01001111 -> 11101111
  01000000 -> 11111101
  00110110 -> 11111111
  01010001 -> 11111101
  01000111 -> 11101101

Query: 11001001

Step 1: Analyze each output bit as an independent boolean function of input bits.

  Output bit 0: Ambiguous (9 candidates predict 0, 21 predict 1)
    For 0: NOT(in[0]), NAND(in[0], in[1]), NAND(in[0], in[4])
    For 1: XOR(in[1], in[2]), OR(in[1], in[2]), OR(in[1], in[3])
  Output bit 1: Ambiguous (9 candidates predict 0, 21 predict 1)
    For 0: NOT(in[0]), NAND(in[0], in[1]), NAND(in[0], in[4])
    For 1: XOR(in[1], in[2]), OR(in[1], in[2]), OR(in[1], in[3])
  Output bit 2: Ambiguous (9 candidates predict 0, 21 predict 1)
    For 0: NOT(in[0]), NAND(in[0], in[1]), NAND(in[0], in[4])
    For 1: XOR(in[1], in[2]), OR(in[1], in[2]), OR(in[1], in[3])
  Output bit 3: Ambiguous (1 candidates predict 0, 5 predict 1)
    For 0: IMPL(in[7], in[3])
    For 1: XOR(in[1], in[6]), XNOR(in[2], in[6]), NAND(in[1], in[6])
  Output bit 4: All 2 candidates agree -> value = 1
    Best match: NAND(in[2], in[7]) = 1
  Output bit 5: Ambiguous (9 candidates predict 0, 21 predict 1)
    For 0: NOT(in[0]), NAND(in[0], in[1]), NAND(in[0], in[4])
    For 1: XOR(in[1], in[2]), OR(in[1], in[2]), OR(in[1], in[3])
  Output bit 6: All 4 candidates agree -> value = 1
    Best match: XOR(in[2], in[4]) = 1
  Output bit 7: Ambiguous (9 candidates predict 0, 21 predict 1)
    For 0: NOT(in[0]), NAND(in[0], in[1]), NAND(in[0], in[4])
    For 1: XOR(in[1], in[2]), OR(in[1], in[2]), OR(in[1], in[3])

Step 2: No strong shift pattern detected.

Step 3: Resolve ambiguous bits using structural patterns.
  Bit 2: Resolved via pair/structure pattern -> value = 1
  Bit 3: Resolved via pair/structure pattern -> value = 1
  Bit 5: Resolved via pair/structure pattern -> value = 1

Step 4: Resolve remaining 3 ambiguous bit(s) by scoring all combinations.
  Ambiguous positions: [0, 1, 7]
  Scoring considers: operation priors, complexity, template consistency, shift alignment.
  Bit 0 -> 1
  Bit 1 -> 1
  Bit 7 -> 1

Step 5: Combine all bits to form the output.
  bit0=1(scored) | bit1=1(scored) | bit2=1(ctx) | bit3=1(ctx) | bit4=1(unambig) | bit5=1(ctx) | bit6=1(unambig) | bit7=1(scored)

The answer is 11111111.",Bit Manipulation,low,bf,3
dde0558e,"In Alice's Wonderland, a secret bit manipulation rule transforms 8-bit binary numbers. The transformation involves operations like bit shifts, rotations, XOR, AND, OR, NOT, and possibly majority or choice functions.

Here are some examples of input -> output:
01101110 -> 00100110
10111000 -> 00001000
00010100 -> 00000000
01111011 -> 00110101
01010011 -> 00100001
10010111 -> 01001001
01110000 -> 00000000

Now, determine the output for: 11110001",00011000,"I need to find the secret bit manipulation rule from the examples.

Given 7 examples:
  01101110 -> 00100110
  10111000 -> 00001000
  00010100 -> 00000000
  01111011 -> 00110101
  01010011 -> 00100001
  10010111 -> 01001001
  01110000 -> 00000000

Query: 11110001

Step 1: Analyze each output bit as an independent boolean function of input bits.

  Output bit 0: Ambiguous (9 candidates predict 0, 2 predict 1)
    For 0: NOR(in[1], in[3]), NOR(in[2], in[3]), NOR(in[3], in[4])
    For 1: AND(in[0], in[1]), INHIB(in[7], in[6])
  Output bit 1: Ambiguous (6 candidates predict 0, 2 predict 1)
    For 0: AND(in[0], in[5]), AND(in[0], in[6]), AND(in[5], in[7])
    For 1: AND(in[0], in[7]), INHIB(in[0], in[4])
  Output bit 2: All 2 candidates agree -> value = 0
    Best match: AND(in[1], in[6]) = 0
  Output bit 3: Ambiguous (1 candidates predict 0, 1 predict 1)
    For 0: AND(in[4], in[7])
    For 1: AND(in[2], in[7])
  Output bit 4: Ambiguous (1 candidates predict 0, 2 predict 1)
    For 0: INHIB(in[0], in[1])
    For 1: ID(in[0]), AND(in[0], in[3])
  Output bit 5: All 4 candidates agree -> value = 0
    Best match: AND(in[1], in[4]) = 0
  Output bit 6: Ambiguous (12 candidates predict 0, 1 predict 1)
    For 0: AND(in[1], in[5]), AND(in[2], in[5]), AND(in[4], in[5])
    For 1: XOR(in[6], in[7])
  Output bit 7: Ambiguous (3 candidates predict 0, 2 predict 1)
    For 0: AND(in[3], in[6]), AND(in[6], in[7]), XNOR(in[3], in[6])
    For 1: ID(in[7]), AND(in[3], in[7])

Step 2: No strong shift pattern detected.

Step 3: Resolve ambiguous bits using structural patterns.
  Bit 1: Resolved via pair/structure pattern -> value = 0
  Bit 3: Resolved via pair/structure pattern -> value = 1
  Bit 4: Resolved via pair/structure pattern -> value = 1
  Bit 6: Resolved via pair/structure pattern -> value = 0
  Bit 7: Resolved via pair/structure pattern -> value = 0

Step 4: Resolve remaining 1 ambiguous bit(s) by scoring all combinations.
  Ambiguous positions: [0]
  Scoring considers: operation priors, complexity, template consistency, shift alignment.
  Bit 0 -> 1

Step 5: Combine all bits to form the output.
  bit0=1(scored) | bit1=0(ctx) | bit2=0(unambig) | bit3=1(ctx) | bit4=1(ctx) | bit5=0(unambig) | bit6=0(ctx) | bit7=0(ctx)

The answer is 10011000.",Bit Manipulation,low,bf,1
de11a23a,"In Alice's Wonderland, a secret bit manipulation rule transforms 8-bit binary numbers. The transformation involves operations like bit shifts, rotations, XOR, AND, OR, NOT, and possibly majority or choice functions.

Here are some examples of input -> output:
00110011 -> 00000000
11000001 -> 00000011
00001101 -> 00000000
00000110 -> 00000000
10001100 -> 00000010
11011100 -> 00000011
10100010 -> 00000010
00110110 -> 00000000
11011011 -> 00000011
10000111 -> 00000010

Now, determine the output for: 01110001",00000001,"I need to find the secret bit manipulation rule from the examples.

Given 10 examples:
  00110011 -> 00000000
  11000001 -> 00000011
  00001101 -> 00000000
  00000110 -> 00000000
  10001100 -> 00000010
  11011100 -> 00000011
  10100010 -> 00000010
  00110110 -> 00000000
  11011011 -> 00000011
  10000111 -> 00000010

Query: 01110001

Step 1: Analyze each output bit as an independent boolean function of input bits.

  Output bit 0: Ambiguous (2 candidates predict 0, 3 predict 1)
    For 0: AND(in[2], in[4]), C0
    For 1: AND(in[1], in[2]), INHIB(in[1], in[0]), INHIB(in[2], in[6])
  Output bit 1: Ambiguous (2 candidates predict 0, 3 predict 1)
    For 0: AND(in[2], in[4]), C0
    For 1: AND(in[1], in[2]), INHIB(in[1], in[0]), INHIB(in[2], in[6])
  Output bit 2: Ambiguous (2 candidates predict 0, 3 predict 1)
    For 0: AND(in[2], in[4]), C0
    For 1: AND(in[1], in[2]), INHIB(in[1], in[0]), INHIB(in[2], in[6])
  Output bit 3: Ambiguous (2 candidates predict 0, 3 predict 1)
    For 0: AND(in[2], in[4]), C0
    For 1: AND(in[1], in[2]), INHIB(in[1], in[0]), INHIB(in[2], in[6])
  Output bit 4: Ambiguous (2 candidates predict 0, 3 predict 1)
    For 0: AND(in[2], in[4]), C0
    For 1: AND(in[1], in[2]), INHIB(in[1], in[0]), INHIB(in[2], in[6])
  Output bit 5: Ambiguous (2 candidates predict 0, 3 predict 1)
    For 0: AND(in[2], in[4]), C0
    For 1: AND(in[1], in[2]), INHIB(in[1], in[0]), INHIB(in[2], in[6])
  Output bit 6: Ambiguous (1 candidates predict 0, 1 predict 1)
    For 0: ID(in[0])
    For 1: OR(in[0], in[1])
  Output bit 7: Ambiguous (2 candidates predict 0, 1 predict 1)
    For 0: AND(in[0], in[1]), INHIB(in[1], in[2])
    For 1: ID(in[1])

Step 2: No strong shift pattern detected.

Step 3: No additional bits resolved by context propagation.

Step 4: Resolve remaining 8 ambiguous bit(s) by scoring all combinations.
  Ambiguous positions: [0, 1, 2, 3, 4, 5, 6, 7]
  Scoring considers: operation priors, complexity, template consistency, shift alignment.
  Bit 0 -> 1
  Bit 1 -> 0
  Bit 2 -> 0
  Bit 3 -> 0
  Bit 4 -> 0
  Bit 5 -> 0
  Bit 6 -> 0
  Bit 7 -> 1

Step 5: Combine all bits to form the output.
  bit0=1(scored) | bit1=0(scored) | bit2=0(scored) | bit3=0(scored) | bit4=0(scored) | bit5=0(scored) | bit6=0(scored) | bit7=1(scored)

The answer is 10000001.",Bit Manipulation,low,bf,8
e00abbbb,"In Alice's Wonderland, a secret bit manipulation rule transforms 8-bit binary numbers. The transformation involves operations like bit shifts, rotations, XOR, AND, OR, NOT, and possibly majority or choice functions.

Here are some examples of input -> output:
10101001 -> 00000101
11111101 -> 11110111
00011101 -> 00110000
00110011 -> 01000100
00001011 -> 00000100
01010000 -> 00000000
10010100 -> 00000000

Now, determine the output for: 01010101",00000010,"I need to find the secret bit manipulation rule from the examples.

Given 7 examples:
  10101001 -> 00000101
  11111101 -> 11110111
  00011101 -> 00110000
  00110011 -> 01000100
  00001011 -> 00000100
  01010000 -> 00000000
  10010100 -> 00000000

Query: 01010101

Step 1: Analyze each output bit as an independent boolean function of input bits.

  Output bit 0: Ambiguous (4 candidates predict 0, 2 predict 1)
    For 0: AND(in[0], in[1]), AND(in[1], in[2]), AND(in[1], in[4])
    For 1: AND(in[1], in[5]), AND(in[1], in[7])
  Output bit 1: All 1 candidates agree -> value = 0
    Best match: AND(in[2], in[3]) = 0
  Output bit 2: Ambiguous (3 candidates predict 0, 1 predict 1)
    For 0: AND(in[3], in[4]), AND(in[4], in[5]), XNOR(in[3], in[4])
    For 1: AND(in[5], in[7])
  Output bit 3: Ambiguous (3 candidates predict 0, 1 predict 1)
    For 0: AND(in[3], in[4]), AND(in[4], in[5]), XNOR(in[3], in[4])
    For 1: AND(in[5], in[7])
  Output bit 4: All 11 candidates agree -> value = 0
    Best match: AND(in[0], in[6]) = 0
  Output bit 5: Ambiguous (2 candidates predict 0, 1 predict 1)
    For 0: OR(in[2], in[6]), IMPL(in[3], in[2])
    For 1: XNOR(in[1], in[5])
  Output bit 6: Ambiguous (4 candidates predict 0, 2 predict 1)
    For 0: AND(in[0], in[1]), AND(in[1], in[2]), AND(in[1], in[4])
    For 1: AND(in[1], in[5]), AND(in[1], in[7])
  Output bit 7: All 5 candidates agree -> value = 0
    Best match: AND(in[0], in[2]) = 0

Step 2: No strong shift pattern detected.

Step 3: Resolve ambiguous bits using structural patterns.
  Bit 0: Resolved via pair/structure pattern -> value = 0
  Bit 2: Resolved via pair/structure pattern -> value = 0
  Bit 3: Resolved via pair/structure pattern -> value = 0

Step 4: Resolve remaining 2 ambiguous bit(s) by scoring all combinations.
  Ambiguous positions: [5, 6]
  Scoring considers: operation priors, complexity, template consistency, shift alignment.
  Bit 5 -> 0
  Bit 6 -> 0

Step 5: Combine all bits to form the output.
  bit0=0(ctx) | bit1=0(unambig) | bit2=0(ctx) | bit3=0(ctx) | bit4=0(unambig) | bit5=0(scored) | bit6=0(scored) | bit7=0(unambig)

The answer is 00000000.",Bit Manipulation,low,bf,2
e099a43a,"In Alice's Wonderland, a secret bit manipulation rule transforms 8-bit binary numbers. The transformation involves operations like bit shifts, rotations, XOR, AND, OR, NOT, and possibly majority or choice functions.

Here are some examples of input -> output:
11011001 -> 10111101
00110111 -> 11000011
10110111 -> 11001011
01010001 -> 10011111
00011111 -> 01100011
10001000 -> 11011101
11000101 -> 01001100
10000011 -> 10011001

Now, determine the output for: 11100000",01111110,"I need to find the secret bit manipulation rule from the examples.

Given 8 examples:
  11011001 -> 10111101
  00110111 -> 11000011
  10110111 -> 11001011
  01010001 -> 10011111
  00011111 -> 01100011
  10001000 -> 11011101
  11000101 -> 01001100
  10000011 -> 10011001

Query: 11100000

Step 1: Analyze each output bit as an independent boolean function of input bits.

  Output bit 0: Ambiguous (1 candidates predict 0, 1 predict 1)
    For 0: XNOR(in[2], in[5])
    For 1: IMPL(in[5], in[2])
  Output bit 1: All 3 candidates agree -> value = 1
    Best match: XNOR(in[3], in[6]) = 1
  Output bit 2: Ambiguous (2 candidates predict 0, 1 predict 1)
    For 0: AND(in[3], in[4]), AND(in[4], in[7])
    For 1: XNOR(in[4], in[7])
  Output bit 3: Ambiguous (2 candidates predict 0, 2 predict 1)
    For 0: XNOR(in[1], in[3]), NOR(in[2], in[5])
    For 1: NOT(in[5]), NAND(in[5], in[7])
  Output bit 4: All 3 candidates agree -> value = 1
    Best match: OR(in[0], in[1]) = 1
  Output bit 5: Ambiguous (2 candidates predict 0, 4 predict 1)
    For 0: XNOR(in[1], in[7]), NOR(in[2], in[6])
    For 1: NOT(in[6]), NAND(in[6], in[7]), IMPL(in[6], in[1])
  Output bit 6: All 1 candidates agree -> value = 1
    Best match: IMPL(in[0], in[2]) = 1
  Output bit 7: Ambiguous (1 candidates predict 0, 3 predict 1)
    For 0: IMPL(in[1], in[3])
    For 1: NAND(in[1], in[5]), IMPL(in[5], in[3]), IMPL(in[5], in[6])

Step 2: No strong shift pattern detected.

Step 3: Resolve ambiguous bits using structural patterns.
  Bit 5: Resolved via pair/structure pattern -> value = 1
  Bit 7: Resolved via pair/structure pattern -> value = 0

Step 4: Resolve remaining 3 ambiguous bit(s) by scoring all combinations.
  Ambiguous positions: [0, 2, 3]
  Scoring considers: operation priors, complexity, template consistency, shift alignment.
  Bit 0 -> 0
  Bit 2 -> 0
  Bit 3 -> 1

Step 5: Combine all bits to form the output.
  bit0=0(scored) | bit1=1(unambig) | bit2=0(scored) | bit3=1(scored) | bit4=1(unambig) | bit5=1(ctx) | bit6=1(unambig) | bit7=0(ctx)

The answer is 01011110.",Bit Manipulation,low,bf,3
e11c9f89,"In Alice's Wonderland, a secret bit manipulation rule transforms 8-bit binary numbers. The transformation involves operations like bit shifts, rotations, XOR, AND, OR, NOT, and possibly majority or choice functions.

Here are some examples of input -> output:
00100111 -> 10001100
10100110 -> 01101110
01101111 -> 10101001
10110011 -> 01000110
10101100 -> 00101011
11010100 -> 00010111
00001111 -> 10011000
11000011 -> 01111111

Now, determine the output for: 10001100",00111011,"I need to find the secret bit manipulation rule from the examples.

Given 8 examples:
  00100111 -> 10001100
  10100110 -> 01101110
  01101111 -> 10101001
  10110011 -> 01000110
  10101100 -> 00101011
  11010100 -> 00010111
  00001111 -> 10011000
  11000011 -> 01111111

Query: 10001100

Step 1: Analyze each output bit as an independent boolean function of input bits.

  Output bit 0: All 7 candidates agree -> value = 0
    Best match: AND(in[5], in[7]) = 0
  Output bit 1: All 2 candidates agree -> value = 0
    Best match: AND(in[0], in[6]) = 0
  Output bit 2: All 1 candidates agree -> value = 1
    Best match: XNOR(in[1], in[7]) = 1
  Output bit 3: All 1 candidates agree -> value = 1
    Best match: NOT(in[2]) = 1
  Output bit 4: All 3 candidates agree -> value = 1
    Best match: NOT(in[3]) = 1
  Output bit 5: All 3 candidates agree -> value = 0
    Best match: NOT(in[4]) = 0
  Output bit 6: All 7 candidates agree -> value = 1
    Best match: ID(in[0]) = 1
  Output bit 7: Ambiguous (1 candidates predict 0, 1 predict 1)
    For 0: XNOR(in[2], in[4])
    For 1: IMPL(in[6], in[1])

Step 2: Identify structural patterns.
  Confirmed bit mappings: bit0<-in[0](shift=0), bit3<-in[2](shift=7), bit4<-in[3](shift=7), bit5<-in[4](shift=7), bit6<-in[0](shift=2)
  Dominant shift = 7 (weight 15)

Step 3: No additional bits resolved by context propagation.

Step 4: Resolve remaining 1 ambiguous bit(s) by scoring all combinations.
  Ambiguous positions: [7]
  Scoring considers: operation priors, complexity, template consistency, shift alignment.
  Bit 7 -> 0

Step 5: Combine all bits to form the output.
  bit0=0(unambig) | bit1=0(unambig) | bit2=1(unambig) | bit3=1(unambig) | bit4=1(unambig) | bit5=0(unambig) | bit6=1(unambig) | bit7=0(scored)

The answer is 00111010.",Bit Manipulation,low,bf,1
e1f3ffbb,"In Alice's Wonderland, a secret bit manipulation rule transforms 8-bit binary numbers. The transformation involves operations like bit shifts, rotations, XOR, AND, OR, NOT, and possibly majority or choice functions.

Here are some examples of input -> output:
11110011 -> 11111001
10000001 -> 11111110
00101111 -> 11111101
00101010 -> 11111111
01111101 -> 11111101
00110000 -> 11111111
11101000 -> 11111110

Now, determine the output for: 11000010",11111010,"I need to find the secret bit manipulation rule from the examples.

Given 7 examples:
  11110011 -> 11111001
  10000001 -> 11111110
  00101111 -> 11111101
  00101010 -> 11111111
  01111101 -> 11111101
  00110000 -> 11111111
  11101000 -> 11111110

Query: 11000010

Step 1: Analyze each output bit as an independent boolean function of input bits.

  Output bit 0: Ambiguous (3 candidates predict 0, 8 predict 1)
    For 0: OR(in[2], in[7]), IMPL(in[1], in[2]), IMPL(in[6], in[2])
    For 1: OR(in[0], in[2]), NAND(in[0], in[5]), IMPL(in[3], in[2])
  Output bit 1: Ambiguous (3 candidates predict 0, 8 predict 1)
    For 0: OR(in[2], in[7]), IMPL(in[1], in[2]), IMPL(in[6], in[2])
    For 1: OR(in[0], in[2]), NAND(in[0], in[5]), IMPL(in[3], in[2])
  Output bit 2: Ambiguous (3 candidates predict 0, 8 predict 1)
    For 0: OR(in[2], in[7]), IMPL(in[1], in[2]), IMPL(in[6], in[2])
    For 1: OR(in[0], in[2]), NAND(in[0], in[5]), IMPL(in[3], in[2])
  Output bit 3: Ambiguous (3 candidates predict 0, 8 predict 1)
    For 0: OR(in[2], in[7]), IMPL(in[1], in[2]), IMPL(in[6], in[2])
    For 1: OR(in[0], in[2]), NAND(in[0], in[5]), IMPL(in[3], in[2])
  Output bit 4: Ambiguous (3 candidates predict 0, 8 predict 1)
    For 0: OR(in[2], in[7]), IMPL(in[1], in[2]), IMPL(in[6], in[2])
    For 1: OR(in[0], in[2]), NAND(in[0], in[5]), IMPL(in[3], in[2])
  Output bit 5: Ambiguous (4 candidates predict 0, 2 predict 1)
    For 0: NAND(in[0], in[6]), NAND(in[1], in[6]), IMPL(in[1], in[4])
    For 1: NAND(in[0], in[3]), NAND(in[3], in[6])
  Output bit 6: Ambiguous (1 candidates predict 0, 1 predict 1)
    For 0: XOR(in[2], in[7])
    For 1: NAND(in[2], in[7])
  Output bit 7: Ambiguous (1 candidates predict 0, 2 predict 1)
    For 0: IMPL(in[0], in[3])
    For 1: OR(in[3], in[6]), IMPL(in[0], in[6])

Step 2: No strong shift pattern detected.

Step 3: No additional bits resolved by context propagation.

Step 4: Resolve remaining 8 ambiguous bit(s) by scoring all combinations.
  Ambiguous positions: [0, 1, 2, 3, 4, 5, 6, 7]
  Scoring considers: operation priors, complexity, template consistency, shift alignment.
  Bit 0 -> 1
  Bit 1 -> 1
  Bit 2 -> 1
  Bit 3 -> 1
  Bit 4 -> 1
  Bit 5 -> 0
  Bit 6 -> 1
  Bit 7 -> 1

Step 5: Combine all bits to form the output.
  bit0=1(scored) | bit1=1(scored) | bit2=1(scored) | bit3=1(scored) | bit4=1(scored) | bit5=0(scored) | bit6=1(scored) | bit7=1(scored)

The answer is 11111011.",Bit Manipulation,low,bf,8
e24b1277,"In Alice's Wonderland, a secret bit manipulation rule transforms 8-bit binary numbers. The transformation involves operations like bit shifts, rotations, XOR, AND, OR, NOT, and possibly majority or choice functions.

Here are some examples of input -> output:
00010100 -> 10101111
01001111 -> 00000011
01001011 -> 00010011
11010110 -> 00100111
10000111 -> 00100011
10110001 -> 01111011
11111101 -> 01001011

Now, determine the output for: 01000100",11101111,"I need to find the secret bit manipulation rule from the examples.

Given 7 examples:
  00010100 -> 10101111
  01001111 -> 00000011
  01001011 -> 00010011
  11010110 -> 00100111
  10000111 -> 00100011
  10110001 -> 01111011
  11111101 -> 01001011

Query: 01000100

Step 1: Analyze each output bit as an independent boolean function of input bits.

  Output bit 0: Ambiguous (3 candidates predict 0, 6 predict 1)
    For 0: NOR(in[0], in[1]), NOR(in[1], in[7]), INHIB(in[3], in[0])
    For 1: XNOR(in[2], in[6]), NOR(in[0], in[4]), NOR(in[0], in[6])
  Output bit 1: Ambiguous (8 candidates predict 0, 1 predict 1)
    For 0: ID(in[2]), AND(in[0], in[2]), AND(in[2], in[3])
    For 1: XNOR(in[3], in[7])
  Output bit 2: All 4 candidates agree -> value = 1
    Best match: NOT(in[4]) = 1
  Output bit 3: All 2 candidates agree -> value = 0
    Best match: NOT(in[5]) = 0
  Output bit 4: Ambiguous (1 candidates predict 0, 2 predict 1)
    For 0: INHIB(in[3], in[6])
    For 1: NOT(in[6]), IMPL(in[6], in[2])
  Output bit 5: Ambiguous (3 candidates predict 0, 4 predict 1)
    For 0: XOR(in[2], in[3]), INHIB(in[3], in[2]), INHIB(in[3], in[7])
    For 1: NOR(in[2], in[7]), NOR(in[4], in[7]), NOT(in[7])
  Output bit 6: Ambiguous (2 candidates predict 0, 8 predict 1)
    For 0: OR(in[3], in[6]), OR(in[3], in[7])
    For 1: OR(in[5], in[7]), NAND(in[2], in[6]), IMPL(in[2], in[0])
  Output bit 7: Ambiguous (2 candidates predict 0, 8 predict 1)
    For 0: OR(in[3], in[6]), OR(in[3], in[7])
    For 1: OR(in[5], in[7]), NAND(in[2], in[6]), IMPL(in[2], in[0])

Step 2: Identify structural patterns.
  Confirmed bit mappings: bit2<-in[4](shift=2), bit3<-in[5](shift=2), bit4<-in[6](shift=2), bit5<-in[7](shift=2)
  Dominant shift = 2 (weight 12)

Step 3: Resolve ambiguous bits using structural patterns.
  Bit 4: Using shift=2, source = in[6] -> value = 1
  Bit 5: Using shift=2, source = in[7] -> value = 1

Step 4: Resolve remaining 4 ambiguous bit(s) by scoring all combinations.
  Ambiguous positions: [0, 1, 6, 7]
  Scoring considers: operation priors, complexity, template consistency, shift alignment.
  Bit 0 -> 1
  Bit 1 -> 0
  Bit 6 -> 1
  Bit 7 -> 1

Step 5: Combine all bits to form the output.
  bit0=1(scored) | bit1=0(scored) | bit2=1(unambig) | bit3=0(unambig) | bit4=1(ctx) | bit5=1(ctx) | bit6=1(scored) | bit7=1(scored)

The answer is 10101111.",Bit Manipulation,low,bf,4
e266959e,"In Alice's Wonderland, a secret bit manipulation rule transforms 8-bit binary numbers. The transformation involves operations like bit shifts, rotations, XOR, AND, OR, NOT, and possibly majority or choice functions.

Here are some examples of input -> output:
11001111 -> 10000110
01110001 -> 01010011
00000001 -> 01011111
10100111 -> 10001111
11000011 -> 00000111
11001011 -> 00000110
00010100 -> 01111101
00100101 -> 11011011

Now, determine the output for: 11001000",11100110,"I need to find the secret bit manipulation rule from the examples.

Given 8 examples:
  11001111 -> 10000110
  01110001 -> 01010011
  00000001 -> 01011111
  10100111 -> 10001111
  11000011 -> 00000111
  11001011 -> 00000110
  00010100 -> 01111101
  00100101 -> 11011011

Query: 11001000

Step 1: Analyze each output bit as an independent boolean function of input bits.

  Output bit 0: Ambiguous (2 candidates predict 0, 1 predict 1)
    For 0: AND(in[5], in[7]), INHIB(in[5], in[3])
    For 1: XNOR(in[5], in[7])
  Output bit 1: Ambiguous (5 candidates predict 0, 5 predict 1)
    For 0: NOR(in[0], in[4]), NOR(in[0], in[6]), NOR(in[4], in[6])
    For 1: NOT(in[6]), NAND(in[0], in[6]), NAND(in[0], in[7])
  Output bit 2: Ambiguous (8 candidates predict 0, 3 predict 1)
    For 0: AND(in[3], in[5]), NOR(in[0], in[7]), NOR(in[1], in[7])
    For 1: NOR(in[2], in[7]), NOR(in[6], in[7]), NOT(in[7])
  Output bit 3: Ambiguous (5 candidates predict 0, 5 predict 1)
    For 0: NOR(in[0], in[4]), NOR(in[0], in[6]), NOR(in[4], in[6])
    For 1: NOT(in[6]), NAND(in[0], in[6]), NAND(in[0], in[7])
  Output bit 4: Ambiguous (2 candidates predict 0, 1 predict 1)
    For 0: NOR(in[1], in[4]), NOT(in[1])
    For 1: NAND(in[1], in[7])
  Output bit 5: All 2 candidates agree -> value = 1
    Best match: IMPL(in[2], in[0]) = 1
  Output bit 6: Ambiguous (3 candidates predict 0, 8 predict 1)
    For 0: ID(in[7]), OR(in[2], in[7]), OR(in[6], in[7])
    For 1: OR(in[0], in[7]), OR(in[1], in[7]), OR(in[4], in[7])
  Output bit 7: Ambiguous (5 candidates predict 0, 2 predict 1)
    For 0: NOT(in[4]), NAND(in[0], in[4]), NAND(in[1], in[4])
    For 1: NAND(in[4], in[6]), NAND(in[4], in[7])

Step 2: Identify structural patterns.
  Confirmed bit mappings: bit1<-in[6](shift=5), bit2<-in[7](shift=5), bit3<-in[0](shift=5), bit4<-in[1](shift=5), bit7<-in[4](shift=5)
  Dominant shift = 5 (weight 5)

Step 3: Resolve ambiguous bits using structural patterns.
  Bit 1: Using shift=5, source = in[6] -> value = 1
  Bit 2: Using shift=5, source = in[7] -> value = 1
  Bit 3: Using shift=5, source = in[0] -> value = 0
  Bit 4: Using shift=5, source = in[1] -> value = 0
  Bit 7: Using shift=5, source = in[4] -> value = 0

Step 4: Resolve remaining 2 ambiguous bit(s) by scoring all combinations.
  Ambiguous positions: [0, 6]
  Scoring considers: operation priors, complexity, template consistency, shift alignment.
  Bit 0 -> 0
  Bit 6 -> 0

Step 5: Combine all bits to form the output.
  bit0=0(scored) | bit1=1(ctx) | bit2=1(ctx) | bit3=0(ctx) | bit4=0(ctx) | bit5=1(unambig) | bit6=0(scored) | bit7=0(ctx)

The answer is 01100100.",Bit Manipulation,low,bf,2
e2f184b4,"In Alice's Wonderland, a secret bit manipulation rule transforms 8-bit binary numbers. The transformation involves operations like bit shifts, rotations, XOR, AND, OR, NOT, and possibly majority or choice functions.

Here are some examples of input -> output:
11011110 -> 00011011
00011111 -> 00000011
11000110 -> 00011000
00010001 -> 00000010
01111001 -> 00001111
00010011 -> 00000010
10011110 -> 00010011

Now, determine the output for: 00001111",00000001,"I need to find the secret bit manipulation rule from the examples.

Given 7 examples:
  11011110 -> 00011011
  00011111 -> 00000011
  11000110 -> 00011000
  00010001 -> 00000010
  01111001 -> 00001111
  00010011 -> 00000010
  10011110 -> 00010011

Query: 00001111

Step 1: Analyze each output bit as an independent boolean function of input bits.

  Output bit 0: Ambiguous (18 candidates predict 0, 4 predict 1)
    For 0: AND(in[0], in[2]), AND(in[0], in[7]), AND(in[2], in[5])
    For 1: NOR(in[0], in[3]), NOR(in[1], in[3]), INHIB(in[4], in[3])
  Output bit 1: Ambiguous (18 candidates predict 0, 4 predict 1)
    For 0: AND(in[0], in[2]), AND(in[0], in[7]), AND(in[2], in[5])
    For 1: NOR(in[0], in[3]), NOR(in[1], in[3]), INHIB(in[4], in[3])
  Output bit 2: Ambiguous (18 candidates predict 0, 4 predict 1)
    For 0: AND(in[0], in[2]), AND(in[0], in[7]), AND(in[2], in[5])
    For 1: NOR(in[0], in[3]), NOR(in[1], in[3]), INHIB(in[4], in[3])
  Output bit 3: Ambiguous (10 candidates predict 0, 2 predict 1)
    For 0: ID(in[0]), AND(in[0], in[5]), AND(in[0], in[6])
    For 1: NAND(in[3], in[7]), IMPL(in[3], in[0])
  Output bit 4: Ambiguous (2 candidates predict 0, 1 predict 1)
    For 0: ID(in[1]), OR(in[1], in[2])
    For 1: IMPL(in[3], in[1])
  Output bit 5: All 14 candidates agree -> value = 0
    Best match: ID(in[2]) = 0
  Output bit 6: Ambiguous (4 candidates predict 0, 8 predict 1)
    For 0: ID(in[3]), OR(in[2], in[3]), IMPL(in[5], in[3])
    For 1: OR(in[3], in[4]), OR(in[3], in[7]), OR(in[4], in[7])
  Output bit 7: Ambiguous (1 candidates predict 0, 2 predict 1)
    For 0: AND(in[3], in[4])
    For 1: ID(in[4]), OR(in[2], in[4])

Step 2: Identify structural patterns.
  Confirmed bit mappings: bit3<-in[0](shift=5), bit4<-in[1](shift=5), bit5<-in[2](shift=5), bit6<-in[3](shift=5), bit7<-in[4](shift=5)
  Dominant shift = 5 (weight 9)

Step 3: Resolve ambiguous bits using structural patterns.
  Bit 0: Resolved via pair/structure pattern -> value = 1
  Bit 2: Resolved via pair/structure pattern -> value = 0
  Bit 3: Using shift=5, source = in[0] -> value = 0
  Bit 4: Using shift=5, source = in[1] -> value = 0
  Bit 6: Using shift=5, source = in[3] -> value = 0
  Bit 7: Using shift=5, source = in[4] -> value = 1

Step 4: Resolve remaining 1 ambiguous bit(s) by scoring all combinations.
  Ambiguous positions: [1]
  Scoring considers: operation priors, complexity, template consistency, shift alignment.
  Bit 1 -> 0

Step 5: Combine all bits to form the output.
  bit0=1(ctx) | bit1=0(scored) | bit2=0(ctx) | bit3=0(ctx) | bit4=0(ctx) | bit5=0(unambig) | bit6=0(ctx) | bit7=1(ctx)

The answer is 10000001.",Bit Manipulation,low,bf,1
e368d23f,"In Alice's Wonderland, a secret bit manipulation rule transforms 8-bit binary numbers. The transformation involves operations like bit shifts, rotations, XOR, AND, OR, NOT, and possibly majority or choice functions.

Here are some examples of input -> output:
11011001 -> 01101100
10100100 -> 01010010
01110001 -> 00111000
01010100 -> 00101010
00100111 -> 00010011
01111100 -> 00111110
10110110 -> 01011011
11010010 -> 01101001
00111100 -> 00011110
01101011 -> 00110101

Now, determine the output for: 00011010",00001101,"I need to find the secret bit manipulation rule from the examples.

Given 10 examples:
  11011001 -> 01101100
  10100100 -> 01010010
  01110001 -> 00111000
  01010100 -> 00101010
  00100111 -> 00010011
  01111100 -> 00111110
  10110110 -> 01011011
  11010010 -> 01101001
  00111100 -> 00011110
  01101011 -> 00110101

Query: 00011010

Step 1: Check for whole-byte patterns.
  Mixed shift pattern detected.
  Rule: some output bits are shifted copies, rest use a uniform 2-input function.

Step 2: Apply the pattern to the query.
  00011010 -> 10001101

The answer is 10001101.",Bit Manipulation,high,w_mix,0
e5a5fdef,"In Alice's Wonderland, a secret bit manipulation rule transforms 8-bit binary numbers. The transformation involves operations like bit shifts, rotations, XOR, AND, OR, NOT, and possibly majority or choice functions.

Here are some examples of input -> output:
00000001 -> 00000100
01111111 -> 11000011
10011100 -> 00111110
10010011 -> 00000101
11100011 -> 11111101
11100101 -> 11100110
00001001 -> 00100000
01100110 -> 10101011

Now, determine the output for: 10100110",11001011,"I need to find the secret bit manipulation rule from the examples.

Given 8 examples:
  00000001 -> 00000100
  01111111 -> 11000011
  10011100 -> 00111110
  10010011 -> 00000101
  11100011 -> 11111101
  11100101 -> 11100110
  00001001 -> 00100000
  01100110 -> 10101011

Query: 10100110

Step 1: Analyze each output bit as an independent boolean function of input bits.

  Output bit 0: Ambiguous (2 candidates predict 0, 2 predict 1)
    For 0: ID(in[1]), AND(in[1], in[2])
    For 1: ID(in[2]), OR(in[1], in[2])
  Output bit 1: Ambiguous (2 candidates predict 0, 1 predict 1)
    For 0: AND(in[1], in[7]), AND(in[2], in[7])
    For 1: XOR(in[0], in[3])
  Output bit 2: Ambiguous (1 candidates predict 0, 1 predict 1)
    For 0: XOR(in[1], in[4])
    For 1: XOR(in[2], in[4])
  Output bit 3: Ambiguous (1 candidates predict 0, 1 predict 1)
    For 0: XOR(in[2], in[5])
    For 1: XOR(in[1], in[5])
  Output bit 4: All 1 candidates agree -> value = 1
    Best match: XOR(in[3], in[6]) = 1
  Output bit 5: All 1 candidates agree -> value = 0
    Best match: XOR(in[4], in[7]) = 0
  Output bit 6: Ambiguous (1 candidates predict 0, 2 predict 1)
    For 0: XOR(in[0], in[6])
    For 1: ID(in[5]), IMPL(in[7], in[5])
  Output bit 7: Ambiguous (1 candidates predict 0, 1 predict 1)
    For 0: XOR(in[0], in[5])
    For 1: ID(in[6])

Step 2: No strong shift pattern detected.

Step 3: Resolve ambiguous bits using structural patterns.
  Bit 1: Resolved via pair/structure pattern -> value = 1
  Bit 2: Resolved via pair/structure pattern -> value = 0
  Bit 3: Resolved via pair/structure pattern -> value = 0

Step 4: Resolve remaining 3 ambiguous bit(s) by scoring all combinations.
  Ambiguous positions: [0, 6, 7]
  Scoring considers: operation priors, complexity, template consistency, shift alignment.
  Bit 0 -> 0
  Bit 6 -> 1
  Bit 7 -> 1

Step 5: Combine all bits to form the output.
  bit0=0(scored) | bit1=1(ctx) | bit2=0(ctx) | bit3=0(ctx) | bit4=1(unambig) | bit5=0(unambig) | bit6=1(scored) | bit7=1(scored)

The answer is 01001011.",Bit Manipulation,low,bf,3
e5b3f73b,"In Alice's Wonderland, a secret bit manipulation rule transforms 8-bit binary numbers. The transformation involves operations like bit shifts, rotations, XOR, AND, OR, NOT, and possibly majority or choice functions.

Here are some examples of input -> output:
11110100 -> 11111101
10000101 -> 01110011
01010010 -> 00111101
01000011 -> 10010101
00001011 -> 11000111
00000111 -> 00100111
00111000 -> 00111110
00111110 -> 11001111

Now, determine the output for: 11001000",10111011,"I need to find the secret bit manipulation rule from the examples.

Given 8 examples:
  11110100 -> 11111101
  10000101 -> 01110011
  01010010 -> 00111101
  01000011 -> 10010101
  00001011 -> 11000111
  00000111 -> 00100111
  00111000 -> 00111110
  00111110 -> 11001111

Query: 11001000

Step 1: Analyze each output bit as an independent boolean function of input bits.

  Output bit 0: Ambiguous (1 candidates predict 0, 1 predict 1)
    For 0: XOR(in[5], in[7])
    For 1: XNOR(in[3], in[5])
  Output bit 1: All 1 candidates agree -> value = 0
    Best match: XNOR(in[4], in[6]) = 0
  Output bit 2: All 1 candidates agree -> value = 0
    Best match: XNOR(OR)(in[0], in[7], in[5]) = 0
  Output bit 3: All 1 candidates agree -> value = 1
    Best match: IMPL(in[6], in[1]) = 1
  Output bit 4: Ambiguous (3 candidates predict 0, 3 predict 1)
    For 0: ID(in[3]), OR(in[2], in[3]), INHIB(in[3], in[7])
    For 1: NOT(in[7]), IMPL(in[7], in[2]), IMPL(in[7], in[3])
  Output bit 5: Ambiguous (4 candidates predict 0, 3 predict 1)
    For 0: OR(in[2], in[6]), OR(in[3], in[6]), IMPL(in[0], in[2])
    For 1: NAND(in[0], in[7]), IMPL(in[0], in[1]), IMPL(in[7], in[6])
  Output bit 6: Ambiguous (1 candidates predict 0, 1 predict 1)
    For 0: NOT(in[1])
    For 1: IMPL(in[1], in[4])
  Output bit 7: Ambiguous (2 candidates predict 0, 3 predict 1)
    For 0: OR(in[5], in[6]), IMPL(in[4], in[6])
    For 1: XOR(in[0], in[6]), OR(in[0], in[6]), IMPL(in[2], in[5])

Step 2: No strong shift pattern detected.

Step 3: Resolve ambiguous bits using structural patterns.
  Bit 4: Resolved via pair/structure pattern -> value = 1
  Bit 5: Resolved via pair/structure pattern -> value = 0
  Bit 6: Resolved via pair/structure pattern -> value = 1
  Bit 7: Resolved via pair/structure pattern -> value = 1

Step 4: Resolve remaining 1 ambiguous bit(s) by scoring all combinations.
  Ambiguous positions: [0]
  Scoring considers: operation priors, complexity, template consistency, shift alignment.
  Bit 0 -> 1

Step 5: Combine all bits to form the output.
  bit0=1(scored) | bit1=0(unambig) | bit2=0(unambig) | bit3=1(unambig) | bit4=1(ctx) | bit5=0(ctx) | bit6=1(ctx) | bit7=1(ctx)

The answer is 10011011.",Bit Manipulation,low,bf,1
e5d0d497,"In Alice's Wonderland, a secret bit manipulation rule transforms 8-bit binary numbers. The transformation involves operations like bit shifts, rotations, XOR, AND, OR, NOT, and possibly majority or choice functions.

Here are some examples of input -> output:
01100011 -> 01011111
11000001 -> 01011100
00010101 -> 01110101
00011001 -> 11101101
00111100 -> 00000111
10100101 -> 00011110
01100101 -> 10010111
11100000 -> 00111110
10001101 -> 01001100
11100011 -> 01011110

Now, determine the output for: 10011101",01101101,"I need to find the secret bit manipulation rule from the examples.

Given 10 examples:
  01100011 -> 01011111
  11000001 -> 01011100
  00010101 -> 01110101
  00011001 -> 11101101
  00111100 -> 00000111
  10100101 -> 00011110
  01100101 -> 10010111
  11100000 -> 00111110
  10001101 -> 01001100
  11100011 -> 01011110

Query: 10011101

Step 1: Analyze each output bit as an independent boolean function of input bits.

  Output bit 0: All 1 candidates agree -> value = 0
    Best match: XNOR(in[1], in[5]) = 0
  Output bit 1: All 2 candidates agree -> value = 1
    Best match: XNOR(in[2], in[6]) = 1
  Output bit 2: All 1 candidates agree -> value = 1
    Best match: XNOR(in[3], in[7]) = 1
  Output bit 3: All 3 candidates agree -> value = 0
    Best match: NOT(in[4]) = 0
  Output bit 4: All 1 candidates agree -> value = 1
    Best match: IMPL(in[5], in[0]) = 1
  Output bit 5: Ambiguous (1 candidates predict 0, 10 predict 1)
    For 0: NAND(in[0], in[3])
    For 1: OR(in[2], in[7]), NAND(in[1], in[3]), NAND(in[1], in[4])
  Output bit 6: All 3 candidates agree -> value = 0
    Best match: ID(in[2]) = 0
  Output bit 7: Ambiguous (1 candidates predict 0, 1 predict 1)
    For 0: NOT(in[0])
    For 1: IMPL(in[0], in[3])

Step 2: Identify structural patterns.
  Confirmed bit mappings: bit3<-in[4](shift=1), bit6<-in[2](shift=4), bit7<-in[0](shift=1)
  Dominant shift = 1 (weight 6)

Step 3: Resolve ambiguous bits using structural patterns.
  Bit 7: Using shift=1, source = in[0] -> value = 0

Step 4: Resolve remaining 1 ambiguous bit(s) by scoring all combinations.
  Ambiguous positions: [5]
  Scoring considers: operation priors, complexity, template consistency, shift alignment.
  Bit 5 -> 1

Step 5: Combine all bits to form the output.
  bit0=0(unambig) | bit1=1(unambig) | bit2=1(unambig) | bit3=0(unambig) | bit4=1(unambig) | bit5=1(scored) | bit6=0(unambig) | bit7=0(ctx)

The answer is 01101100.",Bit Manipulation,low,bf,1
e5e3c22b,"In Alice's Wonderland, a secret bit manipulation rule transforms 8-bit binary numbers. The transformation involves operations like bit shifts, rotations, XOR, AND, OR, NOT, and possibly majority or choice functions.

Here are some examples of input -> output:
01110011 -> 01100000
11000010 -> 00000001
10101010 -> 01000001
11110010 -> 01000001
01110100 -> 10000000
10101000 -> 00000001
11111110 -> 11000001
00100110 -> 01000000

Now, determine the output for: 00010101",00100000,"I need to find the secret bit manipulation rule from the examples.

Given 8 examples:
  01110011 -> 01100000
  11000010 -> 00000001
  10101010 -> 01000001
  11110010 -> 01000001
  01110100 -> 10000000
  10101000 -> 00000001
  11111110 -> 11000001
  00100110 -> 01000000

Query: 00010101

Step 1: Analyze each output bit as an independent boolean function of input bits.

  Output bit 0: Ambiguous (1 candidates predict 0, 1 predict 1)
    For 0: AND(in[1], in[5])
    For 1: AND(in[3], in[5])
  Output bit 1: Ambiguous (1 candidates predict 0, 1 predict 1)
    For 0: AND(in[2], in[6])
    For 1: XNOR(in[2], in[6])
  Output bit 2: Ambiguous (5 candidates predict 0, 4 predict 1)
    For 0: AND(in[1], in[7]), AND(in[2], in[7]), AND(in[6], in[7])
    For 1: ID(in[7]), AND(in[3], in[7]), INHIB(in[7], in[0])
  Output bit 3: Ambiguous (6 candidates predict 0, 10 predict 1)
    For 0: AND(in[0], in[7]), AND(in[4], in[7]), INHIB(in[4], in[0])
    For 1: AND(in[5], in[7]), NOR(in[0], in[2]), NOR(in[1], in[2])
  Output bit 4: Ambiguous (6 candidates predict 0, 10 predict 1)
    For 0: AND(in[0], in[7]), AND(in[4], in[7]), INHIB(in[4], in[0])
    For 1: AND(in[5], in[7]), NOR(in[0], in[2]), NOR(in[1], in[2])
  Output bit 5: Ambiguous (6 candidates predict 0, 10 predict 1)
    For 0: AND(in[0], in[7]), AND(in[4], in[7]), INHIB(in[4], in[0])
    For 1: AND(in[5], in[7]), NOR(in[0], in[2]), NOR(in[1], in[2])
  Output bit 6: Ambiguous (6 candidates predict 0, 10 predict 1)
    For 0: AND(in[0], in[7]), AND(in[4], in[7]), INHIB(in[4], in[0])
    For 1: AND(in[5], in[7]), NOR(in[0], in[2]), NOR(in[1], in[2])
  Output bit 7: Ambiguous (3 candidates predict 0, 1 predict 1)
    For 0: ID(in[0]), OR(in[0], in[4]), INHIB(in[0], in[7])
    For 1: IMPL(in[2], in[0])

Step 2: No strong shift pattern detected.

Step 3: No additional bits resolved by context propagation.

Step 4: Resolve remaining 8 ambiguous bit(s) by scoring all combinations.
  Ambiguous positions: [0, 1, 2, 3, 4, 5, 6, 7]
  Scoring considers: operation priors, complexity, template consistency, shift alignment.
  Bit 0 -> 0
  Bit 1 -> 0
  Bit 2 -> 1
  Bit 3 -> 1
  Bit 4 -> 1
  Bit 5 -> 1
  Bit 6 -> 1
  Bit 7 -> 0

Step 5: Combine all bits to form the output.
  bit0=0(scored) | bit1=0(scored) | bit2=1(scored) | bit3=1(scored) | bit4=1(scored) | bit5=1(scored) | bit6=1(scored) | bit7=0(scored)

The answer is 00111110.",Bit Manipulation,low,bf,8
e612387f,"In Alice's Wonderland, a secret bit manipulation rule transforms 8-bit binary numbers. The transformation involves operations like bit shifts, rotations, XOR, AND, OR, NOT, and possibly majority or choice functions.

Here are some examples of input -> output:
11100000 -> 01111110
01011110 -> 01110111
01101101 -> 00100110
00000001 -> 11110011
10100111 -> 01010011
10100100 -> 01001111
10001101 -> 10101001
10010110 -> 00011101
01110000 -> 10111111
11010010 -> 00101101

Now, determine the output for: 10011001",01011001,"I need to find the secret bit manipulation rule from the examples.

Given 10 examples:
  11100000 -> 01111110
  01011110 -> 01110111
  01101101 -> 00100110
  00000001 -> 11110011
  10100111 -> 01010011
  10100100 -> 01001111
  10001101 -> 10101001
  10010110 -> 00011101
  01110000 -> 10111111
  11010010 -> 00101101

Query: 10011001

Step 1: Analyze each output bit as an independent boolean function of input bits.

  Output bit 0: Ambiguous (1 candidates predict 0, 1 predict 1)
    For 0: XNOR(in[2], in[3])
    For 1: XNOR(in[0], in[4])
  Output bit 1: Ambiguous (1 candidates predict 0, 1 predict 1)
    For 0: XNOR(in[0], in[2])
    For 1: XNOR(in[3], in[4])
  Output bit 2: Ambiguous (1 candidates predict 0, 1 predict 1)
    For 0: XNOR(in[4], in[5])
    For 1: IMPL(in[5], in[4])
  Output bit 3: All 1 candidates agree -> value = 1
    Best match: XNOR(in[5], in[6]) = 1
  Output bit 4: Ambiguous (1 candidates predict 0, 1 predict 1)
    For 0: XOR3(in[0], in[3], in[6])
    For 1: XOR3(in[2], in[4], in[6])
  Output bit 5: All 2 candidates agree -> value = 0
    Best match: XOR(in[2], in[6]) = 0
  Output bit 6: All 1 candidates agree -> value = 0
    Best match: IMPL(in[0], in[2]) = 0
  Output bit 7: All 1 candidates agree -> value = 1
    Best match: IMPL(in[1], in[3]) = 1

Step 2: No strong shift pattern detected.

Step 3: No additional bits resolved by context propagation.

Step 4: Resolve remaining 4 ambiguous bit(s) by scoring all combinations.
  Ambiguous positions: [0, 1, 2, 4]
  Scoring considers: operation priors, complexity, template consistency, shift alignment.
  Bit 0 -> 0
  Bit 1 -> 0
  Bit 2 -> 0
  Bit 4 -> 0

Step 5: Combine all bits to form the output.
  bit0=0(scored) | bit1=0(scored) | bit2=0(scored) | bit3=1(unambig) | bit4=0(scored) | bit5=0(unambig) | bit6=0(unambig) | bit7=1(unambig)

The answer is 00010001.",Bit Manipulation,low,bf,4
e625f5a7,"In Alice's Wonderland, a secret bit manipulation rule transforms 8-bit binary numbers. The transformation involves operations like bit shifts, rotations, XOR, AND, OR, NOT, and possibly majority or choice functions.

Here are some examples of input -> output:
11001111 -> 11110111
01000111 -> 00100010
00110101 -> 01011010
11010101 -> 01101010
01111101 -> 11111010
11010011 -> 00100001
10101100 -> 01010000
01111111 -> 11111110

Now, determine the output for: 10011010",00100101,"I need to find the secret bit manipulation rule from the examples.

Given 8 examples:
  11001111 -> 11110111
  01000111 -> 00100010
  00110101 -> 01011010
  11010101 -> 01101010
  01111101 -> 11111010
  11010011 -> 00100001
  10101100 -> 01010000
  01111111 -> 11111110

Query: 10011010

Step 1: Analyze each output bit as an independent boolean function of input bits.

  Output bit 0: All 3 candidates agree -> value = 0
    Best match: AND(in[1], in[4]) = 0
  Output bit 1: All 1 candidates agree -> value = 1
    Best match: IMPL(in[6], in[4]) = 1
  Output bit 2: Ambiguous (2 candidates predict 0, 3 predict 1)
    For 0: ID(in[1]), AND(in[1], in[7])
    For 1: OR(in[1], in[6]), IMPL(in[2], in[1]), IMPL(in[5], in[1])
  Output bit 3: Ambiguous (1 candidates predict 0, 2 predict 1)
    For 0: XOR(in[0], in[3])
    For 1: OR(in[2], in[4]), IMPL(in[1], in[4])
  Output bit 4: All 2 candidates agree -> value = 0
    Best match: AND(in[3], in[5]) = 0
  Output bit 5: All 1 candidates agree -> value = 1
    Best match: AND(in[4], in[6]) = 1
  Output bit 6: Ambiguous (1 candidates predict 0, 1 predict 1)
    For 0: AND(in[5], in[7])
    For 1: XNOR(in[5], in[7])
  Output bit 7: All 1 candidates agree -> value = 1
    Best match: AND(in[0], in[6]) = 1

Step 2: No strong shift pattern detected.

Step 3: Resolve ambiguous bits using structural patterns.
  Bit 6: Resolved via pair/structure pattern -> value = 0

Step 4: Resolve remaining 2 ambiguous bit(s) by scoring all combinations.
  Ambiguous positions: [2, 3]
  Scoring considers: operation priors, complexity, template consistency, shift alignment.
  Bit 2 -> 0
  Bit 3 -> 1

Step 5: Combine all bits to form the output.
  bit0=0(unambig) | bit1=1(unambig) | bit2=0(scored) | bit3=1(scored) | bit4=0(unambig) | bit5=1(unambig) | bit6=0(ctx) | bit7=1(unambig)

The answer is 01010101.",Bit Manipulation,low,bf,2
e6d2a064,"In Alice's Wonderland, a secret bit manipulation rule transforms 8-bit binary numbers. The transformation involves operations like bit shifts, rotations, XOR, AND, OR, NOT, and possibly majority or choice functions.

Here are some examples of input -> output:
11010110 -> 01111101
01011011 -> 11111000
00001111 -> 00100010
10001101 -> 01111011
11011011 -> 11101001
11101011 -> 00101111
11010100 -> 00110101

Now, determine the output for: 01100100",11100011,"I need to find the secret bit manipulation rule from the examples.

Given 7 examples:
  11010110 -> 01111101
  01011011 -> 11111000
  00001111 -> 00100010
  10001101 -> 01111011
  11011011 -> 11101001
  11101011 -> 00101111
  11010100 -> 00110101

Query: 01100100

Step 1: Analyze each output bit as an independent boolean function of input bits.

  Output bit 0: Ambiguous (4 candidates predict 0, 3 predict 1)
    For 0: AND(in[3], in[4]), AND(in[3], in[7]), NOR(in[2], in[5])
    For 1: XNOR(in[2], in[5]), XNOR(in[3], in[4]), XNOR(in[3], in[7])
  Output bit 1: All 1 candidates agree -> value = 1
    Best match: XNOR(in[3], in[6]) = 1
  Output bit 2: Ambiguous (10 candidates predict 0, 13 predict 1)
    For 0: OR(in[0], in[4]), OR(in[0], in[6]), OR(in[0], in[7])
    For 1: OR(in[1], in[4]), OR(in[1], in[5]), OR(in[1], in[7])
  Output bit 3: All 1 candidates agree -> value = 0
    Best match: XNOR(in[0], in[5]) = 0
  Output bit 4: All 1 candidates agree -> value = 0
    Best match: XNOR(in[1], in[6]) = 0
  Output bit 5: Ambiguous (3 candidates predict 0, 2 predict 1)
    For 0: XNOR(in[2], in[4]), XNOR(in[2], in[7]), XNOR(in[3], in[5])
    For 1: IMPL(in[4], in[2]), IMPL(in[7], in[2])
  Output bit 6: Ambiguous (2 candidates predict 0, 5 predict 1)
    For 0: INHIB(in[4], in[3]), INHIB(in[7], in[3])
    For 1: XNOR(in[1], in[2]), NOT(in[3]), NAND(in[1], in[3])
  Output bit 7: Ambiguous (1 candidates predict 0, 4 predict 1)
    For 0: ID(in[0])
    For 1: OR(in[0], in[2]), IMPL(in[4], in[0]), IMPL(in[6], in[0])

Step 2: No strong shift pattern detected.

Step 3: Resolve ambiguous bits using structural patterns.
  Bit 0: Resolved via pair/structure pattern -> value = 1
  Bit 2: Resolved via pair/structure pattern -> value = 1
  Bit 5: Resolved via pair/structure pattern -> value = 0

Step 4: Resolve remaining 2 ambiguous bit(s) by scoring all combinations.
  Ambiguous positions: [6, 7]
  Scoring considers: operation priors, complexity, template consistency, shift alignment.
  Bit 6 -> 1
  Bit 7 -> 0

Step 5: Combine all bits to form the output.
  bit0=1(ctx) | bit1=1(unambig) | bit2=1(ctx) | bit3=0(unambig) | bit4=0(unambig) | bit5=0(ctx) | bit6=1(scored) | bit7=0(scored)

The answer is 11100010.",Bit Manipulation,low,bf,2
e7c7486e,"In Alice's Wonderland, a secret bit manipulation rule transforms 8-bit binary numbers. The transformation involves operations like bit shifts, rotations, XOR, AND, OR, NOT, and possibly majority or choice functions.

Here are some examples of input -> output:
11110000 -> 00111000
00001101 -> 00000010
00111100 -> 00001110
10101101 -> 01100010
01111110 -> 10011111
01010111 -> 11100001
01011111 -> 11100111
01110100 -> 00011000
01001100 -> 00000010

Now, determine the output for: 01011110",10000111,"I need to find the secret bit manipulation rule from the examples.

Given 9 examples:
  11110000 -> 00111000
  00001101 -> 00000010
  00111100 -> 00001110
  10101101 -> 01100010
  01111110 -> 10011111
  01010111 -> 11100001
  01011111 -> 11100111
  01110100 -> 00011000
  01001100 -> 00000010

Query: 01011110

Step 1: Analyze each output bit as an independent boolean function of input bits.

  Output bit 0: All 5 candidates agree -> value = 1
    Best match: ID(in[6]) = 1
  Output bit 1: All 1 candidates agree -> value = 1
    Best match: XOR(in[2], in[3]) = 1
  Output bit 2: All 2 candidates agree -> value = 0
    Best match: MAJ(in[0], in[1], in[7]) = 0
  Output bit 3: All 1 candidates agree -> value = 0
    Best match: AND(in[1], in[2]) = 0
  Output bit 4: Ambiguous (2 candidates predict 0, 1 predict 1)
    For 0: AND(in[2], in[3]), INHIB(in[2], in[7])
    For 1: INHIB(in[3], in[7])
  Output bit 5: All 2 candidates agree -> value = 1
    Best match: AND(in[3], in[4]) = 1
  Output bit 6: All 4 candidates agree -> value = 1
    Best match: ID(in[4]) = 1
  Output bit 7: All 5 candidates agree -> value = 1
    Best match: ID(in[6]) = 1

Step 2: Identify structural patterns.
  Confirmed bit mappings: bit0<-in[6](shift=6), bit6<-in[4](shift=6), bit7<-in[6](shift=7)
  Dominant shift = 6 (weight 10)

Step 3: Resolve ambiguous bits using structural patterns.
  Bit 4: Resolved via pair/structure pattern -> value = 0

Step 4: All bits resolved without brute-force.

Step 5: Combine all bits to form the output.
  bit0=1(unambig) | bit1=1(unambig) | bit2=0(unambig) | bit3=0(unambig) | bit4=0(ctx) | bit5=1(unambig) | bit6=1(unambig) | bit7=1(unambig)

The answer is 11000111.",Bit Manipulation,high,ctx,0
e80d8872,"In Alice's Wonderland, a secret bit manipulation rule transforms 8-bit binary numbers. The transformation involves operations like bit shifts, rotations, XOR, AND, OR, NOT, and possibly majority or choice functions.

Here are some examples of input -> output:
10001011 -> 00010111
11000110 -> 10000101
01001001 -> 01111111
00001010 -> 11010010
10100110 -> 00110101
01110010 -> 00001110
10011100 -> 11000001
11000100 -> 10001101

Now, determine the output for: 11100010",00000111,"I need to find the secret bit manipulation rule from the examples.

Given 8 examples:
  10001011 -> 00010111
  11000110 -> 10000101
  01001001 -> 01111111
  00001010 -> 11010010
  10100110 -> 00110101
  01110010 -> 00001110
  10011100 -> 11000001
  11000100 -> 10001101

Query: 11100010

Step 1: Analyze each output bit as an independent boolean function of input bits.

  Output bit 0: All 2 candidates agree -> value = 0
    Best match: XNOR(in[2], in[7]) = 0
  Output bit 1: All 1 candidates agree -> value = 0
    Best match: XNOR(in[0], in[3]) = 0
  Output bit 2: All 1 candidates agree -> value = 0
    Best match: XNOR(in[1], in[4]) = 0
  Output bit 3: All 1 candidates agree -> value = 0
    Best match: XNOR(in[2], in[5]) = 0
  Output bit 4: All 1 candidates agree -> value = 0
    Best match: XNOR(in[3], in[6]) = 0
  Output bit 5: All 2 candidates agree -> value = 1
    Best match: XNOR(in[4], in[7]) = 1
  Output bit 6: Ambiguous (2 candidates predict 0, 3 predict 1)
    For 0: XOR(in[3], in[4]), IMPL(in[0], in[7])
    For 1: NOT(in[5]), NAND(in[0], in[5]), IMPL(in[5], in[7])
  Output bit 7: Ambiguous (2 candidates predict 0, 2 predict 1)
    For 0: XOR(in[5], in[7]), OR(in[5], in[7])
    For 1: OR(in[0], in[7]), IMPL(in[6], in[0])

Step 2: No strong shift pattern detected.

Step 3: No additional bits resolved by context propagation.

Step 4: Resolve remaining 2 ambiguous bit(s) by scoring all combinations.
  Ambiguous positions: [6, 7]
  Scoring considers: operation priors, complexity, template consistency, shift alignment.
  Bit 6 -> 0
  Bit 7 -> 0

Step 5: Combine all bits to form the output.
  bit0=0(unambig) | bit1=0(unambig) | bit2=0(unambig) | bit3=0(unambig) | bit4=0(unambig) | bit5=1(unambig) | bit6=0(scored) | bit7=0(scored)

The answer is 00000100.",Bit Manipulation,low,bf,2
e8218e9d,"In Alice's Wonderland, a secret bit manipulation rule transforms 8-bit binary numbers. The transformation involves operations like bit shifts, rotations, XOR, AND, OR, NOT, and possibly majority or choice functions.

Here are some examples of input -> output:
00000101 -> 00101000
10110001 -> 10011101
00101001 -> 01011001
01100010 -> 00110011
10110110 -> 11010101
10010001 -> 10001100
00110010 -> 10010001
10010100 -> 11100100

Now, determine the output for: 00111000",01000001,"I need to find the secret bit manipulation rule from the examples.

Given 8 examples:
  00000101 -> 00101000
  10110001 -> 10011101
  00101001 -> 01011001
  01100010 -> 00110011
  10110110 -> 11010101
  10010001 -> 10001100
  00110010 -> 10010001
  10010100 -> 11100100

Query: 00111000

Step 1: Analyze each output bit as an independent boolean function of input bits.

  Output bit 0: Ambiguous (1 candidates predict 0, 3 predict 1)
    For 0: INHIB(in[3], in[4])
    For 1: ID(in[3]), OR(in[0], in[3]), INHIB(in[3], in[1])
  Output bit 1: All 1 candidates agree -> value = 1
    Best match: OR(AND)(in[0], in[5], in[4]) = 1
  Output bit 2: No candidates found. Default to 0.
  Output bit 3: All 4 candidates agree -> value = 1
    Best match: ID(in[2]) = 1
  Output bit 4: Ambiguous (3 candidates predict 0, 1 predict 1)
    For 0: ID(in[7]), INHIB(in[7], in[1]), INHIB(in[7], in[6])
    For 1: OR(in[4], in[7])
  Output bit 5: All 4 candidates agree -> value = 0
    Best match: ID(in[0]) = 0
  Output bit 6: All 10 candidates agree -> value = 0
    Best match: ID(in[1]) = 0
  Output bit 7: All 4 candidates agree -> value = 1
    Best match: ID(in[2]) = 1

Step 2: Identify structural patterns.
  Confirmed bit mappings: bit0<-in[3](shift=3), bit3<-in[2](shift=7), bit4<-in[7](shift=3), bit5<-in[0](shift=3), bit6<-in[1](shift=3)
  Dominant shift = 3 (weight 17)

Step 3: Resolve ambiguous bits using structural patterns.
  Bit 0: Using shift=3, source = in[3] -> value = 1
  Bit 4: Using shift=3, source = in[7] -> value = 0

Step 4: All bits resolved without brute-force.

Step 5: Combine all bits to form the output.
  bit0=1(ctx) | bit1=1(unambig) | bit2=0(unambig) | bit3=1(unambig) | bit4=0(ctx) | bit5=0(unambig) | bit6=0(unambig) | bit7=1(unambig)

The answer is 11010001.",Bit Manipulation,high,ctx,0
e821a3ca,"In Alice's Wonderland, a secret bit manipulation rule transforms 8-bit binary numbers. The transformation involves operations like bit shifts, rotations, XOR, AND, OR, NOT, and possibly majority or choice functions.

Here are some examples of input -> output:
10000110 -> 10101101
00010100 -> 01010101
10111111 -> 11110111
11001110 -> 11011011
10010100 -> 00110101
10110001 -> 10100111
01101101 -> 00111011

Now, determine the output for: 10000001",00110111,"I need to find the secret bit manipulation rule from the examples.

Given 7 examples:
  10000110 -> 10101101
  00010100 -> 01010101
  10111111 -> 11110111
  11001110 -> 11011011
  10010100 -> 00110101
  10110001 -> 10100111
  01101101 -> 00111011

Query: 10000001

Step 1: Analyze each output bit as an independent boolean function of input bits.

  Output bit 0: Ambiguous (1 candidates predict 0, 3 predict 1)
    For 0: XNOR(in[3], in[7])
    For 1: XNOR(in[2], in[3]), XNOR(in[5], in[6]), IMPL(in[5], in[6])
  Output bit 1: All 1 candidates agree -> value = 0
    Best match: XNOR(in[0], in[4]) = 0
  Output bit 2: All 1 candidates agree -> value = 1
    Best match: XOR(in[0], in[1]) = 1
  Output bit 3: All 2 candidates agree -> value = 0
    Best match: MAJ(in[1], in[3], in[5]) = 0
  Output bit 4: Ambiguous (1 candidates predict 0, 2 predict 1)
    For 0: INHIB(in[5], in[3])
    For 1: NOT(in[3]), IMPL(in[3], in[1])
  Output bit 5: All 5 candidates agree -> value = 1
    Best match: NOT(in[1]) = 1
  Output bit 6: Ambiguous (2 candidates predict 0, 4 predict 1)
    For 0: OR(in[1], in[2]), OR(in[2], in[4])
    For 1: OR(in[1], in[7]), XNOR(in[4], in[5]), OR(in[4], in[7])
  Output bit 7: Ambiguous (4 candidates predict 0, 10 predict 1)
    For 0: OR(in[2], in[5]), XNOR(in[2], in[7]), OR(in[3], in[5])
    For 1: OR(in[0], in[5]), OR(in[5], in[7]), NAND(in[1], in[3])

Step 2: Identify structural patterns.
  Confirmed bit mappings: bit5<-in[1](shift=4)
  Dominant shift = 4 (weight 5)

Step 3: No additional bits resolved by context propagation.

Step 4: Resolve remaining 4 ambiguous bit(s) by scoring all combinations.
  Ambiguous positions: [0, 4, 6, 7]
  Scoring considers: operation priors, complexity, template consistency, shift alignment.
  Bit 0 -> 1
  Bit 4 -> 1
  Bit 6 -> 1
  Bit 7 -> 1

Step 5: Combine all bits to form the output.
  bit0=1(scored) | bit1=0(unambig) | bit2=1(unambig) | bit3=0(unambig) | bit4=1(scored) | bit5=1(unambig) | bit6=1(scored) | bit7=1(scored)

The answer is 10101111.",Bit Manipulation,low,bf,4
ea67a727,"In Alice's Wonderland, a secret bit manipulation rule transforms 8-bit binary numbers. The transformation involves operations like bit shifts, rotations, XOR, AND, OR, NOT, and possibly majority or choice functions.

Here are some examples of input -> output:
00100011 -> 01010111
10001111 -> 11111110
00000100 -> 01111110
10010000 -> 11011011
10100111 -> 11110110
01100100 -> 01100111
11101001 -> 10100111
01011011 -> 01001001
11010101 -> 00101011

Now, determine the output for: 01110110",10100011,"I need to find the secret bit manipulation rule from the examples.

Given 9 examples:
  00100011 -> 01010111
  10001111 -> 11111110
  00000100 -> 01111110
  10010000 -> 11011011
  10100111 -> 11110110
  01100100 -> 01100111
  11101001 -> 10100111
  01011011 -> 01001001
  11010101 -> 00101011

Query: 01110110

Step 1: Analyze each output bit as an independent boolean function of input bits.

  Output bit 0: All 1 candidates agree -> value = 1
    Best match: XNOR(in[5], in[6]) = 1
  Output bit 1: Ambiguous (1 candidates predict 0, 2 predict 1)
    For 0: XNOR(in[6], in[7])
    For 1: NAND(in[0], in[1]), IMPL(in[7], in[6])
  Output bit 2: All 1 candidates agree -> value = 1
    Best match: XNOR(in[0], in[7]) = 1
  Output bit 3: All 1 candidates agree -> value = 0
    Best match: NOT(in[1]) = 0
  Output bit 4: Ambiguous (1 candidates predict 0, 1 predict 1)
    For 0: NOT(in[2])
    For 1: IMPL(in[2], in[3])
  Output bit 5: Ambiguous (1 candidates predict 0, 1 predict 1)
    For 0: NOT(in[3])
    For 1: IMPL(in[3], in[2])
  Output bit 6: Ambiguous (3 candidates predict 0, 2 predict 1)
    For 0: NAND(in[1], in[6]), NAND(in[3], in[6]), IMPL(in[3], in[0])
    For 1: NAND(in[3], in[4]), IMPL(in[4], in[0])
  Output bit 7: All 1 candidates agree -> value = 1
    Best match: IMPL(in[5], in[1]) = 1

Step 2: Identify structural patterns.
  Confirmed bit mappings: bit3<-in[1](shift=6), bit4<-in[2](shift=6), bit5<-in[3](shift=6)
  Dominant shift = 6 (weight 7)

Step 3: Resolve ambiguous bits using structural patterns.
  Bit 1: Resolved via pair/structure pattern -> value = 0
  Bit 4: Using shift=6, source = in[2] -> value = 0
  Bit 5: Using shift=6, source = in[3] -> value = 0

Step 4: Resolve remaining 1 ambiguous bit(s) by scoring all combinations.
  Ambiguous positions: [6]
  Scoring considers: operation priors, complexity, template consistency, shift alignment.
  Bit 6 -> 0

Step 5: Combine all bits to form the output.
  bit0=1(unambig) | bit1=0(ctx) | bit2=1(unambig) | bit3=0(unambig) | bit4=0(ctx) | bit5=0(ctx) | bit6=0(scored) | bit7=1(unambig)

The answer is 10100001.",Bit Manipulation,low,bf,1
eb252a80,"In Alice's Wonderland, a secret bit manipulation rule transforms 8-bit binary numbers. The transformation involves operations like bit shifts, rotations, XOR, AND, OR, NOT, and possibly majority or choice functions.

Here are some examples of input -> output:
01010010 -> 00101111
01010101 -> 11111111
00001010 -> 11101111
10101101 -> 00110111
01001110 -> 01001101
11010011 -> 00011011
10101100 -> 00011111
01010001 -> 01011111

Now, determine the output for: 10000101",01110011,"I need to find the secret bit manipulation rule from the examples.

Given 8 examples:
  01010010 -> 00101111
  01010101 -> 11111111
  00001010 -> 11101111
  10101101 -> 00110111
  01001110 -> 01001101
  11010011 -> 00011011
  10101100 -> 00011111
  01010001 -> 01011111

Query: 10000101

Step 1: Analyze each output bit as an independent boolean function of input bits.

  Output bit 0: Ambiguous (1 candidates predict 0, 1 predict 1)
    For 0: XNOR(in[3], in[5])
    For 1: XOR(in[4], in[5])
  Output bit 1: Ambiguous (1 candidates predict 0, 1 predict 1)
    For 0: XOR(in[3], in[6])
    For 1: XNOR(in[4], in[6])
  Output bit 2: All 1 candidates agree -> value = 1
    Best match: XNOR(in[5], in[7]) = 1
  Output bit 3: All 4 candidates agree -> value = 1
    Best match: OR(in[0], in[7]) = 1
  Output bit 4: Ambiguous (2 candidates predict 0, 2 predict 1)
    For 0: IMPL(in[7], in[1]), IMPL(in[7], in[3])
    For 1: NAND(in[2], in[7]), NAND(in[4], in[7])
  Output bit 5: Ambiguous (3 candidates predict 0, 5 predict 1)
    For 0: XNOR(in[0], in[2]), IMPL(in[0], in[2]), IMPL(in[0], in[4])
    For 1: NAND(in[0], in[1]), NAND(in[0], in[3]), NAND(in[0], in[6])
  Output bit 6: Ambiguous (1 candidates predict 0, 4 predict 1)
    For 0: XOR(in[1], in[4])
    For 1: XNOR(in[1], in[3]), NAND(in[1], in[4]), NAND(in[5], in[6])
  Output bit 7: Ambiguous (3 candidates predict 0, 9 predict 1)
    For 0: XOR(in[3], in[4]), OR(in[1], in[4]), OR(in[3], in[4])
    For 1: NAND(in[1], in[2]), NAND(in[2], in[3]), NAND(in[2], in[6])

Step 2: No strong shift pattern detected.

Step 3: Resolve ambiguous bits using structural patterns.
  Bit 0: Resolved via pair/structure pattern -> value = 0
  Bit 1: Resolved via pair/structure pattern -> value = 1
  Bit 5: Resolved via pair/structure pattern -> value = 0
  Bit 6: Resolved via pair/structure pattern -> value = 1

Step 4: Resolve remaining 2 ambiguous bit(s) by scoring all combinations.
  Ambiguous positions: [4, 7]
  Scoring considers: operation priors, complexity, template consistency, shift alignment.
  Bit 4 -> 1
  Bit 7 -> 1

Step 5: Combine all bits to form the output.
  bit0=0(ctx) | bit1=1(ctx) | bit2=1(unambig) | bit3=1(unambig) | bit4=1(scored) | bit5=0(ctx) | bit6=1(ctx) | bit7=1(scored)

The answer is 01111011.",Bit Manipulation,low,bf,2
ed5c81ae,"In Alice's Wonderland, a secret bit manipulation rule transforms 8-bit binary numbers. The transformation involves operations like bit shifts, rotations, XOR, AND, OR, NOT, and possibly majority or choice functions.

Here are some examples of input -> output:
10100100 -> 00000100
00011100 -> 10000011
10010110 -> 10000010
00001100 -> 10000001
10000111 -> 11100000
10011001 -> 00010011
10111010 -> 00010111
01011011 -> 00000011

Now, determine the output for: 00100101",00100000,"I need to find the secret bit manipulation rule from the examples.

Given 8 examples:
  10100100 -> 00000100
  00011100 -> 10000011
  10010110 -> 10000010
  00001100 -> 10000001
  10000111 -> 11100000
  10011001 -> 00010011
  10111010 -> 00010111
  01011011 -> 00000011

Query: 00100101

Step 1: Analyze each output bit as an independent boolean function of input bits.

  Output bit 0: All 1 candidates agree -> value = 0
    Best match: INHIB(in[5], in[2]) = 0
  Output bit 1: Ambiguous (1 candidates predict 0, 3 predict 1)
    For 0: INHIB(in[6], in[3])
    For 1: AND(in[5], in[7]), INHIB(in[7], in[3]), INHIB(in[7], in[4])
  Output bit 2: Ambiguous (1 candidates predict 0, 3 predict 1)
    For 0: INHIB(in[6], in[3])
    For 1: AND(in[5], in[7]), INHIB(in[7], in[3]), INHIB(in[7], in[4])
  Output bit 3: Ambiguous (4 candidates predict 0, 1 predict 1)
    For 0: AND(in[0], in[4]), XNOR(in[1], in[5]), NOR(in[1], in[5])
    For 1: XNOR(in[0], in[4])
  Output bit 4: Ambiguous (10 candidates predict 0, 3 predict 1)
    For 0: AND(in[0], in[1]), AND(in[1], in[2]), AND(in[1], in[5])
    For 1: AND(in[2], in[7]), NOR(in[0], in[4]), INHIB(in[2], in[0])
  Output bit 5: Ambiguous (2 candidates predict 0, 2 predict 1)
    For 0: AND(in[0], in[2]), INHIB(in[2], in[7])
    For 1: ID(in[2]), INHIB(in[2], in[1])
  Output bit 6: All 3 candidates agree -> value = 0
    Best match: ID(in[3]) = 0
  Output bit 7: Ambiguous (3 candidates predict 0, 2 predict 1)
    For 0: ID(in[4]), OR(in[1], in[4]), IMPL(in[5], in[4])
    For 1: NAND(in[0], in[5]), IMPL(in[0], in[4])

Step 2: Identify structural patterns.
  Confirmed bit mappings: bit5<-in[2](shift=5), bit6<-in[3](shift=5), bit7<-in[4](shift=5)
  Dominant shift = 5 (weight 7)

Step 3: Resolve ambiguous bits using structural patterns.
  Bit 1: Resolved via pair/structure pattern -> value = 0
  Bit 2: Resolved via pair/structure pattern -> value = 1
  Bit 3: Resolved via pair/structure pattern -> value = 0
  Bit 4: Resolved via pair/structure pattern -> value = 0
  Bit 5: Using shift=5, source = in[2] -> value = 1
  Bit 7: Using shift=5, source = in[4] -> value = 0

Step 4: All bits resolved without brute-force.

Step 5: Combine all bits to form the output.
  bit0=0(unambig) | bit1=0(ctx) | bit2=1(ctx) | bit3=0(ctx) | bit4=0(ctx) | bit5=1(ctx) | bit6=0(unambig) | bit7=0(ctx)

The answer is 00100100.",Bit Manipulation,high,ctx,0
ee3bbe87,"In Alice's Wonderland, a secret bit manipulation rule transforms 8-bit binary numbers. The transformation involves operations like bit shifts, rotations, XOR, AND, OR, NOT, and possibly majority or choice functions.

Here are some examples of input -> output:
00111000 -> 11100111
10111111 -> 11101001
00100010 -> 10001100
00101101 -> 10110001
01101000 -> 10101100
00101100 -> 10110101
11111010 -> 11110100
00110101 -> 11010010
10110100 -> 11000100

Now, determine the output for: 00011100",01110011,"I need to find the secret bit manipulation rule from the examples.

Given 9 examples:
  00111000 -> 11100111
  10111111 -> 11101001
  00100010 -> 10001100
  00101101 -> 10110001
  01101000 -> 10101100
  00101100 -> 10110101
  11111010 -> 11110100
  00110101 -> 11010010
  10110100 -> 11000100

Query: 00011100

Step 1: Check for whole-byte patterns.
  Mixed shift pattern detected.
  Rule: some output bits are shifted copies, rest use a uniform 2-input function.

Step 2: Apply the pattern to the query.
  00011100 -> 01110111

The answer is 01110111.",Bit Manipulation,high,w_mix,0
ee61df9f,"In Alice's Wonderland, a secret bit manipulation rule transforms 8-bit binary numbers. The transformation involves operations like bit shifts, rotations, XOR, AND, OR, NOT, and possibly majority or choice functions.

Here are some examples of input -> output:
10000000 -> 00000000
01101110 -> 10011000
11101100 -> 00110001
01111111 -> 11011100
00010111 -> 01000100
00100010 -> 10001000
01101111 -> 10011000
00100110 -> 10001000
10000110 -> 00000001
01100010 -> 10001000

Now, determine the output for: 10010011",01000100,"I need to find the secret bit manipulation rule from the examples.

Given 10 examples:
  10000000 -> 00000000
  01101110 -> 10011000
  11101100 -> 00110001
  01111111 -> 11011100
  00010111 -> 01000100
  00100010 -> 10001000
  01101111 -> 10011000
  00100110 -> 10001000
  10000110 -> 00000001
  01100010 -> 10001000

Query: 10010011

Step 1: Analyze each output bit as an independent boolean function of input bits.

  Output bit 0: All 2 candidates agree -> value = 0
    Best match: AND(in[2], in[6]) = 0
  Output bit 1: Ambiguous (2 candidates predict 0, 3 predict 1)
    For 0: AND(in[3], in[5]), INHIB(in[3], in[0])
    For 1: ID(in[3]), AND(in[3], in[6]), AND(in[3], in[7])
  Output bit 2: All 7 candidates agree -> value = 0
    Best match: AND(in[0], in[1]) = 0
  Output bit 3: All 5 candidates agree -> value = 0
    Best match: ID(in[4]) = 0
  Output bit 4: All 2 candidates agree -> value = 0
    Best match: AND(in[2], in[6]) = 0
  Output bit 5: Ambiguous (2 candidates predict 0, 3 predict 1)
    For 0: AND(in[3], in[5]), INHIB(in[3], in[0])
    For 1: ID(in[3]), AND(in[3], in[6]), AND(in[3], in[7])
  Output bit 6: Ambiguous (9 candidates predict 0, 4 predict 1)
    For 0: NOR(in[0], in[6]), INHIB(in[1], in[2]), INHIB(in[3], in[6])
    For 1: AND(in[0], in[3]), AND(in[0], in[7]), INHIB(in[3], in[5])
  Output bit 7: All 1 candidates agree -> value = 0
    Best match: AND(in[0], in[5]) = 0

Step 2: Identify structural patterns.
  Confirmed bit mappings: bit3<-in[4](shift=1)
  Dominant shift = 1 (weight 5)

Step 3: Resolve ambiguous bits using structural patterns.
  Bit 1: Resolved via pair/structure pattern -> value = 1
  Bit 5: Resolved via pair/structure pattern -> value = 1

Step 4: Resolve remaining 1 ambiguous bit(s) by scoring all combinations.
  Ambiguous positions: [6]
  Scoring considers: operation priors, complexity, template consistency, shift alignment.
  Bit 6 -> 1

Step 5: Combine all bits to form the output.
  bit0=0(unambig) | bit1=1(ctx) | bit2=0(unambig) | bit3=0(unambig) | bit4=0(unambig) | bit5=1(ctx) | bit6=1(scored) | bit7=0(unambig)

The answer is 01000110.",Bit Manipulation,low,bf,1
eea91b82,"In Alice's Wonderland, a secret bit manipulation rule transforms 8-bit binary numbers. The transformation involves operations like bit shifts, rotations, XOR, AND, OR, NOT, and possibly majority or choice functions.

Here are some examples of input -> output:
10110011 -> 10001111
11000010 -> 01011111
00001101 -> 11010100
10010000 -> 01011111
00101001 -> 11111101
10000100 -> 11111110
00111010 -> 10100001
00000000 -> 11111111
10100000 -> 11010111
11000001 -> 10000111

Now, determine the output for: 11110101",00101111,"I need to find the secret bit manipulation rule from the examples.

Given 10 examples:
  10110011 -> 10001111
  11000010 -> 01011111
  00001101 -> 11010100
  10010000 -> 01011111
  00101001 -> 11111101
  10000100 -> 11111110
  00111010 -> 10100001
  00000000 -> 11111111
  10100000 -> 11010111
  11000001 -> 10000111

Query: 11110101

Step 1: Analyze each output bit as an independent boolean function of input bits.

  Output bit 0: All 1 candidates agree -> value = 0
    Best match: XNOR(in[3], in[6]) = 0
  Output bit 1: All 2 candidates agree -> value = 0
    Best match: XNOR(in[1], in[6]) = 0
  Output bit 2: All 1 candidates agree -> value = 1
    Best match: XNOR(in[0], in[5]) = 1
  Output bit 3: All 2 candidates agree -> value = 0
    Best match: XNOR(in[1], in[6]) = 0
  Output bit 4: All 1 candidates agree -> value = 1
    Best match: XNOR(in[2], in[7]) = 1
  Output bit 5: All 5 candidates agree -> value = 1
    Best match: NAND(in[3], in[4]) = 1
  Output bit 6: All 3 candidates agree -> value = 1
    Best match: NOT(in[4]) = 1
  Output bit 7: Ambiguous (2 candidates predict 0, 3 predict 1)
    For 0: NOT(in[5]), IMPL(in[5], in[6])
    For 1: IMPL(in[5], in[1]), IMPL(in[5], in[2]), IMPL(in[5], in[3])

Step 2: Identify structural patterns.
  Confirmed bit mappings: bit6<-in[4](shift=6), bit7<-in[5](shift=6)
  Dominant shift = 6 (weight 6)

Step 3: Resolve ambiguous bits using structural patterns.
  Bit 7: Using shift=6, source = in[5] -> value = 0

Step 4: All bits resolved without brute-force.

Step 5: Combine all bits to form the output.
  bit0=0(unambig) | bit1=0(unambig) | bit2=1(unambig) | bit3=0(unambig) | bit4=1(unambig) | bit5=1(unambig) | bit6=1(unambig) | bit7=0(ctx)

The answer is 00101110.",Bit Manipulation,high,ctx,0
ef1351ad,"In Alice's Wonderland, a secret bit manipulation rule transforms 8-bit binary numbers. The transformation involves operations like bit shifts, rotations, XOR, AND, OR, NOT, and possibly majority or choice functions.

Here are some examples of input -> output:
00010100 -> 01011010
11010011 -> 11111011
01011010 -> 10111101
10100101 -> 11111110
01000111 -> 00110111
01101011 -> 01101101
11111010 -> 11101101
10111110 -> 11111111
00000101 -> 10010110

Now, determine the output for: 01000101",10100110,"I need to find the secret bit manipulation rule from the examples.

Given 9 examples:
  00010100 -> 01011010
  11010011 -> 11111011
  01011010 -> 10111101
  10100101 -> 11111110
  01000111 -> 00110111
  01101011 -> 01101101
  11111010 -> 11101101
  10111110 -> 11111111
  00000101 -> 10010110

Query: 01000101

Step 1: Analyze each output bit as an independent boolean function of input bits.

  Output bit 0: All 1 candidates agree -> value = 1
    Best match: XNOR(in[3], in[6]) = 1
  Output bit 1: All 1 candidates agree -> value = 0
    Best match: XNOR(XOR)(in[0], in[4], in[7]) = 0
  Output bit 2: Ambiguous (2 candidates predict 0, 2 predict 1)
    For 0: OR(in[0], in[6]), OR(in[2], in[6])
    For 1: OR(in[0], in[1]), OR(in[1], in[2])
  Output bit 3: All 2 candidates agree -> value = 1
    Best match: NAND(in[1], in[2]) = 1
  Output bit 4: All 1 candidates agree -> value = 0
    Best match: OR(in[2], in[3]) = 0
  Output bit 5: All 1 candidates agree -> value = 1
    Best match: IMPL(in[3], in[4]) = 1
  Output bit 6: All 2 candidates agree -> value = 1
    Best match: NAND(in[1], in[4]) = 1
  Output bit 7: Ambiguous (3 candidates predict 0, 2 predict 1)
    For 0: ID(in[6]), OR(in[4], in[6]), IMPL(in[5], in[6])
    For 1: OR(in[1], in[4]), OR(in[1], in[6])

Step 2: No strong shift pattern detected.

Step 3: Resolve ambiguous bits using structural patterns.
  Bit 7: Resolved via pair/structure pattern -> value = 0

Step 4: Resolve remaining 1 ambiguous bit(s) by scoring all combinations.
  Ambiguous positions: [2]
  Scoring considers: operation priors, complexity, template consistency, shift alignment.
  Bit 2 -> 0

Step 5: Combine all bits to form the output.
  bit0=1(unambig) | bit1=0(unambig) | bit2=0(scored) | bit3=1(unambig) | bit4=0(unambig) | bit5=1(unambig) | bit6=1(unambig) | bit7=0(ctx)

The answer is 10010110.",Bit Manipulation,low,bf,1
ef37f544,"In Alice's Wonderland, a secret bit manipulation rule transforms 8-bit binary numbers. The transformation involves operations like bit shifts, rotations, XOR, AND, OR, NOT, and possibly majority or choice functions.

Here are some examples of input -> output:
00000100 -> 00000000
00110010 -> 01000000
10001010 -> 00000000
01011111 -> 01100000
11001110 -> 00000000
11101010 -> 00000000
11111000 -> 00000000
01111001 -> 00100000
00001000 -> 00000000

Now, determine the output for: 11100101",10000000,"I need to find the secret bit manipulation rule from the examples.

Given 9 examples:
  00000100 -> 00000000
  00110010 -> 01000000
  10001010 -> 00000000
  01011111 -> 01100000
  11001110 -> 00000000
  11101010 -> 00000000
  11111000 -> 00000000
  01111001 -> 00100000
  00001000 -> 00000000

Query: 11100101

Step 1: Analyze each output bit as an independent boolean function of input bits.

  Output bit 0: Ambiguous (2 candidates predict 0, 6 predict 1)
    For 0: INHIB(in[7], in[1]), C0
    For 1: AND(in[0], in[7]), AND(in[2], in[5]), INHIB(in[0], in[4])
  Output bit 1: All 2 candidates agree -> value = 0
    Best match: AND(in[3], in[6]) = 0
  Output bit 2: Ambiguous (4 candidates predict 0, 2 predict 1)
    For 0: AND(in[3], in[7]), AND(in[4], in[7]), INHIB(in[1], in[0])
    For 1: ID(in[7]), AND(in[1], in[7])
  Output bit 3: Ambiguous (2 candidates predict 0, 6 predict 1)
    For 0: INHIB(in[7], in[1]), C0
    For 1: AND(in[0], in[7]), AND(in[2], in[5]), INHIB(in[0], in[4])
  Output bit 4: Ambiguous (2 candidates predict 0, 6 predict 1)
    For 0: INHIB(in[7], in[1]), C0
    For 1: AND(in[0], in[7]), AND(in[2], in[5]), INHIB(in[0], in[4])
  Output bit 5: Ambiguous (2 candidates predict 0, 6 predict 1)
    For 0: INHIB(in[7], in[1]), C0
    For 1: AND(in[0], in[7]), AND(in[2], in[5]), INHIB(in[0], in[4])
  Output bit 6: Ambiguous (2 candidates predict 0, 6 predict 1)
    For 0: INHIB(in[7], in[1]), C0
    For 1: AND(in[0], in[7]), AND(in[2], in[5]), INHIB(in[0], in[4])
  Output bit 7: Ambiguous (2 candidates predict 0, 6 predict 1)
    For 0: INHIB(in[7], in[1]), C0
    For 1: AND(in[0], in[7]), AND(in[2], in[5]), INHIB(in[0], in[4])

Step 2: No strong shift pattern detected.

Step 3: No additional bits resolved by context propagation.

Step 4: Resolve remaining 7 ambiguous bit(s) by scoring all combinations.
  Ambiguous positions: [0, 2, 3, 4, 5, 6, 7]
  Scoring considers: operation priors, complexity, template consistency, shift alignment.
  Bit 0 -> 1
  Bit 2 -> 1
  Bit 3 -> 1
  Bit 4 -> 1
  Bit 5 -> 1
  Bit 6 -> 1
  Bit 7 -> 1

Step 5: Combine all bits to form the output.
  bit0=1(scored) | bit1=0(unambig) | bit2=1(scored) | bit3=1(scored) | bit4=1(scored) | bit5=1(scored) | bit6=1(scored) | bit7=1(scored)

The answer is 10111111.",Bit Manipulation,low,bf,7
efb39cd2,"In Alice's Wonderland, a secret bit manipulation rule transforms 8-bit binary numbers. The transformation involves operations like bit shifts, rotations, XOR, AND, OR, NOT, and possibly majority or choice functions.

Here are some examples of input -> output:
10000111 -> 01110000
11000111 -> 01111000
11100010 -> 01011100
01101011 -> 01101101
10101110 -> 11010101
01001010 -> 01001001
01100011 -> 01101100

Now, determine the output for: 11000100",10011000,"I need to find the secret bit manipulation rule from the examples.

Given 7 examples:
  10000111 -> 01110000
  11000111 -> 01111000
  11100010 -> 01011100
  01101011 -> 01101101
  10101110 -> 11010101
  01001010 -> 01001001
  01100011 -> 01101100

Query: 11000100

Step 1: Check for whole-byte patterns.
  Mixed shift pattern detected.
  Rule: some output bits are shifted copies, rest use a uniform 2-input function.

Step 2: Apply the pattern to the query.
  11000100 -> 00011000

The answer is 00011000.",Bit Manipulation,high,w_mix,0
f05dc9a6,"In Alice's Wonderland, a secret bit manipulation rule transforms 8-bit binary numbers. The transformation involves operations like bit shifts, rotations, XOR, AND, OR, NOT, and possibly majority or choice functions.

Here are some examples of input -> output:
01101011 -> 01001100
10111011 -> 01011011
11101011 -> 01011100
11110100 -> 10001110
10000000 -> 00000000
01000010 -> 00000000
00100111 -> 00100000
11110110 -> 10011110
01100110 -> 00000100

Now, determine the output for: 01100001",00001100,"I need to find the secret bit manipulation rule from the examples.

Given 9 examples:
  01101011 -> 01001100
  10111011 -> 01011011
  11101011 -> 01011100
  11110100 -> 10001110
  10000000 -> 00000000
  01000010 -> 00000000
  00100111 -> 00100000
  11110110 -> 10011110
  01100110 -> 00000100

Query: 01100001

Step 1: Analyze each output bit as an independent boolean function of input bits.

  Output bit 0: All 5 candidates agree -> value = 0
    Best match: AND(in[0], in[5]) = 0
  Output bit 1: Ambiguous (5 candidates predict 0, 3 predict 1)
    For 0: ID(in[4]), AND(in[2], in[4]), AND(in[4], in[6])
    For 1: XOR(in[2], in[5]), INHIB(in[2], in[5]), INHIB(in[7], in[5])
  Output bit 2: Ambiguous (3 candidates predict 0, 2 predict 1)
    For 0: AND(in[5], in[7]), NOR(in[0], in[1]), INHIB(in[5], in[1])
    For 1: XOR(in[4], in[7]), INHIB(in[7], in[4])
  Output bit 3: Ambiguous (1 candidates predict 0, 1 predict 1)
    For 0: AND(in[0], in[6])
    For 1: XNOR(in[0], in[6])
  Output bit 4: All 1 candidates agree -> value = 0
    Best match: OR(in[3], in[4]) = 0
  Output bit 5: All 1 candidates agree -> value = 1
    Best match: AND(in[1], in[2]) = 1
  Output bit 6: All 3 candidates agree -> value = 0
    Best match: ID(in[3]) = 0
  Output bit 7: All 5 candidates agree -> value = 0
    Best match: AND(in[3], in[4]) = 0

Step 2: Identify structural patterns.
  Confirmed bit mappings: bit6<-in[3](shift=5)
  Dominant shift = 5 (weight 5)

Step 3: No additional bits resolved by context propagation.

Step 4: Resolve remaining 3 ambiguous bit(s) by scoring all combinations.
  Ambiguous positions: [1, 2, 3]
  Scoring considers: operation priors, complexity, template consistency, shift alignment.
  Bit 1 -> 0
  Bit 2 -> 0
  Bit 3 -> 0

Step 5: Combine all bits to form the output.
  bit0=0(unambig) | bit1=0(scored) | bit2=0(scored) | bit3=0(scored) | bit4=0(unambig) | bit5=1(unambig) | bit6=0(unambig) | bit7=0(unambig)

The answer is 00000100.",Bit Manipulation,low,bf,3
f18abb65,"In Alice's Wonderland, a secret bit manipulation rule transforms 8-bit binary numbers. The transformation involves operations like bit shifts, rotations, XOR, AND, OR, NOT, and possibly majority or choice functions.

Here are some examples of input -> output:
11010101 -> 00110101
11110100 -> 00111101
00101110 -> 11011011
00111100 -> 10111111
10101000 -> 01101010
10001111 -> 11111111
01011010 -> 00010110
10110110 -> 01101101
01110010 -> 10011101

Now, determine the output for: 00010110",01011101,"I need to find the secret bit manipulation rule from the examples.

Given 9 examples:
  11010101 -> 00110101
  11110100 -> 00111101
  00101110 -> 11011011
  00111100 -> 10111111
  10101000 -> 01101010
  10001111 -> 11111111
  01011010 -> 00010110
  10110110 -> 01101101
  01110010 -> 10011101

Query: 00010110

Step 1: Analyze each output bit as an independent boolean function of input bits.

  Output bit 0: All 1 candidates agree -> value = 0
    Best match: XNOR(in[4], in[5]) = 0
  Output bit 1: All 1 candidates agree -> value = 1
    Best match: XNOR(in[5], in[6]) = 1
  Output bit 2: All 1 candidates agree -> value = 0
    Best match: IMPL(in[6], in[0]) = 0
  Output bit 3: All 1 candidates agree -> value = 0
    Best match: OR(XOR)(in[0], in[2], in[1]) = 0
  Output bit 4: Ambiguous (1 candidates predict 0, 1 predict 1)
    For 0: IMPL(in[3], in[2])
    For 1: IMPL(in[1], in[2])
  Output bit 5: All 2 candidates agree -> value = 1
    Best match: OR(in[3], in[7]) = 1
  Output bit 6: All 2 candidates agree -> value = 0
    Best match: ID(in[4]) = 0
  Output bit 7: All 1 candidates agree -> value = 1
    Best match: IMPL(in[4], in[5]) = 1

Step 2: Identify structural patterns.
  Confirmed bit mappings: bit6<-in[4](shift=6)
  Dominant shift = 6 (weight 5)

Step 3: Resolve ambiguous bits using structural patterns.
  Bit 4: Resolved via pair/structure pattern -> value = 1

Step 4: All bits resolved without brute-force.

Step 5: Combine all bits to form the output.
  bit0=0(unambig) | bit1=1(unambig) | bit2=0(unambig) | bit3=0(unambig) | bit4=1(ctx) | bit5=1(unambig) | bit6=0(unambig) | bit7=1(unambig)

The answer is 01001101.",Bit Manipulation,high,ctx,0
f1a05733,"In Alice's Wonderland, a secret bit manipulation rule transforms 8-bit binary numbers. The transformation involves operations like bit shifts, rotations, XOR, AND, OR, NOT, and possibly majority or choice functions.

Here are some examples of input -> output:
01111100 -> 11111110
11000000 -> 11111100
01110101 -> 10111010
11011001 -> 01111100
11001111 -> 11111111
11011110 -> 01111111
00011010 -> 01001111
11101000 -> 01111100

Now, determine the output for: 10100010",01110101,"I need to find the secret bit manipulation rule from the examples.

Given 8 examples:
  01111100 -> 11111110
  11000000 -> 11111100
  01110101 -> 10111010
  11011001 -> 01111100
  11001111 -> 11111111
  11011110 -> 01111111
  00011010 -> 01001111
  11101000 -> 01111100

Query: 10100010

Step 1: Analyze each output bit as an independent boolean function of input bits.

  Output bit 0: All 1 candidates agree -> value = 0
    Best match: XNOR(in[2], in[3]) = 0
  Output bit 1: Ambiguous (1 candidates predict 0, 6 predict 1)
    For 0: IMPL(in[2], in[4])
    For 1: OR(in[0], in[4]), NAND(in[2], in[7]), IMPL(in[3], in[4])
  Output bit 2: Ambiguous (5 candidates predict 0, 7 predict 1)
    For 0: ID(in[1]), OR(in[1], in[5]), OR(in[1], in[7])
    For 1: OR(in[0], in[1]), OR(in[0], in[2]), OR(in[0], in[5])
  Output bit 3: Ambiguous (5 candidates predict 0, 7 predict 1)
    For 0: ID(in[1]), OR(in[1], in[5]), OR(in[1], in[7])
    For 1: OR(in[0], in[1]), OR(in[0], in[2]), OR(in[0], in[5])
  Output bit 4: Ambiguous (6 candidates predict 0, 5 predict 1)
    For 0: OR(in[1], in[3]), OR(in[1], in[4]), NAND(in[2], in[6])
    For 1: OR(in[0], in[3]), OR(in[1], in[6]), IMPL(in[5], in[1])
  Output bit 5: Ambiguous (1 candidates predict 0, 6 predict 1)
    For 0: IMPL(in[2], in[4])
    For 1: OR(in[0], in[4]), NAND(in[2], in[7]), IMPL(in[3], in[4])
  Output bit 6: Ambiguous (1 candidates predict 0, 4 predict 1)
    For 0: IMPL(in[0], in[5])
    For 1: XNOR(in[1], in[5]), OR(in[5], in[6]), IMPL(in[0], in[6])
  Output bit 7: Ambiguous (3 candidates predict 0, 2 predict 1)
    For 0: AND(in[4], in[6]), XNOR(in[0], in[5]), INHIB(in[6], in[2])
    For 1: ID(in[6]), IMPL(in[1], in[6])

Step 2: No strong shift pattern detected.

Step 3: No additional bits resolved by context propagation.

Step 4: Resolve remaining 7 ambiguous bit(s) by scoring all combinations.
  Ambiguous positions: [1, 2, 3, 4, 5, 6, 7]
  Scoring considers: operation priors, complexity, template consistency, shift alignment.
  Bit 1 -> 1
  Bit 2 -> 0
  Bit 3 -> 0
  Bit 4 -> 1
  Bit 5 -> 1
  Bit 6 -> 1
  Bit 7 -> 1

Step 5: Combine all bits to form the output.
  bit0=0(unambig) | bit1=1(scored) | bit2=0(scored) | bit3=0(scored) | bit4=1(scored) | bit5=1(scored) | bit6=1(scored) | bit7=1(scored)

The answer is 01001111.",Bit Manipulation,low,bf,7
f1c1ed58,"In Alice's Wonderland, a secret bit manipulation rule transforms 8-bit binary numbers. The transformation involves operations like bit shifts, rotations, XOR, AND, OR, NOT, and possibly majority or choice functions.

Here are some examples of input -> output:
11100011 -> 10011110
10111100 -> 01010111
00001100 -> 11001001
00101011 -> 11000111
01101111 -> 11111101
11111001 -> 11111111
10100001 -> 10111111
00111111 -> 10011111
00010001 -> 00110011

Now, determine the output for: 11011011",01111111,"I need to find the secret bit manipulation rule from the examples.

Given 9 examples:
  11100011 -> 10011110
  10111100 -> 01010111
  00001100 -> 11001001
  00101011 -> 11000111
  01101111 -> 11111101
  11111001 -> 11111111
  10100001 -> 10111111
  00111111 -> 10011111
  00010001 -> 00110011

Query: 11011011

Step 1: Analyze each output bit as an independent boolean function of input bits.

  Output bit 0: All 1 candidates agree -> value = 0
    Best match: XNOR(in[2], in[7]) = 0
  Output bit 1: All 1 candidates agree -> value = 1
    Best match: XNOR(in[0], in[3]) = 1
  Output bit 2: All 1 candidates agree -> value = 1
    Best match: XNOR(in[1], in[4]) = 1
  Output bit 3: All 1 candidates agree -> value = 1
    Best match: OR(OR)(in[0], in[1], in[3]) = 1
  Output bit 4: All 1 candidates agree -> value = 1
    Best match: XOR(in[0], in[5]) = 1
  Output bit 5: Ambiguous (1 candidates predict 0, 4 predict 1)
    For 0: ID(in[2])
    For 1: OR(in[0], in[2]), OR(in[0], in[6]), OR(in[1], in[2])
  Output bit 6: All 1 candidates agree -> value = 1
    Best match: IMPL(in[5], in[3]) = 1
  Output bit 7: Ambiguous (1 candidates predict 0, 2 predict 1)
    For 0: NAND(in[0], in[6])
    For 1: IMPL(in[1], in[4]), IMPL(in[6], in[4])

Step 2: No strong shift pattern detected.

Step 3: No additional bits resolved by context propagation.

Step 4: Resolve remaining 2 ambiguous bit(s) by scoring all combinations.
  Ambiguous positions: [5, 7]
  Scoring considers: operation priors, complexity, template consistency, shift alignment.
  Bit 5 -> 0
  Bit 7 -> 0

Step 5: Combine all bits to form the output.
  bit0=0(unambig) | bit1=1(unambig) | bit2=1(unambig) | bit3=1(unambig) | bit4=1(unambig) | bit5=0(scored) | bit6=1(unambig) | bit7=0(scored)

The answer is 01111010.",Bit Manipulation,low,bf,2
f3cc989a,"In Alice's Wonderland, a secret bit manipulation rule transforms 8-bit binary numbers. The transformation involves operations like bit shifts, rotations, XOR, AND, OR, NOT, and possibly majority or choice functions.

Here are some examples of input -> output:
01101001 -> 00010000
00111011 -> 10011100
00110011 -> 00011000
01111100 -> 00011110
01011000 -> 00000100
00011001 -> 00000100
00010100 -> 00000000
01000010 -> 00100000

Now, determine the output for: 00010101",01000000,"I need to find the secret bit manipulation rule from the examples.

Given 8 examples:
  01101001 -> 00010000
  00111011 -> 10011100
  00110011 -> 00011000
  01111100 -> 00011110
  01011000 -> 00000100
  00011001 -> 00000100
  00010100 -> 00000000
  01000010 -> 00100000

Query: 00010101

Step 1: Analyze each output bit as an independent boolean function of input bits.

  Output bit 0: All 1 candidates agree -> value = 0
    Best match: AND(in[4], in[6]) = 0
  Output bit 1: Ambiguous (19 candidates predict 0, 1 predict 1)
    For 0: ID(in[0]), AND(in[0], in[1]), AND(in[0], in[2])
    For 1: AND(in[5], in[7])
  Output bit 2: All 8 candidates agree -> value = 0
    Best match: AND(in[1], in[6]) = 0
  Output bit 3: All 4 candidates agree -> value = 0
    Best match: ID(in[2]) = 0
  Output bit 4: All 1 candidates agree -> value = 0
    Best match: AND(in[2], in[3]) = 0
  Output bit 5: All 1 candidates agree -> value = 0
    Best match: AND(in[3], in[4]) = 0
  Output bit 6: All 4 candidates agree -> value = 0
    Best match: AND(in[1], in[5]) = 0
  Output bit 7: Ambiguous (19 candidates predict 0, 1 predict 1)
    For 0: ID(in[0]), AND(in[0], in[1]), AND(in[0], in[2])
    For 1: AND(in[5], in[7])

Step 2: Identify structural patterns.
  Confirmed bit mappings: bit1<-in[0](shift=7), bit3<-in[2](shift=7)
  Dominant shift = 7 (weight 6)

Step 3: Resolve ambiguous bits using structural patterns.
  Bit 1: Using shift=7, source = in[0] -> value = 0
  Bit 7: Resolved via pair/structure pattern -> value = 0

Step 4: All bits resolved without brute-force.

Step 5: Combine all bits to form the output.
  bit0=0(unambig) | bit1=0(ctx) | bit2=0(unambig) | bit3=0(unambig) | bit4=0(unambig) | bit5=0(unambig) | bit6=0(unambig) | bit7=0(ctx)

The answer is 00000000.",Bit Manipulation,high,ctx,0
f3cdeb29,"In Alice's Wonderland, a secret bit manipulation rule transforms 8-bit binary numbers. The transformation involves operations like bit shifts, rotations, XOR, AND, OR, NOT, and possibly majority or choice functions.

Here are some examples of input -> output:
00000001 -> 11110101
00100111 -> 10001001
00000100 -> 11010111
00010110 -> 01100011
10010000 -> 01011110
10011000 -> 00001110
11001001 -> 00100111
10100000 -> 10111110

Now, determine the output for: 10111101",01101110,"I need to find the secret bit manipulation rule from the examples.

Given 8 examples:
  00000001 -> 11110101
  00100111 -> 10001001
  00000100 -> 11010111
  00010110 -> 01100011
  10010000 -> 01011110
  10011000 -> 00001110
  11001001 -> 00100111
  10100000 -> 10111110

Query: 10111101

Step 1: Analyze each output bit as an independent boolean function of input bits.

  Output bit 0: All 3 candidates agree -> value = 0
    Best match: XNOR(in[1], in[3]) = 0
  Output bit 1: Ambiguous (1 candidates predict 0, 1 predict 1)
    For 0: NOR(in[2], in[4])
    For 1: XNOR(in[2], in[4])
  Output bit 2: All 1 candidates agree -> value = 1
    Best match: XNOR(in[3], in[5]) = 1
  Output bit 3: All 2 candidates agree -> value = 0
    Best match: XNOR(in[4], in[6]) = 0
  Output bit 4: All 1 candidates agree -> value = 1
    Best match: XNOR(in[5], in[7]) = 1
  Output bit 5: All 5 candidates agree -> value = 1
    Best match: NOT(in[6]) = 1
  Output bit 6: Ambiguous (2 candidates predict 0, 2 predict 1)
    For 0: XNOR(in[1], in[7]), IMPL(in[7], in[1])
    For 1: IMPL(in[7], in[0]), IMPL(in[7], in[4])
  Output bit 7: Ambiguous (2 candidates predict 0, 2 predict 1)
    For 0: XNOR(in[0], in[1]), IMPL(in[0], in[1])
    For 1: OR(in[5], in[7]), IMPL(in[0], in[7])

Step 2: Identify structural patterns.
  Confirmed bit mappings: bit5<-in[6](shift=1)
  Dominant shift = 1 (weight 5)

Step 3: Resolve ambiguous bits using structural patterns.
  Bit 1: Resolved via pair/structure pattern -> value = 1
  Bit 6: Resolved via pair/structure pattern -> value = 0

Step 4: Resolve remaining 1 ambiguous bit(s) by scoring all combinations.
  Ambiguous positions: [7]
  Scoring considers: operation priors, complexity, template consistency, shift alignment.
  Bit 7 -> 0

Step 5: Combine all bits to form the output.
  bit0=0(unambig) | bit1=1(ctx) | bit2=1(unambig) | bit3=0(unambig) | bit4=1(unambig) | bit5=1(unambig) | bit6=0(ctx) | bit7=0(scored)

The answer is 01101100.",Bit Manipulation,low,bf,1
f43f6142,"In Alice's Wonderland, a secret bit manipulation rule transforms 8-bit binary numbers. The transformation involves operations like bit shifts, rotations, XOR, AND, OR, NOT, and possibly majority or choice functions.

Here are some examples of input -> output:
11001010 -> 10110010
01110100 -> 00011101
10101001 -> 00101010
00001001 -> 00000010
00010110 -> 00000101
01100101 -> 01011001
01000011 -> 11010000
11110000 -> 00111100
11011000 -> 00110110

Now, determine the output for: 11110111",01111101,"I need to find the secret bit manipulation rule from the examples.

Given 9 examples:
  11001010 -> 10110010
  01110100 -> 00011101
  10101001 -> 00101010
  00001001 -> 00000010
  00010110 -> 00000101
  01100101 -> 01011001
  01000011 -> 11010000
  11110000 -> 00111100
  11011000 -> 00110110

Query: 11110111

Step 1: Analyze each output bit as an independent boolean function of input bits.

  Output bit 0: Ambiguous (2 candidates predict 0, 1 predict 1)
    For 0: INHIB(in[6], in[3]), INHIB(in[6], in[5])
    For 1: AND(in[1], in[6])
  Output bit 1: Ambiguous (1 candidates predict 0, 2 predict 1)
    For 0: NOR(in[3], in[4])
    For 1: AND(in[1], in[7]), INHIB(in[7], in[4])
  Output bit 2: Ambiguous (1 candidates predict 0, 1 predict 1)
    For 0: INHIB(in[0], in[5])
    For 1: ID(in[0])
  Output bit 3: All 1 candidates agree -> value = 1
    Best match: ID(in[1]) = 1
  Output bit 4: Ambiguous (1 candidates predict 0, 1 predict 1)
    For 0: INHIB(in[2], in[6])
    For 1: ID(in[2])
  Output bit 5: Ambiguous (1 candidates predict 0, 1 predict 1)
    For 0: INHIB(in[3], in[7])
    For 1: ID(in[3])
  Output bit 6: All 2 candidates agree -> value = 0
    Best match: ID(in[4]) = 0
  Output bit 7: Ambiguous (1 candidates predict 0, 2 predict 1)
    For 0: INHIB(in[5], in[0])
    For 1: ID(in[5]), INHIB(in[5], in[4])

Step 2: Identify structural patterns.
  Confirmed bit mappings: bit2<-in[0](shift=6), bit3<-in[1](shift=6), bit4<-in[2](shift=6), bit5<-in[3](shift=6), bit6<-in[4](shift=6)
  Dominant shift = 6 (weight 14)

Step 3: Resolve ambiguous bits using structural patterns.
  Bit 2: Using shift=6, source = in[0] -> value = 1
  Bit 4: Using shift=6, source = in[2] -> value = 1
  Bit 5: Using shift=6, source = in[3] -> value = 1
  Bit 7: Using shift=6, source = in[5] -> value = 1

Step 4: Resolve remaining 2 ambiguous bit(s) by scoring all combinations.
  Ambiguous positions: [0, 1]
  Scoring considers: operation priors, complexity, template consistency, shift alignment.
  Bit 0 -> 1
  Bit 1 -> 1

Step 5: Combine all bits to form the output.
  bit0=1(scored) | bit1=1(scored) | bit2=1(ctx) | bit3=1(unambig) | bit4=1(ctx) | bit5=1(ctx) | bit6=0(unambig) | bit7=1(ctx)

The answer is 11111101.",Bit Manipulation,low,bf,2
f49ec314,"In Alice's Wonderland, a secret bit manipulation rule transforms 8-bit binary numbers. The transformation involves operations like bit shifts, rotations, XOR, AND, OR, NOT, and possibly majority or choice functions.

Here are some examples of input -> output:
11100100 -> 01110011
10001100 -> 01001110
00001110 -> 01001111
11100111 -> 01001011
01100011 -> 10111011
11110100 -> 11111011
01001101 -> 00011110
11010110 -> 11111111
00110101 -> 11111011

Now, determine the output for: 11111001",01110100,"I need to find the secret bit manipulation rule from the examples.

Given 9 examples:
  11100100 -> 01110011
  10001100 -> 01001110
  00001110 -> 01001111
  11100111 -> 01001011
  01100011 -> 10111011
  11110100 -> 11111011
  01001101 -> 00011110
  11010110 -> 11111111
  00110101 -> 11111011

Query: 11111001

Step 1: Analyze each output bit as an independent boolean function of input bits.

  Output bit 0: Ambiguous (1 candidates predict 0, 1 predict 1)
    For 0: XNOR(in[3], in[5])
    For 1: IMPL(in[5], in[3])
  Output bit 1: All 1 candidates agree -> value = 1
    Best match: IMPL(in[1], in[0]) = 1
  Output bit 2: All 1 candidates agree -> value = 1
    Best match: XOR(AND)(in[0], in[6], in[2]) = 1
  Output bit 3: All 1 candidates agree -> value = 0
    Best match: XOR(AND)(in[0], in[1], in[7]) = 0
  Output bit 4: All 1 candidates agree -> value = 0
    Best match: XNOR(XOR)(in[1], in[3], in[7]) = 0
  Output bit 5: Ambiguous (2 candidates predict 0, 1 predict 1)
    For 0: NOT(in[2]), INHIB(in[5], in[2])
    For 1: IMPL(in[2], in[4])
  Output bit 6: Ambiguous (6 candidates predict 0, 4 predict 1)
    For 0: OR(in[5], in[6]), NAND(in[2], in[4]), NAND(in[3], in[4])
    For 1: OR(in[1], in[5]), OR(in[2], in[5]), OR(in[5], in[7])
  Output bit 7: Ambiguous (1 candidates predict 0, 1 predict 1)
    For 0: IMPL(in[4], in[6])
    For 1: OR(in[2], in[6])

Step 2: No strong shift pattern detected.

Step 3: No additional bits resolved by context propagation.

Step 4: Resolve remaining 4 ambiguous bit(s) by scoring all combinations.
  Ambiguous positions: [0, 5, 6, 7]
  Scoring considers: operation priors, complexity, template consistency, shift alignment.
  Bit 0 -> 0
  Bit 5 -> 0
  Bit 6 -> 0
  Bit 7 -> 1

Step 5: Combine all bits to form the output.
  bit0=0(scored) | bit1=1(unambig) | bit2=1(unambig) | bit3=0(unambig) | bit4=0(unambig) | bit5=0(scored) | bit6=0(scored) | bit7=1(scored)

The answer is 01100001.",Bit Manipulation,low,bf,4
f507b7f1,"In Alice's Wonderland, a secret bit manipulation rule transforms 8-bit binary numbers. The transformation involves operations like bit shifts, rotations, XOR, AND, OR, NOT, and possibly majority or choice functions.

Here are some examples of input -> output:
11000100 -> 11011100
11101010 -> 00011101
00111011 -> 11001111
01000010 -> 11101110
10101000 -> 00011101
01101100 -> 00101111
10111100 -> 11111111

Now, determine the output for: 11000110",11001100,"I need to find the secret bit manipulation rule from the examples.

Given 7 examples:
  11000100 -> 11011100
  11101010 -> 00011101
  00111011 -> 11001111
  01000010 -> 11101110
  10101000 -> 00011101
  01101100 -> 00101111
  10111100 -> 11111111

Query: 11000110

Step 1: Analyze each output bit as an independent boolean function of input bits.

  Output bit 0: All 5 candidates agree -> value = 1
    Best match: XNOR(in[0], in[5]) = 1
  Output bit 1: All 5 candidates agree -> value = 1
    Best match: XNOR(in[0], in[5]) = 1
  Output bit 2: All 3 candidates agree -> value = 0
    Best match: XNOR(in[0], in[3]) = 0
  Output bit 3: All 2 candidates agree -> value = 1
    Best match: ID(in[0]) = 1
  Output bit 4: Ambiguous (1 candidates predict 0, 16 predict 1)
    For 0: NAND(in[5], in[6])
    For 1: OR(in[1], in[2]), OR(in[1], in[4]), XNOR(in[2], in[4])
  Output bit 5: Ambiguous (1 candidates predict 0, 16 predict 1)
    For 0: NAND(in[5], in[6])
    For 1: OR(in[1], in[2]), OR(in[1], in[4]), XNOR(in[2], in[4])
  Output bit 6: All 1 candidates agree -> value = 0
    Best match: IMPL(in[0], in[3]) = 0
  Output bit 7: All 10 candidates agree -> value = 0
    Best match: ID(in[2]) = 0

Step 2: Identify structural patterns.
  Confirmed bit mappings: bit3<-in[0](shift=5), bit7<-in[4](shift=5)
  Dominant shift = 5 (weight 10)

Step 3: Resolve ambiguous bits using structural patterns.
  Bit 4: Resolved via pair/structure pattern -> value = 1

Step 4: Resolve remaining 1 ambiguous bit(s) by scoring all combinations.
  Ambiguous positions: [5]
  Scoring considers: operation priors, complexity, template consistency, shift alignment.
  Bit 5 -> 1

Step 5: Combine all bits to form the output.
  bit0=1(unambig) | bit1=1(unambig) | bit2=0(unambig) | bit3=1(unambig) | bit4=1(ctx) | bit5=1(scored) | bit6=0(unambig) | bit7=0(unambig)

The answer is 11011100.",Bit Manipulation,low,bf,1
f62c1fa3,"In Alice's Wonderland, a secret bit manipulation rule transforms 8-bit binary numbers. The transformation involves operations like bit shifts, rotations, XOR, AND, OR, NOT, and possibly majority or choice functions.

Here are some examples of input -> output:
11001001 -> 10101111
01111001 -> 01000111
10000100 -> 11001110
00100001 -> 00110011
01001010 -> 01000111
01111000 -> 00000011
10111010 -> 10111101
00000110 -> 01100110
11111111 -> 11111111
10011001 -> 11111101

Now, determine the output for: 11011110",00110110,"I need to find the secret bit manipulation rule from the examples.

Given 10 examples:
  11001001 -> 10101111
  01111001 -> 01000111
  10000100 -> 11001110
  00100001 -> 00110011
  01001010 -> 01000111
  01111000 -> 00000011
  10111010 -> 10111101
  00000110 -> 01100110
  11111111 -> 11111111
  10011001 -> 11111101

Query: 11011110

Step 1: Analyze each output bit as an independent boolean function of input bits.

  Output bit 0: Ambiguous (1 candidates predict 0, 1 predict 1)
    For 0: XNOR(in[2], in[6])
    For 1: ID(in[0])
  Output bit 1: All 1 candidates agree -> value = 0
    Best match: XNOR(in[3], in[7]) = 0
  Output bit 2: All 1 candidates agree -> value = 1
    Best match: XNOR(in[0], in[4]) = 1
  Output bit 3: All 1 candidates agree -> value = 1
    Best match: XNOR(in[1], in[5]) = 1
  Output bit 4: Ambiguous (1 candidates predict 0, 1 predict 1)
    For 0: XNOR(in[2], in[6])
    For 1: ID(in[0])
  Output bit 5: All 1 candidates agree -> value = 1
    Best match: NAND(XOR)(in[1], in[7], in[2]) = 1
  Output bit 6: All 3 candidates agree -> value = 1
    Best match: XNOR(in[1], in[4]) = 1
  Output bit 7: Ambiguous (2 candidates predict 0, 5 predict 1)
    For 0: IMPL(in[5], in[2]), IMPL(in[5], in[7])
    For 1: OR(in[2], in[4]), OR(in[4], in[7]), IMPL(in[5], in[1])

Step 2: No strong shift pattern detected.

Step 3: Resolve ambiguous bits using structural patterns.
  Bit 0: Resolved via pair/structure pattern -> value = 0
  Bit 4: Resolved via pair/structure pattern -> value = 0

Step 4: Resolve remaining 1 ambiguous bit(s) by scoring all combinations.
  Ambiguous positions: [7]
  Scoring considers: operation priors, complexity, template consistency, shift alignment.
  Bit 7 -> 1

Step 5: Combine all bits to form the output.
  bit0=0(ctx) | bit1=0(unambig) | bit2=1(unambig) | bit3=1(unambig) | bit4=0(ctx) | bit5=1(unambig) | bit6=1(unambig) | bit7=1(scored)

The answer is 00110111.",Bit Manipulation,low,bf,1
f8640728,"In Alice's Wonderland, a secret bit manipulation rule transforms 8-bit binary numbers. The transformation involves operations like bit shifts, rotations, XOR, AND, OR, NOT, and possibly majority or choice functions.

Here are some examples of input -> output:
01001011 -> 10010000
01000011 -> 00010000
11001110 -> 10100000
11001011 -> 10110000
10010010 -> 00100000
00010110 -> 00000000
01011011 -> 10010000
10011010 -> 10100000

Now, determine the output for: 01001100",00000000,"I need to find the secret bit manipulation rule from the examples.

Given 8 examples:
  01001011 -> 10010000
  01000011 -> 00010000
  11001110 -> 10100000
  11001011 -> 10110000
  10010010 -> 00100000
  00010110 -> 00000000
  01011011 -> 10010000
  10011010 -> 10100000

Query: 01001100

Step 1: Check for whole-byte patterns.
  Permutation pattern detected.
  Rule: each output bit is copied (possibly inverted) from a specific input bit.

Step 2: Apply the pattern to the query.
  01001100 -> 10000000

The answer is 10000000.",Bit Manipulation,high,w_perm,0
f8f4c3b4,"In Alice's Wonderland, a secret bit manipulation rule transforms 8-bit binary numbers. The transformation involves operations like bit shifts, rotations, XOR, AND, OR, NOT, and possibly majority or choice functions.

Here are some examples of input -> output:
00100111 -> 11000100
00000111 -> 11000000
10110001 -> 01010110
00001101 -> 01000001
10001011 -> 11010001
01111001 -> 01001111
10110101 -> 01010110

Now, determine the output for: 01101010",10001101,"I need to find the secret bit manipulation rule from the examples.

Given 7 examples:
  00100111 -> 11000100
  00000111 -> 11000000
  10110001 -> 01010110
  00001101 -> 01000001
  10001011 -> 11010001
  01111001 -> 01001111
  10110101 -> 01010110

Query: 01101010

Step 1: Check for whole-byte patterns.
  Permutation pattern detected.
  Rule: each output bit is copied (possibly inverted) from a specific input bit.

Step 2: Apply the pattern to the query.
  01101010 -> 10101101

The answer is 10101101.",Bit Manipulation,high,w_perm,0
fa3cd146,"In Alice's Wonderland, a secret bit manipulation rule transforms 8-bit binary numbers. The transformation involves operations like bit shifts, rotations, XOR, AND, OR, NOT, and possibly majority or choice functions.

Here are some examples of input -> output:
10100011 -> 10010111
01111011 -> 10111001
00110100 -> 11010110
11000011 -> 01011101
10000011 -> 11010001
10011001 -> 01000111
11010100 -> 00010010
10100110 -> 11011101

Now, determine the output for: 00111000",00001111,"I need to find the secret bit manipulation rule from the examples.

Given 8 examples:
  10100011 -> 10010111
  01111011 -> 10111001
  00110100 -> 11010110
  11000011 -> 01011101
  10000011 -> 11010001
  10011001 -> 01000111
  11010100 -> 00010010
  10100110 -> 11011101

Query: 00111000

Step 1: Analyze each output bit as an independent boolean function of input bits.

  Output bit 0: All 1 candidates agree -> value = 0
    Best match: XNOR(in[1], in[4]) = 0
  Output bit 1: Ambiguous (1 candidates predict 0, 1 predict 1)
    For 0: XNOR(in[2], in[5])
    For 1: XOR(in[2], in[7])
  Output bit 2: Ambiguous (8 candidates predict 0, 3 predict 1)
    For 0: AND(in[1], in[2]), AND(in[1], in[4]), AND(in[3], in[6])
    For 1: AND(in[2], in[4]), NOR(in[0], in[5]), INHIB(in[4], in[0])
  Output bit 3: Ambiguous (3 candidates predict 0, 3 predict 1)
    For 0: OR(in[5], in[6]), IMPL(in[4], in[1]), IMPL(in[4], in[6])
    For 1: NAND(in[0], in[4]), IMPL(in[4], in[2]), IMPL(in[7], in[6])
  Output bit 4: All 1 candidates agree -> value = 0
    Best match: XOR(AND)(in[0], in[5], in[1]) = 0
  Output bit 5: All 1 candidates agree -> value = 1
    Best match: XOR(OR)(in[2], in[3], in[1]) = 1
  Output bit 6: All 1 candidates agree -> value = 1
    Best match: XOR(AND)(in[2], in[7], in[3]) = 1
  Output bit 7: Ambiguous (2 candidates predict 0, 5 predict 1)
    For 0: OR(in[6], in[7]), IMPL(in[3], in[7])
    For 1: XNOR(in[3], in[4]), OR(in[4], in[6]), NAND(in[3], in[5])

Step 2: No strong shift pattern detected.

Step 3: No additional bits resolved by context propagation.

Step 4: Resolve remaining 4 ambiguous bit(s) by scoring all combinations.
  Ambiguous positions: [1, 2, 3, 7]
  Scoring considers: operation priors, complexity, template consistency, shift alignment.
  Bit 1 -> 0
  Bit 2 -> 0
  Bit 3 -> 0
  Bit 7 -> 1

Step 5: Combine all bits to form the output.
  bit0=0(unambig) | bit1=0(scored) | bit2=0(scored) | bit3=0(scored) | bit4=0(unambig) | bit5=1(unambig) | bit6=1(unambig) | bit7=1(scored)

The answer is 00000111.",Bit Manipulation,low,bf,4
fa6f754d,"In Alice's Wonderland, a secret bit manipulation rule transforms 8-bit binary numbers. The transformation involves operations like bit shifts, rotations, XOR, AND, OR, NOT, and possibly majority or choice functions.

Here are some examples of input -> output:
11101101 -> 11110110
10000101 -> 01010000
11000011 -> 00100100
11010111 -> 01101101
11110010 -> 00111111
01010010 -> 00100101
00100001 -> 00010010
10100100 -> 01001010
10111001 -> 01011011

Now, determine the output for: 10001111",11000000,"I need to find the secret bit manipulation rule from the examples.

Given 9 examples:
  11101101 -> 11110110
  10000101 -> 01010000
  11000011 -> 00100100
  11010111 -> 01101101
  11110010 -> 00111111
  01010010 -> 00100101
  00100001 -> 00010010
  10100100 -> 01001010
  10111001 -> 01011011

Query: 10001111

Step 1: Analyze each output bit as an independent boolean function of input bits.

  Output bit 0: Ambiguous (2 candidates predict 0, 3 predict 1)
    For 0: AND(in[1], in[4]), INHIB(in[1], in[6])
    For 1: AND(in[4], in[5]), XOR(in[1], in[6]), INHIB(in[4], in[3])
  Output bit 1: All 1 candidates agree -> value = 1
    Best match: OR(in[4], in[5]) = 1
  Output bit 2: Ambiguous (1 candidates predict 0, 1 predict 1)
    For 0: ID(in[1])
    For 1: OR(in[1], in[6])
  Output bit 3: All 1 candidates agree -> value = 1
    Best match: CH(in[1], in[2], in[7]) = 1
  Output bit 4: No candidates found. Default to 0.
  Output bit 5: Ambiguous (1 candidates predict 0, 1 predict 1)
    For 0: ID(in[1])
    For 1: OR(in[1], in[6])
  Output bit 6: Ambiguous (1 candidates predict 0, 1 predict 1)
    For 0: ID(in[2])
    For 1: OR(in[2], in[4])
  Output bit 7: All 1 candidates agree -> value = 0
    Best match: ID(in[3]) = 0

Step 2: Identify structural patterns.
  Confirmed bit mappings: bit5<-in[1](shift=4), bit6<-in[2](shift=4), bit7<-in[3](shift=4)
  Dominant shift = 4 (weight 7)

Step 3: Resolve ambiguous bits using structural patterns.
  Bit 5: Using shift=4, source = in[1] -> value = 0
  Bit 6: Using shift=4, source = in[2] -> value = 0

Step 4: Resolve remaining 2 ambiguous bit(s) by scoring all combinations.
  Ambiguous positions: [0, 2]
  Scoring considers: operation priors, complexity, template consistency, shift alignment.
  Bit 0 -> 1
  Bit 2 -> 0

Step 5: Combine all bits to form the output.
  bit0=1(scored) | bit1=1(unambig) | bit2=0(scored) | bit3=1(unambig) | bit4=0(unambig) | bit5=0(ctx) | bit6=0(ctx) | bit7=0(unambig)

The answer is 11010000.",Bit Manipulation,low,bf,2
face5252,"In Alice's Wonderland, a secret bit manipulation rule transforms 8-bit binary numbers. The transformation involves operations like bit shifts, rotations, XOR, AND, OR, NOT, and possibly majority or choice functions.

Here are some examples of input -> output:
00110011 -> 10101001
01110011 -> 10100011
00111001 -> 01001001
01100110 -> 01010011
11101100 -> 10100111
00011111 -> 11101100
11100000 -> 11100111

Now, determine the output for: 10001110",11001110,"I need to find the secret bit manipulation rule from the examples.

Given 7 examples:
  00110011 -> 10101001
  01110011 -> 10100011
  00111001 -> 01001001
  01100110 -> 01010011
  11101100 -> 10100111
  00011111 -> 11101100
  11100000 -> 11100111

Query: 10001110

Step 1: Analyze each output bit as an independent boolean function of input bits.

  Output bit 0: Ambiguous (2 candidates predict 0, 1 predict 1)
    For 0: XNOR(in[3], in[6]), XNOR(in[6], in[7])
    For 1: XNOR(in[4], in[5])
  Output bit 1: Ambiguous (2 candidates predict 0, 1 predict 1)
    For 0: XNOR(in[3], in[4]), XNOR(in[4], in[7])
    For 1: XNOR(in[5], in[6])
  Output bit 2: Ambiguous (2 candidates predict 0, 1 predict 1)
    For 0: XNOR(in[3], in[6]), XNOR(in[6], in[7])
    For 1: XNOR(in[4], in[5])
  Output bit 3: Ambiguous (5 candidates predict 0, 2 predict 1)
    For 0: XNOR(in[0], in[3]), XNOR(in[0], in[7]), NOR(in[0], in[3])
    For 1: INHIB(in[6], in[3]), INHIB(in[6], in[7])
  Output bit 4: Ambiguous (3 candidates predict 0, 2 predict 1)
    For 0: NOR(in[0], in[1]), INHIB(in[3], in[1]), INHIB(in[7], in[1])
    For 1: NOT(in[1]), NAND(in[1], in[2])
  Output bit 5: Ambiguous (1 candidates predict 0, 1 predict 1)
    For 0: XNOR(in[0], in[2])
    For 1: IMPL(in[2], in[0])
  Output bit 6: Ambiguous (2 candidates predict 0, 3 predict 1)
    For 0: ID(in[1]), AND(in[1], in[2])
    For 1: OR(in[0], in[1]), IMPL(in[3], in[1]), IMPL(in[7], in[1])
  Output bit 7: Ambiguous (7 candidates predict 0, 5 predict 1)
    For 0: ID(in[2]), OR(in[1], in[2]), NAND(in[4], in[6])
    For 1: OR(in[0], in[2]), NAND(in[3], in[5]), NAND(in[5], in[7])

Step 2: No strong shift pattern detected.

Step 3: No additional bits resolved by context propagation.

Step 4: Resolve remaining 8 ambiguous bit(s) by scoring all combinations.
  Ambiguous positions: [0, 1, 2, 3, 4, 5, 6, 7]
  Scoring considers: operation priors, complexity, template consistency, shift alignment.
  Bit 0 -> 1
  Bit 1 -> 1
  Bit 2 -> 0
  Bit 3 -> 0
  Bit 4 -> 1
  Bit 5 -> 0
  Bit 6 -> 0
  Bit 7 -> 0

Step 5: Combine all bits to form the output.
  bit0=1(scored) | bit1=1(scored) | bit2=0(scored) | bit3=0(scored) | bit4=1(scored) | bit5=0(scored) | bit6=0(scored) | bit7=0(scored)

The answer is 11001000.",Bit Manipulation,low,bf,8
fbdf7656,"In Alice's Wonderland, a secret bit manipulation rule transforms 8-bit binary numbers. The transformation involves operations like bit shifts, rotations, XOR, AND, OR, NOT, and possibly majority or choice functions.

Here are some examples of input -> output:
10100001 -> 00011010
01100101 -> 01010010
10100110 -> 01110010
11100001 -> 00011010
11101001 -> 00111110
00001010 -> 10000000
00101101 -> 01010110
10101011 -> 00010110

Now, determine the output for: 11001010",10100100,"I need to find the secret bit manipulation rule from the examples.

Given 8 examples:
  10100001 -> 00011010
  01100101 -> 01010010
  10100110 -> 01110010
  11100001 -> 00011010
  11101001 -> 00111110
  00001010 -> 10000000
  00101101 -> 01010110
  10101011 -> 00010110

Query: 11001010

Step 1: Analyze each output bit as an independent boolean function of input bits.

  Output bit 0: Ambiguous (5 candidates predict 0, 10 predict 1)
    For 0: NOR(in[0], in[2]), NOR(in[0], in[5]), NOR(in[0], in[7])
    For 1: XNOR(in[2], in[3]), NOR(in[2], in[3]), NOR(in[2], in[5])
  Output bit 1: Ambiguous (5 candidates predict 0, 1 predict 1)
    For 0: ID(in[5]), AND(in[2], in[5]), XOR(in[3], in[5])
    For 1: XOR(in[0], in[7])
  Output bit 2: All 1 candidates agree -> value = 0
    Best match: AND(XOR)(in[4], in[6], in[0]) = 0
  Output bit 3: Ambiguous (10 candidates predict 0, 5 predict 1)
    For 0: ID(in[2]), XOR(in[2], in[3]), OR(in[2], in[3])
    For 1: OR(in[0], in[2]), OR(in[0], in[5]), OR(in[0], in[7])
  Output bit 4: All 2 candidates agree -> value = 0
    Best match: NOR(in[5], in[6]) = 0
  Output bit 5: All 3 candidates agree -> value = 0
    Best match: AND(in[2], in[4]) = 0
  Output bit 6: Ambiguous (10 candidates predict 0, 5 predict 1)
    For 0: ID(in[2]), XOR(in[2], in[3]), OR(in[2], in[3])
    For 1: OR(in[0], in[2]), OR(in[0], in[5]), OR(in[0], in[7])
  Output bit 7: Ambiguous (21 candidates predict 0, 4 predict 1)
    For 0: ID(in[3]), AND(in[0], in[3]), AND(in[1], in[3])
    For 1: AND(in[1], in[6]), INHIB(in[0], in[2]), INHIB(in[1], in[2])

Step 2: No strong shift pattern detected.

Step 3: Resolve ambiguous bits using structural patterns.
  Bit 0: Resolved via pair/structure pattern -> value = 1
  Bit 1: Resolved via pair/structure pattern -> value = 0
  Bit 7: Resolved via pair/structure pattern -> value = 0

Step 4: Resolve remaining 2 ambiguous bit(s) by scoring all combinations.
  Ambiguous positions: [3, 6]
  Scoring considers: operation priors, complexity, template consistency, shift alignment.
  Bit 3 -> 0
  Bit 6 -> 0

Step 5: Combine all bits to form the output.
  bit0=1(ctx) | bit1=0(ctx) | bit2=0(unambig) | bit3=0(scored) | bit4=0(unambig) | bit5=0(unambig) | bit6=0(scored) | bit7=0(ctx)

The answer is 10000000.",Bit Manipulation,low,bf,2
fcbb35e3,"In Alice's Wonderland, a secret bit manipulation rule transforms 8-bit binary numbers. The transformation involves operations like bit shifts, rotations, XOR, AND, OR, NOT, and possibly majority or choice functions.

Here are some examples of input -> output:
10001010 -> 10100111
10000100 -> 11101101
01001100 -> 10111111
01010111 -> 00001111
10111010 -> 11101111
00110100 -> 10001111
11111010 -> 11111110
11101010 -> 00111110
00001111 -> 10111011
00110011 -> 10100111

Now, determine the output for: 10110100",10101101,"I need to find the secret bit manipulation rule from the examples.

Given 10 examples:
  10001010 -> 10100111
  10000100 -> 11101101
  01001100 -> 10111111
  01010111 -> 00001111
  10111010 -> 11101111
  00110100 -> 10001111
  11111010 -> 11111110
  11101010 -> 00111110
  00001111 -> 10111011
  00110011 -> 10100111

Query: 10110100

Step 1: Analyze each output bit as an independent boolean function of input bits.

  Output bit 0: All 1 candidates agree -> value = 1
    Best match: XNOR(in[2], in[3]) = 1
  Output bit 1: All 1 candidates agree -> value = 0
    Best match: XNOR(in[3], in[4]) = 0
  Output bit 2: All 1 candidates agree -> value = 0
    Best match: NAND(in[3], in[5]) = 0
  Output bit 3: All 1 candidates agree -> value = 0
    Best match: CH(in[0], in[1], in[4]) = 0
  Output bit 4: All 1 candidates agree -> value = 1
    Best match: OR(AND)(in[0], in[2], in[5]) = 1
  Output bit 5: All 2 candidates agree -> value = 1
    Best match: NAND(in[4], in[7]) = 1
  Output bit 6: Ambiguous (3 candidates predict 0, 1 predict 1)
    For 0: NAND(in[0], in[5]), IMPL(in[0], in[4]), IMPL(in[0], in[6])
    For 1: OR(in[3], in[4])
  Output bit 7: All 3 candidates agree -> value = 1
    Best match: NAND(in[0], in[1]) = 1

Step 2: No strong shift pattern detected.

Step 3: Resolve ambiguous bits using structural patterns.
  Bit 6: Resolved via pair/structure pattern -> value = 0

Step 4: All bits resolved without brute-force.

Step 5: Combine all bits to form the output.
  bit0=1(unambig) | bit1=0(unambig) | bit2=0(unambig) | bit3=0(unambig) | bit4=1(unambig) | bit5=1(unambig) | bit6=0(ctx) | bit7=1(unambig)

The answer is 10001101.",Bit Manipulation,high,ctx,0
fee5976e,"In Alice's Wonderland, a secret bit manipulation rule transforms 8-bit binary numbers. The transformation involves operations like bit shifts, rotations, XOR, AND, OR, NOT, and possibly majority or choice functions.

Here are some examples of input -> output:
01101101 -> 01011011
01011100 -> 00010111
11000110 -> 10110001
01100111 -> 11011001
01011111 -> 11010111
00000111 -> 11000001
00011111 -> 11000111

Now, determine the output for: 10000011",11100001,"I need to find the secret bit manipulation rule from the examples.

Given 7 examples:
  01101101 -> 01011011
  01011100 -> 00010111
  11000110 -> 10110001
  01100111 -> 11011001
  01011111 -> 11010111
  00000111 -> 11000001
  00011111 -> 11000111

Query: 10000011

Step 1: Check for whole-byte patterns.
  Rotation pattern detected.
  Rule: output = rotate(input, k) for some shift k.

Step 2: Apply the pattern to the query.
  10000011 -> 11100000

The answer is 11100000.",Bit Manipulation,high,w_rot,0
