id,prompt,answer,generated_cot,type,confidence,method,n_ambig_bits,generated_answer
00754598,"In Alice's Wonderland, a secret bit manipulation rule transforms 8-bit binary numbers. The transformation involves operations like bit shifts, rotations, XOR, AND, OR, NOT, and possibly majority or choice functions.

Here are some examples of input -> output:
10101001 -> 01100010
00110011 -> 10010100
00100111 -> 00110001
11011100 -> 11010111
01110010 -> 10001100
01010001 -> 10011100
00100101 -> 00100001
00100001 -> 00000000
10011111 -> 11011111

Now, determine the output for: 01111110",11101111,"I need to find the secret bit manipulation rule from the examples.

Given 9 examples:
  10101001 -> 01100010
  00110011 -> 10010100
  00100111 -> 00110001
  11011100 -> 11010111
  01110010 -> 10001100
  01010001 -> 10011100
  00100101 -> 00100001
  00100001 -> 00000000
  10011111 -> 11011111

Query: 01111110

Step 1: Analyze each output bit as an independent boolean function of input bits.

  Output bit 0: All 4 candidates agree -> value = 1
    Best match: ID(in[3]) = 1
  Output bit 1: Ambiguous (2 candidates predict 0, 2 predict 1)
    For 0: ID(in[0]), AND(in[0], in[4])
    For 1: ID(in[4]), OR(in[0], in[4])
  Output bit 2: Ambiguous (1 candidates predict 0, 1 predict 1)
    For 0: XOR(in[4], in[5])
    For 1: XOR(in[0], in[5])
  Output bit 3: All 1 candidates agree -> value = 0
    Best match: XOR(in[1], in[6]) = 0
  Output bit 4: All 1 candidates agree -> value = 1
    Best match: XOR(in[2], in[7]) = 1
  Output bit 5: All 4 candidates agree -> value = 1
    Best match: ID(in[3]) = 1
  Output bit 6: Ambiguous (2 candidates predict 0, 2 predict 1)
    For 0: ID(in[0]), AND(in[0], in[4])
    For 1: ID(in[4]), OR(in[0], in[4])
  Output bit 7: All 1 candidates agree -> value = 1
    Best match: ID(in[5]) = 1

Step 2: Identify structural patterns.
  Confirmed bit mappings: bit0<-in[3](shift=3), bit1<-in[4](shift=3), bit5<-in[3](shift=6), bit6<-in[4](shift=6), bit7<-in[5](shift=6)
  Dominant shift = 6 (weight 11)

Step 3: Resolve ambiguous bits using structural patterns.
  Bit 1: Using shift=3, source = in[4] -> value = 1
  Bit 2: Resolved via pair/structure pattern -> value = 1
  Bit 6: Using shift=6, source = in[4] -> value = 1

Step 4: All bits resolved without brute-force.

Step 5: Combine all bits to form the output.
  bit0=1(unambig) | bit1=1(ctx) | bit2=1(ctx) | bit3=0(unambig) | bit4=1(unambig) | bit5=1(unambig) | bit6=1(ctx) | bit7=1(unambig)

The answer is 11101111.",Bit Manipulation,high,ctx,0,11101111
00fdc0be,"In Alice's Wonderland, a secret bit manipulation rule transforms 8-bit binary numbers. The transformation involves operations like bit shifts, rotations, XOR, AND, OR, NOT, and possibly majority or choice functions.

Here are some examples of input -> output:
01101111 -> 10111111
01001110 -> 00111111
01111101 -> 11111110
10111111 -> 11111111
01101011 -> 10111101
00010101 -> 11011110
11011111 -> 11111111

Now, determine the output for: 10101111",11111111,"I need to find the secret bit manipulation rule from the examples.

Given 7 examples:
  01101111 -> 10111111
  01001110 -> 00111111
  01111101 -> 11111110
  10111111 -> 11111111
  01101011 -> 10111101
  00010101 -> 11011110
  11011111 -> 11111111

Query: 10101111

Step 1: Check for whole-byte patterns.
  Mixed shift pattern detected.
  Rule: some output bits are shifted copies, rest use a uniform 2-input function.

Step 2: Apply the pattern to the query.
  10101111 -> 11111111

The answer is 11111111.",Bit Manipulation,high,w_mix,0,11111111
01248b76,"In Alice's Wonderland, a secret bit manipulation rule transforms 8-bit binary numbers. The transformation involves operations like bit shifts, rotations, XOR, AND, OR, NOT, and possibly majority or choice functions.

Here are some examples of input -> output:
01101100 -> 00011000
01010011 -> 10010110
00000000 -> 00000000
11011010 -> 00010101
00011010 -> 10010100
00000001 -> 00010010
11110110 -> 10001101
01100110 -> 10101100

Now, determine the output for: 11110010",11000101,"I need to find the secret bit manipulation rule from the examples.

Given 8 examples:
  01101100 -> 00011000
  01010011 -> 10010110
  00000000 -> 00000000
  11011010 -> 00010101
  00011010 -> 10010100
  00000001 -> 00010010
  11110110 -> 10001101
  01100110 -> 10101100

Query: 11110010

Step 1: Check for whole-byte patterns.
  Mixed shift pattern detected.
  Rule: some output bits are shifted copies, rest use a uniform 2-input function.

Step 2: Apply the pattern to the query.
  11110010 -> 11000101

The answer is 11000101.",Bit Manipulation,high,w_mix,0,11000101
0201e198,"In Alice's Wonderland, a secret bit manipulation rule transforms 8-bit binary numbers. The transformation involves operations like bit shifts, rotations, XOR, AND, OR, NOT, and possibly majority or choice functions.

Here are some examples of input -> output:
01010111 -> 10111010
11100010 -> 00010111
00111100 -> 11100001
00001110 -> 01110000
10000111 -> 00111100
10111000 -> 11000101
10100110 -> 00110101
00101110 -> 01110001
01011001 -> 11001010

Now, determine the output for: 10111110",11110101,"I need to find the secret bit manipulation rule from the examples.

Given 9 examples:
  01010111 -> 10111010
  11100010 -> 00010111
  00111100 -> 11100001
  00001110 -> 01110000
  10000111 -> 00111100
  10111000 -> 11000101
  10100110 -> 00110101
  00101110 -> 01110001
  01011001 -> 11001010

Query: 10111110

Step 1: Check for whole-byte patterns.
  Rotation pattern detected.
  Rule: output = rotate(input, k) for some shift k.

Step 2: Apply the pattern to the query.
  10111110 -> 11110101

The answer is 11110101.",Bit Manipulation,high,w_rot,0,11110101
02021540,"In Alice's Wonderland, a secret bit manipulation rule transforms 8-bit binary numbers. The transformation involves operations like bit shifts, rotations, XOR, AND, OR, NOT, and possibly majority or choice functions.

Here are some examples of input -> output:
10110100 -> 01000100
00100000 -> 01001000
10101111 -> 01110100
10100010 -> 01101101
11101001 -> 11101001
11011100 -> 10001110
10001011 -> 00110101

Now, determine the output for: 11101101",11100000,"I need to find the secret bit manipulation rule from the examples.

Given 7 examples:
  10110100 -> 01000100
  00100000 -> 01001000
  10101111 -> 01110100
  10100010 -> 01101101
  11101001 -> 11101001
  11011100 -> 10001110
  10001011 -> 00110101

Query: 11101101

Step 1: Analyze each output bit as an independent boolean function of input bits.

  Output bit 0: All 5 candidates agree -> value = 1
    Best match: ID(in[1]) = 1
  Output bit 1: All 3 candidates agree -> value = 1
    Best match: ID(in[2]) = 1
  Output bit 2: All 3 candidates agree -> value = 1
    Best match: XOR(in[0], in[3]) = 1
  Output bit 3: All 5 candidates agree -> value = 0
    Best match: AND(in[4], in[6]) = 0
  Output bit 4: All 1 candidates agree -> value = 0
    Best match: XOR(in[2], in[5]) = 0
  Output bit 5: Ambiguous (2 candidates predict 0, 1 predict 1)
    For 0: XOR(in[3], in[6]), OR(in[3], in[6])
    For 1: OR(in[5], in[6])
  Output bit 6: Ambiguous (10 candidates predict 0, 1 predict 1)
    For 0: AND(in[1], in[3]), AND(in[3], in[4]), XOR(in[4], in[7])
    For 1: AND(in[1], in[5])
  Output bit 7: All 2 candidates agree -> value = 0
    Best match: XOR(in[0], in[5]) = 0

Step 2: Identify structural patterns.
  Confirmed bit mappings: bit0<-in[1](shift=1), bit1<-in[2](shift=1)
  Dominant shift = 1 (weight 10)

Step 3: Resolve ambiguous bits using structural patterns.
  Bit 5: Resolved via pair/structure pattern -> value = 0
  Bit 6: Resolved via pair/structure pattern -> value = 0

Step 4: All bits resolved without brute-force.

Step 5: Combine all bits to form the output.
  bit0=1(unambig) | bit1=1(unambig) | bit2=1(unambig) | bit3=0(unambig) | bit4=0(unambig) | bit5=0(ctx) | bit6=0(ctx) | bit7=0(unambig)

The answer is 11100000.",Bit Manipulation,high,ctx,0,11100000
0228335b,"In Alice's Wonderland, a secret bit manipulation rule transforms 8-bit binary numbers. The transformation involves operations like bit shifts, rotations, XOR, AND, OR, NOT, and possibly majority or choice functions.

Here are some examples of input -> output:
01000000 -> 00010010
10110111 -> 11101000
11010010 -> 10110010
11110001 -> 01111011
00001001 -> 01000010
10101111 -> 11101110
10111110 -> 10101010
01100111 -> 11011010
10010110 -> 10100001

Now, determine the output for: 01100011",11011011,"I need to find the secret bit manipulation rule from the examples.

Given 9 examples:
  01000000 -> 00010010
  10110111 -> 11101000
  11010010 -> 10110010
  11110001 -> 01111011
  00001001 -> 01000010
  10101111 -> 11101110
  10111110 -> 10101010
  01100111 -> 11011010
  10010110 -> 10100001

Query: 01100011

Step 1: Check for whole-byte patterns.
  Mixed shift pattern detected.
  Rule: some output bits are shifted copies, rest use a uniform 2-input function.

Step 2: Apply the pattern to the query.
  01100011 -> 11011011

The answer is 11011011.",Bit Manipulation,high,w_mix,0,11011011
04183bf9,"In Alice's Wonderland, a secret bit manipulation rule transforms 8-bit binary numbers. The transformation involves operations like bit shifts, rotations, XOR, AND, OR, NOT, and possibly majority or choice functions.

Here are some examples of input -> output:
01100011 -> 10001101
00001000 -> 00100000
11000000 -> 00000011
10011000 -> 01100010
00001110 -> 00111000
10101011 -> 10101110
00110000 -> 11000000

Now, determine the output for: 00100100",10010000,"I need to find the secret bit manipulation rule from the examples.

Given 7 examples:
  01100011 -> 10001101
  00001000 -> 00100000
  11000000 -> 00000011
  10011000 -> 01100010
  00001110 -> 00111000
  10101011 -> 10101110
  00110000 -> 11000000

Query: 00100100

Step 1: Check for whole-byte patterns.
  Rotation pattern detected.
  Rule: output = rotate(input, k) for some shift k.

Step 2: Apply the pattern to the query.
  00100100 -> 10010000

The answer is 10010000.",Bit Manipulation,high,w_rot,0,10010000
06248efa,"In Alice's Wonderland, a secret bit manipulation rule transforms 8-bit binary numbers. The transformation involves operations like bit shifts, rotations, XOR, AND, OR, NOT, and possibly majority or choice functions.

Here are some examples of input -> output:
10100110 -> 10111001
01010100 -> 10110101
10100010 -> 10111000
10100111 -> 11111001
01111111 -> 11111111
11000101 -> 01111001
01001010 -> 11010010
10100101 -> 01101001
10111000 -> 11101110

Now, determine the output for: 11011100",11110111,"I need to find the secret bit manipulation rule from the examples.

Given 9 examples:
  10100110 -> 10111001
  01010100 -> 10110101
  10100010 -> 10111000
  10100111 -> 11111001
  01111111 -> 11111111
  11000101 -> 01111001
  01001010 -> 11010010
  10100101 -> 01101001
  10111000 -> 11101110

Query: 11011100

Step 1: Check for whole-byte patterns.
  Mixed shift pattern detected.
  Rule: some output bits are shifted copies, rest use a uniform 2-input function.

Step 2: Apply the pattern to the query.
  11011100 -> 11110111

The answer is 11110111.",Bit Manipulation,high,w_mix,0,11110111
07434d56,"In Alice's Wonderland, a secret bit manipulation rule transforms 8-bit binary numbers. The transformation involves operations like bit shifts, rotations, XOR, AND, OR, NOT, and possibly majority or choice functions.

Here are some examples of input -> output:
10100010 -> 00110100
00110110 -> 01100110
01000101 -> 01011000
10100101 -> 01000100
10101110 -> 11110101
11110100 -> 01011110
11110101 -> 01001110
11101110 -> 11111101

Now, determine the output for: 01001101",11011001,"I need to find the secret bit manipulation rule from the examples.

Given 8 examples:
  10100010 -> 00110100
  00110110 -> 01100110
  01000101 -> 01011000
  10100101 -> 01000100
  10101110 -> 11110101
  11110100 -> 01011110
  11110101 -> 01001110
  11101110 -> 11111101

Query: 01001101

Step 1: Analyze each output bit as an independent boolean function of input bits.

  Output bit 0: Ambiguous (4 candidates predict 0, 3 predict 1)
    For 0: AND(in[0], in[4]), AND(in[2], in[4]), AND(in[4], in[6])
    For 1: ID(in[4]), AND(in[4], in[5]), INHIB(in[4], in[3])
  Output bit 1: All 8 candidates agree -> value = 1
    Best match: ID(in[5]) = 1
  Output bit 2: Ambiguous (4 candidates predict 0, 1 predict 1)
    For 0: ID(in[6]), AND(in[2], in[6]), INHIB(in[6], in[7])
    For 1: OR(in[4], in[6])
  Output bit 3: All 1 candidates agree -> value = 1
    Best match: XOR(in[0], in[7]) = 1
  Output bit 4: All 3 candidates agree -> value = 1
    Best match: ID(in[1]) = 1
  Output bit 5: Ambiguous (11 candidates predict 0, 1 predict 1)
    For 0: ID(in[2]), OR(in[0], in[2]), OR(in[0], in[3])
    For 1: OR(in[2], in[4])
  Output bit 6: All 4 candidates agree -> value = 0
    Best match: ID(in[3]) = 0
  Output bit 7: Ambiguous (4 candidates predict 0, 3 predict 1)
    For 0: AND(in[0], in[4]), AND(in[2], in[4]), AND(in[4], in[6])
    For 1: ID(in[4]), AND(in[4], in[5]), INHIB(in[4], in[3])

Step 2: Identify structural patterns.
  Confirmed bit mappings: bit0<-in[4](shift=4), bit1<-in[5](shift=4), bit2<-in[6](shift=4), bit4<-in[1](shift=5), bit5<-in[2](shift=5)
  Dominant shift = 5 (weight 12)

Step 3: Resolve ambiguous bits using structural patterns.
  Bit 0: Using shift=4, source = in[4] -> value = 1
  Bit 2: Using shift=4, source = in[6] -> value = 0
  Bit 5: Using shift=5, source = in[2] -> value = 0
  Bit 7: Using shift=5, source = in[4] -> value = 1

Step 4: All bits resolved without brute-force.

Step 5: Combine all bits to form the output.
  bit0=1(ctx) | bit1=1(unambig) | bit2=0(ctx) | bit3=1(unambig) | bit4=1(unambig) | bit5=0(ctx) | bit6=0(unambig) | bit7=1(ctx)

The answer is 11011001.",Bit Manipulation,high,ctx,0,11011001
084a4496,"In Alice's Wonderland, a secret bit manipulation rule transforms 8-bit binary numbers. The transformation involves operations like bit shifts, rotations, XOR, AND, OR, NOT, and possibly majority or choice functions.

Here are some examples of input -> output:
10011101 -> 10110010
00001010 -> 01000001
00010001 -> 00100010
00011011 -> 01100011
01111010 -> 01001111
10000001 -> 00110001
11000100 -> 10011001
10011110 -> 11010010
10111001 -> 00110110

Now, determine the output for: 00111110",11000111,"I need to find the secret bit manipulation rule from the examples.

Given 9 examples:
  10011101 -> 10110010
  00001010 -> 01000001
  00010001 -> 00100010
  00011011 -> 01100011
  01111010 -> 01001111
  10000001 -> 00110001
  11000100 -> 10011001
  10011110 -> 11010010
  10111001 -> 00110110

Query: 00111110

Step 1: Check for whole-byte patterns.
  Mixed shift pattern detected.
  Rule: some output bits are shifted copies, rest use a uniform 2-input function.

Step 2: Apply the pattern to the query.
  00111110 -> 11000111

The answer is 11000111.",Bit Manipulation,high,w_mix,0,11000111
08615ada,"In Alice's Wonderland, a secret bit manipulation rule transforms 8-bit binary numbers. The transformation involves operations like bit shifts, rotations, XOR, AND, OR, NOT, and possibly majority or choice functions.

Here are some examples of input -> output:
01001000 -> 00101001
01101111 -> 10110001
11000010 -> 00010000
10011100 -> 01100011
00010111 -> 01011110
11010001 -> 01011110
01101001 -> 10101001
11010010 -> 01010010
11011001 -> 01111111
00000101 -> 00010100

Now, determine the output for: 10111110",11101111,"I need to find the secret bit manipulation rule from the examples.

Given 10 examples:
  01001000 -> 00101001
  01101111 -> 10110001
  11000010 -> 00010000
  10011100 -> 01100011
  00010111 -> 01011110
  11010001 -> 01011110
  01101001 -> 10101001
  11010010 -> 01010010
  11011001 -> 01111111
  00000101 -> 00010100

Query: 10111110

Step 1: Analyze each output bit as an independent boolean function of input bits.

  Output bit 0: Ambiguous (4 candidates predict 0, 2 predict 1)
    For 0: AND(in[1], in[2]), AND(in[2], in[7]), INHIB(in[2], in[0])
    For 1: ID(in[2]), AND(in[2], in[4])
  Output bit 1: Ambiguous (1 candidates predict 0, 1 predict 1)
    For 0: INHIB(in[3], in[2])
    For 1: ID(in[3])
  Output bit 2: All 2 candidates agree -> value = 1
    Best match: ID(in[4]) = 1
  Output bit 3: All 1 candidates agree -> value = 0
    Best match: XOR(in[0], in[5]) = 0
  Output bit 4: All 1 candidates agree -> value = 1
    Best match: XOR(in[1], in[6]) = 1
  Output bit 5: Ambiguous (1 candidates predict 0, 1 predict 1)
    For 0: INHIB(in[7], in[2])
    For 1: XOR(in[2], in[7])
  Output bit 6: Ambiguous (1 candidates predict 0, 1 predict 1)
    For 0: INHIB(in[3], in[2])
    For 1: ID(in[3])
  Output bit 7: All 2 candidates agree -> value = 1
    Best match: ID(in[4]) = 1

Step 2: Identify structural patterns.
  Confirmed bit mappings: bit0<-in[2](shift=2), bit1<-in[3](shift=2), bit2<-in[4](shift=2), bit6<-in[3](shift=5), bit7<-in[4](shift=5)
  Dominant shift = 2 (weight 7)

Step 3: Resolve ambiguous bits using structural patterns.
  Bit 0: Using shift=2, source = in[2] -> value = 1
  Bit 1: Using shift=2, source = in[3] -> value = 1
  Bit 5: Resolved via pair/structure pattern -> value = 1
  Bit 6: Using shift=5, source = in[3] -> value = 1

Step 4: All bits resolved without brute-force.

Step 5: Combine all bits to form the output.
  bit0=1(ctx) | bit1=1(ctx) | bit2=1(unambig) | bit3=0(unambig) | bit4=1(unambig) | bit5=1(ctx) | bit6=1(ctx) | bit7=1(unambig)

The answer is 11101111.",Bit Manipulation,high,ctx,0,11101111
094de91f,"In Alice's Wonderland, a secret bit manipulation rule transforms 8-bit binary numbers. The transformation involves operations like bit shifts, rotations, XOR, AND, OR, NOT, and possibly majority or choice functions.

Here are some examples of input -> output:
11100111 -> 01000001
11001011 -> 11011001
01000010 -> 01011011
10111001 -> 00011101
01110000 -> 00011111
11011011 -> 11111001
01010001 -> 01001101
11100110 -> 01010011
01100101 -> 01100101

Now, determine the output for: 11101011",10011001,"I need to find the secret bit manipulation rule from the examples.

Given 9 examples:
  11100111 -> 01000001
  11001011 -> 11011001
  01000010 -> 01011011
  10111001 -> 00011101
  01110000 -> 00011111
  11011011 -> 11111001
  01010001 -> 01001101
  11100110 -> 01010011
  01100101 -> 01100101

Query: 11101011

Step 1: Analyze each output bit as an independent boolean function of input bits.

  Output bit 0: Ambiguous (2 candidates predict 0, 3 predict 1)
    For 0: INHIB(in[0], in[2]), INHIB(in[4], in[2])
    For 1: AND(in[1], in[4]), AND(in[4], in[6]), XNOR(in[1], in[4])
  Output bit 1: Ambiguous (2 candidates predict 0, 1 predict 1)
    For 0: XNOR(in[2], in[5]), IMPL(in[2], in[5])
    For 1: NAND(in[2], in[3])
  Output bit 2: All 1 candidates agree -> value = 0
    Best match: XNOR(in[3], in[6]) = 0
  Output bit 3: All 2 candidates agree -> value = 1
    Best match: XNOR(in[4], in[7]) = 1
  Output bit 4: Ambiguous (1 candidates predict 0, 5 predict 1)
    For 0: IMPL(in[2], in[3])
    For 1: NOT(in[5]), NAND(in[1], in[5]), NAND(in[2], in[5])
  Output bit 5: All 2 candidates agree -> value = 0
    Best match: NOT(in[6]) = 0
  Output bit 6: All 3 candidates agree -> value = 0
    Best match: NOR(in[4], in[7]) = 0
  Output bit 7: All 13 candidates agree -> value = 1
    Best match: OR(in[0], in[1]) = 1

Step 2: Identify structural patterns.
  Confirmed bit mappings: bit4<-in[5](shift=1), bit5<-in[6](shift=1), bit6<-in[7](shift=1)
  Dominant shift = 1 (weight 11)

Step 3: Resolve ambiguous bits using structural patterns.
  Bit 0: Resolved via pair/structure pattern -> value = 1
  Bit 1: Resolved via pair/structure pattern -> value = 0
  Bit 4: Using shift=1, source = in[5] -> value = 1

Step 4: All bits resolved without brute-force.

Step 5: Combine all bits to form the output.
  bit0=1(ctx) | bit1=0(ctx) | bit2=0(unambig) | bit3=1(unambig) | bit4=1(ctx) | bit5=0(unambig) | bit6=0(unambig) | bit7=1(unambig)

The answer is 10011001.",Bit Manipulation,high,ctx,0,10011001
0b3cf93f,"In Alice's Wonderland, a secret bit manipulation rule transforms 8-bit binary numbers. The transformation involves operations like bit shifts, rotations, XOR, AND, OR, NOT, and possibly majority or choice functions.

Here are some examples of input -> output:
11111100 -> 00011111
00011110 -> 11001100
00010000 -> 10100000
00100011 -> 01011111
11011001 -> 01111100
10011011 -> 11101010
00110110 -> 11011101
11000111 -> 10110000
11001100 -> 11111110
11101001 -> 10011101

Now, determine the output for: 01101001",10011001,"I need to find the secret bit manipulation rule from the examples.

Given 10 examples:
  11111100 -> 00011111
  00011110 -> 11001100
  00010000 -> 10100000
  00100011 -> 01011111
  11011001 -> 01111100
  10011011 -> 11101010
  00110110 -> 11011101
  11000111 -> 10110000
  11001100 -> 11111110
  11101001 -> 10011101

Query: 01101001

Step 1: Analyze each output bit as an independent boolean function of input bits.

  Output bit 0: All 1 candidates agree -> value = 1
    Best match: XOR(in[1], in[3]) = 1
  Output bit 1: All 1 candidates agree -> value = 0
    Best match: XOR(in[2], in[4]) = 0
  Output bit 2: All 1 candidates agree -> value = 0
    Best match: XOR(in[3], in[5]) = 0
  Output bit 3: All 2 candidates agree -> value = 1
    Best match: XOR(in[4], in[6]) = 1
  Output bit 4: All 3 candidates agree -> value = 1
    Best match: XOR(in[1], in[6]) = 1
  Output bit 5: All 1 candidates agree -> value = 0
    Best match: XOR(in[0], in[6]) = 0
  Output bit 6: All 2 candidates agree -> value = 0
    Best match: XOR(in[1], in[7]) = 0
  Output bit 7: All 1 candidates agree -> value = 1
    Best match: ID(in[2]) = 1

Step 2: Identify structural patterns.
  Confirmed bit mappings: bit7<-in[2](shift=3)
  Dominant shift = 3 (weight 5)

Step 3: No additional bits resolved by context propagation.

Step 4: All bits resolved without brute-force.

Step 5: Combine all bits to form the output.
  bit0=1(unambig) | bit1=0(unambig) | bit2=0(unambig) | bit3=1(unambig) | bit4=1(unambig) | bit5=0(unambig) | bit6=0(unambig) | bit7=1(unambig)

The answer is 10011001.",Bit Manipulation,high,ctx,0,10011001
0b56b953,"In Alice's Wonderland, a secret bit manipulation rule transforms 8-bit binary numbers. The transformation involves operations like bit shifts, rotations, XOR, AND, OR, NOT, and possibly majority or choice functions.

Here are some examples of input -> output:
11011001 -> 11011110
01101101 -> 11111011
00001010 -> 11110000
01100000 -> 00000011
10111110 -> 11110101
10110101 -> 11111101
10101110 -> 11110101

Now, determine the output for: 10101000",11000101,"I need to find the secret bit manipulation rule from the examples.

Given 7 examples:
  11011001 -> 11011110
  01101101 -> 11111011
  00001010 -> 11110000
  01100000 -> 00000011
  10111110 -> 11110101
  10110101 -> 11111101
  10101110 -> 11110101

Query: 10101000

Step 1: Check for whole-byte patterns.
  Mixed shift pattern detected.
  Rule: some output bits are shifted copies, rest use a uniform 2-input function.

Step 2: Apply the pattern to the query.
  10101000 -> 11000101

The answer is 11000101.",Bit Manipulation,high,w_mix,0,11000101
0ba9af93,"In Alice's Wonderland, a secret bit manipulation rule transforms 8-bit binary numbers. The transformation involves operations like bit shifts, rotations, XOR, AND, OR, NOT, and possibly majority or choice functions.

Here are some examples of input -> output:
11001111 -> 11111001
11100100 -> 11011100
10000010 -> 01110000
11100000 -> 00011100
01110100 -> 11001110
01010100 -> 11001010
11110110 -> 11111110
11111000 -> 10011111
01100111 -> 11111100

Now, determine the output for: 10110111",11110110,"I need to find the secret bit manipulation rule from the examples.

Given 9 examples:
  11001111 -> 11111001
  11100100 -> 11011100
  10000010 -> 01110000
  11100000 -> 00011100
  01110100 -> 11001110
  01010100 -> 11001010
  11110110 -> 11111110
  11111000 -> 10011111
  01100111 -> 11111100

Query: 10110111

Step 1: Check for whole-byte patterns.
  Mixed shift pattern detected.
  Rule: some output bits are shifted copies, rest use a uniform 2-input function.

Step 2: Apply the pattern to the query.
  10110111 -> 11110110

The answer is 11110110.",Bit Manipulation,high,w_mix,0,11110110
0c7acd69,"In Alice's Wonderland, a secret bit manipulation rule transforms 8-bit binary numbers. The transformation involves operations like bit shifts, rotations, XOR, AND, OR, NOT, and possibly majority or choice functions.

Here are some examples of input -> output:
00000111 -> 00001110
01101001 -> 11010010
11101110 -> 11011101
00100110 -> 01001100
11100111 -> 11001111
00101101 -> 01011010
00101111 -> 01011110
01110011 -> 11100110
11000010 -> 10000101
01110110 -> 11101100

Now, determine the output for: 11111010",11110101,"I need to find the secret bit manipulation rule from the examples.

Given 10 examples:
  00000111 -> 00001110
  01101001 -> 11010010
  11101110 -> 11011101
  00100110 -> 01001100
  11100111 -> 11001111
  00101101 -> 01011010
  00101111 -> 01011110
  01110011 -> 11100110
  11000010 -> 10000101
  01110110 -> 11101100

Query: 11111010

Step 1: Check for whole-byte patterns.
  Rotation pattern detected.
  Rule: output = rotate(input, k) for some shift k.

Step 2: Apply the pattern to the query.
  11111010 -> 11110101

The answer is 11110101.",Bit Manipulation,high,w_rot,0,11110101
0ceac403,"In Alice's Wonderland, a secret bit manipulation rule transforms 8-bit binary numbers. The transformation involves operations like bit shifts, rotations, XOR, AND, OR, NOT, and possibly majority or choice functions.

Here are some examples of input -> output:
10000110 -> 11010000
10110001 -> 00110110
01001101 -> 10101001
00110011 -> 01100110
01110001 -> 00101110
10010010 -> 01010010
10100101 -> 10110100

Now, determine the output for: 00000101",10100000,"I need to find the secret bit manipulation rule from the examples.

Given 7 examples:
  10000110 -> 11010000
  10110001 -> 00110110
  01001101 -> 10101001
  00110011 -> 01100110
  01110001 -> 00101110
  10010010 -> 01010010
  10100101 -> 10110100

Query: 00000101

Step 1: Check for whole-byte patterns.
  Rotation pattern detected.
  Rule: output = rotate(input, k) for some shift k.

Step 2: Apply the pattern to the query.
  00000101 -> 10100000

The answer is 10100000.",Bit Manipulation,high,w_rot,0,10100000
0cfc74d4,"In Alice's Wonderland, a secret bit manipulation rule transforms 8-bit binary numbers. The transformation involves operations like bit shifts, rotations, XOR, AND, OR, NOT, and possibly majority or choice functions.

Here are some examples of input -> output:
00010110 -> 11000010
01010111 -> 01101010
11110011 -> 11111110
11111100 -> 10011111
00101010 -> 01000101
01001101 -> 00101001
01111011 -> 11101111

Now, determine the output for: 11000110",11011000,"I need to find the secret bit manipulation rule from the examples.

Given 7 examples:
  00010110 -> 11000010
  01010111 -> 01101010
  11110011 -> 11111110
  11111100 -> 10011111
  00101010 -> 01000101
  01001101 -> 00101001
  01111011 -> 11101111

Query: 11000110

Step 1: Check for whole-byte patterns.
  Mixed shift pattern detected.
  Rule: some output bits are shifted copies, rest use a uniform 2-input function.

Step 2: Apply the pattern to the query.
  11000110 -> 11011000

The answer is 11011000.",Bit Manipulation,high,w_mix,0,11011000
0e3962f6,"In Alice's Wonderland, a secret bit manipulation rule transforms 8-bit binary numbers. The transformation involves operations like bit shifts, rotations, XOR, AND, OR, NOT, and possibly majority or choice functions.

Here are some examples of input -> output:
00101110 -> 01110001
00100110 -> 00110001
01101001 -> 01001011
01110111 -> 10111011
01001011 -> 01011010
11000010 -> 00010110
10000100 -> 00100100
01010111 -> 10111010
11001010 -> 01010110

Now, determine the output for: 11011111",11111110,"I need to find the secret bit manipulation rule from the examples.

Given 9 examples:
  00101110 -> 01110001
  00100110 -> 00110001
  01101001 -> 01001011
  01110111 -> 10111011
  01001011 -> 01011010
  11000010 -> 00010110
  10000100 -> 00100100
  01010111 -> 10111010
  11001010 -> 01010110

Query: 11011111

Step 1: Check for whole-byte patterns.
  Rotation pattern detected.
  Rule: output = rotate(input, k) for some shift k.

Step 2: Apply the pattern to the query.
  11011111 -> 11111110

The answer is 11111110.",Bit Manipulation,high,w_rot,0,11111110
0f2dec86,"In Alice's Wonderland, a secret bit manipulation rule transforms 8-bit binary numbers. The transformation involves operations like bit shifts, rotations, XOR, AND, OR, NOT, and possibly majority or choice functions.

Here are some examples of input -> output:
00011011 -> 01100001
11110001 -> 10111100
11101011 -> 11011001
11010111 -> 00110111
10111000 -> 10111100
00011101 -> 01111010
11100111 -> 11101111

Now, determine the output for: 11110000",10111000,"I need to find the secret bit manipulation rule from the examples.

Given 7 examples:
  00011011 -> 01100001
  11110001 -> 10111100
  11101011 -> 11011001
  11010111 -> 00110111
  10111000 -> 10111100
  00011101 -> 01111010
  11100111 -> 11101111

Query: 11110000

Step 1: Analyze each output bit as an independent boolean function of input bits.

  Output bit 0: All 4 candidates agree -> value = 1
    Best match: ID(in[2]) = 1
  Output bit 1: All 2 candidates agree -> value = 0
    Best match: XOR(in[0], in[3]) = 0
  Output bit 2: All 4 candidates agree -> value = 1
    Best match: XOR(in[1], in[4]) = 1
  Output bit 3: All 1 candidates agree -> value = 1
    Best match: XOR(in[2], in[5]) = 1
  Output bit 4: All 3 candidates agree -> value = 1
    Best match: XOR(in[3], in[6]) = 1
  Output bit 5: Ambiguous (1 candidates predict 0, 2 predict 1)
    For 0: XOR(in[4], in[7])
    For 1: XNOR(in[5], in[6]), NAND(in[4], in[7])
  Output bit 6: All 2 candidates agree -> value = 0
    Best match: ID(in[5]) = 0
  Output bit 7: All 3 candidates agree -> value = 0
    Best match: ID(in[6]) = 0

Step 2: Identify structural patterns.
  Confirmed bit mappings: bit0<-in[2](shift=2), bit6<-in[5](shift=7), bit7<-in[6](shift=7)
  Dominant shift = 7 (weight 10)

Step 3: Resolve ambiguous bits using structural patterns.
  Bit 5: Resolved via pair/structure pattern -> value = 0

Step 4: All bits resolved without brute-force.

Step 5: Combine all bits to form the output.
  bit0=1(unambig) | bit1=0(unambig) | bit2=1(unambig) | bit3=1(unambig) | bit4=1(unambig) | bit5=0(ctx) | bit6=0(unambig) | bit7=0(unambig)

The answer is 10111000.",Bit Manipulation,high,ctx,0,10111000
0f7ddd75,"In Alice's Wonderland, a secret bit manipulation rule transforms 8-bit binary numbers. The transformation involves operations like bit shifts, rotations, XOR, AND, OR, NOT, and possibly majority or choice functions.

Here are some examples of input -> output:
01110101 -> 11111111
10111001 -> 11110110
10110110 -> 11111110
01100100 -> 11011001
00100111 -> 11011110
00001100 -> 00111000
11011111 -> 11111111
01001100 -> 10111001
00101011 -> 11111110
01010010 -> 11101101

Now, determine the output for: 00111001",11110110,"I need to find the secret bit manipulation rule from the examples.

Given 10 examples:
  01110101 -> 11111111
  10111001 -> 11110110
  10110110 -> 11111110
  01100100 -> 11011001
  00100111 -> 11011110
  00001100 -> 00111000
  11011111 -> 11111111
  01001100 -> 10111001
  00101011 -> 11111110
  01010010 -> 11101101

Query: 00111001

Step 1: Analyze each output bit as an independent boolean function of input bits.

  Output bit 0: All 1 candidates agree -> value = 1
    Best match: OR(in[1], in[2]) = 1
  Output bit 1: All 3 candidates agree -> value = 1
    Best match: OR(in[2], in[3]) = 1
  Output bit 2: All 1 candidates agree -> value = 1
    Best match: OR(in[3], in[4]) = 1
  Output bit 3: All 5 candidates agree -> value = 1
    Best match: OR(in[2], in[4]) = 1
  Output bit 4: Ambiguous (1 candidates predict 0, 2 predict 1)
    For 0: OR(in[5], in[6])
    For 1: IMPL(in[0], in[5]), IMPL(in[0], in[6])
  Output bit 5: All 3 candidates agree -> value = 1
    Best match: OR(in[3], in[6]) = 1
  Output bit 6: All 1 candidates agree -> value = 1
    Best match: OR(in[0], in[7]) = 1
  Output bit 7: All 1 candidates agree -> value = 0
    Best match: ID(in[1]) = 0

Step 2: Identify structural patterns.
  Confirmed bit mappings: bit7<-in[1](shift=2)
  Dominant shift = 2 (weight 5)

Step 3: Resolve ambiguous bits using structural patterns.
  Bit 4: Resolved via pair/structure pattern -> value = 0

Step 4: All bits resolved without brute-force.

Step 5: Combine all bits to form the output.
  bit0=1(unambig) | bit1=1(unambig) | bit2=1(unambig) | bit3=1(unambig) | bit4=0(ctx) | bit5=1(unambig) | bit6=1(unambig) | bit7=0(unambig)

The answer is 11110110.",Bit Manipulation,high,ctx,0,11110110
101410e4,"In Alice's Wonderland, a secret bit manipulation rule transforms 8-bit binary numbers. The transformation involves operations like bit shifts, rotations, XOR, AND, OR, NOT, and possibly majority or choice functions.

Here are some examples of input -> output:
00010101 -> 10000011
01100011 -> 10111001
11000101 -> 01111000
00011010 -> 10100011
01010110 -> 00000011
11010001 -> 00011010
10100010 -> 00110110
00111111 -> 01111011
11000011 -> 01111100
01110101 -> 11001111

Now, determine the output for: 01101001",10001101,"I need to find the secret bit manipulation rule from the examples.

Given 10 examples:
  00010101 -> 10000011
  01100011 -> 10111001
  11000101 -> 01111000
  00011010 -> 10100011
  01010110 -> 00000011
  11010001 -> 00011010
  10100010 -> 00110110
  00111111 -> 01111011
  11000011 -> 01111100
  01110101 -> 11001111

Query: 01101001

Step 1: Analyze each output bit as an independent boolean function of input bits.

  Output bit 0: All 1 candidates agree -> value = 1
    Best match: XNOR(in[1], in[2]) = 1
  Output bit 1: All 1 candidates agree -> value = 0
    Best match: XNOR(in[2], in[3]) = 0
  Output bit 2: Ambiguous (1 candidates predict 0, 1 predict 1)
    For 0: XNOR(in[3], in[4])
    For 1: IMPL(in[3], in[4])
  Output bit 3: All 1 candidates agree -> value = 0
    Best match: MAJ(in[0], in[6], in[7]) = 0
  Output bit 4: All 1 candidates agree -> value = 1
    Best match: XOR(in[0], in[2]) = 1
  Output bit 5: All 1 candidates agree -> value = 1
    Best match: XNOR(XOR)(in[2], in[6], in[7]) = 1
  Output bit 6: All 2 candidates agree -> value = 0
    Best match: IMPL(in[1], in[3]) = 0
  Output bit 7: All 2 candidates agree -> value = 1
    Best match: NOT(in[0]) = 1

Step 2: Identify structural patterns.
  Confirmed bit mappings: bit7<-in[0](shift=1)
  Dominant shift = 1 (weight 5)

Step 3: Resolve ambiguous bits using structural patterns.
  Bit 2: Resolved via pair/structure pattern -> value = 0

Step 4: All bits resolved without brute-force.

Step 5: Combine all bits to form the output.
  bit0=1(unambig) | bit1=0(unambig) | bit2=0(ctx) | bit3=0(unambig) | bit4=1(unambig) | bit5=1(unambig) | bit6=0(unambig) | bit7=1(unambig)

The answer is 10001101.",Bit Manipulation,high,ctx,0,10001101
101e6f80,"In Alice's Wonderland, a secret bit manipulation rule transforms 8-bit binary numbers. The transformation involves operations like bit shifts, rotations, XOR, AND, OR, NOT, and possibly majority or choice functions.

Here are some examples of input -> output:
01011110 -> 11000011
01111111 -> 11000001
00010100 -> 11010111
00000001 -> 10111101
01110110 -> 10010011
10111111 -> 01000010
01000100 -> 01110111
01001010 -> 11101011
11100101 -> 01110111

Now, determine the output for: 01101111",11100001,"I need to find the secret bit manipulation rule from the examples.

Given 9 examples:
  01011110 -> 11000011
  01111111 -> 11000001
  00010100 -> 11010111
  00000001 -> 10111101
  01110110 -> 10010011
  10111111 -> 01000010
  01000100 -> 01110111
  01001010 -> 11101011
  11100101 -> 01110111

Query: 01101111

Step 1: Analyze each output bit as an independent boolean function of input bits.

  Output bit 0: All 1 candidates agree -> value = 1
    Best match: XNOR(in[1], in[6]) = 1
  Output bit 1: All 1 candidates agree -> value = 1
    Best match: XNOR(in[2], in[7]) = 1
  Output bit 2: All 2 candidates agree -> value = 1
    Best match: NOT(in[3]) = 1
  Output bit 3: All 2 candidates agree -> value = 0
    Best match: NOT(in[4]) = 0
  Output bit 4: All 4 candidates agree -> value = 0
    Best match: NOR(in[0], in[5]) = 0
  Output bit 5: All 2 candidates agree -> value = 0
    Best match: NOR(in[4], in[6]) = 0
  Output bit 6: All 2 candidates agree -> value = 0
    Best match: XNOR(in[0], in[7]) = 0
  Output bit 7: All 7 candidates agree -> value = 1
    Best match: NAND(in[0], in[3]) = 1

Step 2: Identify structural patterns.
  Confirmed bit mappings: bit2<-in[3](shift=1), bit3<-in[4](shift=1), bit4<-in[5](shift=1), bit5<-in[6](shift=1)
  Dominant shift = 1 (weight 20)

Step 3: No additional bits resolved by context propagation.

Step 4: All bits resolved without brute-force.

Step 5: Combine all bits to form the output.
  bit0=1(unambig) | bit1=1(unambig) | bit2=1(unambig) | bit3=0(unambig) | bit4=0(unambig) | bit5=0(unambig) | bit6=0(unambig) | bit7=1(unambig)

The answer is 11100001.",Bit Manipulation,high,ctx,0,11100001
1054486f,"In Alice's Wonderland, a secret bit manipulation rule transforms 8-bit binary numbers. The transformation involves operations like bit shifts, rotations, XOR, AND, OR, NOT, and possibly majority or choice functions.

Here are some examples of input -> output:
00111000 -> 00000111
11100100 -> 10011100
00100111 -> 11100100
00000001 -> 00100000
00011011 -> 01100011
01101110 -> 11001101
01111001 -> 00101111
00011010 -> 01000011
01101000 -> 00001101
11001001 -> 00111001

Now, determine the output for: 11110100",10011110,"I need to find the secret bit manipulation rule from the examples.

Given 10 examples:
  00111000 -> 00000111
  11100100 -> 10011100
  00100111 -> 11100100
  00000001 -> 00100000
  00011011 -> 01100011
  01101110 -> 11001101
  01111001 -> 00101111
  00011010 -> 01000011
  01101000 -> 00001101
  11001001 -> 00111001

Query: 11110100

Step 1: Check for whole-byte patterns.
  Rotation pattern detected.
  Rule: output = rotate(input, k) for some shift k.

Step 2: Apply the pattern to the query.
  11110100 -> 10011110

The answer is 10011110.",Bit Manipulation,high,w_rot,0,10011110
10d29630,"In Alice's Wonderland, a secret bit manipulation rule transforms 8-bit binary numbers. The transformation involves operations like bit shifts, rotations, XOR, AND, OR, NOT, and possibly majority or choice functions.

Here are some examples of input -> output:
10011010 -> 00101010
00011011 -> 00001100
00100111 -> 01111100
00001010 -> 01101000
10110101 -> 01110110
00101111 -> 01011100
00010110 -> 10011000
00011111 -> 10011100
10010100 -> 11010010
01110111 -> 00111101

Now, determine the output for: 01100010",11001001,"I need to find the secret bit manipulation rule from the examples.

Given 10 examples:
  10011010 -> 00101010
  00011011 -> 00001100
  00100111 -> 01111100
  00001010 -> 01101000
  10110101 -> 01110110
  00101111 -> 01011100
  00010110 -> 10011000
  00011111 -> 10011100
  10010100 -> 11010010
  01110111 -> 00111101

Query: 01100010

Step 1: Check for whole-byte patterns.
  Mixed shift pattern detected.
  Rule: some output bits are shifted copies, rest use a uniform 2-input function.

Step 2: Apply the pattern to the query.
  01100010 -> 11001001

The answer is 11001001.",Bit Manipulation,high,w_mix,0,11001001
114a41e3,"In Alice's Wonderland, a secret bit manipulation rule transforms 8-bit binary numbers. The transformation involves operations like bit shifts, rotations, XOR, AND, OR, NOT, and possibly majority or choice functions.

Here are some examples of input -> output:
11100001 -> 00011000
10000010 -> 01100000
00000111 -> 11100001
11000001 -> 00010000
00110000 -> 00001100
01101000 -> 00011010
00111110 -> 11001111
01111110 -> 11011111
11101110 -> 11111011

Now, determine the output for: 01100111",11111001,"I need to find the secret bit manipulation rule from the examples.

Given 9 examples:
  11100001 -> 00011000
  10000010 -> 01100000
  00000111 -> 11100001
  11000001 -> 00010000
  00110000 -> 00001100
  01101000 -> 00011010
  00111110 -> 11001111
  01111110 -> 11011111
  11101110 -> 11111011

Query: 01100111

Step 1: Analyze each output bit as an independent boolean function of input bits.

  Output bit 0: All 2 candidates agree -> value = 1
    Best match: ID(in[5]) = 1
  Output bit 1: All 2 candidates agree -> value = 1
    Best match: ID(in[6]) = 1
  Output bit 2: All 2 candidates agree -> value = 1
    Best match: XOR(in[0], in[7]) = 1
  Output bit 3: All 1 candidates agree -> value = 1
    Best match: ID(in[1]) = 1
  Output bit 4: All 3 candidates agree -> value = 1
    Best match: ID(in[2]) = 1
  Output bit 5: All 4 candidates agree -> value = 0
    Best match: ID(in[3]) = 0
  Output bit 6: All 3 candidates agree -> value = 0
    Best match: ID(in[4]) = 0
  Output bit 7: All 2 candidates agree -> value = 1
    Best match: ID(in[5]) = 1

Step 2: Identify structural patterns.
  Confirmed bit mappings: bit0<-in[5](shift=5), bit1<-in[6](shift=5), bit3<-in[1](shift=6), bit4<-in[2](shift=6), bit5<-in[3](shift=6)
  Dominant shift = 6 (weight 25)

Step 3: No additional bits resolved by context propagation.

Step 4: All bits resolved without brute-force.

Step 5: Combine all bits to form the output.
  bit0=1(unambig) | bit1=1(unambig) | bit2=1(unambig) | bit3=1(unambig) | bit4=1(unambig) | bit5=0(unambig) | bit6=0(unambig) | bit7=1(unambig)

The answer is 11111001.",Bit Manipulation,high,ctx,0,11111001
1249ddb4,"In Alice's Wonderland, a secret bit manipulation rule transforms 8-bit binary numbers. The transformation involves operations like bit shifts, rotations, XOR, AND, OR, NOT, and possibly majority or choice functions.

Here are some examples of input -> output:
01000101 -> 00011100
00101011 -> 10101001
00101111 -> 10111001
11011010 -> 01110011
11010111 -> 01000110
11011000 -> 01111011
11100011 -> 10010000
10100101 -> 10000000
01000110 -> 00010000

Now, determine the output for: 01101001",10101001,"I need to find the secret bit manipulation rule from the examples.

Given 9 examples:
  01000101 -> 00011100
  00101011 -> 10101001
  00101111 -> 10111001
  11011010 -> 01110011
  11010111 -> 01000110
  11011000 -> 01111011
  11100011 -> 10010000
  10100101 -> 10000000
  01000110 -> 00010000

Query: 01101001

Step 1: Analyze each output bit as an independent boolean function of input bits.

  Output bit 0: All 4 candidates agree -> value = 1
    Best match: ID(in[2]) = 1
  Output bit 1: All 5 candidates agree -> value = 0
    Best match: ID(in[3]) = 0
  Output bit 2: All 1 candidates agree -> value = 1
    Best match: ID(in[4]) = 1
  Output bit 3: All 1 candidates agree -> value = 0
    Best match: XOR(in[0], in[5]) = 0
  Output bit 4: All 1 candidates agree -> value = 1
    Best match: XOR(in[1], in[6]) = 1
  Output bit 5: All 2 candidates agree -> value = 0
    Best match: XOR(in[2], in[7]) = 0
  Output bit 6: All 5 candidates agree -> value = 0
    Best match: ID(in[3]) = 0
  Output bit 7: All 1 candidates agree -> value = 1
    Best match: ID(in[4]) = 1

Step 2: Identify structural patterns.
  Confirmed bit mappings: bit0<-in[2](shift=2), bit1<-in[3](shift=2), bit2<-in[4](shift=2), bit6<-in[3](shift=5), bit7<-in[4](shift=5)
  Dominant shift = 2 (weight 15)

Step 3: No additional bits resolved by context propagation.

Step 4: All bits resolved without brute-force.

Step 5: Combine all bits to form the output.
  bit0=1(unambig) | bit1=0(unambig) | bit2=1(unambig) | bit3=0(unambig) | bit4=1(unambig) | bit5=0(unambig) | bit6=0(unambig) | bit7=1(unambig)

The answer is 10101001.",Bit Manipulation,high,ctx,0,10101001
12e0ac8c,"In Alice's Wonderland, a secret bit manipulation rule transforms 8-bit binary numbers. The transformation involves operations like bit shifts, rotations, XOR, AND, OR, NOT, and possibly majority or choice functions.

Here are some examples of input -> output:
11111101 -> 01110101
01010000 -> 10101011
11011001 -> 11101101
10001010 -> 01110101
01111110 -> 10011000
10110001 -> 01010111
10100100 -> 01000111
10100110 -> 11001111
01010111 -> 01110110
01011100 -> 10011000

Now, determine the output for: 10011100",10101001,"I need to find the secret bit manipulation rule from the examples.

Given 10 examples:
  11111101 -> 01110101
  01010000 -> 10101011
  11011001 -> 11101101
  10001010 -> 01110101
  01111110 -> 10011000
  10110001 -> 01010111
  10100100 -> 01000111
  10100110 -> 11001111
  01010111 -> 01110110
  01011100 -> 10011000

Query: 10011100

Step 1: Analyze each output bit as an independent boolean function of input bits.

  Output bit 0: All 1 candidates agree -> value = 1
    Best match: XNOR(in[2], in[6]) = 1
  Output bit 1: Ambiguous (2 candidates predict 0, 2 predict 1)
    For 0: XNOR(in[3], in[7]), IMPL(in[3], in[7])
    For 1: OR(in[0], in[7]), IMPL(in[1], in[7])
  Output bit 2: All 1 candidates agree -> value = 1
    Best match: XNOR(in[0], in[4]) = 1
  Output bit 3: All 1 candidates agree -> value = 0
    Best match: XNOR(in[1], in[5]) = 0
  Output bit 4: All 1 candidates agree -> value = 1
    Best match: XNOR(in[2], in[6]) = 1
  Output bit 5: Ambiguous (2 candidates predict 0, 2 predict 1)
    For 0: XNOR(in[3], in[7]), IMPL(in[3], in[7])
    For 1: OR(in[0], in[7]), IMPL(in[1], in[7])
  Output bit 6: All 1 candidates agree -> value = 0
    Best match: NOT(in[4]) = 0
  Output bit 7: All 1 candidates agree -> value = 1
    Best match: IMPL(in[5], in[0]) = 1

Step 2: Identify structural patterns.
  Confirmed bit mappings: bit6<-in[4](shift=6)
  Dominant shift = 6 (weight 5)

Step 3: Resolve ambiguous bits using structural patterns.
  Bit 1: Resolved via pair/structure pattern -> value = 0
  Bit 5: Resolved via pair/structure pattern -> value = 0

Step 4: All bits resolved without brute-force.

Step 5: Combine all bits to form the output.
  bit0=1(unambig) | bit1=0(ctx) | bit2=1(unambig) | bit3=0(unambig) | bit4=1(unambig) | bit5=0(ctx) | bit6=0(unambig) | bit7=1(unambig)

The answer is 10101001.",Bit Manipulation,high,ctx,0,10101001
14a72508,"In Alice's Wonderland, a secret bit manipulation rule transforms 8-bit binary numbers. The transformation involves operations like bit shifts, rotations, XOR, AND, OR, NOT, and possibly majority or choice functions.

Here are some examples of input -> output:
11000011 -> 00010011
00000011 -> 01110010
00111110 -> 00011000
11001100 -> 10101001
01111110 -> 00111000
00000010 -> 11110110
10110011 -> 11101011
01111000 -> 00100011
11111010 -> 01101011
00111101 -> 10010101

Now, determine the output for: 01000010",11010110,"I need to find the secret bit manipulation rule from the examples.

Given 10 examples:
  11000011 -> 00010011
  00000011 -> 01110010
  00111110 -> 00011000
  11001100 -> 10101001
  01111110 -> 00111000
  00000010 -> 11110110
  10110011 -> 11101011
  01111000 -> 00100011
  11111010 -> 01101011
  00111101 -> 10010101

Query: 01000010

Step 1: Analyze each output bit as an independent boolean function of input bits.

  Output bit 0: All 2 candidates agree -> value = 1
    Best match: XNOR(in[2], in[7]) = 1
  Output bit 1: All 2 candidates agree -> value = 1
    Best match: XNOR(in[0], in[2]) = 1
  Output bit 2: All 1 candidates agree -> value = 0
    Best match: XNOR(in[1], in[4]) = 0
  Output bit 3: All 2 candidates agree -> value = 1
    Best match: XNOR(in[2], in[5]) = 1
  Output bit 4: All 2 candidates agree -> value = 0
    Best match: XNOR(in[2], in[6]) = 0
  Output bit 5: All 1 candidates agree -> value = 1
    Best match: XNOR(in[4], in[7]) = 1
  Output bit 6: All 2 candidates agree -> value = 1
    Best match: NOT(in[5]) = 1
  Output bit 7: All 1 candidates agree -> value = 0
    Best match: IMPL(in[6], in[0]) = 0

Step 2: Identify structural patterns.
  Confirmed bit mappings: bit6<-in[5](shift=7)
  Dominant shift = 7 (weight 5)

Step 3: No additional bits resolved by context propagation.

Step 4: All bits resolved without brute-force.

Step 5: Combine all bits to form the output.
  bit0=1(unambig) | bit1=1(unambig) | bit2=0(unambig) | bit3=1(unambig) | bit4=0(unambig) | bit5=1(unambig) | bit6=1(unambig) | bit7=0(unambig)

The answer is 11010110.",Bit Manipulation,high,ctx,0,11010110
15305f6a,"In Alice's Wonderland, a secret bit manipulation rule transforms 8-bit binary numbers. The transformation involves operations like bit shifts, rotations, XOR, AND, OR, NOT, and possibly majority or choice functions.

Here are some examples of input -> output:
01011010 -> 11101001
10101000 -> 10100010
00000011 -> 00111100
11110000 -> 11000011
01010101 -> 01010101
10000011 -> 00111110
01100110 -> 11111001
10110011 -> 11111110

Now, determine the output for: 01011101",11110101,"I need to find the secret bit manipulation rule from the examples.

Given 8 examples:
  01011010 -> 11101001
  10101000 -> 10100010
  00000011 -> 00111100
  11110000 -> 11000011
  01010101 -> 01010101
  10000011 -> 00111110
  01100110 -> 11111001
  10110011 -> 11111110

Query: 01011101

Step 1: Check for whole-byte patterns.
  Mixed shift pattern detected.
  Rule: some output bits are shifted copies, rest use a uniform 2-input function.

Step 2: Apply the pattern to the query.
  01011101 -> 11110101

The answer is 11110101.",Bit Manipulation,high,w_mix,0,11110101
161667cd,"In Alice's Wonderland, a secret bit manipulation rule transforms 8-bit binary numbers. The transformation involves operations like bit shifts, rotations, XOR, AND, OR, NOT, and possibly majority or choice functions.

Here are some examples of input -> output:
00001001 -> 00100111
01000011 -> 11010011
00011101 -> 11000110
11000011 -> 11011011
10000000 -> 11110111
10100000 -> 11110101
00100110 -> 10101101

Now, determine the output for: 00111101",11000100,"I need to find the secret bit manipulation rule from the examples.

Given 7 examples:
  00001001 -> 00100111
  01000011 -> 11010011
  00011101 -> 11000110
  11000011 -> 11011011
  10000000 -> 11110111
  10100000 -> 11110101
  00100110 -> 10101101

Query: 00111101

Step 1: Check for whole-byte patterns.
  Mixed shift pattern detected.
  Rule: some output bits are shifted copies, rest use a uniform 2-input function.

Step 2: Apply the pattern to the query.
  00111101 -> 11000100

The answer is 11000100.",Bit Manipulation,high,w_mix,0,11000100
18602be3,"In Alice's Wonderland, a secret bit manipulation rule transforms 8-bit binary numbers. The transformation involves operations like bit shifts, rotations, XOR, AND, OR, NOT, and possibly majority or choice functions.

Here are some examples of input -> output:
00000111 -> 11011011
01110100 -> 10001101
00000001 -> 11110011
11010010 -> 00100011
11011011 -> 01001111
10001000 -> 10011011
11110011 -> 10101111
11101011 -> 00001111
11111100 -> 11101011
11111111 -> 11111111

Now, determine the output for: 10001111",10111111,"I need to find the secret bit manipulation rule from the examples.

Given 10 examples:
  00000111 -> 11011011
  01110100 -> 10001101
  00000001 -> 11110011
  11010010 -> 00100011
  11011011 -> 01001111
  10001000 -> 10011011
  11110011 -> 10101111
  11101011 -> 00001111
  11111100 -> 11101011
  11111111 -> 11111111

Query: 10001111

Step 1: Analyze each output bit as an independent boolean function of input bits.

  Output bit 0: All 1 candidates agree -> value = 1
    Best match: XNOR(in[2], in[3]) = 1
  Output bit 1: All 1 candidates agree -> value = 0
    Best match: XNOR(in[3], in[4]) = 0
  Output bit 2: All 1 candidates agree -> value = 1
    Best match: XNOR(in[4], in[5]) = 1
  Output bit 3: All 1 candidates agree -> value = 1
    Best match: XNOR(in[5], in[6]) = 1
  Output bit 4: All 1 candidates agree -> value = 1
    Best match: XNOR(in[6], in[7]) = 1
  Output bit 5: All 1 candidates agree -> value = 1
    Best match: XNOR(in[0], in[7]) = 1
  Output bit 6: All 4 candidates agree -> value = 1
    Best match: OR(in[0], in[7]) = 1
  Output bit 7: All 4 candidates agree -> value = 1
    Best match: IMPL(in[2], in[1]) = 1

Step 2: No strong shift pattern detected.

Step 3: No additional bits resolved by context propagation.

Step 4: All bits resolved without brute-force.

Step 5: Combine all bits to form the output.
  bit0=1(unambig) | bit1=0(unambig) | bit2=1(unambig) | bit3=1(unambig) | bit4=1(unambig) | bit5=1(unambig) | bit6=1(unambig) | bit7=1(unambig)

The answer is 10111111.",Bit Manipulation,high,ctx,0,10111111
1c671acc,"In Alice's Wonderland, a secret bit manipulation rule transforms 8-bit binary numbers. The transformation involves operations like bit shifts, rotations, XOR, AND, OR, NOT, and possibly majority or choice functions.

Here are some examples of input -> output:
10110010 -> 11011101
10010011 -> 11011100
00100000 -> 10000001
01101100 -> 11110011
11110000 -> 11000111
00000111 -> 00111100
00011011 -> 11111100
11011101 -> 11111110
11111000 -> 11100111

Now, determine the output for: 00101011",11111101,"I need to find the secret bit manipulation rule from the examples.

Given 9 examples:
  10110010 -> 11011101
  10010011 -> 11011100
  00100000 -> 10000001
  01101100 -> 11110011
  11110000 -> 11000111
  00000111 -> 00111100
  00011011 -> 11111100
  11011101 -> 11111110
  11111000 -> 11100111

Query: 00101011

Step 1: Analyze each output bit as an independent boolean function of input bits.

  Output bit 0: Ambiguous (2 candidates predict 0, 4 predict 1)
    For 0: IMPL(in[6], in[3]), IMPL(in[7], in[3])
    For 1: OR(in[2], in[3]), NAND(in[5], in[6]), IMPL(in[5], in[1])
  Output bit 1: Ambiguous (1 candidates predict 0, 2 predict 1)
    For 0: OR(in[1], in[3])
    For 1: OR(in[0], in[4]), OR(in[3], in[4])
  Output bit 2: All 1 candidates agree -> value = 1
    Best match: OR(in[4], in[5]) = 1
  Output bit 3: All 1 candidates agree -> value = 1
    Best match: OR(in[5], in[6]) = 1
  Output bit 4: All 2 candidates agree -> value = 1
    Best match: OR(in[6], in[7]) = 1
  Output bit 5: Ambiguous (2 candidates predict 0, 4 predict 1)
    For 0: IMPL(in[2], in[0]), IMPL(in[2], in[3])
    For 1: OR(in[0], in[6]), OR(in[0], in[7]), OR(in[3], in[6])
  Output bit 6: All 2 candidates agree -> value = 0
    Best match: ID(in[1]) = 0
  Output bit 7: Ambiguous (2 candidates predict 0, 2 predict 1)
    For 0: NOT(in[7]), INHIB(in[2], in[7])
    For 1: ID(in[2]), IMPL(in[7], in[2])

Step 2: Identify structural patterns.
  Confirmed bit mappings: bit6<-in[1](shift=3), bit7<-in[2](shift=3)
  Dominant shift = 3 (weight 6)

Step 3: Resolve ambiguous bits using structural patterns.
  Bit 0: Resolved via pair/structure pattern -> value = 1
  Bit 1: Resolved via pair/structure pattern -> value = 1
  Bit 5: Resolved via pair/structure pattern -> value = 1
  Bit 7: Using shift=3, source = in[2] -> value = 1

Step 4: All bits resolved without brute-force.

Step 5: Combine all bits to form the output.
  bit0=1(ctx) | bit1=1(ctx) | bit2=1(unambig) | bit3=1(unambig) | bit4=1(unambig) | bit5=1(ctx) | bit6=0(unambig) | bit7=1(ctx)

The answer is 11111101.",Bit Manipulation,high,ctx,0,11111101
1d342a52,"In Alice's Wonderland, a secret bit manipulation rule transforms 8-bit binary numbers. The transformation involves operations like bit shifts, rotations, XOR, AND, OR, NOT, and possibly majority or choice functions.

Here are some examples of input -> output:
00100110 -> 11101001
00011001 -> 11010110
11001010 -> 00010010
11110001 -> 01101100
11100001 -> 01101000
00101100 -> 11001011
11111111 -> 00001111
00101010 -> 00101010

Now, determine the output for: 11001000",10110010,"I need to find the secret bit manipulation rule from the examples.

Given 8 examples:
  00100110 -> 11101001
  00011001 -> 11010110
  11001010 -> 00010010
  11110001 -> 01101100
  11100001 -> 01101000
  00101100 -> 11001011
  11111111 -> 00001111
  00101010 -> 00101010

Query: 11001000

Step 1: Check for whole-byte patterns.
  Mixed shift pattern detected.
  Rule: some output bits are shifted copies, rest use a uniform 2-input function.

Step 2: Apply the pattern to the query.
  11001000 -> 10110010

The answer is 10110010.",Bit Manipulation,high,w_mix,0,10110010
1dba764b,"In Alice's Wonderland, a secret bit manipulation rule transforms 8-bit binary numbers. The transformation involves operations like bit shifts, rotations, XOR, AND, OR, NOT, and possibly majority or choice functions.

Here are some examples of input -> output:
11100100 -> 00000000
00100001 -> 00000000
11001011 -> 00000000
00010110 -> 00000000
00111110 -> 00000000
10111011 -> 10000000
10000001 -> 00000000
01010011 -> 10000000
11011100 -> 00000000
11010011 -> 10000000

Now, determine the output for: 00110011",10000000,"I need to find the secret bit manipulation rule from the examples.

Given 10 examples:
  11100100 -> 00000000
  00100001 -> 00000000
  11001011 -> 00000000
  00010110 -> 00000000
  00111110 -> 00000000
  10111011 -> 10000000
  10000001 -> 00000000
  01010011 -> 10000000
  11011100 -> 00000000
  11010011 -> 10000000

Query: 00110011

Step 1: Analyze each output bit as an independent boolean function of input bits.

  Output bit 0: All 2 candidates agree -> value = 1
    Best match: AND(in[3], in[7]) = 1
  Output bit 1: All 4 candidates agree -> value = 0
    Best match: AND(in[5], in[7]) = 0
  Output bit 2: All 4 candidates agree -> value = 0
    Best match: AND(in[5], in[7]) = 0
  Output bit 3: All 4 candidates agree -> value = 0
    Best match: AND(in[5], in[7]) = 0
  Output bit 4: All 4 candidates agree -> value = 0
    Best match: AND(in[5], in[7]) = 0
  Output bit 5: All 4 candidates agree -> value = 0
    Best match: AND(in[5], in[7]) = 0
  Output bit 6: All 4 candidates agree -> value = 0
    Best match: AND(in[5], in[7]) = 0
  Output bit 7: All 4 candidates agree -> value = 0
    Best match: AND(in[5], in[7]) = 0

Step 2: No strong shift pattern detected.

Step 3: No additional bits resolved by context propagation.

Step 4: All bits resolved without brute-force.

Step 5: Combine all bits to form the output.
  bit0=1(unambig) | bit1=0(unambig) | bit2=0(unambig) | bit3=0(unambig) | bit4=0(unambig) | bit5=0(unambig) | bit6=0(unambig) | bit7=0(unambig)

The answer is 10000000.",Bit Manipulation,high,ctx,0,10000000
1deaf759,"In Alice's Wonderland, a secret bit manipulation rule transforms 8-bit binary numbers. The transformation involves operations like bit shifts, rotations, XOR, AND, OR, NOT, and possibly majority or choice functions.

Here are some examples of input -> output:
00111111 -> 01111001
01111010 -> 11010011
11011110 -> 11110110
10010110 -> 10110100
00000111 -> 00111000
10100110 -> 00110101
11001111 -> 01111110
11010110 -> 10110110
11111001 -> 01001111
11111111 -> 01111111

Now, determine the output for: 11110100",10100111,"I need to find the secret bit manipulation rule from the examples.

Given 10 examples:
  00111111 -> 01111001
  01111010 -> 11010011
  11011110 -> 11110110
  10010110 -> 10110100
  00000111 -> 00111000
  10100110 -> 00110101
  11001111 -> 01111110
  11010110 -> 10110110
  11111001 -> 01001111
  11111111 -> 01111111

Query: 11110100

Step 1: Analyze each output bit as an independent boolean function of input bits.

  Output bit 0: All 1 candidates agree -> value = 1
    Best match: INHIB(in[3], in[7]) = 1
  Output bit 1: Ambiguous (2 candidates predict 0, 1 predict 1)
    For 0: ID(in[4]), IMPL(in[5], in[4])
    For 1: IMPL(in[6], in[4])
  Output bit 2: Ambiguous (1 candidates predict 0, 5 predict 1)
    For 0: AND(in[5], in[6])
    For 1: ID(in[5]), IMPL(in[1], in[5]), IMPL(in[2], in[5])
  Output bit 3: Ambiguous (5 candidates predict 0, 5 predict 1)
    For 0: ID(in[6]), IMPL(in[0], in[6]), IMPL(in[1], in[6])
    For 1: OR(in[5], in[6]), IMPL(in[0], in[5]), IMPL(in[4], in[6])
  Output bit 4: Ambiguous (1 candidates predict 0, 1 predict 1)
    For 0: ID(in[7])
    For 1: IMPL(in[6], in[7])
  Output bit 5: All 2 candidates agree -> value = 1
    Best match: ID(in[0]) = 1
  Output bit 6: All 3 candidates agree -> value = 1
    Best match: ID(in[1]) = 1
  Output bit 7: All 3 candidates agree -> value = 1
    Best match: ID(in[2]) = 1

Step 2: Identify structural patterns.
  Confirmed bit mappings: bit1<-in[4](shift=3), bit2<-in[5](shift=3), bit3<-in[6](shift=3), bit4<-in[7](shift=3), bit5<-in[0](shift=3)
  Dominant shift = 3 (weight 19)

Step 3: Resolve ambiguous bits using structural patterns.
  Bit 1: Using shift=3, source = in[4] -> value = 0
  Bit 2: Using shift=3, source = in[5] -> value = 1
  Bit 3: Using shift=3, source = in[6] -> value = 0
  Bit 4: Using shift=3, source = in[7] -> value = 0

Step 4: All bits resolved without brute-force.

Step 5: Combine all bits to form the output.
  bit0=1(unambig) | bit1=0(ctx) | bit2=1(ctx) | bit3=0(ctx) | bit4=0(ctx) | bit5=1(unambig) | bit6=1(unambig) | bit7=1(unambig)

The answer is 10100111.",Bit Manipulation,high,ctx,0,10100111
1dfb1f3d,"In Alice's Wonderland, a secret bit manipulation rule transforms 8-bit binary numbers. The transformation involves operations like bit shifts, rotations, XOR, AND, OR, NOT, and possibly majority or choice functions.

Here are some examples of input -> output:
11110000 -> 01111000
01110011 -> 01111001
01000010 -> 10100001
10111010 -> 11011101
10101101 -> 10010110
10011010 -> 11001101
11010001 -> 10101000
10011111 -> 00001111
01001110 -> 10100111
10100000 -> 01010000

Now, determine the output for: 00001010",10000101,"I need to find the secret bit manipulation rule from the examples.

Given 10 examples:
  11110000 -> 01111000
  01110011 -> 01111001
  01000010 -> 10100001
  10111010 -> 11011101
  10101101 -> 10010110
  10011010 -> 11001101
  11010001 -> 10101000
  10011111 -> 00001111
  01001110 -> 10100111
  10100000 -> 01010000

Query: 00001010

Step 1: Check for whole-byte patterns.
  Mixed shift pattern detected.
  Rule: some output bits are shifted copies, rest use a uniform 2-input function.

Step 2: Apply the pattern to the query.
  00001010 -> 10000101

The answer is 10000101.",Bit Manipulation,high,w_mix,0,10000101
1e677e2c,"In Alice's Wonderland, a secret bit manipulation rule transforms 8-bit binary numbers. The transformation involves operations like bit shifts, rotations, XOR, AND, OR, NOT, and possibly majority or choice functions.

Here are some examples of input -> output:
11110100 -> 01001111
00100111 -> 10110010
01000011 -> 11110100
01110011 -> 11110111
11100011 -> 11111110
00000100 -> 01000000
10101111 -> 00111010
00111101 -> 10010011

Now, determine the output for: 11011000",10001101,"I need to find the secret bit manipulation rule from the examples.

Given 8 examples:
  11110100 -> 01001111
  00100111 -> 10110010
  01000011 -> 11110100
  01110011 -> 11110111
  11100011 -> 11111110
  00000100 -> 01000000
  10101111 -> 00111010
  00111101 -> 10010011

Query: 11011000

Step 1: Check for whole-byte patterns.
  Mixed shift pattern detected.
  Rule: some output bits are shifted copies, rest use a uniform 2-input function.

Step 2: Apply the pattern to the query.
  11011000 -> 10001101

The answer is 10001101.",Bit Manipulation,high,w_mix,0,10001101
1f1292d6,"In Alice's Wonderland, a secret bit manipulation rule transforms 8-bit binary numbers. The transformation involves operations like bit shifts, rotations, XOR, AND, OR, NOT, and possibly majority or choice functions.

Here are some examples of input -> output:
10110011 -> 10011001
11100100 -> 00100110
00010101 -> 10101000
10110100 -> 10100001
11011110 -> 11110100
10001100 -> 01100000
00011101 -> 11101000
00100110 -> 00110000
11001111 -> 01111100
10111010 -> 11010001

Now, determine the output for: 01010001",10001000,"I need to find the secret bit manipulation rule from the examples.

Given 10 examples:
  10110011 -> 10011001
  11100100 -> 00100110
  00010101 -> 10101000
  10110100 -> 10100001
  11011110 -> 11110100
  10001100 -> 01100000
  00011101 -> 11101000
  00100110 -> 00110000
  11001111 -> 01111100
  10111010 -> 11010001

Query: 01010001

Step 1: Check for whole-byte patterns.
  Mixed shift pattern detected.
  Rule: some output bits are shifted copies, rest use a uniform 2-input function.

Step 2: Apply the pattern to the query.
  01010001 -> 10001000

The answer is 10001000.",Bit Manipulation,high,w_mix,0,10001000
20f3b869,"In Alice's Wonderland, a secret bit manipulation rule transforms 8-bit binary numbers. The transformation involves operations like bit shifts, rotations, XOR, AND, OR, NOT, and possibly majority or choice functions.

Here are some examples of input -> output:
00010010 -> 00101101
10101111 -> 01011111
11011010 -> 11111101
11100101 -> 11111011
11010001 -> 11101011
10111010 -> 01111101
11011101 -> 11111111
00101010 -> 01010101
01010101 -> 10101010
10001011 -> 01010111

Now, determine the output for: 01101111",11111111,"I need to find the secret bit manipulation rule from the examples.

Given 10 examples:
  00010010 -> 00101101
  10101111 -> 01011111
  11011010 -> 11111101
  11100101 -> 11111011
  11010001 -> 11101011
  10111010 -> 01111101
  11011101 -> 11111111
  00101010 -> 01010101
  01010101 -> 10101010
  10001011 -> 01010111

Query: 01101111

Step 1: Analyze each output bit as an independent boolean function of input bits.

  Output bit 0: All 2 candidates agree -> value = 1
    Best match: ID(in[1]) = 1
  Output bit 1: All 3 candidates agree -> value = 1
    Best match: OR(in[0], in[2]) = 1
  Output bit 2: Ambiguous (2 candidates predict 0, 1 predict 1)
    For 0: IMPL(in[4], in[3]), IMPL(in[6], in[3])
    For 1: OR(in[1], in[3])
  Output bit 3: All 2 candidates agree -> value = 1
    Best match: OR(in[2], in[4]) = 1
  Output bit 4: All 1 candidates agree -> value = 1
    Best match: OR(in[3], in[5]) = 1
  Output bit 5: All 3 candidates agree -> value = 1
    Best match: OR(in[4], in[6]) = 1
  Output bit 6: All 3 candidates agree -> value = 1
    Best match: ID(in[7]) = 1
  Output bit 7: Ambiguous (3 candidates predict 0, 1 predict 1)
    For 0: IMPL(in[1], in[0]), IMPL(in[5], in[0]), IMPL(in[7], in[0])
    For 1: OR(in[0], in[6])

Step 2: Identify structural patterns.
  Confirmed bit mappings: bit0<-in[1](shift=1), bit6<-in[7](shift=1)
  Dominant shift = 1 (weight 10)

Step 3: Resolve ambiguous bits using structural patterns.
  Bit 2: Resolved via pair/structure pattern -> value = 1
  Bit 7: Resolved via pair/structure pattern -> value = 1

Step 4: All bits resolved without brute-force.

Step 5: Combine all bits to form the output.
  bit0=1(unambig) | bit1=1(unambig) | bit2=1(ctx) | bit3=1(unambig) | bit4=1(unambig) | bit5=1(unambig) | bit6=1(unambig) | bit7=1(ctx)

The answer is 11111111.",Bit Manipulation,high,ctx,0,11111111
21fa96be,"In Alice's Wonderland, a secret bit manipulation rule transforms 8-bit binary numbers. The transformation involves operations like bit shifts, rotations, XOR, AND, OR, NOT, and possibly majority or choice functions.

Here are some examples of input -> output:
01001000 -> 10001001
00001010 -> 10100001
01011001 -> 10011011
01001111 -> 11111001
10001001 -> 10000001
00010000 -> 00000010
10101100 -> 11010101

Now, determine the output for: 00011001",10010011,"I need to find the secret bit manipulation rule from the examples.

Given 7 examples:
  01001000 -> 10001001
  00001010 -> 10100001
  01011001 -> 10011011
  01001111 -> 11111001
  10001001 -> 10000001
  00010000 -> 00000010
  10101100 -> 11010101

Query: 00011001

Step 1: Analyze each output bit as an independent boolean function of input bits.

  Output bit 0: Ambiguous (1 candidates predict 0, 9 predict 1)
    For 0: IMPL(in[3], in[1])
    For 1: ID(in[4]), OR(in[0], in[4]), OR(in[1], in[4])
  Output bit 1: All 4 candidates agree -> value = 0
    Best match: ID(in[5]) = 0
  Output bit 2: All 5 candidates agree -> value = 0
    Best match: ID(in[6]) = 0
  Output bit 3: All 1 candidates agree -> value = 1
    Best match: XOR(in[0], in[7]) = 1
  Output bit 4: All 4 candidates agree -> value = 0
    Best match: ID(in[1]) = 0
  Output bit 5: All 13 candidates agree -> value = 0
    Best match: ID(in[2]) = 0
  Output bit 6: All 6 candidates agree -> value = 1
    Best match: ID(in[3]) = 1
  Output bit 7: Ambiguous (1 candidates predict 0, 9 predict 1)
    For 0: IMPL(in[3], in[1])
    For 1: ID(in[4]), OR(in[0], in[4]), OR(in[1], in[4])

Step 2: Identify structural patterns.
  Confirmed bit mappings: bit0<-in[4](shift=4), bit1<-in[5](shift=4), bit2<-in[6](shift=4), bit4<-in[1](shift=5), bit5<-in[2](shift=5)
  Dominant shift = 5 (weight 16)

Step 3: Resolve ambiguous bits using structural patterns.
  Bit 0: Using shift=4, source = in[4] -> value = 1
  Bit 7: Using shift=5, source = in[4] -> value = 1

Step 4: All bits resolved without brute-force.

Step 5: Combine all bits to form the output.
  bit0=1(ctx) | bit1=0(unambig) | bit2=0(unambig) | bit3=1(unambig) | bit4=0(unambig) | bit5=0(unambig) | bit6=1(unambig) | bit7=1(ctx)

The answer is 10010011.",Bit Manipulation,high,ctx,0,10010011
22b516b3,"In Alice's Wonderland, a secret bit manipulation rule transforms 8-bit binary numbers. The transformation involves operations like bit shifts, rotations, XOR, AND, OR, NOT, and possibly majority or choice functions.

Here are some examples of input -> output:
00001000 -> 01010000
01010110 -> 10111110
10011100 -> 11111100
01101110 -> 11111111
00111110 -> 11111101
00011101 -> 11111010
01001100 -> 11111010
10101101 -> 01111111
01100100 -> 11101011

Now, determine the output for: 01101111",11111111,"I need to find the secret bit manipulation rule from the examples.

Given 9 examples:
  00001000 -> 01010000
  01010110 -> 10111110
  10011100 -> 11111100
  01101110 -> 11111111
  00111110 -> 11111101
  00011101 -> 11111010
  01001100 -> 11111010
  10101101 -> 01111111
  01100100 -> 11101011

Query: 01101111

Step 1: Analyze each output bit as an independent boolean function of input bits.

  Output bit 0: All 1 candidates agree -> value = 1
    Best match: OR(in[1], in[3]) = 1
  Output bit 1: All 5 candidates agree -> value = 1
    Best match: OR(in[2], in[4]) = 1
  Output bit 2: All 8 candidates agree -> value = 1
    Best match: ID(in[5]) = 1
  Output bit 3: All 3 candidates agree -> value = 1
    Best match: OR(in[3], in[4]) = 1
  Output bit 4: All 8 candidates agree -> value = 1
    Best match: ID(in[5]) = 1
  Output bit 5: All 2 candidates agree -> value = 1
    Best match: XOR(in[0], in[6]) = 1
  Output bit 6: Ambiguous (1 candidates predict 0, 1 predict 1)
    For 0: XOR(in[1], in[7])
    For 1: OR(in[1], in[7])
  Output bit 7: All 2 candidates agree -> value = 1
    Best match: ID(in[2]) = 1

Step 2: Identify structural patterns.
  Confirmed bit mappings: bit2<-in[5](shift=3), bit4<-in[5](shift=1), bit7<-in[2](shift=3)
  Dominant shift = 3 (weight 10)

Step 3: Resolve ambiguous bits using structural patterns.
  Bit 6: Resolved via pair/structure pattern -> value = 1

Step 4: All bits resolved without brute-force.

Step 5: Combine all bits to form the output.
  bit0=1(unambig) | bit1=1(unambig) | bit2=1(unambig) | bit3=1(unambig) | bit4=1(unambig) | bit5=1(unambig) | bit6=1(ctx) | bit7=1(unambig)

The answer is 11111111.",Bit Manipulation,high,ctx,0,11111111
22c34f56,"In Alice's Wonderland, a secret bit manipulation rule transforms 8-bit binary numbers. The transformation involves operations like bit shifts, rotations, XOR, AND, OR, NOT, and possibly majority or choice functions.

Here are some examples of input -> output:
00110001 -> 01100100
11001001 -> 10001011
11111010 -> 11101011
01000100 -> 10000000
01110110 -> 11100010
00101110 -> 01011001
00010001 -> 00100000
01001010 -> 10011101
00101101 -> 01011111
11100000 -> 11011100

Now, determine the output for: 01111111",11110001,"I need to find the secret bit manipulation rule from the examples.

Given 10 examples:
  00110001 -> 01100100
  11001001 -> 10001011
  11111010 -> 11101011
  01000100 -> 10000000
  01110110 -> 11100010
  00101110 -> 01011001
  00010001 -> 00100000
  01001010 -> 10011101
  00101101 -> 01011111
  11100000 -> 11011100

Query: 01111111

Step 1: Analyze each output bit as an independent boolean function of input bits.

  Output bit 0: All 2 candidates agree -> value = 1
    Best match: ID(in[1]) = 1
  Output bit 1: All 1 candidates agree -> value = 1
    Best match: ID(in[2]) = 1
  Output bit 2: All 1 candidates agree -> value = 1
    Best match: ID(in[3]) = 1
  Output bit 3: All 1 candidates agree -> value = 1
    Best match: XOR(in[0], in[4]) = 1
  Output bit 4: Ambiguous (1 candidates predict 0, 1 predict 1)
    For 0: XOR(in[1], in[5])
    For 1: OR(in[0], in[4])
  Output bit 5: All 1 candidates agree -> value = 0
    Best match: XOR(in[2], in[6]) = 0
  Output bit 6: All 1 candidates agree -> value = 0
    Best match: XOR(in[3], in[7]) = 0
  Output bit 7: All 1 candidates agree -> value = 1
    Best match: ID(in[4]) = 1

Step 2: Identify structural patterns.
  Confirmed bit mappings: bit0<-in[1](shift=1), bit1<-in[2](shift=1), bit2<-in[3](shift=1), bit7<-in[4](shift=5)
  Dominant shift = 1 (weight 15)

Step 3: Resolve ambiguous bits using structural patterns.
  Bit 4: Resolved via pair/structure pattern -> value = 0

Step 4: All bits resolved without brute-force.

Step 5: Combine all bits to form the output.
  bit0=1(unambig) | bit1=1(unambig) | bit2=1(unambig) | bit3=1(unambig) | bit4=0(ctx) | bit5=0(unambig) | bit6=0(unambig) | bit7=1(unambig)

The answer is 11110001.",Bit Manipulation,high,ctx,0,11110001
24a68f61,"In Alice's Wonderland, a secret bit manipulation rule transforms 8-bit binary numbers. The transformation involves operations like bit shifts, rotations, XOR, AND, OR, NOT, and possibly majority or choice functions.

Here are some examples of input -> output:
11010011 -> 10011101
11010100 -> 10100101
10001000 -> 01000110
10000010 -> 00010110
01110110 -> 10110010
10011001 -> 11001110
00110000 -> 10000001
01111010 -> 11010010
10111010 -> 11010111
11110010 -> 10010100

Now, determine the output for: 00110010",10010001,"I need to find the secret bit manipulation rule from the examples.

Given 10 examples:
  11010011 -> 10011101
  11010100 -> 10100101
  10001000 -> 01000110
  10000010 -> 00010110
  01110110 -> 10110010
  10011001 -> 11001110
  00110000 -> 10000001
  01111010 -> 11010010
  10111010 -> 11010111
  11110010 -> 10010100

Query: 00110010

Step 1: Check for whole-byte patterns.
  Mixed shift pattern detected.
  Rule: some output bits are shifted copies, rest use a uniform 2-input function.

Step 2: Apply the pattern to the query.
  00110010 -> 10010001

The answer is 10010001.",Bit Manipulation,high,w_mix,0,10010001
24f44584,"In Alice's Wonderland, a secret bit manipulation rule transforms 8-bit binary numbers. The transformation involves operations like bit shifts, rotations, XOR, AND, OR, NOT, and possibly majority or choice functions.

Here are some examples of input -> output:
11101011 -> 01101110
10110001 -> 00001111
01001111 -> 10111100
10001101 -> 10011001
01100000 -> 11001111
00111001 -> 01000011
00010000 -> 11110111
11010110 -> 01011101

Now, determine the output for: 00001000",11111011,"I need to find the secret bit manipulation rule from the examples.

Given 8 examples:
  11101011 -> 01101110
  10110001 -> 00001111
  01001111 -> 10111100
  10001101 -> 10011001
  01100000 -> 11001111
  00111001 -> 01000011
  00010000 -> 11110111
  11010110 -> 01011101

Query: 00001000

Step 1: Analyze each output bit as an independent boolean function of input bits.

  Output bit 0: All 1 candidates agree -> value = 1
    Best match: XNOR(in[5], in[7]) = 1
  Output bit 1: All 1 candidates agree -> value = 1
    Best match: XNOR(in[0], in[6]) = 1
  Output bit 2: All 1 candidates agree -> value = 1
    Best match: XNOR(in[1], in[7]) = 1
  Output bit 3: All 2 candidates agree -> value = 1
    Best match: NOT(in[2]) = 1
  Output bit 4: Ambiguous (1 candidates predict 0, 1 predict 1)
    For 0: OR(in[0], in[1])
    For 1: IMPL(in[3], in[0])
  Output bit 5: All 2 candidates agree -> value = 0
    Best match: IMPL(in[4], in[1]) = 0
  Output bit 6: All 2 candidates agree -> value = 1
    Best match: NOT(in[5]) = 1
  Output bit 7: All 5 candidates agree -> value = 1
    Best match: NAND(in[1], in[4]) = 1

Step 2: Identify structural patterns.
  Confirmed bit mappings: bit3<-in[2](shift=7), bit6<-in[5](shift=7)
  Dominant shift = 7 (weight 10)

Step 3: Resolve ambiguous bits using structural patterns.
  Bit 4: Resolved via pair/structure pattern -> value = 1

Step 4: All bits resolved without brute-force.

Step 5: Combine all bits to form the output.
  bit0=1(unambig) | bit1=1(unambig) | bit2=1(unambig) | bit3=1(unambig) | bit4=1(ctx) | bit5=0(unambig) | bit6=1(unambig) | bit7=1(unambig)

The answer is 11111011.",Bit Manipulation,high,ctx,0,11111011
25705f72,"In Alice's Wonderland, a secret bit manipulation rule transforms 8-bit binary numbers. The transformation involves operations like bit shifts, rotations, XOR, AND, OR, NOT, and possibly majority or choice functions.

Here are some examples of input -> output:
01010100 -> 01101010
10111001 -> 01001100
11010100 -> 00101010
11011001 -> 01111100
11000100 -> 00100010
00010000 -> 00001000
11011111 -> 00011111
10011011 -> 01111101

Now, determine the output for: 11000001",11110000,"I need to find the secret bit manipulation rule from the examples.

Given 8 examples:
  01010100 -> 01101010
  10111001 -> 01001100
  11010100 -> 00101010
  11011001 -> 01111100
  11000100 -> 00100010
  00010000 -> 00001000
  11011111 -> 00011111
  10011011 -> 01111101

Query: 11000001

Step 1: Check for whole-byte patterns.
  Mixed shift pattern detected.
  Rule: some output bits are shifted copies, rest use a uniform 2-input function.

Step 2: Apply the pattern to the query.
  11000001 -> 11110000

The answer is 11110000.",Bit Manipulation,high,w_mix,0,11110000
2630aaf8,"In Alice's Wonderland, a secret bit manipulation rule transforms 8-bit binary numbers. The transformation involves operations like bit shifts, rotations, XOR, AND, OR, NOT, and possibly majority or choice functions.

Here are some examples of input -> output:
10111000 -> 00111111
11100111 -> 10111001
10110010 -> 10111101
10111001 -> 01111111
00000110 -> 01100111
11000110 -> 01110101
11010101 -> 11111101
00011111 -> 01000111
01000011 -> 00110010
00010111 -> 01100111

Now, determine the output for: 11111010",10111110,"I need to find the secret bit manipulation rule from the examples.

Given 10 examples:
  10111000 -> 00111111
  11100111 -> 10111001
  10110010 -> 10111101
  10111001 -> 01111111
  00000110 -> 01100111
  11000110 -> 01110101
  11010101 -> 11111101
  00011111 -> 01000111
  01000011 -> 00110010
  00010111 -> 01100111

Query: 11111010

Step 1: Analyze each output bit as an independent boolean function of input bits.

  Output bit 0: All 1 candidates agree -> value = 1
    Best match: XNOR(in[2], in[6]) = 1
  Output bit 1: All 1 candidates agree -> value = 0
    Best match: XNOR(in[3], in[7]) = 0
  Output bit 2: Ambiguous (1 candidates predict 0, 3 predict 1)
    For 0: NAND(in[4], in[6])
    For 1: NAND(in[4], in[5]), IMPL(in[4], in[0]), IMPL(in[4], in[2])
  Output bit 3: All 4 candidates agree -> value = 1
    Best match: OR(in[0], in[1]) = 1
  Output bit 4: All 1 candidates agree -> value = 1
    Best match: IMPL(in[6], in[2]) = 1
  Output bit 5: All 2 candidates agree -> value = 1
    Best match: XOR(in[2], in[5]) = 1
  Output bit 6: All 1 candidates agree -> value = 1
    Best match: IMPL(in[0], in[4]) = 1
  Output bit 7: Ambiguous (1 candidates predict 0, 4 predict 1)
    For 0: IMPL(in[1], in[5])
    For 1: OR(in[0], in[5]), OR(in[2], in[5]), OR(in[3], in[5])

Step 2: No strong shift pattern detected.

Step 3: Resolve ambiguous bits using structural patterns.
  Bit 2: Resolved via pair/structure pattern -> value = 1
  Bit 7: Resolved via pair/structure pattern -> value = 0

Step 4: All bits resolved without brute-force.

Step 5: Combine all bits to form the output.
  bit0=1(unambig) | bit1=0(unambig) | bit2=1(ctx) | bit3=1(unambig) | bit4=1(unambig) | bit5=1(unambig) | bit6=1(unambig) | bit7=0(ctx)

The answer is 10111110.",Bit Manipulation,high,ctx,0,10111110
26410094,"In Alice's Wonderland, a secret bit manipulation rule transforms 8-bit binary numbers. The transformation involves operations like bit shifts, rotations, XOR, AND, OR, NOT, and possibly majority or choice functions.

Here are some examples of input -> output:
10001001 -> 01100010
01100100 -> 00011001
01100110 -> 10011001
10110001 -> 01101100
00110011 -> 01001100
10111000 -> 00101110
11111101 -> 01111111
01110010 -> 10011100

Now, determine the output for: 01000010",10010000,"I need to find the secret bit manipulation rule from the examples.

Given 8 examples:
  10001001 -> 01100010
  01100100 -> 00011001
  01100110 -> 10011001
  10110001 -> 01101100
  00110011 -> 01001100
  10111000 -> 00101110
  11111101 -> 01111111
  01110010 -> 10011100

Query: 01000010

Step 1: Check for whole-byte patterns.
  Mixed shift pattern detected.
  Rule: some output bits are shifted copies, rest use a uniform 2-input function.

Step 2: Apply the pattern to the query.
  01000010 -> 10010000

The answer is 10010000.",Bit Manipulation,high,w_mix,0,10010000
2774d7a4,"In Alice's Wonderland, a secret bit manipulation rule transforms 8-bit binary numbers. The transformation involves operations like bit shifts, rotations, XOR, AND, OR, NOT, and possibly majority or choice functions.

Here are some examples of input -> output:
10101000 -> 11010100
01001000 -> 10100100
11111100 -> 10111110
11011100 -> 10101110
01101011 -> 10000101
00010001 -> 00011000
10111001 -> 11001100
11110101 -> 00101010
11010001 -> 01111000

Now, determine the output for: 10001011",11110101,"I need to find the secret bit manipulation rule from the examples.

Given 9 examples:
  10101000 -> 11010100
  01001000 -> 10100100
  11111100 -> 10111110
  11011100 -> 10101110
  01101011 -> 10000101
  00010001 -> 00011000
  10111001 -> 11001100
  11110101 -> 00101010
  11010001 -> 01111000

Query: 10001011

Step 1: Analyze each output bit as an independent boolean function of input bits.

  Output bit 0: All 4 candidates agree -> value = 1
    Best match: ID(in[4]) = 1
  Output bit 1: All 2 candidates agree -> value = 1
    Best match: XOR(in[0], in[5]) = 1
  Output bit 2: Ambiguous (1 candidates predict 0, 1 predict 1)
    For 0: INHIB(in[1], in[6])
    For 1: XOR(in[1], in[6])
  Output bit 3: All 1 candidates agree -> value = 1
    Best match: XOR(in[2], in[7]) = 1
  Output bit 4: All 4 candidates agree -> value = 0
    Best match: ID(in[3]) = 0
  Output bit 5: All 4 candidates agree -> value = 1
    Best match: ID(in[4]) = 1
  Output bit 6: All 5 candidates agree -> value = 0
    Best match: ID(in[5]) = 0
  Output bit 7: Ambiguous (4 candidates predict 0, 6 predict 1)
    For 0: AND(in[1], in[6]), AND(in[2], in[6]), INHIB(in[2], in[0])
    For 1: ID(in[6]), AND(in[4], in[6]), AND(in[6], in[7])

Step 2: Identify structural patterns.
  Confirmed bit mappings: bit0<-in[4](shift=4), bit4<-in[3](shift=7), bit5<-in[4](shift=7), bit6<-in[5](shift=7), bit7<-in[6](shift=7)
  Dominant shift = 7 (weight 16)

Step 3: Resolve ambiguous bits using structural patterns.
  Bit 2: Resolved via pair/structure pattern -> value = 1
  Bit 7: Using shift=7, source = in[6] -> value = 1

Step 4: All bits resolved without brute-force.

Step 5: Combine all bits to form the output.
  bit0=1(unambig) | bit1=1(unambig) | bit2=1(ctx) | bit3=1(unambig) | bit4=0(unambig) | bit5=1(unambig) | bit6=0(unambig) | bit7=1(ctx)

The answer is 11110101.",Bit Manipulation,high,ctx,0,11110101
28b6bc51,"In Alice's Wonderland, a secret bit manipulation rule transforms 8-bit binary numbers. The transformation involves operations like bit shifts, rotations, XOR, AND, OR, NOT, and possibly majority or choice functions.

Here are some examples of input -> output:
10111010 -> 11111111
00010101 -> 01011110
10110011 -> 11011111
00001000 -> 00100100
11101001 -> 11110111
11010111 -> 01111111
11010000 -> 01101011

Now, determine the output for: 10110010",11011011,"I need to find the secret bit manipulation rule from the examples.

Given 7 examples:
  10111010 -> 11111111
  00010101 -> 01011110
  10110011 -> 11011111
  00001000 -> 00100100
  11101001 -> 11110111
  11010111 -> 01111111
  11010000 -> 01101011

Query: 10110010

Step 1: Analyze each output bit as an independent boolean function of input bits.

  Output bit 0: All 3 candidates agree -> value = 1
    Best match: ID(in[2]) = 1
  Output bit 1: All 8 candidates agree -> value = 1
    Best match: OR(in[0], in[3]) = 1
  Output bit 2: Ambiguous (1 candidates predict 0, 1 predict 1)
    For 0: OR(in[1], in[4])
    For 1: IMPL(in[7], in[1])
  Output bit 3: All 4 candidates agree -> value = 1
    Best match: XOR(in[2], in[5]) = 1
  Output bit 4: All 5 candidates agree -> value = 1
    Best match: ID(in[3]) = 1
  Output bit 5: Ambiguous (1 candidates predict 0, 1 predict 1)
    For 0: OR(in[4], in[7])
    For 1: IMPL(in[1], in[7])
  Output bit 6: All 8 candidates agree -> value = 1
    Best match: OR(in[0], in[3]) = 1
  Output bit 7: All 6 candidates agree -> value = 1
    Best match: ID(in[0]) = 1

Step 2: Identify structural patterns.
  Confirmed bit mappings: bit0<-in[2](shift=2), bit4<-in[3](shift=7), bit7<-in[0](shift=1)
  Dominant shift = 2 (weight 5)

Step 3: Resolve ambiguous bits using structural patterns.
  Bit 2: Resolved via pair/structure pattern -> value = 0
  Bit 5: Resolved via pair/structure pattern -> value = 0

Step 4: All bits resolved without brute-force.

Step 5: Combine all bits to form the output.
  bit0=1(unambig) | bit1=1(unambig) | bit2=0(ctx) | bit3=1(unambig) | bit4=1(unambig) | bit5=0(ctx) | bit6=1(unambig) | bit7=1(unambig)

The answer is 11011011.",Bit Manipulation,high,ctx,0,11011011
2a5d4790,"In Alice's Wonderland, a secret bit manipulation rule transforms 8-bit binary numbers. The transformation involves operations like bit shifts, rotations, XOR, AND, OR, NOT, and possibly majority or choice functions.

Here are some examples of input -> output:
00000111 -> 01110011
11011110 -> 11101111
01000000 -> 00100100
01111100 -> 11111111
11100110 -> 01111111
10111100 -> 11011111
00000011 -> 00110001
00101100 -> 11010110

Now, determine the output for: 01111111",11111111,"I need to find the secret bit manipulation rule from the examples.

Given 8 examples:
  00000111 -> 01110011
  11011110 -> 11101111
  01000000 -> 00100100
  01111100 -> 11111111
  11100110 -> 01111111
  10111100 -> 11011111
  00000011 -> 00110001
  00101100 -> 11010110

Query: 01111111

Step 1: Analyze each output bit as an independent boolean function of input bits.

  Output bit 0: Ambiguous (1 candidates predict 0, 3 predict 1)
    For 0: INHIB(in[4], in[7])
    For 1: ID(in[4]), AND(in[4], in[5]), OR(in[3], in[4])
  Output bit 1: All 5 candidates agree -> value = 1
    Best match: ID(in[5]) = 1
  Output bit 2: Ambiguous (1 candidates predict 0, 4 predict 1)
    For 0: XOR(in[1], in[7])
    For 1: OR(in[1], in[6]), OR(in[1], in[7]), IMPL(in[2], in[1])
  Output bit 3: Ambiguous (2 candidates predict 0, 2 predict 1)
    For 0: XOR(in[2], in[7]), XOR(in[4], in[6])
    For 1: OR(in[2], in[7]), IMPL(in[1], in[2])
  Output bit 4: All 1 candidates agree -> value = 1
    Best match: OR(in[0], in[3]) = 1
  Output bit 5: Ambiguous (4 candidates predict 0, 7 predict 1)
    For 0: NOT(in[7]), NAND(in[6], in[7]), IMPL(in[6], in[0])
    For 1: OR(in[1], in[2]), OR(in[1], in[4]), IMPL(in[6], in[1])
  Output bit 6: All 5 candidates agree -> value = 1
    Best match: ID(in[5]) = 1
  Output bit 7: All 1 candidates agree -> value = 1
    Best match: OR(in[3], in[6]) = 1

Step 2: Identify structural patterns.
  Confirmed bit mappings: bit0<-in[4](shift=4), bit1<-in[5](shift=4), bit6<-in[5](shift=7)
  Dominant shift = 4 (weight 6)

Step 3: Resolve ambiguous bits using structural patterns.
  Bit 0: Using shift=4, source = in[4] -> value = 1
  Bit 2: Resolved via pair/structure pattern -> value = 1
  Bit 3: Resolved via pair/structure pattern -> value = 1
  Bit 5: Resolved via pair/structure pattern -> value = 1

Step 4: All bits resolved without brute-force.

Step 5: Combine all bits to form the output.
  bit0=1(ctx) | bit1=1(unambig) | bit2=1(ctx) | bit3=1(ctx) | bit4=1(unambig) | bit5=1(ctx) | bit6=1(unambig) | bit7=1(unambig)

The answer is 11111111.",Bit Manipulation,high,ctx,0,11111111
2aa6ce6a,"In Alice's Wonderland, a secret bit manipulation rule transforms 8-bit binary numbers. The transformation involves operations like bit shifts, rotations, XOR, AND, OR, NOT, and possibly majority or choice functions.

Here are some examples of input -> output:
00100001 -> 10010100
11101010 -> 01101000
00000100 -> 00000010
00011111 -> 10001100
01101001 -> 10111001
00101110 -> 00010010
01110010 -> 00110111
10110001 -> 11001110
11000101 -> 11111010

Now, determine the output for: 10000011",11010001,"I need to find the secret bit manipulation rule from the examples.

Given 9 examples:
  00100001 -> 10010100
  11101010 -> 01101000
  00000100 -> 00000010
  00011111 -> 10001100
  01101001 -> 10111001
  00101110 -> 00010010
  01110010 -> 00110111
  10110001 -> 11001110
  11000101 -> 11111010

Query: 10000011

Step 1: Check for whole-byte patterns.
  Mixed shift pattern detected.
  Rule: some output bits are shifted copies, rest use a uniform 2-input function.

Step 2: Apply the pattern to the query.
  10000011 -> 11010001

The answer is 11010001.",Bit Manipulation,high,w_mix,0,11010001
2ae80ced,"In Alice's Wonderland, a secret bit manipulation rule transforms 8-bit binary numbers. The transformation involves operations like bit shifts, rotations, XOR, AND, OR, NOT, and possibly majority or choice functions.

Here are some examples of input -> output:
11101010 -> 00001111
00110100 -> 11100101
10010100 -> 10110101
11001011 -> 11011110
01101101 -> 00001011
10000111 -> 11111100
01101111 -> 10001011
00000101 -> 00111101
11100110 -> 00001111

Now, determine the output for: 10110100",10100101,"I need to find the secret bit manipulation rule from the examples.

Given 9 examples:
  11101010 -> 00001111
  00110100 -> 11100101
  10010100 -> 10110101
  11001011 -> 11011110
  01101101 -> 00001011
  10000111 -> 11111100
  01101111 -> 10001011
  00000101 -> 00111101
  11100110 -> 00001111

Query: 10110100

Step 1: Analyze each output bit as an independent boolean function of input bits.

  Output bit 0: All 1 candidates agree -> value = 1
    Best match: XNOR(in[6], in[7]) = 1
  Output bit 1: All 1 candidates agree -> value = 0
    Best match: XNOR(in[0], in[7]) = 0
  Output bit 2: All 4 candidates agree -> value = 1
    Best match: NOR(in[1], in[4]) = 1
  Output bit 3: All 1 candidates agree -> value = 0
    Best match: NOT(in[2]) = 0
  Output bit 4: All 8 candidates agree -> value = 0
    Best match: OR(in[1], in[7]) = 0
  Output bit 5: All 5 candidates agree -> value = 1
    Best match: XOR(in[4], in[5]) = 1
  Output bit 6: All 4 candidates agree -> value = 0
    Best match: ID(in[1]) = 0
  Output bit 7: All 2 candidates agree -> value = 1
    Best match: NAND(in[0], in[7]) = 1

Step 2: Identify structural patterns.
  Confirmed bit mappings: bit2<-in[1](shift=7), bit3<-in[2](shift=7), bit4<-in[3](shift=7), bit6<-in[1](shift=3)
  Dominant shift = 7 (weight 15)

Step 3: No additional bits resolved by context propagation.

Step 4: All bits resolved without brute-force.

Step 5: Combine all bits to form the output.
  bit0=1(unambig) | bit1=0(unambig) | bit2=1(unambig) | bit3=0(unambig) | bit4=0(unambig) | bit5=1(unambig) | bit6=0(unambig) | bit7=1(unambig)

The answer is 10100101.",Bit Manipulation,high,ctx,0,10100101
2b28f527,"In Alice's Wonderland, a secret bit manipulation rule transforms 8-bit binary numbers. The transformation involves operations like bit shifts, rotations, XOR, AND, OR, NOT, and possibly majority or choice functions.

Here are some examples of input -> output:
01111110 -> 10000111
01111100 -> 00000111
11110100 -> 00001111
00010001 -> 01000001
10111001 -> 01001011
00001110 -> 10000000
01001011 -> 11000100
10000101 -> 01001000
11101001 -> 01001110
10000010 -> 10001000

Now, determine the output for: 01010010",10000101,"I need to find the secret bit manipulation rule from the examples.

Given 10 examples:
  01111110 -> 10000111
  01111100 -> 00000111
  11110100 -> 00001111
  00010001 -> 01000001
  10111001 -> 01001011
  00001110 -> 10000000
  01001011 -> 11000100
  10000101 -> 01001000
  11101001 -> 01001110
  10000010 -> 10001000

Query: 01010010

Step 1: Analyze each output bit as an independent boolean function of input bits.

  Output bit 0: All 1 candidates agree -> value = 1
    Best match: ID(in[6]) = 1
  Output bit 1: All 1 candidates agree -> value = 0
    Best match: ID(in[7]) = 0
  Output bit 2: All 1 candidates agree -> value = 0
    Best match: C0 = 0
  Output bit 3: All 1 candidates agree -> value = 0
    Best match: C0 = 0
  Output bit 4: All 1 candidates agree -> value = 0
    Best match: ID(in[0]) = 0
  Output bit 5: All 1 candidates agree -> value = 1
    Best match: ID(in[1]) = 1
  Output bit 6: All 1 candidates agree -> value = 0
    Best match: ID(in[2]) = 0
  Output bit 7: All 1 candidates agree -> value = 1
    Best match: ID(in[3]) = 1

Step 2: Identify structural patterns.
  Confirmed bit mappings: bit0<-in[6](shift=6), bit1<-in[7](shift=6), bit4<-in[0](shift=4), bit5<-in[1](shift=4), bit6<-in[2](shift=4)
  Dominant shift = 4 (weight 20)

Step 3: No additional bits resolved by context propagation.

Step 4: All bits resolved without brute-force.

Step 5: Combine all bits to form the output.
  bit0=1(unambig) | bit1=0(unambig) | bit2=0(unambig) | bit3=0(unambig) | bit4=0(unambig) | bit5=1(unambig) | bit6=0(unambig) | bit7=1(unambig)

The answer is 10000101.",Bit Manipulation,high,ctx,0,10000101
2b88fafb,"In Alice's Wonderland, a secret bit manipulation rule transforms 8-bit binary numbers. The transformation involves operations like bit shifts, rotations, XOR, AND, OR, NOT, and possibly majority or choice functions.

Here are some examples of input -> output:
11111001 -> 10011111
00000010 -> 00100000
10110100 -> 01001111
01001111 -> 11110110
00110010 -> 00100011
01000111 -> 01110110
10100000 -> 00001111
10100011 -> 00111111

Now, determine the output for: 00001101",11010000,"I need to find the secret bit manipulation rule from the examples.

Given 8 examples:
  11111001 -> 10011111
  00000010 -> 00100000
  10110100 -> 01001111
  01001111 -> 11110110
  00110010 -> 00100011
  01000111 -> 01110110
  10100000 -> 00001111
  10100011 -> 00111111

Query: 00001101

Step 1: Check for whole-byte patterns.
  Mixed shift pattern detected.
  Rule: some output bits are shifted copies, rest use a uniform 2-input function.

Step 2: Apply the pattern to the query.
  00001101 -> 11010000

The answer is 11010000.",Bit Manipulation,high,w_mix,0,11010000
2cf45d07,"In Alice's Wonderland, a secret bit manipulation rule transforms 8-bit binary numbers. The transformation involves operations like bit shifts, rotations, XOR, AND, OR, NOT, and possibly majority or choice functions.

Here are some examples of input -> output:
00110010 -> 00010000
11110000 -> 00011000
10101110 -> 01010101
11100000 -> 00010000
11011101 -> 11101010
00010111 -> 10101010
11011110 -> 11111011

Now, determine the output for: 01010111",10101010,"I need to find the secret bit manipulation rule from the examples.

Given 7 examples:
  00110010 -> 00010000
  11110000 -> 00011000
  10101110 -> 01010101
  11100000 -> 00010000
  11011101 -> 11101010
  00010111 -> 10101010
  11011110 -> 11111011

Query: 01010111

Step 1: Analyze each output bit as an independent boolean function of input bits.

  Output bit 0: All 5 candidates agree -> value = 1
    Best match: AND(in[3], in[5]) = 1
  Output bit 1: All 4 candidates agree -> value = 0
    Best match: ID(in[4]) = 0
  Output bit 2: All 5 candidates agree -> value = 1
    Best match: AND(in[3], in[5]) = 1
  Output bit 3: All 4 candidates agree -> value = 0
    Best match: NOT(in[7]) = 0
  Output bit 4: All 6 candidates agree -> value = 1
    Best match: MAJ(in[0], in[3], in[7]) = 1
  Output bit 5: Ambiguous (9 candidates predict 0, 1 predict 1)
    For 0: AND(in[2], in[4]), AND(in[2], in[5]), XNOR(in[2], in[5])
    For 1: XOR(in[0], in[1])
  Output bit 6: All 5 candidates agree -> value = 1
    Best match: AND(in[3], in[5]) = 1
  Output bit 7: All 6 candidates agree -> value = 0
    Best match: AND(in[0], in[6]) = 0

Step 2: Identify structural patterns.
  Confirmed bit mappings: bit0<-in[2](shift=2), bit1<-in[4](shift=3), bit2<-in[2](shift=0), bit3<-in[7](shift=4), bit6<-in[2](shift=4)
  Dominant shift = 4 (weight 10)

Step 3: Resolve ambiguous bits using structural patterns.
  Bit 5: Resolved via pair/structure pattern -> value = 0

Step 4: All bits resolved without brute-force.

Step 5: Combine all bits to form the output.
  bit0=1(unambig) | bit1=0(unambig) | bit2=1(unambig) | bit3=0(unambig) | bit4=1(unambig) | bit5=0(ctx) | bit6=1(unambig) | bit7=0(unambig)

The answer is 10101010.",Bit Manipulation,high,ctx,0,10101010
2dcb7ec6,"In Alice's Wonderland, a secret bit manipulation rule transforms 8-bit binary numbers. The transformation involves operations like bit shifts, rotations, XOR, AND, OR, NOT, and possibly majority or choice functions.

Here are some examples of input -> output:
11111010 -> 11010111
11101001 -> 01001111
10001110 -> 01110100
00001010 -> 01010000
10010110 -> 10110100
01110110 -> 10110011
10101111 -> 01111101
00111011 -> 11011001
00101011 -> 01011001

Now, determine the output for: 00010110",10110000,"I need to find the secret bit manipulation rule from the examples.

Given 9 examples:
  11111010 -> 11010111
  11101001 -> 01001111
  10001110 -> 01110100
  00001010 -> 01010000
  10010110 -> 10110100
  01110110 -> 10110011
  10101111 -> 01111101
  00111011 -> 11011001
  00101011 -> 01011001

Query: 00010110

Step 1: Check for whole-byte patterns.
  Rotation pattern detected.
  Rule: output = rotate(input, k) for some shift k.

Step 2: Apply the pattern to the query.
  00010110 -> 10110000

The answer is 10110000.",Bit Manipulation,high,w_rot,0,10110000
2fed9ceb,"In Alice's Wonderland, a secret bit manipulation rule transforms 8-bit binary numbers. The transformation involves operations like bit shifts, rotations, XOR, AND, OR, NOT, and possibly majority or choice functions.

Here are some examples of input -> output:
00010001 -> 00100110
00110110 -> 01101101
00101111 -> 01011111
01110100 -> 11111101
11111011 -> 11111111
01011111 -> 10111111
10001010 -> 00110111
01001111 -> 10011111

Now, determine the output for: 11100100",11111001,"I need to find the secret bit manipulation rule from the examples.

Given 8 examples:
  00010001 -> 00100110
  00110110 -> 01101101
  00101111 -> 01011111
  01110100 -> 11111101
  11111011 -> 11111111
  01011111 -> 10111111
  10001010 -> 00110111
  01001111 -> 10011111

Query: 11100100

Step 1: Analyze each output bit as an independent boolean function of input bits.

  Output bit 0: All 1 candidates agree -> value = 1
    Best match: ID(in[1]) = 1
  Output bit 1: All 1 candidates agree -> value = 1
    Best match: ID(in[2]) = 1
  Output bit 2: Ambiguous (1 candidates predict 0, 2 predict 1)
    For 0: IMPL(in[5], in[3])
    For 1: OR(in[0], in[3]), IMPL(in[7], in[3])
  Output bit 3: All 2 candidates agree -> value = 1
    Best match: OR(in[1], in[4]) = 1
  Output bit 4: All 4 candidates agree -> value = 1
    Best match: OR(in[1], in[2]) = 1
  Output bit 5: Ambiguous (5 candidates predict 0, 2 predict 1)
    For 0: OR(in[3], in[4]), OR(in[3], in[6]), NAND(in[0], in[5])
    For 1: IMPL(in[4], in[6]), C1
  Output bit 6: Ambiguous (5 candidates predict 0, 2 predict 1)
    For 0: OR(in[4], in[7]), IMPL(in[2], in[4]), IMPL(in[2], in[7])
    For 1: OR(in[0], in[7]), IMPL(in[3], in[7])
  Output bit 7: Ambiguous (1 candidates predict 0, 8 predict 1)
    For 0: XOR(in[0], in[5])
    For 1: OR(in[0], in[5]), OR(in[1], in[6]), OR(in[2], in[4])

Step 2: Identify structural patterns.
  Confirmed bit mappings: bit0<-in[1](shift=1), bit1<-in[2](shift=1)
  Dominant shift = 1 (weight 10)

Step 3: Resolve ambiguous bits using structural patterns.
  Bit 2: Resolved via pair/structure pattern -> value = 1
  Bit 5: Resolved via pair/structure pattern -> value = 0
  Bit 6: Resolved via pair/structure pattern -> value = 0
  Bit 7: Resolved via pair/structure pattern -> value = 1

Step 4: All bits resolved without brute-force.

Step 5: Combine all bits to form the output.
  bit0=1(unambig) | bit1=1(unambig) | bit2=1(ctx) | bit3=1(unambig) | bit4=1(unambig) | bit5=0(ctx) | bit6=0(ctx) | bit7=1(ctx)

The answer is 11111001.",Bit Manipulation,high,ctx,0,11111001
3131bfb3,"In Alice's Wonderland, a secret bit manipulation rule transforms 8-bit binary numbers. The transformation involves operations like bit shifts, rotations, XOR, AND, OR, NOT, and possibly majority or choice functions.

Here are some examples of input -> output:
01011101 -> 10111011
00111100 -> 01111000
11011001 -> 10110011
00001100 -> 00011000
00001000 -> 00010000
11011010 -> 10110111
10011000 -> 00110011
11111100 -> 11111011
01100111 -> 11001111
11001010 -> 10010111

Now, determine the output for: 01111110",11111101,"I need to find the secret bit manipulation rule from the examples.

Given 10 examples:
  01011101 -> 10111011
  00111100 -> 01111000
  11011001 -> 10110011
  00001100 -> 00011000
  00001000 -> 00010000
  11011010 -> 10110111
  10011000 -> 00110011
  11111100 -> 11111011
  01100111 -> 11001111
  11001010 -> 10010111

Query: 01111110

Step 1: Check for whole-byte patterns.
  Mixed shift pattern detected.
  Rule: some output bits are shifted copies, rest use a uniform 2-input function.

Step 2: Apply the pattern to the query.
  01111110 -> 11111101

The answer is 11111101.",Bit Manipulation,high,w_mix,0,11111101
31df43f1,"In Alice's Wonderland, a secret bit manipulation rule transforms 8-bit binary numbers. The transformation involves operations like bit shifts, rotations, XOR, AND, OR, NOT, and possibly majority or choice functions.

Here are some examples of input -> output:
01011100 -> 11110111
11110111 -> 11111101
10101011 -> 11111010
11000111 -> 11111001
01001111 -> 11111011
10110000 -> 10101100
01001101 -> 01111011
01000001 -> 01011000
10010110 -> 10110101
01000000 -> 00010000

Now, determine the output for: 01110001",11011100,"I need to find the secret bit manipulation rule from the examples.

Given 10 examples:
  01011100 -> 11110111
  11110111 -> 11111101
  10101011 -> 11111010
  11000111 -> 11111001
  01001111 -> 11111011
  10110000 -> 10101100
  01001101 -> 01111011
  01000001 -> 01011000
  10010110 -> 10110101
  01000000 -> 00010000

Query: 01110001

Step 1: Check for whole-byte patterns.
  Mixed shift pattern detected.
  Rule: some output bits are shifted copies, rest use a uniform 2-input function.

Step 2: Apply the pattern to the query.
  01110001 -> 11011100

The answer is 11011100.",Bit Manipulation,high,w_mix,0,11011100
3296c5b5,"In Alice's Wonderland, a secret bit manipulation rule transforms 8-bit binary numbers. The transformation involves operations like bit shifts, rotations, XOR, AND, OR, NOT, and possibly majority or choice functions.

Here are some examples of input -> output:
00000110 -> 01011111
00110110 -> 01011100
10001010 -> 00010111
10001000 -> 01110111
11101001 -> 01000001
11110111 -> 01100001
00110011 -> 10101100
10111011 -> 00100101
01000000 -> 11111011
11111100 -> 10110001

Now, determine the output for: 00110010",10011100,"I need to find the secret bit manipulation rule from the examples.

Given 10 examples:
  00000110 -> 01011111
  00110110 -> 01011100
  10001010 -> 00010111
  10001000 -> 01110111
  11101001 -> 01000001
  11110111 -> 01100001
  00110011 -> 10101100
  10111011 -> 00100101
  01000000 -> 11111011
  11111100 -> 10110001

Query: 00110010

Step 1: Analyze each output bit as an independent boolean function of input bits.

  Output bit 0: All 1 candidates agree -> value = 1
    Best match: XNOR(in[4], in[5]) = 1
  Output bit 1: All 1 candidates agree -> value = 0
    Best match: XNOR(in[5], in[6]) = 0
  Output bit 2: All 1 candidates agree -> value = 0
    Best match: XNOR(in[6], in[7]) = 0
  Output bit 3: All 2 candidates agree -> value = 1
    Best match: NOT(in[7]) = 1
  Output bit 4: All 2 candidates agree -> value = 1
    Best match: NOR(in[0], in[4]) = 1
  Output bit 5: All 1 candidates agree -> value = 1
    Best match: NOT(in[1]) = 1
  Output bit 6: All 4 candidates agree -> value = 0
    Best match: NOR(in[2], in[3]) = 0
  Output bit 7: All 2 candidates agree -> value = 0
    Best match: IMPL(in[2], in[0]) = 0

Step 2: Identify structural patterns.
  Confirmed bit mappings: bit3<-in[7](shift=4), bit4<-in[0](shift=4), bit5<-in[1](shift=4), bit6<-in[2](shift=4)
  Dominant shift = 4 (weight 20)

Step 3: No additional bits resolved by context propagation.

Step 4: All bits resolved without brute-force.

Step 5: Combine all bits to form the output.
  bit0=1(unambig) | bit1=0(unambig) | bit2=0(unambig) | bit3=1(unambig) | bit4=1(unambig) | bit5=1(unambig) | bit6=0(unambig) | bit7=0(unambig)

The answer is 10011100.",Bit Manipulation,high,ctx,0,10011100
3302f383,"In Alice's Wonderland, a secret bit manipulation rule transforms 8-bit binary numbers. The transformation involves operations like bit shifts, rotations, XOR, AND, OR, NOT, and possibly majority or choice functions.

Here are some examples of input -> output:
10001100 -> 00100001
10111011 -> 11111011
11101000 -> 10111101
11110010 -> 11010110
11100110 -> 10000100
01101110 -> 10110101
10000011 -> 00011100
11011000 -> 01111011
00000100 -> 00010000
11001110 -> 00100001

Now, determine the output for: 10101001",10110001,"I need to find the secret bit manipulation rule from the examples.

Given 10 examples:
  10001100 -> 00100001
  10111011 -> 11111011
  11101000 -> 10111101
  11110010 -> 11010110
  11100110 -> 10000100
  01101110 -> 10110101
  10000011 -> 00011100
  11011000 -> 01111011
  00000100 -> 00010000
  11001110 -> 00100001

Query: 10101001

Step 1: Analyze each output bit as an independent boolean function of input bits.

  Output bit 0: All 1 candidates agree -> value = 1
    Best match: ID(in[2]) = 1
  Output bit 1: All 3 candidates agree -> value = 0
    Best match: ID(in[3]) = 0
  Output bit 2: All 1 candidates agree -> value = 1
    Best match: ID(in[4]) = 1
  Output bit 3: All 2 candidates agree -> value = 1
    Best match: XOR(in[0], in[5]) = 1
  Output bit 4: All 1 candidates agree -> value = 0
    Best match: XOR(in[1], in[6]) = 0
  Output bit 5: All 1 candidates agree -> value = 0
    Best match: XOR(in[2], in[7]) = 0
  Output bit 6: All 3 candidates agree -> value = 0
    Best match: ID(in[3]) = 0
  Output bit 7: All 1 candidates agree -> value = 1
    Best match: ID(in[4]) = 1

Step 2: Identify structural patterns.
  Confirmed bit mappings: bit0<-in[2](shift=2), bit1<-in[3](shift=2), bit2<-in[4](shift=2), bit6<-in[3](shift=5), bit7<-in[4](shift=5)
  Dominant shift = 2 (weight 15)

Step 3: No additional bits resolved by context propagation.

Step 4: All bits resolved without brute-force.

Step 5: Combine all bits to form the output.
  bit0=1(unambig) | bit1=0(unambig) | bit2=1(unambig) | bit3=1(unambig) | bit4=0(unambig) | bit5=0(unambig) | bit6=0(unambig) | bit7=1(unambig)

The answer is 10110001.",Bit Manipulation,high,ctx,0,10110001
3385a400,"In Alice's Wonderland, a secret bit manipulation rule transforms 8-bit binary numbers. The transformation involves operations like bit shifts, rotations, XOR, AND, OR, NOT, and possibly majority or choice functions.

Here are some examples of input -> output:
10010011 -> 11001001
11101101 -> 11110110
11011001 -> 11101100
10000101 -> 11000010
01010011 -> 10101001
11000011 -> 11100001
11101111 -> 11110111
01111001 -> 10111100
01000011 -> 10100001
00000111 -> 10000011

Now, determine the output for: 10001111",11000111,"I need to find the secret bit manipulation rule from the examples.

Given 10 examples:
  10010011 -> 11001001
  11101101 -> 11110110
  11011001 -> 11101100
  10000101 -> 11000010
  01010011 -> 10101001
  11000011 -> 11100001
  11101111 -> 11110111
  01111001 -> 10111100
  01000011 -> 10100001
  00000111 -> 10000011

Query: 10001111

Step 1: Check for whole-byte patterns.
  Rotation pattern detected.
  Rule: output = rotate(input, k) for some shift k.

Step 2: Apply the pattern to the query.
  10001111 -> 11000111

The answer is 11000111.",Bit Manipulation,high,w_rot,0,11000111
3400e0d5,"In Alice's Wonderland, a secret bit manipulation rule transforms 8-bit binary numbers. The transformation involves operations like bit shifts, rotations, XOR, AND, OR, NOT, and possibly majority or choice functions.

Here are some examples of input -> output:
10011101 -> 11000111
00010000 -> 00000100
10010110 -> 01100101
11100101 -> 11011001
00101100 -> 10001011
01111011 -> 10111110
01110011 -> 10111100
01010011 -> 10110100

Now, determine the output for: 01110100",10011101,"I need to find the secret bit manipulation rule from the examples.

Given 8 examples:
  10011101 -> 11000111
  00010000 -> 00000100
  10010110 -> 01100101
  11100101 -> 11011001
  00101100 -> 10001011
  01111011 -> 10111110
  01110011 -> 10111100
  01010011 -> 10110100

Query: 01110100

Step 1: Check for whole-byte patterns.
  Mixed shift pattern detected.
  Rule: some output bits are shifted copies, rest use a uniform 2-input function.

Step 2: Apply the pattern to the query.
  01110100 -> 10011101

The answer is 10011101.",Bit Manipulation,high,w_mix,0,10011101
3564baf1,"In Alice's Wonderland, a secret bit manipulation rule transforms 8-bit binary numbers. The transformation involves operations like bit shifts, rotations, XOR, AND, OR, NOT, and possibly majority or choice functions.

Here are some examples of input -> output:
10011111 -> 11111101
10011001 -> 11001101
00100010 -> 00010001
11011001 -> 11001111
00111001 -> 11001001
11001010 -> 01010111
11000101 -> 00101111
11101110 -> 01110111
01101111 -> 01111011
01100010 -> 00010011

Now, determine the output for: 10110101",10101101,"I need to find the secret bit manipulation rule from the examples.

Given 10 examples:
  10011111 -> 11111101
  10011001 -> 11001101
  00100010 -> 00010001
  11011001 -> 11001111
  00111001 -> 11001001
  11001010 -> 01010111
  11000101 -> 00101111
  11101110 -> 01110111
  01101111 -> 01111011
  01100010 -> 00010011

Query: 10110101

Step 1: Check for whole-byte patterns.
  Mixed shift pattern detected.
  Rule: some output bits are shifted copies, rest use a uniform 2-input function.

Step 2: Apply the pattern to the query.
  10110101 -> 10101101

The answer is 10101101.",Bit Manipulation,high,w_mix,0,10101101
36300e18,"In Alice's Wonderland, a secret bit manipulation rule transforms 8-bit binary numbers. The transformation involves operations like bit shifts, rotations, XOR, AND, OR, NOT, and possibly majority or choice functions.

Here are some examples of input -> output:
00001101 -> 11010110
11011010 -> 11001101
10000010 -> 01100001
11110010 -> 01011001
10111110 -> 10111111
00110001 -> 00001000
10011100 -> 10001110
00111000 -> 10011100

Now, determine the output for: 01011011",10011101,"I need to find the secret bit manipulation rule from the examples.

Given 8 examples:
  00001101 -> 11010110
  11011010 -> 11001101
  10000010 -> 01100001
  11110010 -> 01011001
  10111110 -> 10111111
  00110001 -> 00001000
  10011100 -> 10001110
  00111000 -> 10011100

Query: 01011011

Step 1: Analyze each output bit as an independent boolean function of input bits.

  Output bit 0: All 2 candidates agree -> value = 1
    Best match: ID(in[4]) = 1
  Output bit 1: Ambiguous (1 candidates predict 0, 2 predict 1)
    For 0: XOR(in[0], in[5])
    For 1: XNOR(in[1], in[3]), IMPL(in[3], in[1])
  Output bit 2: All 2 candidates agree -> value = 0
    Best match: XOR(in[1], in[6]) = 0
  Output bit 3: All 1 candidates agree -> value = 1
    Best match: XOR(in[2], in[7]) = 1
  Output bit 4: All 3 candidates agree -> value = 1
    Best match: ID(in[3]) = 1
  Output bit 5: All 2 candidates agree -> value = 1
    Best match: ID(in[4]) = 1
  Output bit 6: All 3 candidates agree -> value = 0
    Best match: ID(in[5]) = 0
  Output bit 7: Ambiguous (2 candidates predict 0, 2 predict 1)
    For 0: AND(in[0], in[6]), INHIB(in[6], in[7])
    For 1: ID(in[6]), OR(in[1], in[6])

Step 2: Identify structural patterns.
  Confirmed bit mappings: bit0<-in[4](shift=4), bit4<-in[3](shift=7), bit5<-in[4](shift=7), bit6<-in[5](shift=7), bit7<-in[6](shift=7)
  Dominant shift = 7 (weight 16)

Step 3: Resolve ambiguous bits using structural patterns.
  Bit 1: Resolved via pair/structure pattern -> value = 0
  Bit 7: Using shift=7, source = in[6] -> value = 1

Step 4: All bits resolved without brute-force.

Step 5: Combine all bits to form the output.
  bit0=1(unambig) | bit1=0(ctx) | bit2=0(unambig) | bit3=1(unambig) | bit4=1(unambig) | bit5=1(unambig) | bit6=0(unambig) | bit7=1(ctx)

The answer is 10011101.",Bit Manipulation,high,ctx,0,10011101
39870fb9,"In Alice's Wonderland, a secret bit manipulation rule transforms 8-bit binary numbers. The transformation involves operations like bit shifts, rotations, XOR, AND, OR, NOT, and possibly majority or choice functions.

Here are some examples of input -> output:
01101100 -> 11000011
01001000 -> 10000010
10111001 -> 01011101
11001101 -> 10101000
01110110 -> 11110001
10010110 -> 00001000
11010001 -> 10010111
10101001 -> 01111001
00011111 -> 00111001

Now, determine the output for: 11110010",11011001,"I need to find the secret bit manipulation rule from the examples.

Given 9 examples:
  01101100 -> 11000011
  01001000 -> 10000010
  10111001 -> 01011101
  11001101 -> 10101000
  01110110 -> 11110001
  10010110 -> 00001000
  11010001 -> 10010111
  10101001 -> 01111001
  00011111 -> 00111001

Query: 11110010

Step 1: Analyze each output bit as an independent boolean function of input bits.

  Output bit 0: All 1 candidates agree -> value = 1
    Best match: ID(in[1]) = 1
  Output bit 1: All 1 candidates agree -> value = 1
    Best match: ID(in[2]) = 1
  Output bit 2: All 1 candidates agree -> value = 0
    Best match: XOR(in[0], in[3]) = 0
  Output bit 3: All 1 candidates agree -> value = 1
    Best match: XOR(in[1], in[4]) = 1
  Output bit 4: All 1 candidates agree -> value = 1
    Best match: XOR(in[2], in[5]) = 1
  Output bit 5: Ambiguous (2 candidates predict 0, 1 predict 1)
    For 0: XOR(in[3], in[6]), INHIB(in[3], in[6])
    For 1: INHIB(in[3], in[5])
  Output bit 6: All 1 candidates agree -> value = 0
    Best match: XOR(in[4], in[7]) = 0
  Output bit 7: All 1 candidates agree -> value = 1
    Best match: XOR(in[0], in[5]) = 1

Step 2: Identify structural patterns.
  Confirmed bit mappings: bit0<-in[1](shift=1), bit1<-in[2](shift=1)
  Dominant shift = 1 (weight 10)

Step 3: Resolve ambiguous bits using structural patterns.
  Bit 5: Resolved via pair/structure pattern -> value = 0

Step 4: All bits resolved without brute-force.

Step 5: Combine all bits to form the output.
  bit0=1(unambig) | bit1=1(unambig) | bit2=0(unambig) | bit3=1(unambig) | bit4=1(unambig) | bit5=0(ctx) | bit6=0(unambig) | bit7=1(unambig)

The answer is 11011001.",Bit Manipulation,high,ctx,0,11011001
3a72f760,"In Alice's Wonderland, a secret bit manipulation rule transforms 8-bit binary numbers. The transformation involves operations like bit shifts, rotations, XOR, AND, OR, NOT, and possibly majority or choice functions.

Here are some examples of input -> output:
11001111 -> 11111100
10011001 -> 11011001
00100100 -> 01000010
00000010 -> 10100000
11000101 -> 01011100
00001000 -> 10000000
01110010 -> 10100111
01010101 -> 01010101

Now, determine the output for: 11011010",10101101,"I need to find the secret bit manipulation rule from the examples.

Given 8 examples:
  11001111 -> 11111100
  10011001 -> 11011001
  00100100 -> 01000010
  00000010 -> 10100000
  11000101 -> 01011100
  00001000 -> 10000000
  01110010 -> 10100111
  01010101 -> 01010101

Query: 11011010

Step 1: Check for whole-byte patterns.
  Mixed shift pattern detected.
  Rule: some output bits are shifted copies, rest use a uniform 2-input function.

Step 2: Apply the pattern to the query.
  11011010 -> 10101101

The answer is 10101101.",Bit Manipulation,high,w_mix,0,10101101
3b7dab4c,"In Alice's Wonderland, a secret bit manipulation rule transforms 8-bit binary numbers. The transformation involves operations like bit shifts, rotations, XOR, AND, OR, NOT, and possibly majority or choice functions.

Here are some examples of input -> output:
10110101 -> 10011110
11100101 -> 00110110
00000000 -> 11111111
11011110 -> 11101111
10011011 -> 01001101
11101010 -> 11111111
01001010 -> 11101111
00011110 -> 01001111
10001100 -> 11100110

Now, determine the output for: 00011100",11001111,"I need to find the secret bit manipulation rule from the examples.

Given 9 examples:
  10110101 -> 10011110
  11100101 -> 00110110
  00000000 -> 11111111
  11011110 -> 11101111
  10011011 -> 01001101
  11101010 -> 11111111
  01001010 -> 11101111
  00011110 -> 01001111
  10001100 -> 11100110

Query: 00011100

Step 1: Analyze each output bit as an independent boolean function of input bits.

  Output bit 0: All 1 candidates agree -> value = 1
    Best match: XNOR(in[1], in[6]) = 1
  Output bit 1: All 9 candidates agree -> value = 1
    Best match: NAND(in[2], in[5]) = 1
  Output bit 2: All 1 candidates agree -> value = 0
    Best match: IMPL(in[3], in[1]) = 0
  Output bit 3: All 1 candidates agree -> value = 0
    Best match: IMPL(in[4], in[2]) = 0
  Output bit 4: All 1 candidates agree -> value = 1
    Best match: IMPL(in[5], in[3]) = 1
  Output bit 5: All 4 candidates agree -> value = 1
    Best match: IMPL(in[2], in[0]) = 1
  Output bit 6: All 5 candidates agree -> value = 1
    Best match: NAND(in[4], in[7]) = 1
  Output bit 7: Ambiguous (1 candidates predict 0, 1 predict 1)
    For 0: IMPL(in[5], in[6])
    For 1: IMPL(in[0], in[6])

Step 2: No strong shift pattern detected.

Step 3: Resolve ambiguous bits using structural patterns.
  Bit 7: Resolved via pair/structure pattern -> value = 1

Step 4: All bits resolved without brute-force.

Step 5: Combine all bits to form the output.
  bit0=1(unambig) | bit1=1(unambig) | bit2=0(unambig) | bit3=0(unambig) | bit4=1(unambig) | bit5=1(unambig) | bit6=1(unambig) | bit7=1(ctx)

The answer is 11001111.",Bit Manipulation,high,ctx,0,11001111
3c58cf62,"In Alice's Wonderland, a secret bit manipulation rule transforms 8-bit binary numbers. The transformation involves operations like bit shifts, rotations, XOR, AND, OR, NOT, and possibly majority or choice functions.

Here are some examples of input -> output:
10100011 -> 01001100
10000011 -> 00001110
11001000 -> 10011100
11100001 -> 11001100
01110110 -> 11101011
10011110 -> 00110101
11111110 -> 11110011
10010000 -> 00101001

Now, determine the output for: 01111100",11111111,"I need to find the secret bit manipulation rule from the examples.

Given 8 examples:
  10100011 -> 01001100
  10000011 -> 00001110
  11001000 -> 10011100
  11100001 -> 11001100
  01110110 -> 11101011
  10011110 -> 00110101
  11111110 -> 11110011
  10010000 -> 00101001

Query: 01111100

Step 1: Analyze each output bit as an independent boolean function of input bits.

  Output bit 0: All 2 candidates agree -> value = 1
    Best match: ID(in[1]) = 1
  Output bit 1: All 2 candidates agree -> value = 1
    Best match: ID(in[2]) = 1
  Output bit 2: All 4 candidates agree -> value = 1
    Best match: ID(in[3]) = 1
  Output bit 3: Ambiguous (1 candidates predict 0, 2 predict 1)
    For 0: AND(in[0], in[4])
    For 1: ID(in[4]), INHIB(in[4], in[7])
  Output bit 4: Ambiguous (2 candidates predict 0, 3 predict 1)
    For 0: NAND(in[3], in[4]), NAND(in[4], in[5])
    For 1: XOR(in[0], in[5]), NAND(in[0], in[5]), NAND(in[4], in[6])
  Output bit 5: All 1 candidates agree -> value = 1
    Best match: XOR(in[1], in[6]) = 1
  Output bit 6: All 1 candidates agree -> value = 1
    Best match: XOR(in[2], in[7]) = 1
  Output bit 7: All 4 candidates agree -> value = 1
    Best match: ID(in[3]) = 1

Step 2: Identify structural patterns.
  Confirmed bit mappings: bit0<-in[1](shift=1), bit1<-in[2](shift=1), bit2<-in[3](shift=1), bit3<-in[4](shift=1), bit7<-in[3](shift=4)
  Dominant shift = 1 (weight 16)

Step 3: Resolve ambiguous bits using structural patterns.
  Bit 3: Using shift=1, source = in[4] -> value = 1
  Bit 4: Resolved via pair/structure pattern -> value = 1

Step 4: All bits resolved without brute-force.

Step 5: Combine all bits to form the output.
  bit0=1(unambig) | bit1=1(unambig) | bit2=1(unambig) | bit3=1(ctx) | bit4=1(ctx) | bit5=1(unambig) | bit6=1(unambig) | bit7=1(unambig)

The answer is 11111111.",Bit Manipulation,high,ctx,0,11111111
3d24aef4,"In Alice's Wonderland, a secret bit manipulation rule transforms 8-bit binary numbers. The transformation involves operations like bit shifts, rotations, XOR, AND, OR, NOT, and possibly majority or choice functions.

Here are some examples of input -> output:
00111001 -> 11001001
00101000 -> 01000001
01111001 -> 11001011
10000011 -> 00011101
11011111 -> 11111111
11110000 -> 10000110
01110011 -> 10011011
00001000 -> 01000000
01101100 -> 01100011

Now, determine the output for: 10010100",10100101,"I need to find the secret bit manipulation rule from the examples.

Given 9 examples:
  00111001 -> 11001001
  00101000 -> 01000001
  01111001 -> 11001011
  10000011 -> 00011101
  11011111 -> 11111111
  11110000 -> 10000110
  01110011 -> 10011011
  00001000 -> 01000000
  01101100 -> 01100011

Query: 10010100

Step 1: Check for whole-byte patterns.
  Mixed shift pattern detected.
  Rule: some output bits are shifted copies, rest use a uniform 2-input function.

Step 2: Apply the pattern to the query.
  10010100 -> 10100101

The answer is 10100101.",Bit Manipulation,high,w_mix,0,10100101
3dcc0195,"In Alice's Wonderland, a secret bit manipulation rule transforms 8-bit binary numbers. The transformation involves operations like bit shifts, rotations, XOR, AND, OR, NOT, and possibly majority or choice functions.

Here are some examples of input -> output:
11110010 -> 11011111
10100100 -> 10110101
00001111 -> 01111100
10101010 -> 11111101
00111110 -> 11111001
01101011 -> 11111111
00100010 -> 10011001
10111010 -> 11111101

Now, determine the output for: 01110010",11011011,"I need to find the secret bit manipulation rule from the examples.

Given 8 examples:
  11110010 -> 11011111
  10100100 -> 10110101
  00001111 -> 01111100
  10101010 -> 11111101
  00111110 -> 11111001
  01101011 -> 11111111
  00100010 -> 10011001
  10111010 -> 11111101

Query: 01110010

Step 1: Analyze each output bit as an independent boolean function of input bits.

  Output bit 0: All 10 candidates agree -> value = 1
    Best match: ID(in[2]) = 1
  Output bit 1: All 2 candidates agree -> value = 1
    Best match: OR(in[1], in[4]) = 1
  Output bit 2: All 3 candidates agree -> value = 0
    Best match: OR(in[4], in[5]) = 0
  Output bit 3: All 18 candidates agree -> value = 1
    Best match: OR(in[0], in[6]) = 1
  Output bit 4: All 10 candidates agree -> value = 1
    Best match: ID(in[6]) = 1
  Output bit 5: All 2 candidates agree -> value = 0
    Best match: XOR(in[0], in[7]) = 0
  Output bit 6: All 4 candidates agree -> value = 1
    Best match: ID(in[1]) = 1
  Output bit 7: All 10 candidates agree -> value = 1
    Best match: ID(in[2]) = 1

Step 2: Identify structural patterns.
  Confirmed bit mappings: bit0<-in[2](shift=2), bit4<-in[6](shift=2), bit6<-in[1](shift=3), bit7<-in[2](shift=3)
  Dominant shift = 2 (weight 10)

Step 3: No additional bits resolved by context propagation.

Step 4: All bits resolved without brute-force.

Step 5: Combine all bits to form the output.
  bit0=1(unambig) | bit1=1(unambig) | bit2=0(unambig) | bit3=1(unambig) | bit4=1(unambig) | bit5=0(unambig) | bit6=1(unambig) | bit7=1(unambig)

The answer is 11011011.",Bit Manipulation,high,ctx,0,11011011
3e847951,"In Alice's Wonderland, a secret bit manipulation rule transforms 8-bit binary numbers. The transformation involves operations like bit shifts, rotations, XOR, AND, OR, NOT, and possibly majority or choice functions.

Here are some examples of input -> output:
00001001 -> 00100101
00011000 -> 01100011
10010010 -> 01011000
10110101 -> 11000000
11010001 -> 01011101
00101010 -> 10101101
11000010 -> 00010011
11000000 -> 00011011
10001110 -> 00101011

Now, determine the output for: 11101011",10110010,"I need to find the secret bit manipulation rule from the examples.

Given 9 examples:
  00001001 -> 00100101
  00011000 -> 01100011
  10010010 -> 01011000
  10110101 -> 11000000
  11010001 -> 01011101
  00101010 -> 10101101
  11000010 -> 00010011
  11000000 -> 00011011
  10001110 -> 00101011

Query: 11101011

Step 1: Check for whole-byte patterns.
  Mixed shift pattern detected.
  Rule: some output bits are shifted copies, rest use a uniform 2-input function.

Step 2: Apply the pattern to the query.
  11101011 -> 10110010

The answer is 10110010.",Bit Manipulation,high,w_mix,0,10110010
3ec3f1b4,"In Alice's Wonderland, a secret bit manipulation rule transforms 8-bit binary numbers. The transformation involves operations like bit shifts, rotations, XOR, AND, OR, NOT, and possibly majority or choice functions.

Here are some examples of input -> output:
10100111 -> 10001011
11100000 -> 01000111
00110010 -> 10111011
11101011 -> 10101001
10000001 -> 10011011
10110101 -> 01000111
00111111 -> 11001100
00101110 -> 11001100
00011111 -> 01000100

Now, determine the output for: 00010000",10111011,"I need to find the secret bit manipulation rule from the examples.

Given 9 examples:
  10100111 -> 10001011
  11100000 -> 01000111
  00110010 -> 10111011
  11101011 -> 10101001
  10000001 -> 10011011
  10110101 -> 01000111
  00111111 -> 11001100
  00101110 -> 11001100
  00011111 -> 01000100

Query: 00010000

Step 1: Analyze each output bit as an independent boolean function of input bits.

  Output bit 0: All 1 candidates agree -> value = 1
    Best match: XNOR(in[2], in[6]) = 1
  Output bit 1: All 1 candidates agree -> value = 0
    Best match: XNOR(in[3], in[7]) = 0
  Output bit 2: Ambiguous (1 candidates predict 0, 1 predict 1)
    For 0: INHIB(in[6], in[5])
    For 1: XNOR(in[0], in[4])
  Output bit 3: All 2 candidates agree -> value = 1
    Best match: XNOR(in[1], in[5]) = 1
  Output bit 4: All 1 candidates agree -> value = 1
    Best match: XNOR(in[2], in[6]) = 1
  Output bit 5: All 1 candidates agree -> value = 0
    Best match: XNOR(in[3], in[7]) = 0
  Output bit 6: All 2 candidates agree -> value = 1
    Best match: NOT(in[4]) = 1
  Output bit 7: All 4 candidates agree -> value = 1
    Best match: NAND(in[4], in[5]) = 1

Step 2: Identify structural patterns.
  Confirmed bit mappings: bit6<-in[4](shift=6)
  Dominant shift = 6 (weight 5)

Step 3: Resolve ambiguous bits using structural patterns.
  Bit 2: Resolved via pair/structure pattern -> value = 1

Step 4: All bits resolved without brute-force.

Step 5: Combine all bits to form the output.
  bit0=1(unambig) | bit1=0(unambig) | bit2=1(ctx) | bit3=1(unambig) | bit4=1(unambig) | bit5=0(unambig) | bit6=1(unambig) | bit7=1(unambig)

The answer is 10111011.",Bit Manipulation,high,ctx,0,10111011
3f93c370,"In Alice's Wonderland, a secret bit manipulation rule transforms 8-bit binary numbers. The transformation involves operations like bit shifts, rotations, XOR, AND, OR, NOT, and possibly majority or choice functions.

Here are some examples of input -> output:
10000100 -> 11111110
10010001 -> 00010011
00111100 -> 00010000
11000011 -> 00010111
01111000 -> 00100001
10011100 -> 00111010
10010101 -> 00110010
01010110 -> 11011011
11010101 -> 00100011
01011101 -> 01000001

Now, determine the output for: 10111110",10100010,"I need to find the secret bit manipulation rule from the examples.

Given 10 examples:
  10000100 -> 11111110
  10010001 -> 00010011
  00111100 -> 00010000
  11000011 -> 00010111
  01111000 -> 00100001
  10011100 -> 00111010
  10010101 -> 00110010
  01010110 -> 11011011
  11010101 -> 00100011
  01011101 -> 01000001

Query: 10111110

Step 1: Analyze each output bit as an independent boolean function of input bits.

  Output bit 0: Ambiguous (1 candidates predict 0, 1 predict 1)
    For 0: NOR(in[4], in[7])
    For 1: XNOR(in[3], in[6])
  Output bit 1: All 1 candidates agree -> value = 0
    Best match: XNOR(in[4], in[7]) = 0
  Output bit 2: All 1 candidates agree -> value = 1
    Best match: XNOR(in[0], in[5]) = 1
  Output bit 3: Ambiguous (1 candidates predict 0, 1 predict 1)
    For 0: XNOR(in[1], in[6])
    For 1: IMPL(in[1], in[6])
  Output bit 4: All 2 candidates agree -> value = 0
    Best match: XNOR(in[2], in[7]) = 0
  Output bit 5: All 4 candidates agree -> value = 0
    Best match: NOR(in[2], in[3]) = 0
  Output bit 6: All 2 candidates agree -> value = 1
    Best match: OR(in[0], in[6]) = 1
  Output bit 7: All 1 candidates agree -> value = 0
    Best match: IMPL(in[5], in[1]) = 0

Step 2: Identify structural patterns.
  Confirmed bit mappings: bit5<-in[3](shift=6)
  Dominant shift = 6 (weight 5)

Step 3: Resolve ambiguous bits using structural patterns.
  Bit 0: Resolved via pair/structure pattern -> value = 1
  Bit 3: Resolved via pair/structure pattern -> value = 0

Step 4: All bits resolved without brute-force.

Step 5: Combine all bits to form the output.
  bit0=1(ctx) | bit1=0(unambig) | bit2=1(unambig) | bit3=0(ctx) | bit4=0(unambig) | bit5=0(unambig) | bit6=1(unambig) | bit7=0(unambig)

The answer is 10100010.",Bit Manipulation,high,ctx,0,10100010
3fdc3de7,"In Alice's Wonderland, a secret bit manipulation rule transforms 8-bit binary numbers. The transformation involves operations like bit shifts, rotations, XOR, AND, OR, NOT, and possibly majority or choice functions.

Here are some examples of input -> output:
10100110 -> 00100000
00101111 -> 01110000
11110010 -> 00000001
10111000 -> 10000001
11011101 -> 11001001
11001011 -> 00011000
11010001 -> 00001001
01011101 -> 11000000
11001110 -> 01100000
10110101 -> 00001001

Now, determine the output for: 11111110",11100001,"I need to find the secret bit manipulation rule from the examples.

Given 10 examples:
  10100110 -> 00100000
  00101111 -> 01110000
  11110010 -> 00000001
  10111000 -> 10000001
  11011101 -> 11001001
  11001011 -> 00011000
  11010001 -> 00001001
  01011101 -> 11000000
  11001110 -> 01100000
  10110101 -> 00001001

Query: 11111110

Step 1: Analyze each output bit as an independent boolean function of input bits.

  Output bit 0: Ambiguous (1 candidates predict 0, 1 predict 1)
    For 0: INHIB(in[4], in[6])
    For 1: AND(in[3], in[4])
  Output bit 1: All 1 candidates agree -> value = 1
    Best match: AND(in[4], in[5]) = 1
  Output bit 2: Ambiguous (1 candidates predict 0, 1 predict 1)
    For 0: INHIB(in[5], in[3])
    For 1: AND(in[5], in[6])
  Output bit 3: All 2 candidates agree -> value = 0
    Best match: AND(in[6], in[7]) = 0
  Output bit 4: All 2 candidates agree -> value = 0
    Best match: AND(in[0], in[7]) = 0
  Output bit 5: All 6 candidates agree -> value = 0
    Best match: NOR(in[0], in[4]) = 0
  Output bit 6: All 6 candidates agree -> value = 0
    Best match: NOR(in[0], in[4]) = 0
  Output bit 7: All 1 candidates agree -> value = 1
    Best match: AND(in[0], in[3]) = 1

Step 2: No strong shift pattern detected.

Step 3: Resolve ambiguous bits using structural patterns.
  Bit 0: Resolved via pair/structure pattern -> value = 1
  Bit 2: Resolved via pair/structure pattern -> value = 1

Step 4: All bits resolved without brute-force.

Step 5: Combine all bits to form the output.
  bit0=1(ctx) | bit1=1(unambig) | bit2=1(ctx) | bit3=0(unambig) | bit4=0(unambig) | bit5=0(unambig) | bit6=0(unambig) | bit7=1(unambig)

The answer is 11100001.",Bit Manipulation,high,ctx,0,11100001
3ff1ae35,"In Alice's Wonderland, a secret bit manipulation rule transforms 8-bit binary numbers. The transformation involves operations like bit shifts, rotations, XOR, AND, OR, NOT, and possibly majority or choice functions.

Here are some examples of input -> output:
11000100 -> 01000010
00110011 -> 00000001
10100100 -> 01110010
10010000 -> 11001000
01011010 -> 11111101
00000010 -> 00010001
11000101 -> 11001010

Now, determine the output for: 00000101",10101010,"I need to find the secret bit manipulation rule from the examples.

Given 7 examples:
  11000100 -> 01000010
  00110011 -> 00000001
  10100100 -> 01110010
  10010000 -> 11001000
  01011010 -> 11111101
  00000010 -> 00010001
  11000101 -> 11001010

Query: 00000101

Step 1: Check for whole-byte patterns.
  Mixed shift pattern detected.
  Rule: some output bits are shifted copies, rest use a uniform 2-input function.

Step 2: Apply the pattern to the query.
  00000101 -> 10101010

The answer is 10101010.",Bit Manipulation,high,w_mix,0,10101010
410a5cbd,"In Alice's Wonderland, a secret bit manipulation rule transforms 8-bit binary numbers. The transformation involves operations like bit shifts, rotations, XOR, AND, OR, NOT, and possibly majority or choice functions.

Here are some examples of input -> output:
00111000 -> 11111100
01001111 -> 11111011
10100010 -> 11110111
00110111 -> 11111100
11010001 -> 11110011
11110111 -> 11110011
01110111 -> 11111001
11000010 -> 11110011
01000101 -> 11111011
11000000 -> 11110011

Now, determine the output for: 00110000",11111100,"I need to find the secret bit manipulation rule from the examples.

Given 10 examples:
  00111000 -> 11111100
  01001111 -> 11111011
  10100010 -> 11110111
  00110111 -> 11111100
  11010001 -> 11110011
  11110111 -> 11110011
  01110111 -> 11111001
  11000010 -> 11110011
  01000101 -> 11111011
  11000000 -> 11110011

Query: 00110000

Step 1: Analyze each output bit as an independent boolean function of input bits.

  Output bit 0: All 4 candidates agree -> value = 1
    Best match: OR(in[1], in[2]) = 1
  Output bit 1: All 4 candidates agree -> value = 1
    Best match: OR(in[1], in[2]) = 1
  Output bit 2: All 4 candidates agree -> value = 1
    Best match: OR(in[1], in[2]) = 1
  Output bit 3: All 4 candidates agree -> value = 1
    Best match: OR(in[1], in[2]) = 1
  Output bit 4: All 2 candidates agree -> value = 1
    Best match: NOT(in[0]) = 1
  Output bit 5: All 2 candidates agree -> value = 1
    Best match: NOT(in[1]) = 1
  Output bit 6: All 2 candidates agree -> value = 0
    Best match: IMPL(in[2], in[0]) = 0
  Output bit 7: All 2 candidates agree -> value = 0
    Best match: OR(in[0], in[1]) = 0

Step 2: Identify structural patterns.
  Confirmed bit mappings: bit4<-in[0](shift=4), bit5<-in[1](shift=4)
  Dominant shift = 4 (weight 10)

Step 3: No additional bits resolved by context propagation.

Step 4: All bits resolved without brute-force.

Step 5: Combine all bits to form the output.
  bit0=1(unambig) | bit1=1(unambig) | bit2=1(unambig) | bit3=1(unambig) | bit4=1(unambig) | bit5=1(unambig) | bit6=0(unambig) | bit7=0(unambig)

The answer is 11111100.",Bit Manipulation,high,ctx,0,11111100
413086bc,"In Alice's Wonderland, a secret bit manipulation rule transforms 8-bit binary numbers. The transformation involves operations like bit shifts, rotations, XOR, AND, OR, NOT, and possibly majority or choice functions.

Here are some examples of input -> output:
10011010 -> 00110110
00100111 -> 01001110
11011111 -> 10111101
11010100 -> 10101011
01010001 -> 10100011
01011111 -> 10111111
11001011 -> 10010101
00110110 -> 01101100
11100011 -> 11000101
01101011 -> 11010111

Now, determine the output for: 01011001",10110011,"I need to find the secret bit manipulation rule from the examples.

Given 10 examples:
  10011010 -> 00110110
  00100111 -> 01001110
  11011111 -> 10111101
  11010100 -> 10101011
  01010001 -> 10100011
  01011111 -> 10111111
  11001011 -> 10010101
  00110110 -> 01101100
  11100011 -> 11000101
  01101011 -> 11010111

Query: 01011001

Step 1: Analyze each output bit as an independent boolean function of input bits.

  Output bit 0: All 2 candidates agree -> value = 1
    Best match: ID(in[1]) = 1
  Output bit 1: All 2 candidates agree -> value = 0
    Best match: ID(in[2]) = 0
  Output bit 2: All 3 candidates agree -> value = 1
    Best match: ID(in[3]) = 1
  Output bit 3: Ambiguous (1 candidates predict 0, 1 predict 1)
    For 0: AND(in[4], in[6])
    For 1: ID(in[4])
  Output bit 4: All 1 candidates agree -> value = 0
    Best match: ID(in[5]) = 0
  Output bit 5: Ambiguous (4 candidates predict 0, 2 predict 1)
    For 0: ID(in[6]), OR(in[2], in[6]), IMPL(in[1], in[6])
    For 1: OR(in[2], in[4]), OR(in[4], in[6])
  Output bit 6: All 1 candidates agree -> value = 1
    Best match: XOR(in[0], in[7]) = 1
  Output bit 7: All 2 candidates agree -> value = 1
    Best match: ID(in[1]) = 1

Step 2: Identify structural patterns.
  Confirmed bit mappings: bit0<-in[1](shift=1), bit1<-in[2](shift=1), bit2<-in[3](shift=1), bit3<-in[4](shift=1), bit4<-in[5](shift=1)
  Dominant shift = 1 (weight 22)

Step 3: Resolve ambiguous bits using structural patterns.
  Bit 3: Using shift=1, source = in[4] -> value = 1
  Bit 5: Using shift=1, source = in[6] -> value = 0

Step 4: All bits resolved without brute-force.

Step 5: Combine all bits to form the output.
  bit0=1(unambig) | bit1=0(unambig) | bit2=1(unambig) | bit3=1(ctx) | bit4=0(unambig) | bit5=0(ctx) | bit6=1(unambig) | bit7=1(unambig)

The answer is 10110011.",Bit Manipulation,high,ctx,0,10110011
41671d43,"In Alice's Wonderland, a secret bit manipulation rule transforms 8-bit binary numbers. The transformation involves operations like bit shifts, rotations, XOR, AND, OR, NOT, and possibly majority or choice functions.

Here are some examples of input -> output:
00110011 -> 10010100
01111011 -> 11000110
10001101 -> 01001011
10011110 -> 11010111
01101100 -> 01111011
01011001 -> 11011110
00100110 -> 00111001

Now, determine the output for: 10011111",11011111,"I need to find the secret bit manipulation rule from the examples.

Given 7 examples:
  00110011 -> 10010100
  01111011 -> 11000110
  10001101 -> 01001011
  10011110 -> 11010111
  01101100 -> 01111011
  01011001 -> 11011110
  00100110 -> 00111001

Query: 10011111

Step 1: Analyze each output bit as an independent boolean function of input bits.

  Output bit 0: Ambiguous (1 candidates predict 0, 2 predict 1)
    For 0: XOR(in[0], in[7])
    For 1: ID(in[3]), IMPL(in[5], in[3])
  Output bit 1: All 8 candidates agree -> value = 1
    Best match: ID(in[4]) = 1
  Output bit 2: All 8 candidates agree -> value = 0
    Best match: AND(in[2], in[5]) = 0
  Output bit 3: All 1 candidates agree -> value = 1
    Best match: XOR(in[1], in[6]) = 1
  Output bit 4: Ambiguous (1 candidates predict 0, 1 predict 1)
    For 0: NAND(in[3], in[6])
    For 1: XOR(in[2], in[7])
  Output bit 5: Ambiguous (1 candidates predict 0, 2 predict 1)
    For 0: XOR(in[0], in[7])
    For 1: ID(in[3]), IMPL(in[5], in[3])
  Output bit 6: All 8 candidates agree -> value = 1
    Best match: ID(in[4]) = 1
  Output bit 7: Ambiguous (1 candidates predict 0, 6 predict 1)
    For 0: NAND(in[3], in[7])
    For 1: ID(in[5]), OR(in[0], in[5]), IMPL(in[3], in[0])

Step 2: Identify structural patterns.
  Confirmed bit mappings: bit0<-in[3](shift=3), bit1<-in[4](shift=3), bit5<-in[3](shift=6), bit6<-in[4](shift=6), bit7<-in[5](shift=6)
  Dominant shift = 6 (weight 7)

Step 3: Resolve ambiguous bits using structural patterns.
  Bit 0: Using shift=3, source = in[3] -> value = 1
  Bit 4: Resolved via pair/structure pattern -> value = 1
  Bit 5: Using shift=6, source = in[3] -> value = 1
  Bit 7: Using shift=6, source = in[5] -> value = 1

Step 4: All bits resolved without brute-force.

Step 5: Combine all bits to form the output.
  bit0=1(ctx) | bit1=1(unambig) | bit2=0(unambig) | bit3=1(unambig) | bit4=1(ctx) | bit5=1(ctx) | bit6=1(unambig) | bit7=1(ctx)

The answer is 11011111.",Bit Manipulation,high,ctx,0,11011111
41f574f5,"In Alice's Wonderland, a secret bit manipulation rule transforms 8-bit binary numbers. The transformation involves operations like bit shifts, rotations, XOR, AND, OR, NOT, and possibly majority or choice functions.

Here are some examples of input -> output:
11110111 -> 01110000
00000010 -> 00100000
11010101 -> 01010000
10111111 -> 11110000
01111010 -> 10100000
00100111 -> 01110000
01011001 -> 10010000
00110111 -> 01110000
11101000 -> 10000000

Now, determine the output for: 10011010",10100000,"I need to find the secret bit manipulation rule from the examples.

Given 9 examples:
  11110111 -> 01110000
  00000010 -> 00100000
  11010101 -> 01010000
  10111111 -> 11110000
  01111010 -> 10100000
  00100111 -> 01110000
  01011001 -> 10010000
  00110111 -> 01110000
  11101000 -> 10000000

Query: 10011010

Step 1: Analyze each output bit as an independent boolean function of input bits.

  Output bit 0: All 1 candidates agree -> value = 1
    Best match: ID(in[4]) = 1
  Output bit 1: All 2 candidates agree -> value = 0
    Best match: ID(in[5]) = 0
  Output bit 2: All 2 candidates agree -> value = 1
    Best match: ID(in[6]) = 1
  Output bit 3: All 2 candidates agree -> value = 0
    Best match: ID(in[7]) = 0
  Output bit 4: All 3 candidates agree -> value = 0
    Best match: NOR(in[1], in[6]) = 0
  Output bit 5: All 3 candidates agree -> value = 0
    Best match: NOR(in[1], in[6]) = 0
  Output bit 6: All 3 candidates agree -> value = 0
    Best match: NOR(in[1], in[6]) = 0
  Output bit 7: All 3 candidates agree -> value = 0
    Best match: NOR(in[1], in[6]) = 0

Step 2: Identify structural patterns.
  Confirmed bit mappings: bit0<-in[4](shift=4), bit1<-in[5](shift=4), bit2<-in[6](shift=4), bit3<-in[7](shift=4)
  Dominant shift = 4 (weight 20)

Step 3: No additional bits resolved by context propagation.

Step 4: All bits resolved without brute-force.

Step 5: Combine all bits to form the output.
  bit0=1(unambig) | bit1=0(unambig) | bit2=1(unambig) | bit3=0(unambig) | bit4=0(unambig) | bit5=0(unambig) | bit6=0(unambig) | bit7=0(unambig)

The answer is 10100000.",Bit Manipulation,high,ctx,0,10100000
4575c0a2,"In Alice's Wonderland, a secret bit manipulation rule transforms 8-bit binary numbers. The transformation involves operations like bit shifts, rotations, XOR, AND, OR, NOT, and possibly majority or choice functions.

Here are some examples of input -> output:
10010101 -> 00100011
00010011 -> 00100111
11101101 -> 11010100
11101011 -> 11011000
01100011 -> 11000000
00010100 -> 00101001
01010100 -> 10101101
10001101 -> 00010010

Now, determine the output for: 11001011",10011010,"I need to find the secret bit manipulation rule from the examples.

Given 8 examples:
  10010101 -> 00100011
  00010011 -> 00100111
  11101101 -> 11010100
  11101011 -> 11011000
  01100011 -> 11000000
  00010100 -> 00101001
  01010100 -> 10101101
  10001101 -> 00010010

Query: 11001011

Step 1: Analyze each output bit as an independent boolean function of input bits.

  Output bit 0: All 2 candidates agree -> value = 1
    Best match: ID(in[1]) = 1
  Output bit 1: Ambiguous (4 candidates predict 0, 2 predict 1)
    For 0: ID(in[2]), AND(in[1], in[2]), AND(in[2], in[7])
    For 1: AND(in[1], in[7]), INHIB(in[1], in[3])
  Output bit 2: All 5 candidates agree -> value = 0
    Best match: ID(in[3]) = 0
  Output bit 3: All 5 candidates agree -> value = 1
    Best match: ID(in[4]) = 1
  Output bit 4: All 2 candidates agree -> value = 1
    Best match: XOR(in[0], in[5]) = 1
  Output bit 5: All 2 candidates agree -> value = 0
    Best match: XOR(in[1], in[6]) = 0
  Output bit 6: Ambiguous (1 candidates predict 0, 2 predict 1)
    For 0: INHIB(in[7], in[1])
    For 1: XOR(in[2], in[7]), INHIB(in[7], in[2])
  Output bit 7: All 5 candidates agree -> value = 0
    Best match: ID(in[3]) = 0

Step 2: Identify structural patterns.
  Confirmed bit mappings: bit0<-in[1](shift=1), bit1<-in[2](shift=1), bit2<-in[3](shift=1), bit3<-in[4](shift=1), bit7<-in[3](shift=4)
  Dominant shift = 1 (weight 16)

Step 3: Resolve ambiguous bits using structural patterns.
  Bit 1: Using shift=1, source = in[2] -> value = 0
  Bit 6: Resolved via pair/structure pattern -> value = 1

Step 4: All bits resolved without brute-force.

Step 5: Combine all bits to form the output.
  bit0=1(unambig) | bit1=0(ctx) | bit2=0(unambig) | bit3=1(unambig) | bit4=1(unambig) | bit5=0(unambig) | bit6=1(ctx) | bit7=0(unambig)

The answer is 10011010.",Bit Manipulation,high,ctx,0,10011010
47720c17,"In Alice's Wonderland, a secret bit manipulation rule transforms 8-bit binary numbers. The transformation involves operations like bit shifts, rotations, XOR, AND, OR, NOT, and possibly majority or choice functions.

Here are some examples of input -> output:
10011111 -> 11100111
10110001 -> 10101100
01001000 -> 01111011
01101000 -> 01111011
10000111 -> 01100111
01010001 -> 10111110
10010111 -> 01100111
00101010 -> 11011111

Now, determine the output for: 00011011",10001110,"I need to find the secret bit manipulation rule from the examples.

Given 8 examples:
  10011111 -> 11100111
  10110001 -> 10101100
  01001000 -> 01111011
  01101000 -> 01111011
  10000111 -> 01100111
  01010001 -> 10111110
  10010111 -> 01100111
  00101010 -> 11011111

Query: 00011011

Step 1: Analyze each output bit as an independent boolean function of input bits.

  Output bit 0: All 1 candidates agree -> value = 1
    Best match: XNOR(in[4], in[6]) = 1
  Output bit 1: Ambiguous (3 candidates predict 0, 4 predict 1)
    For 0: XNOR(in[5], in[7]), IMPL(in[3], in[5]), IMPL(in[7], in[5])
    For 1: OR(in[4], in[5]), OR(in[4], in[6]), IMPL(in[3], in[6])
  Output bit 2: Ambiguous (5 candidates predict 0, 3 predict 1)
    For 0: XOR(in[0], in[1]), OR(in[0], in[1]), XNOR(in[5], in[6])
    For 1: OR(in[1], in[7]), NAND(in[2], in[6]), IMPL(in[6], in[7])
  Output bit 3: Ambiguous (1 candidates predict 0, 4 predict 1)
    For 0: IMPL(in[7], in[1])
    For 1: NOR(in[0], in[5]), NOT(in[0]), NAND(in[0], in[7])
  Output bit 4: Ambiguous (3 candidates predict 0, 8 predict 1)
    For 0: OR(in[1], in[2]), NAND(in[6], in[7]), IMPL(in[6], in[2])
    For 1: NOT(in[5]), NAND(in[0], in[5]), NAND(in[0], in[6])
  Output bit 5: All 6 candidates agree -> value = 1
    Best match: OR(in[3], in[6]) = 1
  Output bit 6: All 9 candidates agree -> value = 1
    Best match: XOR(in[1], in[6]) = 1
  Output bit 7: Ambiguous (3 candidates predict 0, 4 predict 1)
    For 0: XNOR(in[5], in[7]), IMPL(in[3], in[5]), IMPL(in[7], in[5])
    For 1: OR(in[4], in[5]), OR(in[4], in[6]), IMPL(in[3], in[6])

Step 2: No strong shift pattern detected.

Step 3: Resolve ambiguous bits using structural patterns.
  Bit 1: Resolved via pair/structure pattern -> value = 0
  Bit 2: Resolved via pair/structure pattern -> value = 0
  Bit 3: Resolved via pair/structure pattern -> value = 0
  Bit 4: Resolved via pair/structure pattern -> value = 1
  Bit 7: Resolved via pair/structure pattern -> value = 0

Step 4: All bits resolved without brute-force.

Step 5: Combine all bits to form the output.
  bit0=1(unambig) | bit1=0(ctx) | bit2=0(ctx) | bit3=0(ctx) | bit4=1(ctx) | bit5=1(unambig) | bit6=1(unambig) | bit7=0(ctx)

The answer is 10001110.",Bit Manipulation,high,ctx,0,10001110
494e04ae,"In Alice's Wonderland, a secret bit manipulation rule transforms 8-bit binary numbers. The transformation involves operations like bit shifts, rotations, XOR, AND, OR, NOT, and possibly majority or choice functions.

Here are some examples of input -> output:
01111001 -> 11110001
00101111 -> 01011111
00011100 -> 00111000
00000010 -> 00000100
11100100 -> 11001111
11010011 -> 10100000
00110011 -> 01100111
00011010 -> 00110100
10100011 -> 01000011
00010001 -> 00100010

Now, determine the output for: 01100010",11000111,"I need to find the secret bit manipulation rule from the examples.

Given 10 examples:
  01111001 -> 11110001
  00101111 -> 01011111
  00011100 -> 00111000
  00000010 -> 00000100
  11100100 -> 11001111
  11010011 -> 10100000
  00110011 -> 01100111
  00011010 -> 00110100
  10100011 -> 01000011
  00010001 -> 00100010

Query: 01100010

Step 1: Analyze each output bit as an independent boolean function of input bits.

  Output bit 0: All 1 candidates agree -> value = 1
    Best match: ID(in[1]) = 1
  Output bit 1: All 1 candidates agree -> value = 1
    Best match: ID(in[2]) = 1
  Output bit 2: All 1 candidates agree -> value = 0
    Best match: ID(in[3]) = 0
  Output bit 3: All 2 candidates agree -> value = 0
    Best match: ID(in[4]) = 0
  Output bit 4: All 1 candidates agree -> value = 0
    Best match: ID(in[5]) = 0
  Output bit 5: All 1 candidates agree -> value = 1
    Best match: XOR(in[0], in[6]) = 1
  Output bit 6: All 1 candidates agree -> value = 1
    Best match: XOR(in[1], in[7]) = 1
  Output bit 7: All 1 candidates agree -> value = 1
    Best match: ID(in[2]) = 1

Step 2: Identify structural patterns.
  Confirmed bit mappings: bit0<-in[1](shift=1), bit1<-in[2](shift=1), bit2<-in[3](shift=1), bit3<-in[4](shift=1), bit4<-in[5](shift=1)
  Dominant shift = 1 (weight 25)

Step 3: No additional bits resolved by context propagation.

Step 4: All bits resolved without brute-force.

Step 5: Combine all bits to form the output.
  bit0=1(unambig) | bit1=1(unambig) | bit2=0(unambig) | bit3=0(unambig) | bit4=0(unambig) | bit5=1(unambig) | bit6=1(unambig) | bit7=1(unambig)

The answer is 11000111.",Bit Manipulation,high,ctx,0,11000111
499c7735,"In Alice's Wonderland, a secret bit manipulation rule transforms 8-bit binary numbers. The transformation involves operations like bit shifts, rotations, XOR, AND, OR, NOT, and possibly majority or choice functions.

Here are some examples of input -> output:
11010111 -> 11111010
10111101 -> 11110111
01111010 -> 11001111
11101001 -> 01111101
00011100 -> 10000011
01101010 -> 11001101
11011001 -> 01111011
11011100 -> 10011011
01110100 -> 10001110

Now, determine the output for: 11001100",10011001,"I need to find the secret bit manipulation rule from the examples.

Given 9 examples:
  11010111 -> 11111010
  10111101 -> 11110111
  01111010 -> 11001111
  11101001 -> 01111101
  00011100 -> 10000011
  01101010 -> 11001101
  11011001 -> 01111011
  11011100 -> 10011011
  01110100 -> 10001110

Query: 11001100

Step 1: Check for whole-byte patterns.
  Mixed shift pattern detected.
  Rule: some output bits are shifted copies, rest use a uniform 2-input function.

Step 2: Apply the pattern to the query.
  11001100 -> 10011001

The answer is 10011001.",Bit Manipulation,high,w_mix,0,10011001
49b5ead6,"In Alice's Wonderland, a secret bit manipulation rule transforms 8-bit binary numbers. The transformation involves operations like bit shifts, rotations, XOR, AND, OR, NOT, and possibly majority or choice functions.

Here are some examples of input -> output:
10001110 -> 10110011
10111000 -> 00111111
00110100 -> 00001111
10011110 -> 10110111
01000110 -> 10011001
01111000 -> 00011111
11101001 -> 01111111
01100110 -> 10011101
11110101 -> 01111111
00110001 -> 01001110

Now, determine the output for: 10110010",10111110,"I need to find the secret bit manipulation rule from the examples.

Given 10 examples:
  10001110 -> 10110011
  10111000 -> 00111111
  00110100 -> 00001111
  10011110 -> 10110111
  01000110 -> 10011001
  01111000 -> 00011111
  11101001 -> 01111111
  01100110 -> 10011101
  11110101 -> 01111111
  00110001 -> 01001110

Query: 10110010

Step 1: Check for whole-byte patterns.
  Mixed shift pattern detected.
  Rule: some output bits are shifted copies, rest use a uniform 2-input function.

Step 2: Apply the pattern to the query.
  10110010 -> 10111110

The answer is 10111110.",Bit Manipulation,high,w_mix,0,10111110
4b925449,"In Alice's Wonderland, a secret bit manipulation rule transforms 8-bit binary numbers. The transformation involves operations like bit shifts, rotations, XOR, AND, OR, NOT, and possibly majority or choice functions.

Here are some examples of input -> output:
11010111 -> 11101011
01011111 -> 10101111
10010111 -> 11001011
10000110 -> 01000011
01111111 -> 10111111
11111110 -> 01111111
11011101 -> 11101110

Now, determine the output for: 01110101",10111010,"I need to find the secret bit manipulation rule from the examples.

Given 7 examples:
  11010111 -> 11101011
  01011111 -> 10101111
  10010111 -> 11001011
  10000110 -> 01000011
  01111111 -> 10111111
  11111110 -> 01111111
  11011101 -> 11101110

Query: 01110101

Step 1: Check for whole-byte patterns.
  Rotation pattern detected.
  Rule: output = rotate(input, k) for some shift k.

Step 2: Apply the pattern to the query.
  01110101 -> 10111010

The answer is 10111010.",Bit Manipulation,high,w_rot,0,10111010
4c8182b0,"In Alice's Wonderland, a secret bit manipulation rule transforms 8-bit binary numbers. The transformation involves operations like bit shifts, rotations, XOR, AND, OR, NOT, and possibly majority or choice functions.

Here are some examples of input -> output:
00001001 -> 00100101
10110000 -> 11010110
10010100 -> 01000010
00111010 -> 11101111
11011100 -> 01101011
11000110 -> 00000000
01010001 -> 01001110
10010011 -> 01011110
00101011 -> 10101001

Now, determine the output for: 00100010",10001100,"I need to find the secret bit manipulation rule from the examples.

Given 9 examples:
  00001001 -> 00100101
  10110000 -> 11010110
  10010100 -> 01000010
  00111010 -> 11101111
  11011100 -> 01101011
  11000110 -> 00000000
  01010001 -> 01001110
  10010011 -> 01011110
  00101011 -> 10101001

Query: 00100010

Step 1: Analyze each output bit as an independent boolean function of input bits.

  Output bit 0: All 3 candidates agree -> value = 1
    Best match: ID(in[2]) = 1
  Output bit 1: All 1 candidates agree -> value = 0
    Best match: ID(in[3]) = 0
  Output bit 2: All 1 candidates agree -> value = 0
    Best match: ID(in[4]) = 0
  Output bit 3: All 2 candidates agree -> value = 0
    Best match: XOR(in[0], in[5]) = 0
  Output bit 4: All 1 candidates agree -> value = 1
    Best match: XOR(in[1], in[6]) = 1
  Output bit 5: All 1 candidates agree -> value = 1
    Best match: XOR(in[2], in[7]) = 1
  Output bit 6: All 1 candidates agree -> value = 0
    Best match: ID(in[3]) = 0
  Output bit 7: All 1 candidates agree -> value = 0
    Best match: ID(in[4]) = 0

Step 2: Identify structural patterns.
  Confirmed bit mappings: bit0<-in[2](shift=2), bit1<-in[3](shift=2), bit2<-in[4](shift=2), bit6<-in[3](shift=5), bit7<-in[4](shift=5)
  Dominant shift = 2 (weight 15)

Step 3: No additional bits resolved by context propagation.

Step 4: All bits resolved without brute-force.

Step 5: Combine all bits to form the output.
  bit0=1(unambig) | bit1=0(unambig) | bit2=0(unambig) | bit3=0(unambig) | bit4=1(unambig) | bit5=1(unambig) | bit6=0(unambig) | bit7=0(unambig)

The answer is 10001100.",Bit Manipulation,high,ctx,0,10001100
4e4fb429,"In Alice's Wonderland, a secret bit manipulation rule transforms 8-bit binary numbers. The transformation involves operations like bit shifts, rotations, XOR, AND, OR, NOT, and possibly majority or choice functions.

Here are some examples of input -> output:
10010000 -> 01001001
00010111 -> 01111101
11101001 -> 10111110
00101011 -> 10111110
01000011 -> 00111100
10110101 -> 11011111
01100111 -> 11111110
11001111 -> 11111100

Now, determine the output for: 01100011",10111110,"I need to find the secret bit manipulation rule from the examples.

Given 8 examples:
  10010000 -> 01001001
  00010111 -> 01111101
  11101001 -> 10111110
  00101011 -> 10111110
  01000011 -> 00111100
  10110101 -> 11011111
  01100111 -> 11111110
  11001111 -> 11111100

Query: 01100011

Step 1: Check for whole-byte patterns.
  Mixed shift pattern detected.
  Rule: some output bits are shifted copies, rest use a uniform 2-input function.

Step 2: Apply the pattern to the query.
  01100011 -> 10111110

The answer is 10111110.",Bit Manipulation,high,w_mix,0,10111110
4ebf50bd,"In Alice's Wonderland, a secret bit manipulation rule transforms 8-bit binary numbers. The transformation involves operations like bit shifts, rotations, XOR, AND, OR, NOT, and possibly majority or choice functions.

Here are some examples of input -> output:
11101010 -> 11101110
11001110 -> 10101111
01011101 -> 10101101
00000001 -> 00000010
10111101 -> 01010101
10001110 -> 00111111
10101000 -> 01111010

Now, determine the output for: 11000010",10110100,"I need to find the secret bit manipulation rule from the examples.

Given 7 examples:
  11101010 -> 11101110
  11001110 -> 10101111
  01011101 -> 10101101
  00000001 -> 00000010
  10111101 -> 01010101
  10001110 -> 00111111
  10101000 -> 01111010

Query: 11000010

Step 1: Analyze each output bit as an independent boolean function of input bits.

  Output bit 0: Ambiguous (1 candidates predict 0, 1 predict 1)
    For 0: AND(in[1], in[4])
    For 1: ID(in[1])
  Output bit 1: All 3 candidates agree -> value = 0
    Best match: ID(in[2]) = 0
  Output bit 2: Ambiguous (1 candidates predict 0, 2 predict 1)
    For 0: XOR(in[2], in[5])
    For 1: XOR(in[0], in[3]), IMPL(in[7], in[1])
  Output bit 3: Ambiguous (2 candidates predict 0, 1 predict 1)
    For 0: INHIB(in[0], in[1]), INHIB(in[4], in[1])
    For 1: XOR(in[1], in[4])
  Output bit 4: Ambiguous (1 candidates predict 0, 2 predict 1)
    For 0: XOR(in[2], in[5])
    For 1: XOR(in[0], in[3]), IMPL(in[7], in[1])
  Output bit 5: All 4 candidates agree -> value = 1
    Best match: XOR(in[3], in[6]) = 1
  Output bit 6: Ambiguous (1 candidates predict 0, 8 predict 1)
    For 0: XOR(in[4], in[7])
    For 1: NOT(in[3]), NAND(in[3], in[4]), NAND(in[3], in[5])
  Output bit 7: All 3 candidates agree -> value = 0
    Best match: ID(in[5]) = 0

Step 2: Identify structural patterns.
  Confirmed bit mappings: bit0<-in[1](shift=1), bit1<-in[2](shift=1), bit7<-in[5](shift=6)
  Dominant shift = 1 (weight 6)

Step 3: Resolve ambiguous bits using structural patterns.
  Bit 0: Using shift=1, source = in[1] -> value = 1
  Bit 2: Resolved via pair/structure pattern -> value = 1
  Bit 3: Resolved via pair/structure pattern -> value = 1
  Bit 4: Resolved via pair/structure pattern -> value = 0
  Bit 6: Resolved via pair/structure pattern -> value = 0

Step 4: All bits resolved without brute-force.

Step 5: Combine all bits to form the output.
  bit0=1(ctx) | bit1=0(unambig) | bit2=1(ctx) | bit3=1(ctx) | bit4=0(ctx) | bit5=1(unambig) | bit6=0(ctx) | bit7=0(unambig)

The answer is 10110100.",Bit Manipulation,high,ctx,0,10110100
524b744b,"In Alice's Wonderland, a secret bit manipulation rule transforms 8-bit binary numbers. The transformation involves operations like bit shifts, rotations, XOR, AND, OR, NOT, and possibly majority or choice functions.

Here are some examples of input -> output:
10001100 -> 01101111
10001000 -> 11101110
00011100 -> 01111111
01110111 -> 11011101
00110011 -> 01011101
01110101 -> 00011101
01111110 -> 10111111
01100000 -> 11111011
11110010 -> 00111101

Now, determine the output for: 11101111",11111011,"I need to find the secret bit manipulation rule from the examples.

Given 9 examples:
  10001100 -> 01101111
  10001000 -> 11101110
  00011100 -> 01111111
  01110111 -> 11011101
  00110011 -> 01011101
  01110101 -> 00011101
  01111110 -> 10111111
  01100000 -> 11111011
  11110010 -> 00111101

Query: 11101111

Step 1: Analyze each output bit as an independent boolean function of input bits.

  Output bit 0: All 1 candidates agree -> value = 1
    Best match: XNOR(in[5], in[6]) = 1
  Output bit 1: All 1 candidates agree -> value = 1
    Best match: XNOR(in[6], in[7]) = 1
  Output bit 2: Ambiguous (2 candidates predict 0, 3 predict 1)
    For 0: NOT(in[7]), NAND(in[2], in[7])
    For 1: NAND(in[3], in[7]), IMPL(in[7], in[0]), IMPL(in[7], in[4])
  Output bit 3: Ambiguous (3 candidates predict 0, 5 predict 1)
    For 0: NAND(in[0], in[4]), IMPL(in[0], in[3]), IMPL(in[4], in[3])
    For 1: OR(in[1], in[3]), OR(in[2], in[3]), IMPL(in[0], in[1])
  Output bit 4: Ambiguous (4 candidates predict 0, 5 predict 1)
    For 0: NAND(in[0], in[7]), NAND(in[4], in[7]), IMPL(in[6], in[3])
    For 1: OR(in[2], in[4]), IMPL(in[1], in[2]), IMPL(in[6], in[2])
  Output bit 5: Ambiguous (2 candidates predict 0, 2 predict 1)
    For 0: IMPL(in[1], in[3]), IMPL(in[2], in[3])
    For 1: OR(in[0], in[3]), OR(in[3], in[4])
  Output bit 6: All 1 candidates agree -> value = 1
    Best match: IMPL(in[3], in[4]) = 1
  Output bit 7: All 2 candidates agree -> value = 1
    Best match: OR(in[2], in[5]) = 1

Step 2: No strong shift pattern detected.

Step 3: Resolve ambiguous bits using structural patterns.
  Bit 2: Resolved via pair/structure pattern -> value = 1
  Bit 3: Resolved via pair/structure pattern -> value = 1
  Bit 4: Resolved via pair/structure pattern -> value = 1
  Bit 5: Resolved via pair/structure pattern -> value = 0

Step 4: All bits resolved without brute-force.

Step 5: Combine all bits to form the output.
  bit0=1(unambig) | bit1=1(unambig) | bit2=1(ctx) | bit3=1(ctx) | bit4=1(ctx) | bit5=0(ctx) | bit6=1(unambig) | bit7=1(unambig)

The answer is 11111011.",Bit Manipulation,high,ctx,0,11111011
5281a6b3,"In Alice's Wonderland, a secret bit manipulation rule transforms 8-bit binary numbers. The transformation involves operations like bit shifts, rotations, XOR, AND, OR, NOT, and possibly majority or choice functions.

Here are some examples of input -> output:
10110011 -> 00010111
01101000 -> 10011100
01101111 -> 11101101
11101111 -> 11000101
01100110 -> 01111111
10011000 -> 10101111
11110111 -> 01000010
11011101 -> 11101010
00011111 -> 11110110

Now, determine the output for: 11011110",11011010,"I need to find the secret bit manipulation rule from the examples.

Given 9 examples:
  10110011 -> 00010111
  01101000 -> 10011100
  01101111 -> 11101101
  11101111 -> 11000101
  01100110 -> 01111111
  10011000 -> 10101111
  11110111 -> 01000010
  11011101 -> 11101010
  00011111 -> 11110110

Query: 11011110

Step 1: Analyze each output bit as an independent boolean function of input bits.

  Output bit 0: All 3 candidates agree -> value = 1
    Best match: ID(in[4]) = 1
  Output bit 1: All 1 candidates agree -> value = 1
    Best match: ID(in[5]) = 1
  Output bit 2: All 1 candidates agree -> value = 0
    Best match: XOR(in[0], in[6]) = 0
  Output bit 3: All 1 candidates agree -> value = 1
    Best match: XOR(in[1], in[7]) = 1
  Output bit 4: All 1 candidates agree -> value = 1
    Best match: XOR(in[0], in[2]) = 1
  Output bit 5: All 2 candidates agree -> value = 0
    Best match: XOR(in[1], in[3]) = 0
  Output bit 6: All 3 candidates agree -> value = 1
    Best match: XOR(in[2], in[4]) = 1
  Output bit 7: All 1 candidates agree -> value = 0
    Best match: XOR(in[3], in[5]) = 0

Step 2: Identify structural patterns.
  Confirmed bit mappings: bit0<-in[4](shift=4), bit1<-in[5](shift=4)
  Dominant shift = 4 (weight 10)

Step 3: No additional bits resolved by context propagation.

Step 4: All bits resolved without brute-force.

Step 5: Combine all bits to form the output.
  bit0=1(unambig) | bit1=1(unambig) | bit2=0(unambig) | bit3=1(unambig) | bit4=1(unambig) | bit5=0(unambig) | bit6=1(unambig) | bit7=0(unambig)

The answer is 11011010.",Bit Manipulation,high,ctx,0,11011010
52a9d5e4,"In Alice's Wonderland, a secret bit manipulation rule transforms 8-bit binary numbers. The transformation involves operations like bit shifts, rotations, XOR, AND, OR, NOT, and possibly majority or choice functions.

Here are some examples of input -> output:
00010111 -> 11001011
10111010 -> 11011101
10000000 -> 01000000
10111000 -> 01011100
01111010 -> 10111101
10001100 -> 01000110
00111001 -> 01011100
11001010 -> 11100101

Now, determine the output for: 00111111",11011111,"I need to find the secret bit manipulation rule from the examples.

Given 8 examples:
  00010111 -> 11001011
  10111010 -> 11011101
  10000000 -> 01000000
  10111000 -> 01011100
  01111010 -> 10111101
  10001100 -> 01000110
  00111001 -> 01011100
  11001010 -> 11100101

Query: 00111111

Step 1: Analyze each output bit as an independent boolean function of input bits.

  Output bit 0: All 2 candidates agree -> value = 1
    Best match: ID(in[6]) = 1
  Output bit 1: All 5 candidates agree -> value = 1
    Best match: XOR(in[0], in[7]) = 1
  Output bit 2: All 5 candidates agree -> value = 0
    Best match: ID(in[1]) = 0
  Output bit 3: Ambiguous (2 candidates predict 0, 4 predict 1)
    For 0: INHIB(in[2], in[5]), INHIB(in[3], in[5])
    For 1: ID(in[2]), AND(in[2], in[3]), AND(in[2], in[4])
  Output bit 4: All 6 candidates agree -> value = 1
    Best match: ID(in[3]) = 1
  Output bit 5: All 3 candidates agree -> value = 1
    Best match: ID(in[4]) = 1
  Output bit 6: Ambiguous (1 candidates predict 0, 2 predict 1)
    For 0: INHIB(in[5], in[2])
    For 1: ID(in[5]), INHIB(in[5], in[1])
  Output bit 7: All 2 candidates agree -> value = 1
    Best match: ID(in[6]) = 1

Step 2: Identify structural patterns.
  Confirmed bit mappings: bit0<-in[6](shift=6), bit2<-in[1](shift=7), bit3<-in[2](shift=7), bit4<-in[3](shift=7), bit5<-in[4](shift=7)
  Dominant shift = 7 (weight 22)

Step 3: Resolve ambiguous bits using structural patterns.
  Bit 3: Using shift=7, source = in[2] -> value = 1
  Bit 6: Using shift=7, source = in[5] -> value = 1

Step 4: All bits resolved without brute-force.

Step 5: Combine all bits to form the output.
  bit0=1(unambig) | bit1=1(unambig) | bit2=0(unambig) | bit3=1(ctx) | bit4=1(unambig) | bit5=1(unambig) | bit6=1(ctx) | bit7=1(unambig)

The answer is 11011111.",Bit Manipulation,high,ctx,0,11011111
53329505,"In Alice's Wonderland, a secret bit manipulation rule transforms 8-bit binary numbers. The transformation involves operations like bit shifts, rotations, XOR, AND, OR, NOT, and possibly majority or choice functions.

Here are some examples of input -> output:
01111101 -> 11111011
01110010 -> 11100101
01000111 -> 10001111
00110100 -> 01101000
00101100 -> 01011000
11011000 -> 10110011
00010000 -> 00100000
00001111 -> 00011110
00101111 -> 01011110

Now, determine the output for: 01101111",11011111,"I need to find the secret bit manipulation rule from the examples.

Given 9 examples:
  01111101 -> 11111011
  01110010 -> 11100101
  01000111 -> 10001111
  00110100 -> 01101000
  00101100 -> 01011000
  11011000 -> 10110011
  00010000 -> 00100000
  00001111 -> 00011110
  00101111 -> 01011110

Query: 01101111

Step 1: Check for whole-byte patterns.
  Mixed shift pattern detected.
  Rule: some output bits are shifted copies, rest use a uniform 2-input function.

Step 2: Apply the pattern to the query.
  01101111 -> 11011111

The answer is 11011111.",Bit Manipulation,high,w_mix,0,11011111
5374b4ba,"In Alice's Wonderland, a secret bit manipulation rule transforms 8-bit binary numbers. The transformation involves operations like bit shifts, rotations, XOR, AND, OR, NOT, and possibly majority or choice functions.

Here are some examples of input -> output:
10111101 -> 10101011
01001111 -> 11100100
11010110 -> 11001101
10011101 -> 10101001
11010000 -> 00001101
00010101 -> 10100001
00011010 -> 01000001
00100000 -> 00000010
10101111 -> 11101010
01010000 -> 00000101

Now, determine the output for: 11000101",10101100,"I need to find the secret bit manipulation rule from the examples.

Given 10 examples:
  10111101 -> 10101011
  01001111 -> 11100100
  11010110 -> 11001101
  10011101 -> 10101001
  11010000 -> 00001101
  00010101 -> 10100001
  00011010 -> 01000001
  00100000 -> 00000010
  10101111 -> 11101010
  01010000 -> 00000101

Query: 11000101

Step 1: Analyze each output bit as an independent boolean function of input bits.

  Output bit 0: All 2 candidates agree -> value = 1
    Best match: ID(in[5]) = 1
  Output bit 1: All 1 candidates agree -> value = 0
    Best match: ID(in[6]) = 0
  Output bit 2: All 2 candidates agree -> value = 1
    Best match: ID(in[7]) = 1
  Output bit 3: All 3 candidates agree -> value = 0
    Best match: AND(in[1], in[2]) = 0
  Output bit 4: All 1 candidates agree -> value = 1
    Best match: ID(in[0]) = 1
  Output bit 5: All 2 candidates agree -> value = 1
    Best match: ID(in[1]) = 1
  Output bit 6: All 2 candidates agree -> value = 0
    Best match: ID(in[2]) = 0
  Output bit 7: All 1 candidates agree -> value = 0
    Best match: ID(in[3]) = 0

Step 2: Identify structural patterns.
  Confirmed bit mappings: bit0<-in[5](shift=5), bit1<-in[6](shift=5), bit2<-in[7](shift=5), bit4<-in[0](shift=4), bit5<-in[1](shift=4)
  Dominant shift = 4 (weight 20)

Step 3: No additional bits resolved by context propagation.

Step 4: All bits resolved without brute-force.

Step 5: Combine all bits to form the output.
  bit0=1(unambig) | bit1=0(unambig) | bit2=1(unambig) | bit3=0(unambig) | bit4=1(unambig) | bit5=1(unambig) | bit6=0(unambig) | bit7=0(unambig)

The answer is 10101100.",Bit Manipulation,high,ctx,0,10101100
53b84650,"In Alice's Wonderland, a secret bit manipulation rule transforms 8-bit binary numbers. The transformation involves operations like bit shifts, rotations, XOR, AND, OR, NOT, and possibly majority or choice functions.

Here are some examples of input -> output:
01010101 -> 10000000
10010000 -> 01101001
11110000 -> 10011001
00011100 -> 00110110
11011100 -> 11010111
00010011 -> 00101111
00111001 -> 01101110
11110110 -> 10010110
01001110 -> 10111011

Now, determine the output for: 11001101",11111101,"I need to find the secret bit manipulation rule from the examples.

Given 9 examples:
  01010101 -> 10000000
  10010000 -> 01101001
  11110000 -> 10011001
  00011100 -> 00110110
  11011100 -> 11010111
  00010011 -> 00101111
  00111001 -> 01101110
  11110110 -> 10010110
  01001110 -> 10111011

Query: 11001101

Step 1: Analyze each output bit as an independent boolean function of input bits.

  Output bit 0: All 2 candidates agree -> value = 1
    Best match: ID(in[1]) = 1
  Output bit 1: All 1 candidates agree -> value = 1
    Best match: XOR(in[0], in[2]) = 1
  Output bit 2: All 2 candidates agree -> value = 1
    Best match: XOR(in[1], in[3]) = 1
  Output bit 3: All 1 candidates agree -> value = 1
    Best match: XOR(in[2], in[4]) = 1
  Output bit 4: All 2 candidates agree -> value = 1
    Best match: XOR(in[3], in[5]) = 1
  Output bit 5: All 1 candidates agree -> value = 1
    Best match: XOR(in[4], in[6]) = 1
  Output bit 6: Ambiguous (1 candidates predict 0, 1 predict 1)
    For 0: XOR(in[5], in[7])
    For 1: OR(in[4], in[6])
  Output bit 7: All 1 candidates agree -> value = 1
    Best match: XOR(in[0], in[6]) = 1

Step 2: Identify structural patterns.
  Confirmed bit mappings: bit0<-in[1](shift=1)
  Dominant shift = 1 (weight 5)

Step 3: Resolve ambiguous bits using structural patterns.
  Bit 6: Resolved via pair/structure pattern -> value = 0

Step 4: All bits resolved without brute-force.

Step 5: Combine all bits to form the output.
  bit0=1(unambig) | bit1=1(unambig) | bit2=1(unambig) | bit3=1(unambig) | bit4=1(unambig) | bit5=1(unambig) | bit6=0(ctx) | bit7=1(unambig)

The answer is 11111101.",Bit Manipulation,high,ctx,0,11111101
546b90de,"In Alice's Wonderland, a secret bit manipulation rule transforms 8-bit binary numbers. The transformation involves operations like bit shifts, rotations, XOR, AND, OR, NOT, and possibly majority or choice functions.

Here are some examples of input -> output:
00011110 -> 10001111
11011001 -> 01111100
11001100 -> 11101110
11101100 -> 01111110
00001011 -> 01010111
00000110 -> 11100111
10110000 -> 01111101
10001111 -> 01000111

Now, determine the output for: 11001110",11100111,"I need to find the secret bit manipulation rule from the examples.

Given 8 examples:
  00011110 -> 10001111
  11011001 -> 01111100
  11001100 -> 11101110
  11101100 -> 01111110
  00001011 -> 01010111
  00000110 -> 11100111
  10110000 -> 01111101
  10001111 -> 01000111

Query: 11001110

Step 1: Analyze each output bit as an independent boolean function of input bits.

  Output bit 0: All 2 candidates agree -> value = 1
    Best match: XNOR(in[2], in[7]) = 1
  Output bit 1: All 3 candidates agree -> value = 1
    Best match: NAND(in[3], in[5]) = 1
  Output bit 2: Ambiguous (1 candidates predict 0, 2 predict 1)
    For 0: NAND(in[4], in[6])
    For 1: XNOR(in[1], in[4]), IMPL(in[4], in[1])
  Output bit 3: All 1 candidates agree -> value = 0
    Best match: IMPL(in[5], in[2]) = 0
  Output bit 4: Ambiguous (1 candidates predict 0, 1 predict 1)
    For 0: IMPL(in[6], in[3])
    For 1: OR(in[1], in[3])
  Output bit 5: Ambiguous (1 candidates predict 0, 8 predict 1)
    For 0: NAND(in[1], in[6])
    For 1: OR(in[0], in[6]), NAND(in[2], in[6]), NAND(in[2], in[7])
  Output bit 6: All 5 candidates agree -> value = 1
    Best match: OR(in[5], in[6]) = 1
  Output bit 7: Ambiguous (3 candidates predict 0, 2 predict 1)
    For 0: NOT(in[1]), NAND(in[0], in[1]), NAND(in[1], in[4])
    For 1: IMPL(in[1], in[6]), IMPL(in[4], in[6])

Step 2: No strong shift pattern detected.

Step 3: Resolve ambiguous bits using structural patterns.
  Bit 2: Resolved via pair/structure pattern -> value = 1
  Bit 4: Resolved via pair/structure pattern -> value = 0
  Bit 5: Resolved via pair/structure pattern -> value = 1
  Bit 7: Resolved via pair/structure pattern -> value = 1

Step 4: All bits resolved without brute-force.

Step 5: Combine all bits to form the output.
  bit0=1(unambig) | bit1=1(unambig) | bit2=1(ctx) | bit3=0(unambig) | bit4=0(ctx) | bit5=1(ctx) | bit6=1(unambig) | bit7=1(ctx)

The answer is 11100111.",Bit Manipulation,high,ctx,0,11100111
547485e9,"In Alice's Wonderland, a secret bit manipulation rule transforms 8-bit binary numbers. The transformation involves operations like bit shifts, rotations, XOR, AND, OR, NOT, and possibly majority or choice functions.

Here are some examples of input -> output:
10000101 -> 11100011
11000110 -> 01010010
01110001 -> 10100100
10101111 -> 11111100
11011100 -> 01011001
11001011 -> 11010111
01011111 -> 10111000
01100000 -> 00101000
10001101 -> 11100101

Now, determine the output for: 11000111",11010010,"I need to find the secret bit manipulation rule from the examples.

Given 9 examples:
  10000101 -> 11100011
  11000110 -> 01010010
  01110001 -> 10100100
  10101111 -> 11111100
  11011100 -> 01011001
  11001011 -> 11010111
  01011111 -> 10111000
  01100000 -> 00101000
  10001101 -> 11100101

Query: 11000111

Step 1: Analyze each output bit as an independent boolean function of input bits.

  Output bit 0: All 2 candidates agree -> value = 1
    Best match: ID(in[7]) = 1
  Output bit 1: All 2 candidates agree -> value = 1
    Best match: ID(in[0]) = 1
  Output bit 2: All 2 candidates agree -> value = 0
    Best match: XOR(in[0], in[1]) = 0
  Output bit 3: All 1 candidates agree -> value = 1
    Best match: XOR(in[1], in[2]) = 1
  Output bit 4: All 1 candidates agree -> value = 0
    Best match: XOR(in[2], in[3]) = 0
  Output bit 5: All 1 candidates agree -> value = 0
    Best match: XOR(in[3], in[4]) = 0
  Output bit 6: All 1 candidates agree -> value = 1
    Best match: XOR(in[4], in[5]) = 1
  Output bit 7: All 1 candidates agree -> value = 0
    Best match: XOR(in[5], in[6]) = 0

Step 2: Identify structural patterns.
  Confirmed bit mappings: bit0<-in[7](shift=7), bit1<-in[0](shift=7)
  Dominant shift = 7 (weight 10)

Step 3: No additional bits resolved by context propagation.

Step 4: All bits resolved without brute-force.

Step 5: Combine all bits to form the output.
  bit0=1(unambig) | bit1=1(unambig) | bit2=0(unambig) | bit3=1(unambig) | bit4=0(unambig) | bit5=0(unambig) | bit6=1(unambig) | bit7=0(unambig)

The answer is 11010010.",Bit Manipulation,high,ctx,0,11010010
55e23d08,"In Alice's Wonderland, a secret bit manipulation rule transforms 8-bit binary numbers. The transformation involves operations like bit shifts, rotations, XOR, AND, OR, NOT, and possibly majority or choice functions.

Here are some examples of input -> output:
01111101 -> 11111001
01011110 -> 10111110
00010111 -> 00101110
11100000 -> 11000111
00100100 -> 01001001
11011001 -> 10110100
01110111 -> 11101101
10011110 -> 00111000
10101000 -> 01010101

Now, determine the output for: 11101011",11010001,"I need to find the secret bit manipulation rule from the examples.

Given 9 examples:
  01111101 -> 11111001
  01011110 -> 10111110
  00010111 -> 00101110
  11100000 -> 11000111
  00100100 -> 01001001
  11011001 -> 10110100
  01110111 -> 11101101
  10011110 -> 00111000
  10101000 -> 01010101

Query: 11101011

Step 1: Analyze each output bit as an independent boolean function of input bits.

  Output bit 0: All 1 candidates agree -> value = 1
    Best match: ID(in[1]) = 1
  Output bit 1: All 2 candidates agree -> value = 1
    Best match: ID(in[2]) = 1
  Output bit 2: Ambiguous (2 candidates predict 0, 4 predict 1)
    For 0: ID(in[3]), IMPL(in[2], in[3])
    For 1: OR(in[3], in[6]), OR(in[3], in[7]), OR(in[6], in[7])
  Output bit 3: All 1 candidates agree -> value = 1
    Best match: ID(in[4]) = 1
  Output bit 4: Ambiguous (2 candidates predict 0, 2 predict 1)
    For 0: ID(in[5]), IMPL(in[0], in[5])
    For 1: OR(in[5], in[6]), IMPL(in[0], in[6])
  Output bit 5: All 1 candidates agree -> value = 0
    Best match: XOR(in[0], in[6]) = 0
  Output bit 6: All 1 candidates agree -> value = 0
    Best match: XOR(in[1], in[7]) = 0
  Output bit 7: All 2 candidates agree -> value = 1
    Best match: ID(in[2]) = 1

Step 2: Identify structural patterns.
  Confirmed bit mappings: bit0<-in[1](shift=1), bit1<-in[2](shift=1), bit2<-in[3](shift=1), bit3<-in[4](shift=1), bit4<-in[5](shift=1)
  Dominant shift = 1 (weight 17)

Step 3: Resolve ambiguous bits using structural patterns.
  Bit 2: Using shift=1, source = in[3] -> value = 0
  Bit 4: Using shift=1, source = in[5] -> value = 0

Step 4: All bits resolved without brute-force.

Step 5: Combine all bits to form the output.
  bit0=1(unambig) | bit1=1(unambig) | bit2=0(ctx) | bit3=1(unambig) | bit4=0(ctx) | bit5=0(unambig) | bit6=0(unambig) | bit7=1(unambig)

The answer is 11010001.",Bit Manipulation,high,ctx,0,11010001
562cfc29,"In Alice's Wonderland, a secret bit manipulation rule transforms 8-bit binary numbers. The transformation involves operations like bit shifts, rotations, XOR, AND, OR, NOT, and possibly majority or choice functions.

Here are some examples of input -> output:
01100010 -> 01000110
01100110 -> 01010100
00011101 -> 00000101
01111111 -> 10111100
00010000 -> 10110111
11101001 -> 10101111
00011001 -> 00010111
10111000 -> 01000011

Now, determine the output for: 01100101",11011001,"I need to find the secret bit manipulation rule from the examples.

Given 8 examples:
  01100010 -> 01000110
  01100110 -> 01010100
  00011101 -> 00000101
  01111111 -> 10111100
  00010000 -> 10110111
  11101001 -> 10101111
  00011001 -> 00010111
  10111000 -> 01000011

Query: 01100101

Step 1: Analyze each output bit as an independent boolean function of input bits.

  Output bit 0: Ambiguous (1 candidates predict 0, 1 predict 1)
    For 0: XNOR(in[1], in[4])
    For 1: XNOR(in[2], in[7])
  Output bit 1: Ambiguous (1 candidates predict 0, 1 predict 1)
    For 0: INHIB(in[2], in[7])
    For 1: XNOR(in[0], in[3])
  Output bit 2: Ambiguous (1 candidates predict 0, 1 predict 1)
    For 0: XNOR(in[1], in[4])
    For 1: XNOR(in[2], in[7])
  Output bit 3: All 1 candidates agree -> value = 1
    Best match: XNOR(in[2], in[5]) = 1
  Output bit 4: Ambiguous (1 candidates predict 0, 3 predict 1)
    For 0: AND(in[1], in[4])
    For 1: AND(in[1], in[7]), AND(in[2], in[7]), XNOR(in[3], in[6])
  Output bit 5: Ambiguous (1 candidates predict 0, 6 predict 1)
    For 0: XNOR(in[4], in[7])
    For 1: XNOR(in[1], in[2]), NAND(in[0], in[3]), IMPL(in[0], in[1])
  Output bit 6: All 2 candidates agree -> value = 0
    Best match: NOT(in[5]) = 0
  Output bit 7: Ambiguous (3 candidates predict 0, 4 predict 1)
    For 0: XNOR(in[0], in[2]), IMPL(in[1], in[0]), IMPL(in[2], in[0])
    For 1: NOT(in[6]), NAND(in[1], in[6]), NAND(in[2], in[6])

Step 2: Identify structural patterns.
  Confirmed bit mappings: bit6<-in[5](shift=7), bit7<-in[6](shift=7)
  Dominant shift = 7 (weight 6)

Step 3: Resolve ambiguous bits using structural patterns.
  Bit 0: Resolved via pair/structure pattern -> value = 1
  Bit 1: Resolved via pair/structure pattern -> value = 1
  Bit 2: Resolved via pair/structure pattern -> value = 0
  Bit 4: Resolved via pair/structure pattern -> value = 1
  Bit 5: Resolved via pair/structure pattern -> value = 0
  Bit 7: Using shift=7, source = in[6] -> value = 1

Step 4: All bits resolved without brute-force.

Step 5: Combine all bits to form the output.
  bit0=1(ctx) | bit1=1(ctx) | bit2=0(ctx) | bit3=1(unambig) | bit4=1(ctx) | bit5=0(ctx) | bit6=0(unambig) | bit7=1(ctx)

The answer is 11011001.",Bit Manipulation,high,ctx,0,11011001
56b1a67b,"In Alice's Wonderland, a secret bit manipulation rule transforms 8-bit binary numbers. The transformation involves operations like bit shifts, rotations, XOR, AND, OR, NOT, and possibly majority or choice functions.

Here are some examples of input -> output:
10010111 -> 01000100
11111011 -> 11101110
10111011 -> 11101110
01100010 -> 10001000
10111010 -> 10101010
01000111 -> 00010001
10011110 -> 00100010
10000001 -> 00000000

Now, determine the output for: 00101011",10001000,"I need to find the secret bit manipulation rule from the examples.

Given 8 examples:
  10010111 -> 01000100
  11111011 -> 11101110
  10111011 -> 11101110
  01100010 -> 10001000
  10111010 -> 10101010
  01000111 -> 00010001
  10011110 -> 00100010
  10000001 -> 00000000

Query: 00101011

Step 1: Check for whole-byte patterns.
  Uniform 2-input shift pattern detected.
  Rule: all output bits use the same 2-input boolean function with fixed shifts.

Step 2: Apply the pattern to the query.
  00101011 -> 10001000

The answer is 10001000.",Bit Manipulation,high,w_uni2,0,10001000
57b03b2b,"In Alice's Wonderland, a secret bit manipulation rule transforms 8-bit binary numbers. The transformation involves operations like bit shifts, rotations, XOR, AND, OR, NOT, and possibly majority or choice functions.

Here are some examples of input -> output:
00100110 -> 10011000
11010000 -> 01000011
01010010 -> 01001001
01010111 -> 01011101
10110001 -> 11000111
10101110 -> 10111011
10001011 -> 00101111
01100100 -> 10010001
00111101 -> 11110100
01101110 -> 10111001

Now, determine the output for: 10100000",10000011,"I need to find the secret bit manipulation rule from the examples.

Given 10 examples:
  00100110 -> 10011000
  11010000 -> 01000011
  01010010 -> 01001001
  01010111 -> 01011101
  10110001 -> 11000111
  10101110 -> 10111011
  10001011 -> 00101111
  01100100 -> 10010001
  00111101 -> 11110100
  01101110 -> 10111001

Query: 10100000

Step 1: Check for whole-byte patterns.
  Mixed shift pattern detected.
  Rule: some output bits are shifted copies, rest use a uniform 2-input function.

Step 2: Apply the pattern to the query.
  10100000 -> 10000011

The answer is 10000011.",Bit Manipulation,high,w_mix,0,10000011
59bee375,"In Alice's Wonderland, a secret bit manipulation rule transforms 8-bit binary numbers. The transformation involves operations like bit shifts, rotations, XOR, AND, OR, NOT, and possibly majority or choice functions.

Here are some examples of input -> output:
11001100 -> 10111011
11001101 -> 10011011
01110000 -> 11111110
10000110 -> 01010111
00100001 -> 11001101
10111110 -> 11010111
00110000 -> 11111110

Now, determine the output for: 10101101",10010101,"I need to find the secret bit manipulation rule from the examples.

Given 7 examples:
  11001100 -> 10111011
  11001101 -> 10011011
  01110000 -> 11111110
  10000110 -> 01010111
  00100001 -> 11001101
  10111110 -> 11010111
  00110000 -> 11111110

Query: 10101101

Step 1: Analyze each output bit as an independent boolean function of input bits.

  Output bit 0: All 9 candidates agree -> value = 1
    Best match: XNOR(in[0], in[4]) = 1
  Output bit 1: Ambiguous (6 candidates predict 0, 7 predict 1)
    For 0: XNOR(in[0], in[6]), XNOR(in[5], in[6]), IMPL(in[0], in[6])
    For 1: OR(in[2], in[6]), NAND(in[0], in[1]), NAND(in[1], in[4])
  Output bit 2: All 2 candidates agree -> value = 0
    Best match: XNOR(in[6], in[7]) = 0
  Output bit 3: Ambiguous (4 candidates predict 0, 5 predict 1)
    For 0: XNOR(in[2], in[3]), NAND(in[2], in[7]), IMPL(in[2], in[3])
    For 1: OR(in[0], in[3]), OR(in[3], in[5]), IMPL(in[7], in[0])
  Output bit 4: Ambiguous (3 candidates predict 0, 5 predict 1)
    For 0: XOR(in[2], in[4]), IMPL(in[0], in[1]), IMPL(in[5], in[1])
    For 1: NOT(in[6]), NAND(in[0], in[6]), NAND(in[5], in[6])
  Output bit 5: Ambiguous (6 candidates predict 0, 7 predict 1)
    For 0: XNOR(in[0], in[6]), XNOR(in[5], in[6]), IMPL(in[0], in[6])
    For 1: OR(in[2], in[6]), NAND(in[0], in[1]), NAND(in[1], in[4])
  Output bit 6: Ambiguous (4 candidates predict 0, 5 predict 1)
    For 0: XNOR(in[2], in[3]), NAND(in[2], in[7]), IMPL(in[2], in[3])
    For 1: OR(in[0], in[3]), OR(in[3], in[5]), IMPL(in[7], in[0])
  Output bit 7: All 6 candidates agree -> value = 1
    Best match: OR(in[0], in[7]) = 1

Step 2: No strong shift pattern detected.

Step 3: Resolve ambiguous bits using structural patterns.
  Bit 1: Resolved via pair/structure pattern -> value = 0
  Bit 3: Resolved via pair/structure pattern -> value = 1
  Bit 4: Resolved via pair/structure pattern -> value = 0
  Bit 5: Resolved via pair/structure pattern -> value = 1
  Bit 6: Resolved via pair/structure pattern -> value = 0

Step 4: All bits resolved without brute-force.

Step 5: Combine all bits to form the output.
  bit0=1(unambig) | bit1=0(ctx) | bit2=0(unambig) | bit3=1(ctx) | bit4=0(ctx) | bit5=1(ctx) | bit6=0(ctx) | bit7=1(unambig)

The answer is 10010101.",Bit Manipulation,high,ctx,0,10010101
5a19f71a,"In Alice's Wonderland, a secret bit manipulation rule transforms 8-bit binary numbers. The transformation involves operations like bit shifts, rotations, XOR, AND, OR, NOT, and possibly majority or choice functions.

Here are some examples of input -> output:
10001001 -> 01101100
00111100 -> 01100001
10110101 -> 00001101
01010000 -> 10000010
11000100 -> 10100110
11110101 -> 00001111
11000011 -> 01111110
01111000 -> 11000011

Now, determine the output for: 01001100",11100010,"I need to find the secret bit manipulation rule from the examples.

Given 8 examples:
  10001001 -> 01101100
  00111100 -> 01100001
  10110101 -> 00001101
  01010000 -> 10000010
  11000100 -> 10100110
  11110101 -> 00001111
  11000011 -> 01111110
  01111000 -> 11000011

Query: 01001100

Step 1: Check for whole-byte patterns.
  Mixed shift pattern detected.
  Rule: some output bits are shifted copies, rest use a uniform 2-input function.

Step 2: Apply the pattern to the query.
  01001100 -> 11100010

The answer is 11100010.",Bit Manipulation,high,w_mix,0,11100010
5b36e273,"In Alice's Wonderland, a secret bit manipulation rule transforms 8-bit binary numbers. The transformation involves operations like bit shifts, rotations, XOR, AND, OR, NOT, and possibly majority or choice functions.

Here are some examples of input -> output:
01000100 -> 00110010
01011110 -> 01010111
00011100 -> 01111110
10101001 -> 11110000
10100011 -> 11011101
11101000 -> 11010100
11101011 -> 11011001
10011001 -> 00101000
11011111 -> 00010011

Now, determine the output for: 11100010",11111001,"I need to find the secret bit manipulation rule from the examples.

Given 9 examples:
  01000100 -> 00110010
  01011110 -> 01010111
  00011100 -> 01111110
  10101001 -> 11110000
  10100011 -> 11011101
  11101000 -> 11010100
  11101011 -> 11011001
  10011001 -> 00101000
  11011111 -> 00010011

Query: 11100010

Step 1: Analyze each output bit as an independent boolean function of input bits.

  Output bit 0: All 6 candidates agree -> value = 1
    Best match: ID(in[2]) = 1
  Output bit 1: All 1 candidates agree -> value = 1
    Best match: XOR(in[0], in[3]) = 1
  Output bit 2: All 1 candidates agree -> value = 1
    Best match: XOR(in[1], in[4]) = 1
  Output bit 3: All 3 candidates agree -> value = 1
    Best match: XOR(in[2], in[5]) = 1
  Output bit 4: All 1 candidates agree -> value = 1
    Best match: XOR(in[3], in[6]) = 1
  Output bit 5: All 1 candidates agree -> value = 0
    Best match: XOR(in[4], in[7]) = 0
  Output bit 6: All 3 candidates agree -> value = 0
    Best match: ID(in[5]) = 0
  Output bit 7: All 1 candidates agree -> value = 1
    Best match: ID(in[6]) = 1

Step 2: Identify structural patterns.
  Confirmed bit mappings: bit0<-in[2](shift=2), bit6<-in[5](shift=7), bit7<-in[6](shift=7)
  Dominant shift = 7 (weight 10)

Step 3: No additional bits resolved by context propagation.

Step 4: All bits resolved without brute-force.

Step 5: Combine all bits to form the output.
  bit0=1(unambig) | bit1=1(unambig) | bit2=1(unambig) | bit3=1(unambig) | bit4=1(unambig) | bit5=0(unambig) | bit6=0(unambig) | bit7=1(unambig)

The answer is 11111001.",Bit Manipulation,high,ctx,0,11111001
5cedf608,"In Alice's Wonderland, a secret bit manipulation rule transforms 8-bit binary numbers. The transformation involves operations like bit shifts, rotations, XOR, AND, OR, NOT, and possibly majority or choice functions.

Here are some examples of input -> output:
11111110 -> 10000100
01101111 -> 10001010
01010100 -> 01111011
10100111 -> 11001101
11000110 -> 01111000
00011010 -> 01100101
01111100 -> 11001111
10010000 -> 00001010
11111101 -> 10001001
10110110 -> 10000001

Now, determine the output for: 10111111",10100001,"I need to find the secret bit manipulation rule from the examples.

Given 10 examples:
  11111110 -> 10000100
  01101111 -> 10001010
  01010100 -> 01111011
  10100111 -> 11001101
  11000110 -> 01111000
  00011010 -> 01100101
  01111100 -> 11001111
  10010000 -> 00001010
  11111101 -> 10001001
  10110110 -> 10000001

Query: 10111111

Step 1: Analyze each output bit as an independent boolean function of input bits.

  Output bit 0: All 3 candidates agree -> value = 1
    Best match: ID(in[2]) = 1
  Output bit 1: All 1 candidates agree -> value = 0
    Best match: XOR(in[0], in[3]) = 0
  Output bit 2: All 1 candidates agree -> value = 1
    Best match: XOR(in[1], in[4]) = 1
  Output bit 3: All 4 candidates agree -> value = 0
    Best match: XOR(in[2], in[5]) = 0
  Output bit 4: All 2 candidates agree -> value = 0
    Best match: XOR(in[3], in[6]) = 0
  Output bit 5: All 1 candidates agree -> value = 0
    Best match: XOR(in[4], in[7]) = 0
  Output bit 6: All 1 candidates agree -> value = 0
    Best match: XOR(in[0], in[5]) = 0
  Output bit 7: All 1 candidates agree -> value = 1
    Best match: XOR(in[1], in[6]) = 1

Step 2: Identify structural patterns.
  Confirmed bit mappings: bit0<-in[2](shift=2)
  Dominant shift = 2 (weight 5)

Step 3: No additional bits resolved by context propagation.

Step 4: All bits resolved without brute-force.

Step 5: Combine all bits to form the output.
  bit0=1(unambig) | bit1=0(unambig) | bit2=1(unambig) | bit3=0(unambig) | bit4=0(unambig) | bit5=0(unambig) | bit6=0(unambig) | bit7=1(unambig)

The answer is 10100001.",Bit Manipulation,high,ctx,0,10100001
5d0db0d2,"In Alice's Wonderland, a secret bit manipulation rule transforms 8-bit binary numbers. The transformation involves operations like bit shifts, rotations, XOR, AND, OR, NOT, and possibly majority or choice functions.

Here are some examples of input -> output:
11011001 -> 10011111
00101010 -> 10100111
01111010 -> 10101111
01011111 -> 11111111
00010010 -> 00100011
10011011 -> 10111011
00011101 -> 11010011
11001011 -> 10111101

Now, determine the output for: 01111111",11111111,"I need to find the secret bit manipulation rule from the examples.

Given 8 examples:
  11011001 -> 10011111
  00101010 -> 10100111
  01111010 -> 10101111
  01011111 -> 11111111
  00010010 -> 00100011
  10011011 -> 10111011
  00011101 -> 11010011
  11001011 -> 10111101

Query: 01111111

Step 1: Check for whole-byte patterns.
  Mixed shift pattern detected.
  Rule: some output bits are shifted copies, rest use a uniform 2-input function.

Step 2: Apply the pattern to the query.
  01111111 -> 11111111

The answer is 11111111.",Bit Manipulation,high,w_mix,0,11111111
5f66eb60,"In Alice's Wonderland, a secret bit manipulation rule transforms 8-bit binary numbers. The transformation involves operations like bit shifts, rotations, XOR, AND, OR, NOT, and possibly majority or choice functions.

Here are some examples of input -> output:
01000111 -> 10000011
00111111 -> 01011111
01100110 -> 10011001
11101110 -> 11111111
01111010 -> 10111100
01111110 -> 10111111
01010000 -> 00100000
01100000 -> 00010000
00101000 -> 00010000

Now, determine the output for: 11111111",11111111,"I need to find the secret bit manipulation rule from the examples.

Given 9 examples:
  01000111 -> 10000011
  00111111 -> 01011111
  01100110 -> 10011001
  11101110 -> 11111111
  01111010 -> 10111100
  01111110 -> 10111111
  01010000 -> 00100000
  01100000 -> 00010000
  00101000 -> 00010000

Query: 11111111

Step 1: Analyze each output bit as an independent boolean function of input bits.

  Output bit 0: All 1 candidates agree -> value = 1
    Best match: AND(in[1], in[6]) = 1
  Output bit 1: All 2 candidates agree -> value = 1
    Best match: MAJ(in[0], in[2], in[7]) = 1
  Output bit 2: All 1 candidates agree -> value = 1
    Best match: MAJ(in[0], in[1], in[3]) = 1
  Output bit 3: All 4 candidates agree -> value = 1
    Best match: ID(in[2]) = 1
  Output bit 4: All 1 candidates agree -> value = 1
    Best match: AND(in[2], in[6]) = 1
  Output bit 5: All 1 candidates agree -> value = 1
    Best match: AND(in[4], in[6]) = 1
  Output bit 6: All 2 candidates agree -> value = 1
    Best match: MAJ(in[4], in[5], in[7]) = 1
  Output bit 7: All 4 candidates agree -> value = 1
    Best match: ID(in[5]) = 1

Step 2: Identify structural patterns.
  Confirmed bit mappings: bit3<-in[2](shift=7), bit7<-in[5](shift=6)
  Dominant shift = 7 (weight 5)

Step 3: No additional bits resolved by context propagation.

Step 4: All bits resolved without brute-force.

Step 5: Combine all bits to form the output.
  bit0=1(unambig) | bit1=1(unambig) | bit2=1(unambig) | bit3=1(unambig) | bit4=1(unambig) | bit5=1(unambig) | bit6=1(unambig) | bit7=1(unambig)

The answer is 11111111.",Bit Manipulation,high,ctx,0,11111111
5f76ba09,"In Alice's Wonderland, a secret bit manipulation rule transforms 8-bit binary numbers. The transformation involves operations like bit shifts, rotations, XOR, AND, OR, NOT, and possibly majority or choice functions.

Here are some examples of input -> output:
01000110 -> 00011101
10010001 -> 01000110
00010011 -> 11100010
11100110 -> 01110101
00100001 -> 00001010
01110000 -> 11111100
00100110 -> 11000101
11000111 -> 01111111

Now, determine the output for: 11110101",10010111,"I need to find the secret bit manipulation rule from the examples.

Given 8 examples:
  01000110 -> 00011101
  10010001 -> 01000110
  00010011 -> 11100010
  11100110 -> 01110101
  00100001 -> 00001010
  01110000 -> 11111100
  00100110 -> 11000101
  11000111 -> 01111111

Query: 11110101

Step 1: Analyze each output bit as an independent boolean function of input bits.

  Output bit 0: All 1 candidates agree -> value = 1
    Best match: XOR(in[1], in[6]) = 1
  Output bit 1: All 1 candidates agree -> value = 0
    Best match: XOR(in[2], in[7]) = 0
  Output bit 2: All 1 candidates agree -> value = 0
    Best match: XOR(in[0], in[3]) = 0
  Output bit 3: All 4 candidates agree -> value = 1
    Best match: ID(in[1]) = 1
  Output bit 4: All 1 candidates agree -> value = 0
    Best match: XOR(in[2], in[5]) = 0
  Output bit 5: All 2 candidates agree -> value = 1
    Best match: XOR(in[3], in[6]) = 1
  Output bit 6: All 4 candidates agree -> value = 1
    Best match: ID(in[7]) = 1
  Output bit 7: Ambiguous (3 candidates predict 0, 4 predict 1)
    For 0: AND(in[5], in[6]), INHIB(in[5], in[3]), INHIB(in[6], in[3])
    For 1: ID(in[5]), XOR(in[4], in[5]), OR(in[4], in[5])

Step 2: Identify structural patterns.
  Confirmed bit mappings: bit3<-in[1](shift=6), bit6<-in[7](shift=1), bit7<-in[5](shift=6)
  Dominant shift = 6 (weight 6)

Step 3: Resolve ambiguous bits using structural patterns.
  Bit 7: Using shift=6, source = in[5] -> value = 1

Step 4: All bits resolved without brute-force.

Step 5: Combine all bits to form the output.
  bit0=1(unambig) | bit1=0(unambig) | bit2=0(unambig) | bit3=1(unambig) | bit4=0(unambig) | bit5=1(unambig) | bit6=1(unambig) | bit7=1(ctx)

The answer is 10010111.",Bit Manipulation,high,ctx,0,10010111
619a99d2,"In Alice's Wonderland, a secret bit manipulation rule transforms 8-bit binary numbers. The transformation involves operations like bit shifts, rotations, XOR, AND, OR, NOT, and possibly majority or choice functions.

Here are some examples of input -> output:
11111011 -> 11111111
10101101 -> 01011111
11100101 -> 11111011
01110001 -> 11111010
01110110 -> 11111111
10111011 -> 01111111
00100000 -> 01010000
11011001 -> 11111111
00000110 -> 00001111

Now, determine the output for: 01101000",11110100,"I need to find the secret bit manipulation rule from the examples.

Given 9 examples:
  11111011 -> 11111111
  10101101 -> 01011111
  11100101 -> 11111011
  01110001 -> 11111010
  01110110 -> 11111111
  10111011 -> 01111111
  00100000 -> 01010000
  11011001 -> 11111111
  00000110 -> 00001111

Query: 01101000

Step 1: Analyze each output bit as an independent boolean function of input bits.

  Output bit 0: All 1 candidates agree -> value = 1
    Best match: ID(in[1]) = 1
  Output bit 1: All 8 candidates agree -> value = 1
    Best match: OR(in[0], in[2]) = 1
  Output bit 2: All 1 candidates agree -> value = 1
    Best match: OR(in[1], in[3]) = 1
  Output bit 3: All 8 candidates agree -> value = 1
    Best match: OR(in[0], in[2]) = 1
  Output bit 4: All 3 candidates agree -> value = 0
    Best match: OR(in[3], in[5]) = 0
  Output bit 5: All 1 candidates agree -> value = 1
    Best match: OR(in[4], in[6]) = 1
  Output bit 6: All 3 candidates agree -> value = 0
    Best match: OR(in[3], in[5]) = 0
  Output bit 7: Ambiguous (2 candidates predict 0, 1 predict 1)
    For 0: OR(in[0], in[5]), OR(in[0], in[6])
    For 1: OR(in[4], in[5])

Step 2: Identify structural patterns.
  Confirmed bit mappings: bit0<-in[1](shift=1)
  Dominant shift = 1 (weight 5)

Step 3: Resolve ambiguous bits using structural patterns.
  Bit 7: Resolved via pair/structure pattern -> value = 0

Step 4: All bits resolved without brute-force.

Step 5: Combine all bits to form the output.
  bit0=1(unambig) | bit1=1(unambig) | bit2=1(unambig) | bit3=1(unambig) | bit4=0(unambig) | bit5=1(unambig) | bit6=0(unambig) | bit7=0(ctx)

The answer is 11110100.",Bit Manipulation,high,ctx,0,11110100
62464c5a,"In Alice's Wonderland, a secret bit manipulation rule transforms 8-bit binary numbers. The transformation involves operations like bit shifts, rotations, XOR, AND, OR, NOT, and possibly majority or choice functions.

Here are some examples of input -> output:
01111100 -> 11111000
01110111 -> 11101110
01100100 -> 11001000
10001111 -> 00011110
10110011 -> 01100110
11010001 -> 10100010
01111001 -> 11110010
01000110 -> 10001100

Now, determine the output for: 01011111",10111110,"I need to find the secret bit manipulation rule from the examples.

Given 8 examples:
  01111100 -> 11111000
  01110111 -> 11101110
  01100100 -> 11001000
  10001111 -> 00011110
  10110011 -> 01100110
  11010001 -> 10100010
  01111001 -> 11110010
  01000110 -> 10001100

Query: 01011111

Step 1: Check for whole-byte patterns.
  Mixed shift pattern detected.
  Rule: some output bits are shifted copies, rest use a uniform 2-input function.

Step 2: Apply the pattern to the query.
  01011111 -> 10111110

The answer is 10111110.",Bit Manipulation,high,w_mix,0,10111110
62dba403,"In Alice's Wonderland, a secret bit manipulation rule transforms 8-bit binary numbers. The transformation involves operations like bit shifts, rotations, XOR, AND, OR, NOT, and possibly majority or choice functions.

Here are some examples of input -> output:
11110111 -> 10110111
00101001 -> 01001010
00010100 -> 10100001
11011000 -> 11001101
10011001 -> 11000001
00001100 -> 01100000
01110000 -> 10000111
11101011 -> 01010110
11010111 -> 10110101
00101101 -> 01101010

Now, determine the output for: 00010011",10011001,"I need to find the secret bit manipulation rule from the examples.

Given 10 examples:
  11110111 -> 10110111
  00101001 -> 01001010
  00010100 -> 10100001
  11011000 -> 11001101
  10011001 -> 11000001
  00001100 -> 01100000
  01110000 -> 10000111
  11101011 -> 01010110
  11010111 -> 10110101
  00101101 -> 01101010

Query: 00010011

Step 1: Analyze each output bit as an independent boolean function of input bits.

  Output bit 0: All 2 candidates agree -> value = 1
    Best match: ID(in[3]) = 1
  Output bit 1: All 2 candidates agree -> value = 0
    Best match: ID(in[4]) = 0
  Output bit 2: All 1 candidates agree -> value = 0
    Best match: ID(in[5]) = 0
  Output bit 3: Ambiguous (3 candidates predict 0, 2 predict 1)
    For 0: AND(in[0], in[6]), AND(in[1], in[6]), AND(in[1], in[7])
    For 1: ID(in[6]), AND(in[6], in[7])
  Output bit 4: All 1 candidates agree -> value = 1
    Best match: XOR(in[0], in[7]) = 1
  Output bit 5: Ambiguous (1 candidates predict 0, 1 predict 1)
    For 0: ID(in[1])
    For 1: OR(in[1], in[6])
  Output bit 6: All 1 candidates agree -> value = 0
    Best match: ID(in[2]) = 0
  Output bit 7: All 2 candidates agree -> value = 1
    Best match: ID(in[3]) = 1

Step 2: Identify structural patterns.
  Confirmed bit mappings: bit0<-in[3](shift=3), bit1<-in[4](shift=3), bit2<-in[5](shift=3), bit3<-in[6](shift=3), bit5<-in[1](shift=4)
  Dominant shift = 3 (weight 16)

Step 3: Resolve ambiguous bits using structural patterns.
  Bit 3: Using shift=3, source = in[6] -> value = 1
  Bit 5: Using shift=4, source = in[1] -> value = 0

Step 4: All bits resolved without brute-force.

Step 5: Combine all bits to form the output.
  bit0=1(unambig) | bit1=0(unambig) | bit2=0(unambig) | bit3=1(ctx) | bit4=1(unambig) | bit5=0(ctx) | bit6=0(unambig) | bit7=1(unambig)

The answer is 10011001.",Bit Manipulation,high,ctx,0,10011001
63217d23,"In Alice's Wonderland, a secret bit manipulation rule transforms 8-bit binary numbers. The transformation involves operations like bit shifts, rotations, XOR, AND, OR, NOT, and possibly majority or choice functions.

Here are some examples of input -> output:
11011011 -> 01111011
01001001 -> 00101001
10011101 -> 10110011
01101110 -> 11001101
11010100 -> 10011010
11001111 -> 11111001
11111110 -> 11011111
10011001 -> 00110011
00010100 -> 10000010
01001110 -> 11001001

Now, determine the output for: 00001110",11000001,"I need to find the secret bit manipulation rule from the examples.

Given 10 examples:
  11011011 -> 01111011
  01001001 -> 00101001
  10011101 -> 10110011
  01101110 -> 11001101
  11010100 -> 10011010
  11001111 -> 11111001
  11111110 -> 11011111
  10011001 -> 00110011
  00010100 -> 10000010
  01001110 -> 11001001

Query: 00001110

Step 1: Check for whole-byte patterns.
  Rotation pattern detected.
  Rule: output = rotate(input, k) for some shift k.

Step 2: Apply the pattern to the query.
  00001110 -> 11000001

The answer is 11000001.",Bit Manipulation,high,w_rot,0,11000001
63d4557e,"In Alice's Wonderland, a secret bit manipulation rule transforms 8-bit binary numbers. The transformation involves operations like bit shifts, rotations, XOR, AND, OR, NOT, and possibly majority or choice functions.

Here are some examples of input -> output:
01110110 -> 11100111
01010001 -> 10011111
00001001 -> 11111011
00001011 -> 10110011
01011001 -> 10111111
10011111 -> 01101001
11000101 -> 01001100
11000011 -> 10011100

Now, determine the output for: 11001011",10111100,"I need to find the secret bit manipulation rule from the examples.

Given 8 examples:
  01110110 -> 11100111
  01010001 -> 10011111
  00001001 -> 11111011
  00001011 -> 10110011
  01011001 -> 10111111
  10011111 -> 01101001
  11000101 -> 01001100
  11000011 -> 10011100

Query: 11001011

Step 1: Analyze each output bit as an independent boolean function of input bits.

  Output bit 0: All 5 candidates agree -> value = 1
    Best match: XOR(in[5], in[7]) = 1
  Output bit 1: All 1 candidates agree -> value = 0
    Best match: XNOR(in[3], in[6]) = 0
  Output bit 2: All 4 candidates agree -> value = 1
    Best match: XOR(in[2], in[4]) = 1
  Output bit 3: All 3 candidates agree -> value = 1
    Best match: NOR(in[2], in[5]) = 1
  Output bit 4: All 1 candidates agree -> value = 1
    Best match: IMPL(in[6], in[0]) = 1
  Output bit 5: All 5 candidates agree -> value = 1
    Best match: ID(in[1]) = 1
  Output bit 6: All 4 candidates agree -> value = 0
    Best match: XNOR(in[1], in[3]) = 0
  Output bit 7: Ambiguous (3 candidates predict 0, 2 predict 1)
    For 0: NAND(in[0], in[1]), IMPL(in[0], in[3]), IMPL(in[1], in[3])
    For 1: OR(in[3], in[4]), IMPL(in[0], in[4])

Step 2: Identify structural patterns.
  Confirmed bit mappings: bit3<-in[5](shift=2), bit5<-in[1](shift=4), bit6<-in[0](shift=2)
  Dominant shift = 2 (weight 10)

Step 3: Resolve ambiguous bits using structural patterns.
  Bit 7: Resolved via pair/structure pattern -> value = 0

Step 4: All bits resolved without brute-force.

Step 5: Combine all bits to form the output.
  bit0=1(unambig) | bit1=0(unambig) | bit2=1(unambig) | bit3=1(unambig) | bit4=1(unambig) | bit5=1(unambig) | bit6=0(unambig) | bit7=0(ctx)

The answer is 10111100.",Bit Manipulation,high,ctx,0,10111100
649bebaf,"In Alice's Wonderland, a secret bit manipulation rule transforms 8-bit binary numbers. The transformation involves operations like bit shifts, rotations, XOR, AND, OR, NOT, and possibly majority or choice functions.

Here are some examples of input -> output:
10010101 -> 10101100
00111010 -> 11010001
01011001 -> 11001010
11000001 -> 10001110
11010111 -> 10111110
01000111 -> 10111010
10001000 -> 01000100

Now, determine the output for: 01100111",10111011,"I need to find the secret bit manipulation rule from the examples.

Given 7 examples:
  10010101 -> 10101100
  00111010 -> 11010001
  01011001 -> 11001010
  11000001 -> 10001110
  11010111 -> 10111110
  01000111 -> 10111010
  10001000 -> 01000100

Query: 01100111

Step 1: Check for whole-byte patterns.
  Mixed shift pattern detected.
  Rule: some output bits are shifted copies, rest use a uniform 2-input function.

Step 2: Apply the pattern to the query.
  01100111 -> 10111011

The answer is 10111011.",Bit Manipulation,high,w_mix,0,10111011
6686f0de,"In Alice's Wonderland, a secret bit manipulation rule transforms 8-bit binary numbers. The transformation involves operations like bit shifts, rotations, XOR, AND, OR, NOT, and possibly majority or choice functions.

Here are some examples of input -> output:
11110110 -> 01111110
01111001 -> 10011111
01110001 -> 00011110
11001001 -> 10001001
11100010 -> 00111100
11011100 -> 11011011
00101101 -> 11010101
00111000 -> 10000111
11111111 -> 11101111
11010110 -> 01111010

Now, determine the output for: 00111011",10110111,"I need to find the secret bit manipulation rule from the examples.

Given 10 examples:
  11110110 -> 01111110
  01111001 -> 10011111
  01110001 -> 00011110
  11001001 -> 10001001
  11100010 -> 00111100
  11011100 -> 11011011
  00101101 -> 11010101
  00111000 -> 10000111
  11111111 -> 11101111
  11010110 -> 01111010

Query: 00111011

Step 1: Analyze each output bit as an independent boolean function of input bits.

  Output bit 0: All 2 candidates agree -> value = 1
    Best match: ID(in[4]) = 1
  Output bit 1: All 2 candidates agree -> value = 0
    Best match: ID(in[5]) = 0
  Output bit 2: Ambiguous (2 candidates predict 0, 1 predict 1)
    For 0: AND(in[0], in[6]), AND(in[1], in[6])
    For 1: ID(in[6])
  Output bit 3: All 1 candidates agree -> value = 1
    Best match: XOR(in[0], in[7]) = 1
  Output bit 4: Ambiguous (4 candidates predict 0, 1 predict 1)
    For 0: ID(in[1]), OR(in[0], in[1]), IMPL(in[2], in[1])
    For 1: OR(in[1], in[6])
  Output bit 5: All 3 candidates agree -> value = 1
    Best match: ID(in[2]) = 1
  Output bit 6: All 2 candidates agree -> value = 1
    Best match: ID(in[3]) = 1
  Output bit 7: All 2 candidates agree -> value = 1
    Best match: ID(in[4]) = 1

Step 2: Identify structural patterns.
  Confirmed bit mappings: bit0<-in[4](shift=4), bit1<-in[5](shift=4), bit2<-in[6](shift=4), bit4<-in[1](shift=5), bit5<-in[2](shift=5)
  Dominant shift = 5 (weight 16)

Step 3: Resolve ambiguous bits using structural patterns.
  Bit 2: Using shift=4, source = in[6] -> value = 1
  Bit 4: Using shift=5, source = in[1] -> value = 0

Step 4: All bits resolved without brute-force.

Step 5: Combine all bits to form the output.
  bit0=1(unambig) | bit1=0(unambig) | bit2=1(ctx) | bit3=1(unambig) | bit4=0(ctx) | bit5=1(unambig) | bit6=1(unambig) | bit7=1(unambig)

The answer is 10110111.",Bit Manipulation,high,ctx,0,10110111
66b1c512,"In Alice's Wonderland, a secret bit manipulation rule transforms 8-bit binary numbers. The transformation involves operations like bit shifts, rotations, XOR, AND, OR, NOT, and possibly majority or choice functions.

Here are some examples of input -> output:
01101110 -> 00101001
11100111 -> 01111111
10011110 -> 01010010
10011011 -> 10000010
10101001 -> 10111011
01110111 -> 00110101
11010000 -> 10010111
01001001 -> 11001011
10100001 -> 00111111
00000011 -> 01001110

Now, determine the output for: 00011011",11000010,"I need to find the secret bit manipulation rule from the examples.

Given 10 examples:
  01101110 -> 00101001
  11100111 -> 01111111
  10011110 -> 01010010
  10011011 -> 10000010
  10101001 -> 10111011
  01110111 -> 00110101
  11010000 -> 10010111
  01001001 -> 11001011
  10100001 -> 00111111
  00000011 -> 01001110

Query: 00011011

Step 1: Analyze each output bit as an independent boolean function of input bits.

  Output bit 0: All 1 candidates agree -> value = 1
    Best match: XNOR(in[4], in[7]) = 1
  Output bit 1: All 1 candidates agree -> value = 1
    Best match: XNOR(in[0], in[5]) = 1
  Output bit 2: All 2 candidates agree -> value = 0
    Best match: ID(in[2]) = 0
  Output bit 3: All 1 candidates agree -> value = 0
    Best match: XNOR(in[2], in[7]) = 0
  Output bit 4: All 1 candidates agree -> value = 0
    Best match: NOT(in[3]) = 0
  Output bit 5: All 1 candidates agree -> value = 0
    Best match: NOT(in[4]) = 0
  Output bit 6: All 2 candidates agree -> value = 1
    Best match: IMPL(in[2], in[0]) = 1
  Output bit 7: All 3 candidates agree -> value = 0
    Best match: OR(in[1], in[2]) = 0

Step 2: Identify structural patterns.
  Confirmed bit mappings: bit2<-in[2](shift=0), bit4<-in[3](shift=7), bit5<-in[4](shift=7)
  Dominant shift = 7 (weight 10)

Step 3: No additional bits resolved by context propagation.

Step 4: All bits resolved without brute-force.

Step 5: Combine all bits to form the output.
  bit0=1(unambig) | bit1=1(unambig) | bit2=0(unambig) | bit3=0(unambig) | bit4=0(unambig) | bit5=0(unambig) | bit6=1(unambig) | bit7=0(unambig)

The answer is 11000010.",Bit Manipulation,high,ctx,0,11000010
67032a5c,"In Alice's Wonderland, a secret bit manipulation rule transforms 8-bit binary numbers. The transformation involves operations like bit shifts, rotations, XOR, AND, OR, NOT, and possibly majority or choice functions.

Here are some examples of input -> output:
00101011 -> 01011001
11101001 -> 01001111
10111110 -> 11110101
11101011 -> 01011111
11100011 -> 00011111
00001000 -> 01000000
00011001 -> 11001000
01010110 -> 10110010
00000011 -> 00011000

Now, determine the output for: 10011111",11111100,"I need to find the secret bit manipulation rule from the examples.

Given 9 examples:
  00101011 -> 01011001
  11101001 -> 01001111
  10111110 -> 11110101
  11101011 -> 01011111
  11100011 -> 00011111
  00001000 -> 01000000
  00011001 -> 11001000
  01010110 -> 10110010
  00000011 -> 00011000

Query: 10011111

Step 1: Check for whole-byte patterns.
  Rotation pattern detected.
  Rule: output = rotate(input, k) for some shift k.

Step 2: Apply the pattern to the query.
  10011111 -> 11111100

The answer is 11111100.",Bit Manipulation,high,w_rot,0,11111100
6a578940,"In Alice's Wonderland, a secret bit manipulation rule transforms 8-bit binary numbers. The transformation involves operations like bit shifts, rotations, XOR, AND, OR, NOT, and possibly majority or choice functions.

Here are some examples of input -> output:
11100001 -> 00001111
10011110 -> 11110100
01111111 -> 11111011
10101010 -> 01010101
11110001 -> 10001111
11011110 -> 11110110
01111000 -> 11000011
10001110 -> 01110100
01110110 -> 10110011
00111000 -> 11000001

Now, determine the output for: 00010010",10010000,"I need to find the secret bit manipulation rule from the examples.

Given 10 examples:
  11100001 -> 00001111
  10011110 -> 11110100
  01111111 -> 11111011
  10101010 -> 01010101
  11110001 -> 10001111
  11011110 -> 11110110
  01111000 -> 11000011
  10001110 -> 01110100
  01110110 -> 10110011
  00111000 -> 11000001

Query: 00010010

Step 1: Check for whole-byte patterns.
  Rotation pattern detected.
  Rule: output = rotate(input, k) for some shift k.

Step 2: Apply the pattern to the query.
  00010010 -> 10010000

The answer is 10010000.",Bit Manipulation,high,w_rot,0,10010000
6adef1ef,"In Alice's Wonderland, a secret bit manipulation rule transforms 8-bit binary numbers. The transformation involves operations like bit shifts, rotations, XOR, AND, OR, NOT, and possibly majority or choice functions.

Here are some examples of input -> output:
01111000 -> 00011110
01010011 -> 01010100
10110100 -> 00101101
10010100 -> 00100101
01111110 -> 10011111
00011011 -> 01000110
10010111 -> 01100101
00011100 -> 00000111

Now, determine the output for: 11110101",11111101,"I need to find the secret bit manipulation rule from the examples.

Given 8 examples:
  01111000 -> 00011110
  01010011 -> 01010100
  10110100 -> 00101101
  10010100 -> 00100101
  01111110 -> 10011111
  00011011 -> 01000110
  10010111 -> 01100101
  00011100 -> 00000111

Query: 11110101

Step 1: Check for whole-byte patterns.
  Mixed shift pattern detected.
  Rule: some output bits are shifted copies, rest use a uniform 2-input function.

Step 2: Apply the pattern to the query.
  11110101 -> 11111101

The answer is 11111101.",Bit Manipulation,high,w_mix,0,11111101
6b75f5f0,"In Alice's Wonderland, a secret bit manipulation rule transforms 8-bit binary numbers. The transformation involves operations like bit shifts, rotations, XOR, AND, OR, NOT, and possibly majority or choice functions.

Here are some examples of input -> output:
01111011 -> 11101101
10110111 -> 11011110
11010010 -> 01001011
01110101 -> 11010101
00001111 -> 00111100
11000001 -> 00000111
00100100 -> 10010000
10110010 -> 11001010
10010010 -> 01001010

Now, determine the output for: 00101111",10111100,"I need to find the secret bit manipulation rule from the examples.

Given 9 examples:
  01111011 -> 11101101
  10110111 -> 11011110
  11010010 -> 01001011
  01110101 -> 11010101
  00001111 -> 00111100
  11000001 -> 00000111
  00100100 -> 10010000
  10110010 -> 11001010
  10010010 -> 01001010

Query: 00101111

Step 1: Check for whole-byte patterns.
  Rotation pattern detected.
  Rule: output = rotate(input, k) for some shift k.

Step 2: Apply the pattern to the query.
  00101111 -> 10111100

The answer is 10111100.",Bit Manipulation,high,w_rot,0,10111100
6dbd9643,"In Alice's Wonderland, a secret bit manipulation rule transforms 8-bit binary numbers. The transformation involves operations like bit shifts, rotations, XOR, AND, OR, NOT, and possibly majority or choice functions.

Here are some examples of input -> output:
01001101 -> 00010011
01001110 -> 10010011
10010101 -> 01100101
11011111 -> 00110111
11111110 -> 00111111
10001111 -> 10100011
00100100 -> 00001001
01111111 -> 00011111
11001111 -> 10110011
11110110 -> 00111101

Now, determine the output for: 00101110",10001011,"I need to find the secret bit manipulation rule from the examples.

Given 10 examples:
  01001101 -> 00010011
  01001110 -> 10010011
  10010101 -> 01100101
  11011111 -> 00110111
  11111110 -> 00111111
  10001111 -> 10100011
  00100100 -> 00001001
  01111111 -> 00011111
  11001111 -> 10110011
  11110110 -> 00111101

Query: 00101110

Step 1: Analyze each output bit as an independent boolean function of input bits.

  Output bit 0: All 1 candidates agree -> value = 1
    Best match: INHIB(in[6], in[3]) = 1
  Output bit 1: All 5 candidates agree -> value = 0
    Best match: NOR(in[2], in[4]) = 0
  Output bit 2: All 4 candidates agree -> value = 0
    Best match: ID(in[0]) = 0
  Output bit 3: All 4 candidates agree -> value = 0
    Best match: ID(in[1]) = 0
  Output bit 4: All 4 candidates agree -> value = 1
    Best match: ID(in[2]) = 1
  Output bit 5: All 4 candidates agree -> value = 0
    Best match: ID(in[3]) = 0
  Output bit 6: All 4 candidates agree -> value = 1
    Best match: ID(in[4]) = 1
  Output bit 7: All 16 candidates agree -> value = 1
    Best match: ID(in[5]) = 1

Step 2: Identify structural patterns.
  Confirmed bit mappings: bit2<-in[0](shift=6), bit3<-in[1](shift=6), bit4<-in[2](shift=6), bit5<-in[3](shift=6), bit6<-in[4](shift=6)
  Dominant shift = 6 (weight 30)

Step 3: No additional bits resolved by context propagation.

Step 4: All bits resolved without brute-force.

Step 5: Combine all bits to form the output.
  bit0=1(unambig) | bit1=0(unambig) | bit2=0(unambig) | bit3=0(unambig) | bit4=1(unambig) | bit5=0(unambig) | bit6=1(unambig) | bit7=1(unambig)

The answer is 10001011.",Bit Manipulation,high,ctx,0,10001011
6deb3d5e,"In Alice's Wonderland, a secret bit manipulation rule transforms 8-bit binary numbers. The transformation involves operations like bit shifts, rotations, XOR, AND, OR, NOT, and possibly majority or choice functions.

Here are some examples of input -> output:
10110010 -> 00110110
01000110 -> 01101000
01101111 -> 11111101
11111111 -> 11101111
01100100 -> 01001100
10001000 -> 10010001
00011111 -> 11110011
00001001 -> 10010001
00100100 -> 01000100
10111001 -> 10000111

Now, determine the output for: 10011101",11000011,"I need to find the secret bit manipulation rule from the examples.

Given 10 examples:
  10110010 -> 00110110
  01000110 -> 01101000
  01101111 -> 11111101
  11111111 -> 11101111
  01100100 -> 01001100
  10001000 -> 10010001
  00011111 -> 11110011
  00001001 -> 10010001
  00100100 -> 01000100
  10111001 -> 10000111

Query: 10011101

Step 1: Analyze each output bit as an independent boolean function of input bits.

  Output bit 0: All 2 candidates agree -> value = 1
    Best match: ID(in[4]) = 1
  Output bit 1: All 2 candidates agree -> value = 1
    Best match: ID(in[5]) = 1
  Output bit 2: All 1 candidates agree -> value = 0
    Best match: ID(in[6]) = 0
  Output bit 3: All 1 candidates agree -> value = 0
    Best match: XOR(in[0], in[7]) = 0
  Output bit 4: All 2 candidates agree -> value = 0
    Best match: ID(in[1]) = 0
  Output bit 5: All 1 candidates agree -> value = 0
    Best match: ID(in[2]) = 0
  Output bit 6: All 1 candidates agree -> value = 1
    Best match: ID(in[3]) = 1
  Output bit 7: All 2 candidates agree -> value = 1
    Best match: ID(in[4]) = 1

Step 2: Identify structural patterns.
  Confirmed bit mappings: bit0<-in[4](shift=4), bit1<-in[5](shift=4), bit2<-in[6](shift=4), bit4<-in[1](shift=5), bit5<-in[2](shift=5)
  Dominant shift = 5 (weight 20)

Step 3: No additional bits resolved by context propagation.

Step 4: All bits resolved without brute-force.

Step 5: Combine all bits to form the output.
  bit0=1(unambig) | bit1=1(unambig) | bit2=0(unambig) | bit3=0(unambig) | bit4=0(unambig) | bit5=0(unambig) | bit6=1(unambig) | bit7=1(unambig)

The answer is 11000011.",Bit Manipulation,high,ctx,0,11000011
709930e0,"In Alice's Wonderland, a secret bit manipulation rule transforms 8-bit binary numbers. The transformation involves operations like bit shifts, rotations, XOR, AND, OR, NOT, and possibly majority or choice functions.

Here are some examples of input -> output:
10000000 -> 00000001
00111101 -> 00111010
11011110 -> 00111101
10110010 -> 01100101
01011011 -> 00110110
00001100 -> 00011000
10111011 -> 00110111
11101110 -> 01011101
10110001 -> 00100011
11011001 -> 10110011

Now, determine the output for: 01101101",10011010,"I need to find the secret bit manipulation rule from the examples.

Given 10 examples:
  10000000 -> 00000001
  00111101 -> 00111010
  11011110 -> 00111101
  10110010 -> 01100101
  01011011 -> 00110110
  00001100 -> 00011000
  10111011 -> 00110111
  11101110 -> 01011101
  10110001 -> 00100011
  11011001 -> 10110011

Query: 01101101

Step 1: Analyze each output bit as an independent boolean function of input bits.

  Output bit 0: All 1 candidates agree -> value = 1
    Best match: INHIB(in[1], in[6]) = 1
  Output bit 1: All 1 candidates agree -> value = 0
    Best match: INHIB(in[2], in[7]) = 0
  Output bit 2: Ambiguous (2 candidates predict 0, 1 predict 1)
    For 0: ID(in[3]), XOR(in[1], in[2])
    For 1: OR(in[3], in[7])
  Output bit 3: All 4 candidates agree -> value = 1
    Best match: ID(in[4]) = 1
  Output bit 4: All 2 candidates agree -> value = 1
    Best match: ID(in[5]) = 1
  Output bit 5: All 1 candidates agree -> value = 0
    Best match: ID(in[6]) = 0
  Output bit 6: Ambiguous (1 candidates predict 0, 1 predict 1)
    For 0: AND(in[3], in[7])
    For 1: ID(in[7])
  Output bit 7: All 2 candidates agree -> value = 0
    Best match: ID(in[0]) = 0

Step 2: Identify structural patterns.
  Confirmed bit mappings: bit2<-in[3](shift=1), bit3<-in[4](shift=1), bit4<-in[5](shift=1), bit5<-in[6](shift=1), bit6<-in[7](shift=1)
  Dominant shift = 1 (weight 22)

Step 3: Resolve ambiguous bits using structural patterns.
  Bit 2: Using shift=1, source = in[3] -> value = 0
  Bit 6: Using shift=1, source = in[7] -> value = 1

Step 4: All bits resolved without brute-force.

Step 5: Combine all bits to form the output.
  bit0=1(unambig) | bit1=0(unambig) | bit2=0(ctx) | bit3=1(unambig) | bit4=1(unambig) | bit5=0(unambig) | bit6=1(ctx) | bit7=0(unambig)

The answer is 10011010.",Bit Manipulation,high,ctx,0,10011010
70bc42af,"In Alice's Wonderland, a secret bit manipulation rule transforms 8-bit binary numbers. The transformation involves operations like bit shifts, rotations, XOR, AND, OR, NOT, and possibly majority or choice functions.

Here are some examples of input -> output:
10001100 -> 11110001
11110111 -> 11111110
10011000 -> 11010011
10000111 -> 11111000
00110011 -> 11111110
10110010 -> 11010110
00100001 -> 00101100
11010010 -> 11011010
01101000 -> 01001101

Now, determine the output for: 01010001",10101010,"I need to find the secret bit manipulation rule from the examples.

Given 9 examples:
  10001100 -> 11110001
  11110111 -> 11111110
  10011000 -> 11010011
  10000111 -> 11111000
  00110011 -> 11111110
  10110010 -> 11010110
  00100001 -> 00101100
  11010010 -> 11011010
  01101000 -> 01001101

Query: 01010001

Step 1: Check for whole-byte patterns.
  Mixed shift pattern detected.
  Rule: some output bits are shifted copies, rest use a uniform 2-input function.

Step 2: Apply the pattern to the query.
  01010001 -> 10101010

The answer is 10101010.",Bit Manipulation,high,w_mix,0,10101010
70f81613,"In Alice's Wonderland, a secret bit manipulation rule transforms 8-bit binary numbers. The transformation involves operations like bit shifts, rotations, XOR, AND, OR, NOT, and possibly majority or choice functions.

Here are some examples of input -> output:
00010010 -> 01000010
00010100 -> 10000010
00010001 -> 00100010
10000101 -> 10110000
10110110 -> 11010110
01101100 -> 10001101
00001001 -> 00100001
10001011 -> 01110001

Now, determine the output for: 11010101",10111010,"I need to find the secret bit manipulation rule from the examples.

Given 8 examples:
  00010010 -> 01000010
  00010100 -> 10000010
  00010001 -> 00100010
  10000101 -> 10110000
  10110110 -> 11010110
  01101100 -> 10001101
  00001001 -> 00100001
  10001011 -> 01110001

Query: 11010101

Step 1: Check for whole-byte patterns.
  Rotation pattern detected.
  Rule: output = rotate(input, k) for some shift k.

Step 2: Apply the pattern to the query.
  11010101 -> 10111010

The answer is 10111010.",Bit Manipulation,high,w_rot,0,10111010
710cf035,"In Alice's Wonderland, a secret bit manipulation rule transforms 8-bit binary numbers. The transformation involves operations like bit shifts, rotations, XOR, AND, OR, NOT, and possibly majority or choice functions.

Here are some examples of input -> output:
00000110 -> 00001100
11111111 -> 11111101
01000110 -> 10001101
00000011 -> 00000110
00011000 -> 00110000
11110000 -> 11100011
00100000 -> 01000000
10101000 -> 01010010
11101001 -> 11010001
01101010 -> 11010101

Now, determine the output for: 11000000",10000011,"I need to find the secret bit manipulation rule from the examples.

Given 10 examples:
  00000110 -> 00001100
  11111111 -> 11111101
  01000110 -> 10001101
  00000011 -> 00000110
  00011000 -> 00110000
  11110000 -> 11100011
  00100000 -> 01000000
  10101000 -> 01010010
  11101001 -> 11010001
  01101010 -> 11010101

Query: 11000000

Step 1: Analyze each output bit as an independent boolean function of input bits.

  Output bit 0: All 1 candidates agree -> value = 1
    Best match: ID(in[1]) = 1
  Output bit 1: Ambiguous (1 candidates predict 0, 1 predict 1)
    For 0: ID(in[2])
    For 1: OR(in[0], in[2])
  Output bit 2: All 1 candidates agree -> value = 0
    Best match: ID(in[3]) = 0
  Output bit 3: All 1 candidates agree -> value = 0
    Best match: ID(in[4]) = 0
  Output bit 4: All 2 candidates agree -> value = 0
    Best match: ID(in[5]) = 0
  Output bit 5: All 2 candidates agree -> value = 0
    Best match: ID(in[6]) = 0
  Output bit 6: All 1 candidates agree -> value = 1
    Best match: XOR(in[0], in[7]) = 1
  Output bit 7: All 1 candidates agree -> value = 1
    Best match: ID(in[1]) = 1

Step 2: Identify structural patterns.
  Confirmed bit mappings: bit0<-in[1](shift=1), bit1<-in[2](shift=1), bit2<-in[3](shift=1), bit3<-in[4](shift=1), bit4<-in[5](shift=1)
  Dominant shift = 1 (weight 26)

Step 3: Resolve ambiguous bits using structural patterns.
  Bit 1: Using shift=1, source = in[2] -> value = 0

Step 4: All bits resolved without brute-force.

Step 5: Combine all bits to form the output.
  bit0=1(unambig) | bit1=0(ctx) | bit2=0(unambig) | bit3=0(unambig) | bit4=0(unambig) | bit5=0(unambig) | bit6=1(unambig) | bit7=1(unambig)

The answer is 10000011.",Bit Manipulation,high,ctx,0,10000011
719b314e,"In Alice's Wonderland, a secret bit manipulation rule transforms 8-bit binary numbers. The transformation involves operations like bit shifts, rotations, XOR, AND, OR, NOT, and possibly majority or choice functions.

Here are some examples of input -> output:
00101001 -> 00010010
00101010 -> 00000000
01011000 -> 10000000
10110110 -> 01101001
00010010 -> 00100000
00011101 -> 00010000
01001011 -> 10010100
11010000 -> 00000001

Now, determine the output for: 01101001",10010010,"I need to find the secret bit manipulation rule from the examples.

Given 8 examples:
  00101001 -> 00010010
  00101010 -> 00000000
  01011000 -> 10000000
  10110110 -> 01101001
  00010010 -> 00100000
  00011101 -> 00010000
  01001011 -> 10010100
  11010000 -> 00000001

Query: 01101001

Step 1: Check for whole-byte patterns.
  Uniform 2-input shift pattern detected.
  Rule: all output bits use the same 2-input boolean function with fixed shifts.

Step 2: Apply the pattern to the query.
  01101001 -> 10010010

The answer is 10010010.",Bit Manipulation,high,w_uni2,0,10010010
71a661f7,"In Alice's Wonderland, a secret bit manipulation rule transforms 8-bit binary numbers. The transformation involves operations like bit shifts, rotations, XOR, AND, OR, NOT, and possibly majority or choice functions.

Here are some examples of input -> output:
10110010 -> 01101100
00001011 -> 01100010
11011011 -> 01010110
00011001 -> 00100110
11010101 -> 10010101
10100110 -> 11101001
10011011 -> 01000110
01010101 -> 10110101
01011010 -> 01010110

Now, determine the output for: 10000111",11000001,"I need to find the secret bit manipulation rule from the examples.

Given 9 examples:
  10110010 -> 01101100
  00001011 -> 01100010
  11011011 -> 01010110
  00011001 -> 00100110
  11010101 -> 10010101
  10100110 -> 11101001
  10011011 -> 01000110
  01010101 -> 10110101
  01011010 -> 01010110

Query: 10000111

Step 1: Analyze each output bit as an independent boolean function of input bits.

  Output bit 0: All 2 candidates agree -> value = 1
    Best match: ID(in[5]) = 1
  Output bit 1: All 4 candidates agree -> value = 1
    Best match: ID(in[6]) = 1
  Output bit 2: All 1 candidates agree -> value = 0
    Best match: XOR(in[0], in[7]) = 0
  Output bit 3: All 3 candidates agree -> value = 0
    Best match: ID(in[1]) = 0
  Output bit 4: Ambiguous (9 candidates predict 0, 2 predict 1)
    For 0: ID(in[2]), AND(in[0], in[2]), AND(in[2], in[6])
    For 1: NOR(in[1], in[4]), INHIB(in[6], in[4])
  Output bit 5: All 3 candidates agree -> value = 0
    Best match: ID(in[3]) = 0
  Output bit 6: All 4 candidates agree -> value = 0
    Best match: ID(in[4]) = 0
  Output bit 7: All 2 candidates agree -> value = 1
    Best match: ID(in[5]) = 1

Step 2: Identify structural patterns.
  Confirmed bit mappings: bit0<-in[5](shift=5), bit1<-in[6](shift=5), bit3<-in[1](shift=6), bit4<-in[2](shift=6), bit5<-in[3](shift=6)
  Dominant shift = 6 (weight 21)

Step 3: Resolve ambiguous bits using structural patterns.
  Bit 4: Using shift=6, source = in[2] -> value = 0

Step 4: All bits resolved without brute-force.

Step 5: Combine all bits to form the output.
  bit0=1(unambig) | bit1=1(unambig) | bit2=0(unambig) | bit3=0(unambig) | bit4=0(ctx) | bit5=0(unambig) | bit6=0(unambig) | bit7=1(unambig)

The answer is 11000001.",Bit Manipulation,high,ctx,0,11000001
7283eb09,"In Alice's Wonderland, a secret bit manipulation rule transforms 8-bit binary numbers. The transformation involves operations like bit shifts, rotations, XOR, AND, OR, NOT, and possibly majority or choice functions.

Here are some examples of input -> output:
00100000 -> 00010010
10001000 -> 01001100
00101110 -> 00010111
10100100 -> 01011010
01101110 -> 00110111
01000101 -> 10100110
01000111 -> 10100111
10001101 -> 11001110
10101011 -> 11011111
00111100 -> 00011111

Now, determine the output for: 01001101",10100110,"I need to find the secret bit manipulation rule from the examples.

Given 10 examples:
  00100000 -> 00010010
  10001000 -> 01001100
  00101110 -> 00010111
  10100100 -> 01011010
  01101110 -> 00110111
  01000101 -> 10100110
  01000111 -> 10100111
  10001101 -> 11001110
  10101011 -> 11011111
  00111100 -> 00011111

Query: 01001101

Step 1: Check for whole-byte patterns.
  Mixed shift pattern detected.
  Rule: some output bits are shifted copies, rest use a uniform 2-input function.

Step 2: Apply the pattern to the query.
  01001101 -> 10100110

The answer is 10100110.",Bit Manipulation,high,w_mix,0,10100110
73539baa,"In Alice's Wonderland, a secret bit manipulation rule transforms 8-bit binary numbers. The transformation involves operations like bit shifts, rotations, XOR, AND, OR, NOT, and possibly majority or choice functions.

Here are some examples of input -> output:
11101100 -> 11001101
01110110 -> 01100110
00101101 -> 11010010
10011100 -> 11001011
11000110 -> 01101111
10001111 -> 11111010
01010000 -> 00000100
10101010 -> 10101000
00001110 -> 11100000
01011001 -> 10010100

Now, determine the output for: 01111001",10010110,"I need to find the secret bit manipulation rule from the examples.

Given 10 examples:
  11101100 -> 11001101
  01110110 -> 01100110
  00101101 -> 11010010
  10011100 -> 11001011
  11000110 -> 01101111
  10001111 -> 11111010
  01010000 -> 00000100
  10101010 -> 10101000
  00001110 -> 11100000
  01011001 -> 10010100

Query: 01111001

Step 1: Check for whole-byte patterns.
  Mixed shift pattern detected.
  Rule: some output bits are shifted copies, rest use a uniform 2-input function.

Step 2: Apply the pattern to the query.
  01111001 -> 10010110

The answer is 10010110.",Bit Manipulation,high,w_mix,0,10010110
738f4928,"In Alice's Wonderland, a secret bit manipulation rule transforms 8-bit binary numbers. The transformation involves operations like bit shifts, rotations, XOR, AND, OR, NOT, and possibly majority or choice functions.

Here are some examples of input -> output:
11001111 -> 00000111
01011111 -> 00000101
01110001 -> 01000101
11101010 -> 10101011
01100001 -> 10000101
00111111 -> 00000100
10000101 -> 00010110
01011100 -> 00010001

Now, determine the output for: 01100101",10010101,"I need to find the secret bit manipulation rule from the examples.

Given 8 examples:
  11001111 -> 00000111
  01011111 -> 00000101
  01110001 -> 01000101
  11101010 -> 10101011
  01100001 -> 10000101
  00111111 -> 00000100
  10000101 -> 00010110
  01011100 -> 00010001

Query: 01100101

Step 1: Analyze each output bit as an independent boolean function of input bits.

  Output bit 0: Ambiguous (1 candidates predict 0, 1 predict 1)
    For 0: NOR(in[3], in[5])
    For 1: INHIB(in[2], in[3])
  Output bit 1: All 2 candidates agree -> value = 0
    Best match: INHIB(in[3], in[4]) = 0
  Output bit 2: All 9 candidates agree -> value = 0
    Best match: AND(in[0], in[2]) = 0
  Output bit 3: Ambiguous (1 candidates predict 0, 1 predict 1)
    For 0: NOR(in[2], in[6])
    For 1: INHIB(in[5], in[6])
  Output bit 4: All 9 candidates agree -> value = 0
    Best match: AND(in[0], in[2]) = 0
  Output bit 5: All 3 candidates agree -> value = 1
    Best match: ID(in[7]) = 1
  Output bit 6: All 2 candidates agree -> value = 0
    Best match: ID(in[0]) = 0
  Output bit 7: All 3 candidates agree -> value = 1
    Best match: ID(in[1]) = 1

Step 2: Identify structural patterns.
  Confirmed bit mappings: bit5<-in[7](shift=2), bit6<-in[0](shift=2), bit7<-in[1](shift=2)
  Dominant shift = 2 (weight 15)

Step 3: Resolve ambiguous bits using structural patterns.
  Bit 0: Resolved via pair/structure pattern -> value = 1
  Bit 3: Resolved via pair/structure pattern -> value = 1

Step 4: All bits resolved without brute-force.

Step 5: Combine all bits to form the output.
  bit0=1(ctx) | bit1=0(unambig) | bit2=0(unambig) | bit3=1(ctx) | bit4=0(unambig) | bit5=1(unambig) | bit6=0(unambig) | bit7=1(unambig)

The answer is 10010101.",Bit Manipulation,high,ctx,0,10010101
738f7c2d,"In Alice's Wonderland, a secret bit manipulation rule transforms 8-bit binary numbers. The transformation involves operations like bit shifts, rotations, XOR, AND, OR, NOT, and possibly majority or choice functions.

Here are some examples of input -> output:
10101011 -> 10101001
11111001 -> 11100011
10100111 -> 10011001
11010001 -> 01000010
11101001 -> 10100011
10110110 -> 11011101
10111111 -> 11111001
11110111 -> 11011011
00001101 -> 00110100
00110010 -> 11001001

Now, determine the output for: 11101101",10110011,"I need to find the secret bit manipulation rule from the examples.

Given 10 examples:
  10101011 -> 10101001
  11111001 -> 11100011
  10100111 -> 10011001
  11010001 -> 01000010
  11101001 -> 10100011
  10110110 -> 11011101
  10111111 -> 11111001
  11110111 -> 11011011
  00001101 -> 00110100
  00110010 -> 11001001

Query: 11101101

Step 1: Analyze each output bit as an independent boolean function of input bits.

  Output bit 0: All 3 candidates agree -> value = 1
    Best match: ID(in[2]) = 1
  Output bit 1: All 2 candidates agree -> value = 0
    Best match: ID(in[3]) = 0
  Output bit 2: All 2 candidates agree -> value = 1
    Best match: ID(in[4]) = 1
  Output bit 3: All 1 candidates agree -> value = 1
    Best match: ID(in[5]) = 1
  Output bit 4: All 3 candidates agree -> value = 0
    Best match: ID(in[6]) = 0
  Output bit 5: All 1 candidates agree -> value = 0
    Best match: XOR(in[0], in[7]) = 0
  Output bit 6: All 3 candidates agree -> value = 1
    Best match: ID(in[1]) = 1
  Output bit 7: All 3 candidates agree -> value = 1
    Best match: ID(in[2]) = 1

Step 2: Identify structural patterns.
  Confirmed bit mappings: bit0<-in[2](shift=2), bit1<-in[3](shift=2), bit2<-in[4](shift=2), bit3<-in[5](shift=2), bit4<-in[6](shift=2)
  Dominant shift = 2 (weight 25)

Step 3: No additional bits resolved by context propagation.

Step 4: All bits resolved without brute-force.

Step 5: Combine all bits to form the output.
  bit0=1(unambig) | bit1=0(unambig) | bit2=1(unambig) | bit3=1(unambig) | bit4=0(unambig) | bit5=0(unambig) | bit6=1(unambig) | bit7=1(unambig)

The answer is 10110011.",Bit Manipulation,high,ctx,0,10110011
75ecd32c,"In Alice's Wonderland, a secret bit manipulation rule transforms 8-bit binary numbers. The transformation involves operations like bit shifts, rotations, XOR, AND, OR, NOT, and possibly majority or choice functions.

Here are some examples of input -> output:
01111011 -> 11011110
11011000 -> 00110110
00011110 -> 10000111
00000100 -> 00000001
10011001 -> 01100110
01100110 -> 10011001
11011011 -> 11110110
11101001 -> 01111010
11111111 -> 11111111
11110101 -> 01111101

Now, determine the output for: 10001111",11100011,"I need to find the secret bit manipulation rule from the examples.

Given 10 examples:
  01111011 -> 11011110
  11011000 -> 00110110
  00011110 -> 10000111
  00000100 -> 00000001
  10011001 -> 01100110
  01100110 -> 10011001
  11011011 -> 11110110
  11101001 -> 01111010
  11111111 -> 11111111
  11110101 -> 01111101

Query: 10001111

Step 1: Check for whole-byte patterns.
  Rotation pattern detected.
  Rule: output = rotate(input, k) for some shift k.

Step 2: Apply the pattern to the query.
  10001111 -> 11100011

The answer is 11100011.",Bit Manipulation,high,w_rot,0,11100011
76fbfa25,"In Alice's Wonderland, a secret bit manipulation rule transforms 8-bit binary numbers. The transformation involves operations like bit shifts, rotations, XOR, AND, OR, NOT, and possibly majority or choice functions.

Here are some examples of input -> output:
01010001 -> 00110100
00101001 -> 00101010
10000110 -> 11100001
10010011 -> 01000100
10101100 -> 10101011
10011100 -> 10100111
00110110 -> 11001101
10111101 -> 10001111
11011001 -> 00010110

Now, determine the output for: 10110100",10101101,"I need to find the secret bit manipulation rule from the examples.

Given 9 examples:
  01010001 -> 00110100
  00101001 -> 00101010
  10000110 -> 11100001
  10010011 -> 01000100
  10101100 -> 10101011
  10011100 -> 10100111
  00110110 -> 11001101
  10111101 -> 10001111
  11011001 -> 00010110

Query: 10110100

Step 1: Analyze each output bit as an independent boolean function of input bits.

  Output bit 0: All 3 candidates agree -> value = 1
    Best match: ID(in[5]) = 1
  Output bit 1: Ambiguous (3 candidates predict 0, 1 predict 1)
    For 0: ID(in[6]), INHIB(in[6], in[1]), INHIB(in[6], in[4])
    For 1: NOR(in[1], in[4])
  Output bit 2: All 1 candidates agree -> value = 1
    Best match: XOR(in[0], in[7]) = 1
  Output bit 3: All 6 candidates agree -> value = 0
    Best match: ID(in[1]) = 0
  Output bit 4: All 2 candidates agree -> value = 1
    Best match: ID(in[2]) = 1
  Output bit 5: All 2 candidates agree -> value = 1
    Best match: ID(in[3]) = 1
  Output bit 6: All 2 candidates agree -> value = 0
    Best match: ID(in[4]) = 0
  Output bit 7: All 3 candidates agree -> value = 1
    Best match: ID(in[5]) = 1

Step 2: Identify structural patterns.
  Confirmed bit mappings: bit0<-in[5](shift=5), bit1<-in[6](shift=5), bit3<-in[1](shift=6), bit4<-in[2](shift=6), bit5<-in[3](shift=6)
  Dominant shift = 6 (weight 25)

Step 3: Resolve ambiguous bits using structural patterns.
  Bit 1: Using shift=5, source = in[6] -> value = 0

Step 4: All bits resolved without brute-force.

Step 5: Combine all bits to form the output.
  bit0=1(unambig) | bit1=0(ctx) | bit2=1(unambig) | bit3=0(unambig) | bit4=1(unambig) | bit5=1(unambig) | bit6=0(unambig) | bit7=1(unambig)

The answer is 10101101.",Bit Manipulation,high,ctx,0,10101101
77602e0f,"In Alice's Wonderland, a secret bit manipulation rule transforms 8-bit binary numbers. The transformation involves operations like bit shifts, rotations, XOR, AND, OR, NOT, and possibly majority or choice functions.

Here are some examples of input -> output:
01101100 -> 10111101
01010110 -> 01011010
11011110 -> 11011011
00010001 -> 11001110
01010000 -> 11111010
01001100 -> 10111011
10111101 -> 10010111
00110011 -> 10101110
11101100 -> 10111101
00000110 -> 01011111

Now, determine the output for: 00100001",11001101,"I need to find the secret bit manipulation rule from the examples.

Given 10 examples:
  01101100 -> 10111101
  01010110 -> 01011010
  11011110 -> 11011011
  00010001 -> 11001110
  01010000 -> 11111010
  01001100 -> 10111011
  10111101 -> 10010111
  00110011 -> 10101110
  11101100 -> 10111101
  00000110 -> 01011111

Query: 00100001

Step 1: Analyze each output bit as an independent boolean function of input bits.

  Output bit 0: All 2 candidates agree -> value = 1
    Best match: XNOR(in[4], in[5]) = 1
  Output bit 1: All 1 candidates agree -> value = 1
    Best match: XNOR(in[5], in[6]) = 1
  Output bit 2: All 1 candidates agree -> value = 0
    Best match: XNOR(in[6], in[7]) = 0
  Output bit 3: All 4 candidates agree -> value = 0
    Best match: OR(in[1], in[5]) = 0
  Output bit 4: All 5 candidates agree -> value = 1
    Best match: NAND(in[0], in[7]) = 1
  Output bit 5: All 1 candidates agree -> value = 1
    Best match: IMPL(in[1], in[2]) = 1
  Output bit 6: Ambiguous (1 candidates predict 0, 2 predict 1)
    For 0: IMPL(in[2], in[3])
    For 1: NAND(in[1], in[2]), IMPL(in[2], in[7])
  Output bit 7: All 2 candidates agree -> value = 1
    Best match: IMPL(in[3], in[0]) = 1

Step 2: No strong shift pattern detected.

Step 3: Resolve ambiguous bits using structural patterns.
  Bit 6: Resolved via pair/structure pattern -> value = 0

Step 4: All bits resolved without brute-force.

Step 5: Combine all bits to form the output.
  bit0=1(unambig) | bit1=1(unambig) | bit2=0(unambig) | bit3=0(unambig) | bit4=1(unambig) | bit5=1(unambig) | bit6=0(ctx) | bit7=1(unambig)

The answer is 11001101.",Bit Manipulation,high,ctx,0,11001101
779bb1f3,"In Alice's Wonderland, a secret bit manipulation rule transforms 8-bit binary numbers. The transformation involves operations like bit shifts, rotations, XOR, AND, OR, NOT, and possibly majority or choice functions.

Here are some examples of input -> output:
00010000 -> 00000000
00000010 -> 10000000
00010101 -> 01000000
00101110 -> 10000000
11110011 -> 11000001
10101010 -> 10000001
00011100 -> 00000000

Now, determine the output for: 10100010",10000001,"I need to find the secret bit manipulation rule from the examples.

Given 7 examples:
  00010000 -> 00000000
  00000010 -> 10000000
  00010101 -> 01000000
  00101110 -> 10000000
  11110011 -> 11000001
  10101010 -> 10000001
  00011100 -> 00000000

Query: 10100010

Step 1: Analyze each output bit as an independent boolean function of input bits.

  Output bit 0: All 9 candidates agree -> value = 1
    Best match: ID(in[6]) = 1
  Output bit 1: All 4 candidates agree -> value = 0
    Best match: ID(in[7]) = 0
  Output bit 2: All 15 candidates agree -> value = 0
    Best match: AND(in[0], in[5]) = 0
  Output bit 3: All 15 candidates agree -> value = 0
    Best match: AND(in[0], in[5]) = 0
  Output bit 4: All 15 candidates agree -> value = 0
    Best match: AND(in[0], in[5]) = 0
  Output bit 5: All 15 candidates agree -> value = 0
    Best match: AND(in[0], in[5]) = 0
  Output bit 6: All 15 candidates agree -> value = 0
    Best match: AND(in[0], in[5]) = 0
  Output bit 7: All 6 candidates agree -> value = 1
    Best match: ID(in[0]) = 1

Step 2: Identify structural patterns.
  Confirmed bit mappings: bit0<-in[6](shift=6), bit1<-in[7](shift=6), bit7<-in[0](shift=1)
  Dominant shift = 6 (weight 10)

Step 3: No additional bits resolved by context propagation.

Step 4: All bits resolved without brute-force.

Step 5: Combine all bits to form the output.
  bit0=1(unambig) | bit1=0(unambig) | bit2=0(unambig) | bit3=0(unambig) | bit4=0(unambig) | bit5=0(unambig) | bit6=0(unambig) | bit7=1(unambig)

The answer is 10000001.",Bit Manipulation,high,ctx,0,10000001
782dfb49,"In Alice's Wonderland, a secret bit manipulation rule transforms 8-bit binary numbers. The transformation involves operations like bit shifts, rotations, XOR, AND, OR, NOT, and possibly majority or choice functions.

Here are some examples of input -> output:
00010110 -> 00001000
01110101 -> 10101010
00110001 -> 00000000
11000001 -> 10000000
00111111 -> 00011110
11110000 -> 01100000
11011000 -> 00100000
11100001 -> 11000000
10011110 -> 00001100
01000010 -> 00000000

Now, determine the output for: 01010111",10101010,"I need to find the secret bit manipulation rule from the examples.

Given 10 examples:
  00010110 -> 00001000
  01110101 -> 10101010
  00110001 -> 00000000
  11000001 -> 10000000
  00111111 -> 00011110
  11110000 -> 01100000
  11011000 -> 00100000
  11100001 -> 11000000
  10011110 -> 00001100
  01000010 -> 00000000

Query: 01010111

Step 1: Analyze each output bit as an independent boolean function of input bits.

  Output bit 0: All 1 candidates agree -> value = 1
    Best match: AND(in[1], in[7]) = 1
  Output bit 1: All 1 candidates agree -> value = 0
    Best match: AND(in[0], in[2]) = 0
  Output bit 2: All 2 candidates agree -> value = 1
    Best match: AND(in[1], in[3]) = 1
  Output bit 3: Ambiguous (4 candidates predict 0, 1 predict 1)
    For 0: AND(in[2], in[4]), AND(in[2], in[6]), AND(in[4], in[7])
    For 1: AND(in[6], in[7])
  Output bit 4: All 2 candidates agree -> value = 1
    Best match: ID(in[5]) = 1
  Output bit 5: All 3 candidates agree -> value = 0
    Best match: AND(in[4], in[5]) = 0
  Output bit 6: Ambiguous (1 candidates predict 0, 1 predict 1)
    For 0: AND(in[2], in[5])
    For 1: AND(in[5], in[7])
  Output bit 7: All 4 candidates agree -> value = 0
    Best match: NOR(in[1], in[3]) = 0

Step 2: Identify structural patterns.
  Confirmed bit mappings: bit4<-in[5](shift=1)
  Dominant shift = 1 (weight 5)

Step 3: Resolve ambiguous bits using structural patterns.
  Bit 3: Resolved via pair/structure pattern -> value = 0
  Bit 6: Resolved via pair/structure pattern -> value = 1

Step 4: All bits resolved without brute-force.

Step 5: Combine all bits to form the output.
  bit0=1(unambig) | bit1=0(unambig) | bit2=1(unambig) | bit3=0(ctx) | bit4=1(unambig) | bit5=0(unambig) | bit6=1(ctx) | bit7=0(unambig)

The answer is 10101010.",Bit Manipulation,high,ctx,0,10101010
7877dd7f,"In Alice's Wonderland, a secret bit manipulation rule transforms 8-bit binary numbers. The transformation involves operations like bit shifts, rotations, XOR, AND, OR, NOT, and possibly majority or choice functions.

Here are some examples of input -> output:
11111110 -> 11111101
11001101 -> 11011011
10100101 -> 01001011
11110101 -> 11101011
10111111 -> 11111111
01001000 -> 10010000
10000011 -> 11000111
00001110 -> 10011100

Now, determine the output for: 01110100",11101000,"I need to find the secret bit manipulation rule from the examples.

Given 8 examples:
  11111110 -> 11111101
  11001101 -> 11011011
  10100101 -> 01001011
  11110101 -> 11101011
  10111111 -> 11111111
  01001000 -> 10010000
  10000011 -> 11000111
  00001110 -> 10011100

Query: 01110100

Step 1: Check for whole-byte patterns.
  Mixed shift pattern detected.
  Rule: some output bits are shifted copies, rest use a uniform 2-input function.

Step 2: Apply the pattern to the query.
  01110100 -> 11101000

The answer is 11101000.",Bit Manipulation,high,w_mix,0,11101000
790d2fa8,"In Alice's Wonderland, a secret bit manipulation rule transforms 8-bit binary numbers. The transformation involves operations like bit shifts, rotations, XOR, AND, OR, NOT, and possibly majority or choice functions.

Here are some examples of input -> output:
01101111 -> 01001111
10110111 -> 11100011
10101011 -> 00001101
10110000 -> 11011000
11110111 -> 11000011
10001011 -> 00011101
00101100 -> 01110110
10010000 -> 11001000
10110001 -> 11010000
11101001 -> 00111100

Now, determine the output for: 10010010",11011001,"I need to find the secret bit manipulation rule from the examples.

Given 10 examples:
  01101111 -> 01001111
  10110111 -> 11100011
  10101011 -> 00001101
  10110000 -> 11011000
  11110111 -> 11000011
  10001011 -> 00011101
  00101100 -> 01110110
  10010000 -> 11001000
  10110001 -> 11010000
  11101001 -> 00111100

Query: 10010010

Step 1: Analyze each output bit as an independent boolean function of input bits.

  Output bit 0: All 6 candidates agree -> value = 1
    Best match: ID(in[3]) = 1
  Output bit 1: All 6 candidates agree -> value = 1
    Best match: XOR(in[0], in[4]) = 1
  Output bit 2: All 1 candidates agree -> value = 0
    Best match: XOR(in[1], in[5]) = 0
  Output bit 3: All 1 candidates agree -> value = 1
    Best match: XOR(in[2], in[6]) = 1
  Output bit 4: All 2 candidates agree -> value = 1
    Best match: XOR(in[3], in[7]) = 1
  Output bit 5: All 6 candidates agree -> value = 0
    Best match: ID(in[4]) = 0
  Output bit 6: All 3 candidates agree -> value = 0
    Best match: ID(in[5]) = 0
  Output bit 7: Ambiguous (1 candidates predict 0, 1 predict 1)
    For 0: AND(in[6], in[7])
    For 1: ID(in[6])

Step 2: Identify structural patterns.
  Confirmed bit mappings: bit0<-in[4](shift=4), bit5<-in[4](shift=7), bit6<-in[5](shift=7), bit7<-in[6](shift=7)
  Dominant shift = 7 (weight 11)

Step 3: Resolve ambiguous bits using structural patterns.
  Bit 7: Using shift=7, source = in[6] -> value = 1

Step 4: All bits resolved without brute-force.

Step 5: Combine all bits to form the output.
  bit0=1(unambig) | bit1=1(unambig) | bit2=0(unambig) | bit3=1(unambig) | bit4=1(unambig) | bit5=0(unambig) | bit6=0(unambig) | bit7=1(ctx)

The answer is 11011001.",Bit Manipulation,high,ctx,0,11011001
792a5ccd,"In Alice's Wonderland, a secret bit manipulation rule transforms 8-bit binary numbers. The transformation involves operations like bit shifts, rotations, XOR, AND, OR, NOT, and possibly majority or choice functions.

Here are some examples of input -> output:
10110010 -> 01100001
11011101 -> 10111100
00001100 -> 00011000
01101011 -> 11010101
11110010 -> 11100011
01100011 -> 11000101
11001110 -> 10011010
11000100 -> 10001110
10001000 -> 00010100
00110000 -> 01100001

Now, determine the output for: 11010101",10101100,"I need to find the secret bit manipulation rule from the examples.

Given 10 examples:
  10110010 -> 01100001
  11011101 -> 10111100
  00001100 -> 00011000
  01101011 -> 11010101
  11110010 -> 11100011
  01100011 -> 11000101
  11001110 -> 10011010
  11000100 -> 10001110
  10001000 -> 00010100
  00110000 -> 01100001

Query: 11010101

Step 1: Analyze each output bit as an independent boolean function of input bits.

  Output bit 0: All 2 candidates agree -> value = 1
    Best match: ID(in[1]) = 1
  Output bit 1: All 3 candidates agree -> value = 0
    Best match: ID(in[2]) = 0
  Output bit 2: All 2 candidates agree -> value = 1
    Best match: ID(in[3]) = 1
  Output bit 3: All 1 candidates agree -> value = 0
    Best match: ID(in[4]) = 0
  Output bit 4: All 2 candidates agree -> value = 1
    Best match: ID(in[5]) = 1
  Output bit 5: All 1 candidates agree -> value = 1
    Best match: XOR(in[0], in[6]) = 1
  Output bit 6: All 2 candidates agree -> value = 0
    Best match: XOR(in[1], in[7]) = 0
  Output bit 7: All 3 candidates agree -> value = 0
    Best match: ID(in[2]) = 0

Step 2: Identify structural patterns.
  Confirmed bit mappings: bit0<-in[1](shift=1), bit1<-in[2](shift=1), bit2<-in[3](shift=1), bit3<-in[4](shift=1), bit4<-in[5](shift=1)
  Dominant shift = 1 (weight 25)

Step 3: No additional bits resolved by context propagation.

Step 4: All bits resolved without brute-force.

Step 5: Combine all bits to form the output.
  bit0=1(unambig) | bit1=0(unambig) | bit2=1(unambig) | bit3=0(unambig) | bit4=1(unambig) | bit5=1(unambig) | bit6=0(unambig) | bit7=0(unambig)

The answer is 10101100.",Bit Manipulation,high,ctx,0,10101100
7a4063e6,"In Alice's Wonderland, a secret bit manipulation rule transforms 8-bit binary numbers. The transformation involves operations like bit shifts, rotations, XOR, AND, OR, NOT, and possibly majority or choice functions.

Here are some examples of input -> output:
10100110 -> 01111010
11101010 -> 01001111
01111110 -> 00100000
11011010 -> 01011011
11001111 -> 11010100
00010101 -> 10001111
11000010 -> 01010001
10100000 -> 01111000
11001001 -> 11010110
00010011 -> 10001101

Now, determine the output for: 00110111",10010110,"I need to find the secret bit manipulation rule from the examples.

Given 10 examples:
  10100110 -> 01111010
  11101010 -> 01001111
  01111110 -> 00100000
  11011010 -> 01011011
  11001111 -> 11010100
  00010101 -> 10001111
  11000010 -> 01010001
  10100000 -> 01111000
  11001001 -> 11010110
  00010011 -> 10001101

Query: 00110111

Step 1: Analyze each output bit as an independent boolean function of input bits.

  Output bit 0: Ambiguous (1 candidates predict 0, 1 predict 1)
    For 0: INHIB(in[7], in[2])
    For 1: ID(in[7])
  Output bit 1: All 2 candidates agree -> value = 0
    Best match: ID(in[0]) = 0
  Output bit 2: All 1 candidates agree -> value = 0
    Best match: XOR(in[0], in[1]) = 0
  Output bit 3: All 1 candidates agree -> value = 1
    Best match: XOR(in[1], in[2]) = 1
  Output bit 4: All 1 candidates agree -> value = 0
    Best match: XOR(in[2], in[3]) = 0
  Output bit 5: All 1 candidates agree -> value = 1
    Best match: XOR(in[3], in[4]) = 1
  Output bit 6: All 1 candidates agree -> value = 1
    Best match: XOR(in[4], in[5]) = 1
  Output bit 7: All 1 candidates agree -> value = 0
    Best match: XOR(in[5], in[6]) = 0

Step 2: Identify structural patterns.
  Confirmed bit mappings: bit0<-in[7](shift=7), bit1<-in[0](shift=7)
  Dominant shift = 7 (weight 6)

Step 3: Resolve ambiguous bits using structural patterns.
  Bit 0: Using shift=7, source = in[7] -> value = 1

Step 4: All bits resolved without brute-force.

Step 5: Combine all bits to form the output.
  bit0=1(ctx) | bit1=0(unambig) | bit2=0(unambig) | bit3=1(unambig) | bit4=0(unambig) | bit5=1(unambig) | bit6=1(unambig) | bit7=0(unambig)

The answer is 10010110.",Bit Manipulation,high,ctx,0,10010110
7a5d00a7,"In Alice's Wonderland, a secret bit manipulation rule transforms 8-bit binary numbers. The transformation involves operations like bit shifts, rotations, XOR, AND, OR, NOT, and possibly majority or choice functions.

Here are some examples of input -> output:
00010000 -> 01000000
11011010 -> 01101110
01111011 -> 11101111
00001010 -> 00101000
10100100 -> 10010101
00110111 -> 11011101
01111001 -> 11100111
10011011 -> 01101000
01101000 -> 10100011
00001110 -> 00111000

Now, determine the output for: 11111101",11110011,"I need to find the secret bit manipulation rule from the examples.

Given 10 examples:
  00010000 -> 01000000
  11011010 -> 01101110
  01111011 -> 11101111
  00001010 -> 00101000
  10100100 -> 10010101
  00110111 -> 11011101
  01111001 -> 11100111
  10011011 -> 01101000
  01101000 -> 10100011
  00001110 -> 00111000

Query: 11111101

Step 1: Analyze each output bit as an independent boolean function of input bits.

  Output bit 0: All 1 candidates agree -> value = 1
    Best match: ID(in[2]) = 1
  Output bit 1: All 2 candidates agree -> value = 1
    Best match: ID(in[3]) = 1
  Output bit 2: All 2 candidates agree -> value = 1
    Best match: ID(in[4]) = 1
  Output bit 3: Ambiguous (1 candidates predict 0, 1 predict 1)
    For 0: INHIB(in[5], in[1])
    For 1: ID(in[5])
  Output bit 4: All 1 candidates agree -> value = 0
    Best match: ID(in[6]) = 0
  Output bit 5: All 1 candidates agree -> value = 0
    Best match: XOR(in[0], in[7]) = 0
  Output bit 6: Ambiguous (1 candidates predict 0, 2 predict 1)
    For 0: INHIB(in[1], in[5])
    For 1: ID(in[1]), AND(in[1], in[4])
  Output bit 7: All 1 candidates agree -> value = 1
    Best match: ID(in[2]) = 1

Step 2: Identify structural patterns.
  Confirmed bit mappings: bit0<-in[2](shift=2), bit1<-in[3](shift=2), bit2<-in[4](shift=2), bit3<-in[5](shift=2), bit4<-in[6](shift=2)
  Dominant shift = 2 (weight 21)

Step 3: Resolve ambiguous bits using structural patterns.
  Bit 3: Using shift=2, source = in[5] -> value = 1
  Bit 6: Using shift=3, source = in[1] -> value = 1

Step 4: All bits resolved without brute-force.

Step 5: Combine all bits to form the output.
  bit0=1(unambig) | bit1=1(unambig) | bit2=1(unambig) | bit3=1(ctx) | bit4=0(unambig) | bit5=0(unambig) | bit6=1(ctx) | bit7=1(unambig)

The answer is 11110011.",Bit Manipulation,high,ctx,0,11110011
7a79ac09,"In Alice's Wonderland, a secret bit manipulation rule transforms 8-bit binary numbers. The transformation involves operations like bit shifts, rotations, XOR, AND, OR, NOT, and possibly majority or choice functions.

Here are some examples of input -> output:
10000011 -> 01011101
01001011 -> 01111111
00000010 -> 00010001
10110011 -> 11011101
00100001 -> 00011001
11111011 -> 11111111
11100111 -> 01111111
10100000 -> 01010101

Now, determine the output for: 01011011",11111111,"I need to find the secret bit manipulation rule from the examples.

Given 8 examples:
  10000011 -> 01011101
  01001011 -> 01111111
  00000010 -> 00010001
  10110011 -> 11011101
  00100001 -> 00011001
  11111011 -> 11111111
  11100111 -> 01111111
  10100000 -> 01010101

Query: 01011011

Step 1: Check for whole-byte patterns.
  Mixed shift pattern detected.
  Rule: some output bits are shifted copies, rest use a uniform 2-input function.

Step 2: Apply the pattern to the query.
  01011011 -> 11111111

The answer is 11111111.",Bit Manipulation,high,w_mix,0,11111111
7af6e047,"In Alice's Wonderland, a secret bit manipulation rule transforms 8-bit binary numbers. The transformation involves operations like bit shifts, rotations, XOR, AND, OR, NOT, and possibly majority or choice functions.

Here are some examples of input -> output:
01110010 -> 01001110
01100010 -> 01001100
10110011 -> 01110110
10110010 -> 01010110
10010101 -> 10110010
10101111 -> 11110101
00101001 -> 00100101
10000100 -> 10010000
11011100 -> 10011011
00010100 -> 10000010

Now, determine the output for: 01110110",11001110,"I need to find the secret bit manipulation rule from the examples.

Given 10 examples:
  01110010 -> 01001110
  01100010 -> 01001100
  10110011 -> 01110110
  10110010 -> 01010110
  10010101 -> 10110010
  10101111 -> 11110101
  00101001 -> 00100101
  10000100 -> 10010000
  11011100 -> 10011011
  00010100 -> 10000010

Query: 01110110

Step 1: Check for whole-byte patterns.
  Rotation pattern detected.
  Rule: output = rotate(input, k) for some shift k.

Step 2: Apply the pattern to the query.
  01110110 -> 11001110

The answer is 11001110.",Bit Manipulation,high,w_rot,0,11001110
7b26e296,"In Alice's Wonderland, a secret bit manipulation rule transforms 8-bit binary numbers. The transformation involves operations like bit shifts, rotations, XOR, AND, OR, NOT, and possibly majority or choice functions.

Here are some examples of input -> output:
10110000 -> 01100001
10101110 -> 01011101
10010011 -> 00100111
10010110 -> 00101101
11101001 -> 11010011
00100011 -> 01000110
00000110 -> 00001100

Now, determine the output for: 01101110",11011100,"I need to find the secret bit manipulation rule from the examples.

Given 7 examples:
  10110000 -> 01100001
  10101110 -> 01011101
  10010011 -> 00100111
  10010110 -> 00101101
  11101001 -> 11010011
  00100011 -> 01000110
  00000110 -> 00001100

Query: 01101110

Step 1: Check for whole-byte patterns.
  Rotation pattern detected.
  Rule: output = rotate(input, k) for some shift k.

Step 2: Apply the pattern to the query.
  01101110 -> 11011100

The answer is 11011100.",Bit Manipulation,high,w_rot,0,11011100
7b4ac17a,"In Alice's Wonderland, a secret bit manipulation rule transforms 8-bit binary numbers. The transformation involves operations like bit shifts, rotations, XOR, AND, OR, NOT, and possibly majority or choice functions.

Here are some examples of input -> output:
10000000 -> 11111101
01001010 -> 01110110
01100110 -> 00000110
01010101 -> 11111010
10001011 -> 01100001
00011100 -> 01001111
01101101 -> 10011010
10001100 -> 00001101
11000110 -> 10000101

Now, determine the output for: 10000010",11010101,"I need to find the secret bit manipulation rule from the examples.

Given 9 examples:
  10000000 -> 11111101
  01001010 -> 01110110
  01100110 -> 00000110
  01010101 -> 11111010
  10001011 -> 01100001
  00011100 -> 01001111
  01101101 -> 10011010
  10001100 -> 00001101
  11000110 -> 10000101

Query: 10000010

Step 1: Analyze each output bit as an independent boolean function of input bits.

  Output bit 0: All 1 candidates agree -> value = 1
    Best match: XNOR(in[2], in[4]) = 1
  Output bit 1: All 2 candidates agree -> value = 1
    Best match: XNOR(in[3], in[5]) = 1
  Output bit 2: All 1 candidates agree -> value = 0
    Best match: XNOR(in[4], in[6]) = 0
  Output bit 3: All 1 candidates agree -> value = 1
    Best match: XNOR(in[5], in[7]) = 1
  Output bit 4: Ambiguous (2 candidates predict 0, 1 predict 1)
    For 0: NOT(in[6]), IMPL(in[6], in[3])
    For 1: XNOR(in[1], in[7])
  Output bit 5: Ambiguous (1 candidates predict 0, 1 predict 1)
    For 0: XNOR(in[1], in[6])
    For 1: NOT(in[7])
  Output bit 6: All 3 candidates agree -> value = 0
    Best match: NOT(in[0]) = 0
  Output bit 7: All 1 candidates agree -> value = 1
    Best match: IMPL(in[1], in[0]) = 1

Step 2: Identify structural patterns.
  Confirmed bit mappings: bit4<-in[6](shift=2), bit5<-in[7](shift=2), bit6<-in[0](shift=2)
  Dominant shift = 2 (weight 7)

Step 3: Resolve ambiguous bits using structural patterns.
  Bit 4: Using shift=2, source = in[6] -> value = 0
  Bit 5: Using shift=2, source = in[7] -> value = 1

Step 4: All bits resolved without brute-force.

Step 5: Combine all bits to form the output.
  bit0=1(unambig) | bit1=1(unambig) | bit2=0(unambig) | bit3=1(unambig) | bit4=0(ctx) | bit5=1(ctx) | bit6=0(unambig) | bit7=1(unambig)

The answer is 11010101.",Bit Manipulation,high,ctx,0,11010101
7c980689,"In Alice's Wonderland, a secret bit manipulation rule transforms 8-bit binary numbers. The transformation involves operations like bit shifts, rotations, XOR, AND, OR, NOT, and possibly majority or choice functions.

Here are some examples of input -> output:
01000001 -> 01100000
01011110 -> 10101111
11101110 -> 11110111
00000101 -> 01000010
01100011 -> 11110001
01110111 -> 11111011
10010010 -> 11001001
01001100 -> 00100110

Now, determine the output for: 00000111",11000011,"I need to find the secret bit manipulation rule from the examples.

Given 8 examples:
  01000001 -> 01100000
  01011110 -> 10101111
  11101110 -> 11110111
  00000101 -> 01000010
  01100011 -> 11110001
  01110111 -> 11111011
  10010010 -> 11001001
  01001100 -> 00100110

Query: 00000111

Step 1: Analyze each output bit as an independent boolean function of input bits.

  Output bit 0: Ambiguous (1 candidates predict 0, 4 predict 1)
    For 0: OR(in[2], in[3])
    For 1: ID(in[6]), OR(in[0], in[6]), OR(in[2], in[6])
  Output bit 1: All 4 candidates agree -> value = 1
    Best match: XOR(in[0], in[7]) = 1
  Output bit 2: All 3 candidates agree -> value = 0
    Best match: ID(in[1]) = 0
  Output bit 3: All 3 candidates agree -> value = 0
    Best match: ID(in[2]) = 0
  Output bit 4: All 2 candidates agree -> value = 0
    Best match: ID(in[3]) = 0
  Output bit 5: All 6 candidates agree -> value = 0
    Best match: ID(in[4]) = 0
  Output bit 6: All 2 candidates agree -> value = 1
    Best match: ID(in[5]) = 1
  Output bit 7: Ambiguous (1 candidates predict 0, 4 predict 1)
    For 0: OR(in[2], in[3])
    For 1: ID(in[6]), OR(in[0], in[6]), OR(in[2], in[6])

Step 2: Identify structural patterns.
  Confirmed bit mappings: bit0<-in[6](shift=6), bit2<-in[1](shift=7), bit3<-in[2](shift=7), bit4<-in[3](shift=7), bit5<-in[4](shift=7)
  Dominant shift = 7 (weight 26)

Step 3: Resolve ambiguous bits using structural patterns.
  Bit 0: Using shift=6, source = in[6] -> value = 1
  Bit 7: Using shift=7, source = in[6] -> value = 1

Step 4: All bits resolved without brute-force.

Step 5: Combine all bits to form the output.
  bit0=1(ctx) | bit1=1(unambig) | bit2=0(unambig) | bit3=0(unambig) | bit4=0(unambig) | bit5=0(unambig) | bit6=1(unambig) | bit7=1(ctx)

The answer is 11000011.",Bit Manipulation,high,ctx,0,11000011
7cc61ea9,"In Alice's Wonderland, a secret bit manipulation rule transforms 8-bit binary numbers. The transformation involves operations like bit shifts, rotations, XOR, AND, OR, NOT, and possibly majority or choice functions.

Here are some examples of input -> output:
00000110 -> 01000000
00000111 -> 00100000
11001110 -> 01011001
11001010 -> 11011001
01110010 -> 11001110
10011101 -> 11110011
01000101 -> 11101000
01010100 -> 10001010
10001110 -> 01010001
01111010 -> 11001111

Now, determine the output for: 00101011",10100101,"I need to find the secret bit manipulation rule from the examples.

Given 10 examples:
  00000110 -> 01000000
  00000111 -> 00100000
  11001110 -> 01011001
  11001010 -> 11011001
  01110010 -> 11001110
  10011101 -> 11110011
  01000101 -> 11101000
  01010100 -> 10001010
  10001110 -> 01010001
  01111010 -> 11001111

Query: 00101011

Step 1: Check for whole-byte patterns.
  Mixed shift pattern detected.
  Rule: some output bits are shifted copies, rest use a uniform 2-input function.

Step 2: Apply the pattern to the query.
  00101011 -> 10100101

The answer is 10100101.",Bit Manipulation,high,w_mix,0,10100101
7e5b8c12,"In Alice's Wonderland, a secret bit manipulation rule transforms 8-bit binary numbers. The transformation involves operations like bit shifts, rotations, XOR, AND, OR, NOT, and possibly majority or choice functions.

Here are some examples of input -> output:
01011001 -> 01010110
00011101 -> 01000111
11110111 -> 11111101
00100100 -> 00001001
00010100 -> 00000101
10000001 -> 01100000
01001011 -> 11010010
10110100 -> 00101101

Now, determine the output for: 11000010",10110000,"I need to find the secret bit manipulation rule from the examples.

Given 8 examples:
  01011001 -> 01010110
  00011101 -> 01000111
  11110111 -> 11111101
  00100100 -> 00001001
  00010100 -> 00000101
  10000001 -> 01100000
  01001011 -> 11010010
  10110100 -> 00101101

Query: 11000010

Step 1: Check for whole-byte patterns.
  Rotation pattern detected.
  Rule: output = rotate(input, k) for some shift k.

Step 2: Apply the pattern to the query.
  11000010 -> 10110000

The answer is 10110000.",Bit Manipulation,high,w_rot,0,10110000
7eaa679e,"In Alice's Wonderland, a secret bit manipulation rule transforms 8-bit binary numbers. The transformation involves operations like bit shifts, rotations, XOR, AND, OR, NOT, and possibly majority or choice functions.

Here are some examples of input -> output:
01101110 -> 00110111
00101001 -> 10010100
10011011 -> 11001101
00110101 -> 10011010
00001011 -> 10000101
01101101 -> 10110110
00000101 -> 10000010
10110011 -> 11011001

Now, determine the output for: 01101011",10110101,"I need to find the secret bit manipulation rule from the examples.

Given 8 examples:
  01101110 -> 00110111
  00101001 -> 10010100
  10011011 -> 11001101
  00110101 -> 10011010
  00001011 -> 10000101
  01101101 -> 10110110
  00000101 -> 10000010
  10110011 -> 11011001

Query: 01101011

Step 1: Check for whole-byte patterns.
  Rotation pattern detected.
  Rule: output = rotate(input, k) for some shift k.

Step 2: Apply the pattern to the query.
  01101011 -> 10110101

The answer is 10110101.",Bit Manipulation,high,w_rot,0,10110101
7ed809c8,"In Alice's Wonderland, a secret bit manipulation rule transforms 8-bit binary numbers. The transformation involves operations like bit shifts, rotations, XOR, AND, OR, NOT, and possibly majority or choice functions.

Here are some examples of input -> output:
11100000 -> 11000001
01000011 -> 10000110
11111110 -> 11111101
11101011 -> 11010111
01010111 -> 10101110
00011000 -> 00110000
00000110 -> 00001100
10101010 -> 01010101

Now, determine the output for: 01100000",11000000,"I need to find the secret bit manipulation rule from the examples.

Given 8 examples:
  11100000 -> 11000001
  01000011 -> 10000110
  11111110 -> 11111101
  11101011 -> 11010111
  01010111 -> 10101110
  00011000 -> 00110000
  00000110 -> 00001100
  10101010 -> 01010101

Query: 01100000

Step 1: Check for whole-byte patterns.
  Rotation pattern detected.
  Rule: output = rotate(input, k) for some shift k.

Step 2: Apply the pattern to the query.
  01100000 -> 11000000

The answer is 11000000.",Bit Manipulation,high,w_rot,0,11000000
8076c574,"In Alice's Wonderland, a secret bit manipulation rule transforms 8-bit binary numbers. The transformation involves operations like bit shifts, rotations, XOR, AND, OR, NOT, and possibly majority or choice functions.

Here are some examples of input -> output:
10011000 -> 00100110
00110111 -> 11001101
11010000 -> 00110100
01011010 -> 10010110
00111100 -> 00001111
11110110 -> 10111101
10011110 -> 10100111
10110000 -> 00101100

Now, determine the output for: 11111010",10111110,"I need to find the secret bit manipulation rule from the examples.

Given 8 examples:
  10011000 -> 00100110
  00110111 -> 11001101
  11010000 -> 00110100
  01011010 -> 10010110
  00111100 -> 00001111
  11110110 -> 10111101
  10011110 -> 10100111
  10110000 -> 00101100

Query: 11111010

Step 1: Check for whole-byte patterns.
  Rotation pattern detected.
  Rule: output = rotate(input, k) for some shift k.

Step 2: Apply the pattern to the query.
  11111010 -> 10111110

The answer is 10111110.",Bit Manipulation,high,w_rot,0,10111110
807c4206,"In Alice's Wonderland, a secret bit manipulation rule transforms 8-bit binary numbers. The transformation involves operations like bit shifts, rotations, XOR, AND, OR, NOT, and possibly majority or choice functions.

Here are some examples of input -> output:
00000001 -> 10001000
10001110 -> 01110100
10110010 -> 10010101
01000000 -> 00000010
00010000 -> 10000000
01101101 -> 11101011
11011011 -> 11011110

Now, determine the output for: 00010111",10111000,"I need to find the secret bit manipulation rule from the examples.

Given 7 examples:
  00000001 -> 10001000
  10001110 -> 01110100
  10110010 -> 10010101
  01000000 -> 00000010
  00010000 -> 10000000
  01101101 -> 11101011
  11011011 -> 11011110

Query: 00010111

Step 1: Check for whole-byte patterns.
  Mixed shift pattern detected.
  Rule: some output bits are shifted copies, rest use a uniform 2-input function.

Step 2: Apply the pattern to the query.
  00010111 -> 10111000

The answer is 10111000.",Bit Manipulation,high,w_mix,0,10111000
81323d52,"In Alice's Wonderland, a secret bit manipulation rule transforms 8-bit binary numbers. The transformation involves operations like bit shifts, rotations, XOR, AND, OR, NOT, and possibly majority or choice functions.

Here are some examples of input -> output:
00101000 -> 01010101
00110111 -> 01101000
01010011 -> 10101100
10110111 -> 01111000
11011001 -> 10101001
01100001 -> 11001110
10111010 -> 01100011
00111001 -> 01110101
10011100 -> 00101011

Now, determine the output for: 01011101",10110001,"I need to find the secret bit manipulation rule from the examples.

Given 9 examples:
  00101000 -> 01010101
  00110111 -> 01101000
  01010011 -> 10101100
  10110111 -> 01111000
  11011001 -> 10101001
  01100001 -> 11001110
  10111010 -> 01100011
  00111001 -> 01110101
  10011100 -> 00101011

Query: 01011101

Step 1: Analyze each output bit as an independent boolean function of input bits.

  Output bit 0: Ambiguous (1 candidates predict 0, 2 predict 1)
    For 0: INHIB(in[1], in[5])
    For 1: ID(in[1]), AND(in[1], in[7])
  Output bit 1: All 2 candidates agree -> value = 0
    Best match: ID(in[2]) = 0
  Output bit 2: All 5 candidates agree -> value = 1
    Best match: ID(in[3]) = 1
  Output bit 3: All 1 candidates agree -> value = 1
    Best match: XOR(in[0], in[4]) = 1
  Output bit 4: Ambiguous (1 candidates predict 0, 2 predict 1)
    For 0: XOR(in[1], in[5])
    For 1: OR(in[1], in[5]), NAND(in[2], in[4])
  Output bit 5: All 2 candidates agree -> value = 0
    Best match: XOR(in[2], in[6]) = 0
  Output bit 6: All 1 candidates agree -> value = 0
    Best match: XOR(in[3], in[7]) = 0
  Output bit 7: All 2 candidates agree -> value = 1
    Best match: ID(in[4]) = 1

Step 2: Identify structural patterns.
  Confirmed bit mappings: bit0<-in[1](shift=1), bit1<-in[2](shift=1), bit2<-in[3](shift=1), bit7<-in[4](shift=5)
  Dominant shift = 1 (weight 11)

Step 3: Resolve ambiguous bits using structural patterns.
  Bit 0: Using shift=1, source = in[1] -> value = 1
  Bit 4: Resolved via pair/structure pattern -> value = 0

Step 4: All bits resolved without brute-force.

Step 5: Combine all bits to form the output.
  bit0=1(ctx) | bit1=0(unambig) | bit2=1(unambig) | bit3=1(unambig) | bit4=0(ctx) | bit5=0(unambig) | bit6=0(unambig) | bit7=1(unambig)

The answer is 10110001.",Bit Manipulation,high,ctx,0,10110001
82acc609,"In Alice's Wonderland, a secret bit manipulation rule transforms 8-bit binary numbers. The transformation involves operations like bit shifts, rotations, XOR, AND, OR, NOT, and possibly majority or choice functions.

Here are some examples of input -> output:
10000111 -> 01100001
01001011 -> 01010010
01101010 -> 10011010
10001000 -> 00100010
01111110 -> 10011111
11010000 -> 00110100
00000001 -> 11000000
10000110 -> 10100001
11001110 -> 10110011
01011001 -> 11010110

Now, determine the output for: 11101010",10111010,"I need to find the secret bit manipulation rule from the examples.

Given 10 examples:
  10000111 -> 01100001
  01001011 -> 01010010
  01101010 -> 10011010
  10001000 -> 00100010
  01111110 -> 10011111
  11010000 -> 00110100
  00000001 -> 11000000
  10000110 -> 10100001
  11001110 -> 10110011
  01011001 -> 11010110

Query: 11101010

Step 1: Check for whole-byte patterns.
  Mixed shift pattern detected.
  Rule: some output bits are shifted copies, rest use a uniform 2-input function.

Step 2: Apply the pattern to the query.
  11101010 -> 10111010

The answer is 10111010.",Bit Manipulation,high,w_mix,0,10111010
8610c227,"In Alice's Wonderland, a secret bit manipulation rule transforms 8-bit binary numbers. The transformation involves operations like bit shifts, rotations, XOR, AND, OR, NOT, and possibly majority or choice functions.

Here are some examples of input -> output:
10101101 -> 01110110
00111110 -> 11011111
11011100 -> 11101110
11001101 -> 01000110
00111100 -> 10011110
01001110 -> 11100111
10101001 -> 11110100
00010100 -> 10001010

Now, determine the output for: 11100001",11010000,"I need to find the secret bit manipulation rule from the examples.

Given 8 examples:
  10101101 -> 01110110
  00111110 -> 11011111
  11011100 -> 11101110
  11001101 -> 01000110
  00111100 -> 10011110
  01001110 -> 11100111
  10101001 -> 11110100
  00010100 -> 10001010

Query: 11100001

Step 1: Check for whole-byte patterns.
  Mixed shift pattern detected.
  Rule: some output bits are shifted copies, rest use a uniform 2-input function.

Step 2: Apply the pattern to the query.
  11100001 -> 11010000

The answer is 11010000.",Bit Manipulation,high,w_mix,0,11010000
87007054,"In Alice's Wonderland, a secret bit manipulation rule transforms 8-bit binary numbers. The transformation involves operations like bit shifts, rotations, XOR, AND, OR, NOT, and possibly majority or choice functions.

Here are some examples of input -> output:
10111101 -> 10001111
10110001 -> 11001111
00001100 -> 10111111
01001101 -> 10001111
11011010 -> 00011111
11101011 -> 00101111
00010111 -> 01101111
11110111 -> 01101111
11000011 -> 10101111

Now, determine the output for: 01001100",10111111,"I need to find the secret bit manipulation rule from the examples.

Given 9 examples:
  10111101 -> 10001111
  10110001 -> 11001111
  00001100 -> 10111111
  01001101 -> 10001111
  11011010 -> 00011111
  11101011 -> 00101111
  00010111 -> 01101111
  11110111 -> 01101111
  11000011 -> 10101111

Query: 01001100

Step 1: Analyze each output bit as an independent boolean function of input bits.

  Output bit 0: All 1 candidates agree -> value = 1
    Best match: XNOR(in[4], in[5]) = 1
  Output bit 1: All 2 candidates agree -> value = 0
    Best match: XNOR(in[5], in[6]) = 0
  Output bit 2: All 1 candidates agree -> value = 1
    Best match: XNOR(in[6], in[7]) = 1
  Output bit 3: All 3 candidates agree -> value = 1
    Best match: NOR(in[2], in[7]) = 1
  Output bit 4: All 5 candidates agree -> value = 1
    Best match: OR(in[0], in[5]) = 1
  Output bit 5: All 5 candidates agree -> value = 1
    Best match: OR(in[0], in[5]) = 1
  Output bit 6: All 5 candidates agree -> value = 1
    Best match: OR(in[0], in[5]) = 1
  Output bit 7: All 5 candidates agree -> value = 1
    Best match: OR(in[0], in[5]) = 1

Step 2: Identify structural patterns.
  Confirmed bit mappings: bit3<-in[7](shift=4)
  Dominant shift = 4 (weight 5)

Step 3: No additional bits resolved by context propagation.

Step 4: All bits resolved without brute-force.

Step 5: Combine all bits to form the output.
  bit0=1(unambig) | bit1=0(unambig) | bit2=1(unambig) | bit3=1(unambig) | bit4=1(unambig) | bit5=1(unambig) | bit6=1(unambig) | bit7=1(unambig)

The answer is 10111111.",Bit Manipulation,high,ctx,0,10111111
872ca2f9,"In Alice's Wonderland, a secret bit manipulation rule transforms 8-bit binary numbers. The transformation involves operations like bit shifts, rotations, XOR, AND, OR, NOT, and possibly majority or choice functions.

Here are some examples of input -> output:
01100001 -> 00011100
11011001 -> 01010111
01111010 -> 01110010
11101001 -> 01001001
10100000 -> 01000100
10100110 -> 10000111
01110000 -> 00110110
01000100 -> 10101010
10001010 -> 00010100
11000011 -> 00011001

Now, determine the output for: 11000100",11111010,"I need to find the secret bit manipulation rule from the examples.

Given 10 examples:
  01100001 -> 00011100
  11011001 -> 01010111
  01111010 -> 01110010
  11101001 -> 01001001
  10100000 -> 01000100
  10100110 -> 10000111
  01110000 -> 00110110
  01000100 -> 10101010
  10001010 -> 00010100
  11000011 -> 00011001

Query: 11000100

Step 1: Analyze each output bit as an independent boolean function of input bits.

  Output bit 0: All 4 candidates agree -> value = 1
    Best match: ID(in[5]) = 1
  Output bit 1: All 1 candidates agree -> value = 1
    Best match: XOR(in[0], in[6]) = 1
  Output bit 2: Ambiguous (1 candidates predict 0, 2 predict 1)
    For 0: NOR(in[0], in[7])
    For 1: XOR(in[1], in[7]), INHIB(in[1], in[7])
  Output bit 3: All 1 candidates agree -> value = 1
    Best match: XOR(in[0], in[2]) = 1
  Output bit 4: All 2 candidates agree -> value = 1
    Best match: XOR(in[1], in[3]) = 1
  Output bit 5: All 1 candidates agree -> value = 0
    Best match: XOR(in[2], in[4]) = 0
  Output bit 6: All 2 candidates agree -> value = 1
    Best match: XOR(in[3], in[5]) = 1
  Output bit 7: All 1 candidates agree -> value = 0
    Best match: XOR(in[4], in[6]) = 0

Step 2: Identify structural patterns.
  Confirmed bit mappings: bit0<-in[5](shift=5)
  Dominant shift = 5 (weight 5)

Step 3: Resolve ambiguous bits using structural patterns.
  Bit 2: Resolved via pair/structure pattern -> value = 1

Step 4: All bits resolved without brute-force.

Step 5: Combine all bits to form the output.
  bit0=1(unambig) | bit1=1(unambig) | bit2=1(ctx) | bit3=1(unambig) | bit4=1(unambig) | bit5=0(unambig) | bit6=1(unambig) | bit7=0(unambig)

The answer is 11111010.",Bit Manipulation,high,ctx,0,11111010
8abcff0f,"In Alice's Wonderland, a secret bit manipulation rule transforms 8-bit binary numbers. The transformation involves operations like bit shifts, rotations, XOR, AND, OR, NOT, and possibly majority or choice functions.

Here are some examples of input -> output:
10111100 -> 11001111
01011101 -> 11010111
10010110 -> 01101101
10010101 -> 01011101
10100001 -> 00011111
11000101 -> 01011110
01011111 -> 11110111
01010001 -> 00010111
10110101 -> 01011111
10000011 -> 00111100

Now, determine the output for: 01101111",11110111,"I need to find the secret bit manipulation rule from the examples.

Given 10 examples:
  10111100 -> 11001111
  01011101 -> 11010111
  10010110 -> 01101101
  10010101 -> 01011101
  10100001 -> 00011111
  11000101 -> 01011110
  01011111 -> 11110111
  01010001 -> 00010111
  10110101 -> 01011111
  10000011 -> 00111100

Query: 01101111

Step 1: Check for whole-byte patterns.
  Mixed shift pattern detected.
  Rule: some output bits are shifted copies, rest use a uniform 2-input function.

Step 2: Apply the pattern to the query.
  01101111 -> 11110111

The answer is 11110111.",Bit Manipulation,high,w_mix,0,11110111
8b12ff37,"In Alice's Wonderland, a secret bit manipulation rule transforms 8-bit binary numbers. The transformation involves operations like bit shifts, rotations, XOR, AND, OR, NOT, and possibly majority or choice functions.

Here are some examples of input -> output:
11011000 -> 00000001
10011111 -> 11000001
01001010 -> 10000000
10110010 -> 10000001
11101000 -> 00000001
00001100 -> 00000000
01100110 -> 10000000
11111110 -> 10000001
10111101 -> 01000001

Now, determine the output for: 00100010",10000000,"I need to find the secret bit manipulation rule from the examples.

Given 9 examples:
  11011000 -> 00000001
  10011111 -> 11000001
  01001010 -> 10000000
  10110010 -> 10000001
  11101000 -> 00000001
  00001100 -> 00000000
  01100110 -> 10000000
  11111110 -> 10000001
  10111101 -> 01000001

Query: 00100010

Step 1: Analyze each output bit as an independent boolean function of input bits.

  Output bit 0: All 2 candidates agree -> value = 1
    Best match: ID(in[6]) = 1
  Output bit 1: All 6 candidates agree -> value = 0
    Best match: ID(in[7]) = 0
  Output bit 2: All 9 candidates agree -> value = 0
    Best match: AND(in[1], in[7]) = 0
  Output bit 3: All 9 candidates agree -> value = 0
    Best match: AND(in[1], in[7]) = 0
  Output bit 4: All 9 candidates agree -> value = 0
    Best match: AND(in[1], in[7]) = 0
  Output bit 5: All 9 candidates agree -> value = 0
    Best match: AND(in[1], in[7]) = 0
  Output bit 6: All 9 candidates agree -> value = 0
    Best match: AND(in[1], in[7]) = 0
  Output bit 7: All 3 candidates agree -> value = 0
    Best match: ID(in[0]) = 0

Step 2: Identify structural patterns.
  Confirmed bit mappings: bit0<-in[6](shift=6), bit1<-in[7](shift=6), bit7<-in[0](shift=1)
  Dominant shift = 6 (weight 10)

Step 3: No additional bits resolved by context propagation.

Step 4: All bits resolved without brute-force.

Step 5: Combine all bits to form the output.
  bit0=1(unambig) | bit1=0(unambig) | bit2=0(unambig) | bit3=0(unambig) | bit4=0(unambig) | bit5=0(unambig) | bit6=0(unambig) | bit7=0(unambig)

The answer is 10000000.",Bit Manipulation,high,ctx,0,10000000
8bf273f5,"In Alice's Wonderland, a secret bit manipulation rule transforms 8-bit binary numbers. The transformation involves operations like bit shifts, rotations, XOR, AND, OR, NOT, and possibly majority or choice functions.

Here are some examples of input -> output:
01110110 -> 10010101
10111011 -> 11001110
00101111 -> 00111010
01000000 -> 11111101
01011011 -> 01001001
01101100 -> 00101101
01001100 -> 10101101

Now, determine the output for: 01111110",11110101,"I need to find the secret bit manipulation rule from the examples.

Given 7 examples:
  01110110 -> 10010101
  10111011 -> 11001110
  00101111 -> 00111010
  01000000 -> 11111101
  01011011 -> 01001001
  01101100 -> 00101101
  01001100 -> 10101101

Query: 01111110

Step 1: Analyze each output bit as an independent boolean function of input bits.

  Output bit 0: All 1 candidates agree -> value = 1
    Best match: XNOR(in[2], in[3]) = 1
  Output bit 1: Ambiguous (2 candidates predict 0, 1 predict 1)
    For 0: NOT(in[5]), IMPL(in[5], in[0])
    For 1: XNOR(in[3], in[4])
  Output bit 2: Ambiguous (3 candidates predict 0, 1 predict 1)
    For 0: NOR(in[0], in[3]), NOT(in[3]), NAND(in[3], in[6])
    For 1: XNOR(in[4], in[5])
  Output bit 3: All 1 candidates agree -> value = 1
    Best match: XNOR(in[5], in[6]) = 1
  Output bit 4: Ambiguous (4 candidates predict 0, 4 predict 1)
    For 0: XNOR(in[6], in[7]), NAND(in[3], in[5]), IMPL(in[3], in[7])
    For 1: IMPL(in[2], in[4]), IMPL(in[3], in[4]), IMPL(in[5], in[4])
  Output bit 5: All 2 candidates agree -> value = 1
    Best match: XNOR(in[0], in[7]) = 1
  Output bit 6: All 7 candidates agree -> value = 0
    Best match: AND(in[2], in[7]) = 0
  Output bit 7: All 7 candidates agree -> value = 1
    Best match: ID(in[1]) = 1

Step 2: Identify structural patterns.
  Confirmed bit mappings: bit6<-in[1](shift=3), bit7<-in[1](shift=2)
  Dominant shift = 3 (weight 5)

Step 3: Resolve ambiguous bits using structural patterns.
  Bit 1: Resolved via pair/structure pattern -> value = 1
  Bit 2: Resolved via pair/structure pattern -> value = 1
  Bit 4: Resolved via pair/structure pattern -> value = 0

Step 4: All bits resolved without brute-force.

Step 5: Combine all bits to form the output.
  bit0=1(unambig) | bit1=1(ctx) | bit2=1(ctx) | bit3=1(unambig) | bit4=0(ctx) | bit5=1(unambig) | bit6=0(unambig) | bit7=1(unambig)

The answer is 11110101.",Bit Manipulation,high,ctx,0,11110101
8c9fcc6b,"In Alice's Wonderland, a secret bit manipulation rule transforms 8-bit binary numbers. The transformation involves operations like bit shifts, rotations, XOR, AND, OR, NOT, and possibly majority or choice functions.

Here are some examples of input -> output:
11101000 -> 11101010
01010000 -> 10110100
10101110 -> 01110111
01011101 -> 10101101
01001010 -> 10000110
01010110 -> 10111001
01101001 -> 11001000
00010010 -> 00100000

Now, determine the output for: 11100111",11110111,"I need to find the secret bit manipulation rule from the examples.

Given 8 examples:
  11101000 -> 11101010
  01010000 -> 10110100
  10101110 -> 01110111
  01011101 -> 10101101
  01001010 -> 10000110
  01010110 -> 10111001
  01101001 -> 11001000
  00010010 -> 00100000

Query: 11100111

Step 1: Analyze each output bit as an independent boolean function of input bits.

  Output bit 0: All 3 candidates agree -> value = 1
    Best match: ID(in[1]) = 1
  Output bit 1: Ambiguous (1 candidates predict 0, 3 predict 1)
    For 0: AND(in[2], in[4])
    For 1: ID(in[2]), OR(in[0], in[2]), INHIB(in[2], in[3])
  Output bit 2: All 2 candidates agree -> value = 1
    Best match: XOR(in[0], in[3]) = 1
  Output bit 3: All 1 candidates agree -> value = 1
    Best match: XOR(in[1], in[4]) = 1
  Output bit 4: All 1 candidates agree -> value = 0
    Best match: XOR(in[2], in[5]) = 0
  Output bit 5: All 1 candidates agree -> value = 1
    Best match: XOR(in[3], in[6]) = 1
  Output bit 6: Ambiguous (2 candidates predict 0, 1 predict 1)
    For 0: NOR(in[3], in[7]), INHIB(in[4], in[7])
    For 1: XOR(in[4], in[7])
  Output bit 7: All 1 candidates agree -> value = 1
    Best match: ID(in[5]) = 1

Step 2: Identify structural patterns.
  Confirmed bit mappings: bit0<-in[1](shift=1), bit1<-in[2](shift=1), bit7<-in[5](shift=6)
  Dominant shift = 1 (weight 6)

Step 3: Resolve ambiguous bits using structural patterns.
  Bit 1: Using shift=1, source = in[2] -> value = 1
  Bit 6: Resolved via pair/structure pattern -> value = 1

Step 4: All bits resolved without brute-force.

Step 5: Combine all bits to form the output.
  bit0=1(unambig) | bit1=1(ctx) | bit2=1(unambig) | bit3=1(unambig) | bit4=0(unambig) | bit5=1(unambig) | bit6=1(ctx) | bit7=1(unambig)

The answer is 11110111.",Bit Manipulation,high,ctx,0,11110111
8d20d0ae,"In Alice's Wonderland, a secret bit manipulation rule transforms 8-bit binary numbers. The transformation involves operations like bit shifts, rotations, XOR, AND, OR, NOT, and possibly majority or choice functions.

Here are some examples of input -> output:
10100001 -> 01000101
01010111 -> 11000010
10010101 -> 01000100
10011010 -> 10000100
01000110 -> 10000010
00111101 -> 01000001
10011011 -> 11000100
10110011 -> 11000101
01011100 -> 00000010
00010000 -> 00000000

Now, determine the output for: 01000111",11000010,"I need to find the secret bit manipulation rule from the examples.

Given 10 examples:
  10100001 -> 01000101
  01010111 -> 11000010
  10010101 -> 01000100
  10011010 -> 10000100
  01000110 -> 10000010
  00111101 -> 01000001
  10011011 -> 11000100
  10110011 -> 11000101
  01011100 -> 00000010
  00010000 -> 00000000

Query: 01000111

Step 1: Analyze each output bit as an independent boolean function of input bits.

  Output bit 0: All 1 candidates agree -> value = 1
    Best match: ID(in[6]) = 1
  Output bit 1: All 2 candidates agree -> value = 1
    Best match: ID(in[7]) = 1
  Output bit 2: All 6 candidates agree -> value = 0
    Best match: AND(in[0], in[1]) = 0
  Output bit 3: All 6 candidates agree -> value = 0
    Best match: AND(in[0], in[1]) = 0
  Output bit 4: All 6 candidates agree -> value = 0
    Best match: AND(in[0], in[1]) = 0
  Output bit 5: All 2 candidates agree -> value = 0
    Best match: ID(in[0]) = 0
  Output bit 6: All 4 candidates agree -> value = 1
    Best match: ID(in[1]) = 1
  Output bit 7: All 3 candidates agree -> value = 0
    Best match: ID(in[2]) = 0

Step 2: Identify structural patterns.
  Confirmed bit mappings: bit0<-in[6](shift=6), bit1<-in[7](shift=6), bit5<-in[0](shift=3), bit6<-in[1](shift=3), bit7<-in[2](shift=3)
  Dominant shift = 3 (weight 15)

Step 3: No additional bits resolved by context propagation.

Step 4: All bits resolved without brute-force.

Step 5: Combine all bits to form the output.
  bit0=1(unambig) | bit1=1(unambig) | bit2=0(unambig) | bit3=0(unambig) | bit4=0(unambig) | bit5=0(unambig) | bit6=1(unambig) | bit7=0(unambig)

The answer is 11000010.",Bit Manipulation,high,ctx,0,11000010
8d35261d,"In Alice's Wonderland, a secret bit manipulation rule transforms 8-bit binary numbers. The transformation involves operations like bit shifts, rotations, XOR, AND, OR, NOT, and possibly majority or choice functions.

Here are some examples of input -> output:
10001000 -> 00010001
11011101 -> 10111011
10101000 -> 01010001
01001100 -> 10011000
11111000 -> 11110001
00010010 -> 00100100
11001001 -> 10010011

Now, determine the output for: 11000100",10001001,"I need to find the secret bit manipulation rule from the examples.

Given 7 examples:
  10001000 -> 00010001
  11011101 -> 10111011
  10101000 -> 01010001
  01001100 -> 10011000
  11111000 -> 11110001
  00010010 -> 00100100
  11001001 -> 10010011

Query: 11000100

Step 1: Check for whole-byte patterns.
  Rotation pattern detected.
  Rule: output = rotate(input, k) for some shift k.

Step 2: Apply the pattern to the query.
  11000100 -> 10001001

The answer is 10001001.",Bit Manipulation,high,w_rot,0,10001001
8d6688e9,"In Alice's Wonderland, a secret bit manipulation rule transforms 8-bit binary numbers. The transformation involves operations like bit shifts, rotations, XOR, AND, OR, NOT, and possibly majority or choice functions.

Here are some examples of input -> output:
01110110 -> 00110011
00100001 -> 01011011
01010010 -> 10110111
01111000 -> 11110011
11100010 -> 10100111
11111000 -> 11100111
00001100 -> 01111110
01011101 -> 11010110
00010011 -> 00011101
01010110 -> 00110111

Now, determine the output for: 11110000",11100111,"I need to find the secret bit manipulation rule from the examples.

Given 10 examples:
  01110110 -> 00110011
  00100001 -> 01011011
  01010010 -> 10110111
  01111000 -> 11110011
  11100010 -> 10100111
  11111000 -> 11100111
  00001100 -> 01111110
  01011101 -> 11010110
  00010011 -> 00011101
  01010110 -> 00110111

Query: 11110000

Step 1: Analyze each output bit as an independent boolean function of input bits.

  Output bit 0: All 1 candidates agree -> value = 1
    Best match: XNOR(in[5], in[7]) = 1
  Output bit 1: All 2 candidates agree -> value = 1
    Best match: NOT(in[6]) = 1
  Output bit 2: All 2 candidates agree -> value = 1
    Best match: NOT(in[7]) = 1
  Output bit 3: All 5 candidates agree -> value = 0
    Best match: NOT(in[0]) = 0
  Output bit 4: All 2 candidates agree -> value = 0
    Best match: NOR(in[0], in[1]) = 0
  Output bit 5: All 2 candidates agree -> value = 1
    Best match: XNOR(in[0], in[2]) = 1
  Output bit 6: All 3 candidates agree -> value = 1
    Best match: NAND(in[6], in[7]) = 1
  Output bit 7: All 5 candidates agree -> value = 1
    Best match: XOR(in[1], in[7]) = 1

Step 2: Identify structural patterns.
  Confirmed bit mappings: bit1<-in[6](shift=5), bit2<-in[7](shift=5), bit3<-in[0](shift=5), bit4<-in[1](shift=5)
  Dominant shift = 5 (weight 20)

Step 3: No additional bits resolved by context propagation.

Step 4: All bits resolved without brute-force.

Step 5: Combine all bits to form the output.
  bit0=1(unambig) | bit1=1(unambig) | bit2=1(unambig) | bit3=0(unambig) | bit4=0(unambig) | bit5=1(unambig) | bit6=1(unambig) | bit7=1(unambig)

The answer is 11100111.",Bit Manipulation,high,ctx,0,11100111
8e76c0d0,"In Alice's Wonderland, a secret bit manipulation rule transforms 8-bit binary numbers. The transformation involves operations like bit shifts, rotations, XOR, AND, OR, NOT, and possibly majority or choice functions.

Here are some examples of input -> output:
00001111 -> 11110011
10000010 -> 00101000
10111100 -> 11101111
11011001 -> 10111111
01000110 -> 01110101
01010110 -> 01110101
11001001 -> 10111110
01111101 -> 11011111
11010010 -> 00111101

Now, determine the output for: 10101001",10111010,"I need to find the secret bit manipulation rule from the examples.

Given 9 examples:
  00001111 -> 11110011
  10000010 -> 00101000
  10111100 -> 11101111
  11011001 -> 10111111
  01000110 -> 01110101
  01010110 -> 01110101
  11001001 -> 10111110
  01111101 -> 11011111
  11010010 -> 00111101

Query: 10101001

Step 1: Analyze each output bit as an independent boolean function of input bits.

  Output bit 0: All 6 candidates agree -> value = 1
    Best match: ID(in[4]) = 1
  Output bit 1: Ambiguous (2 candidates predict 0, 2 predict 1)
    For 0: ID(in[5]), IMPL(in[0], in[5])
    For 1: OR(in[2], in[5]), IMPL(in[0], in[2])
  Output bit 2: Ambiguous (1 candidates predict 0, 3 predict 1)
    For 0: NAND(in[2], in[7])
    For 1: OR(in[0], in[6]), NAND(in[1], in[2]), IMPL(in[2], in[0])
  Output bit 3: Ambiguous (1 candidates predict 0, 1 predict 1)
    For 0: IMPL(in[0], in[1])
    For 1: OR(in[1], in[7])
  Output bit 4: Ambiguous (1 candidates predict 0, 4 predict 1)
    For 0: XNOR(in[2], in[5])
    For 1: OR(in[0], in[2]), NAND(in[5], in[6]), IMPL(in[5], in[2])
  Output bit 5: Ambiguous (1 candidates predict 0, 2 predict 1)
    For 0: OR(in[1], in[3])
    For 1: OR(in[1], in[2]), IMPL(in[6], in[1])
  Output bit 6: All 6 candidates agree -> value = 1
    Best match: ID(in[4]) = 1
  Output bit 7: All 2 candidates agree -> value = 0
    Best match: OR(in[3], in[5]) = 0

Step 2: Identify structural patterns.
  Confirmed bit mappings: bit0<-in[4](shift=4), bit1<-in[5](shift=4), bit6<-in[4](shift=6)
  Dominant shift = 4 (weight 6)

Step 3: Resolve ambiguous bits using structural patterns.
  Bit 1: Using shift=4, source = in[5] -> value = 0
  Bit 2: Resolved via pair/structure pattern -> value = 1
  Bit 3: Resolved via pair/structure pattern -> value = 1
  Bit 4: Resolved via pair/structure pattern -> value = 1
  Bit 5: Resolved via pair/structure pattern -> value = 0

Step 4: All bits resolved without brute-force.

Step 5: Combine all bits to form the output.
  bit0=1(unambig) | bit1=0(ctx) | bit2=1(ctx) | bit3=1(ctx) | bit4=1(ctx) | bit5=0(ctx) | bit6=1(unambig) | bit7=0(unambig)

The answer is 10111010.",Bit Manipulation,high,ctx,0,10111010
8ed5c9e7,"In Alice's Wonderland, a secret bit manipulation rule transforms 8-bit binary numbers. The transformation involves operations like bit shifts, rotations, XOR, AND, OR, NOT, and possibly majority or choice functions.

Here are some examples of input -> output:
10011101 -> 11101110
11001101 -> 11100110
00111010 -> 01011101
10011000 -> 01001100
01011111 -> 11101111
01001011 -> 11100101
10001011 -> 11100101
11110100 -> 11111010
11111011 -> 11111101
10011100 -> 11001110

Now, determine the output for: 11011100",11101110,"I need to find the secret bit manipulation rule from the examples.

Given 10 examples:
  10011101 -> 11101110
  11001101 -> 11100110
  00111010 -> 01011101
  10011000 -> 01001100
  01011111 -> 11101111
  01001011 -> 11100101
  10001011 -> 11100101
  11110100 -> 11111010
  11111011 -> 11111101
  10011100 -> 11001110

Query: 11011100

Step 1: Check for whole-byte patterns.
  Mixed shift pattern detected.
  Rule: some output bits are shifted copies, rest use a uniform 2-input function.

Step 2: Apply the pattern to the query.
  11011100 -> 11101110

The answer is 11101110.",Bit Manipulation,high,w_mix,0,11101110
8f07a84d,"In Alice's Wonderland, a secret bit manipulation rule transforms 8-bit binary numbers. The transformation involves operations like bit shifts, rotations, XOR, AND, OR, NOT, and possibly majority or choice functions.

Here are some examples of input -> output:
00011101 -> 00111010
00010100 -> 00101000
11011111 -> 00111111
11000111 -> 00001111
10110010 -> 01100101
10010000 -> 00100001
10000100 -> 00001001
00001011 -> 00010110
11010111 -> 00101111
01000101 -> 10001010

Now, determine the output for: 01110100",11101000,"I need to find the secret bit manipulation rule from the examples.

Given 10 examples:
  00011101 -> 00111010
  00010100 -> 00101000
  11011111 -> 00111111
  11000111 -> 00001111
  10110010 -> 01100101
  10010000 -> 00100001
  10000100 -> 00001001
  00001011 -> 00010110
  11010111 -> 00101111
  01000101 -> 10001010

Query: 01110100

Step 1: Analyze each output bit as an independent boolean function of input bits.

  Output bit 0: All 2 candidates agree -> value = 1
    Best match: INHIB(in[1], in[0]) = 1
  Output bit 1: Ambiguous (5 candidates predict 0, 4 predict 1)
    For 0: AND(in[0], in[2]), AND(in[2], in[6]), INHIB(in[2], in[1])
    For 1: ID(in[2]), AND(in[2], in[3]), INHIB(in[2], in[4])
  Output bit 2: All 2 candidates agree -> value = 1
    Best match: ID(in[3]) = 1
  Output bit 3: All 3 candidates agree -> value = 0
    Best match: ID(in[4]) = 0
  Output bit 4: Ambiguous (1 candidates predict 0, 2 predict 1)
    For 0: INHIB(in[5], in[2])
    For 1: ID(in[5]), OR(in[1], in[5])
  Output bit 5: Ambiguous (1 candidates predict 0, 1 predict 1)
    For 0: ID(in[6])
    For 1: OR(in[2], in[6])
  Output bit 6: Ambiguous (3 candidates predict 0, 2 predict 1)
    For 0: ID(in[7]), OR(in[4], in[7]), INHIB(in[7], in[2])
    For 1: OR(in[1], in[4]), OR(in[1], in[7])
  Output bit 7: Ambiguous (1 candidates predict 0, 1 predict 1)
    For 0: ID(in[0])
    For 1: OR(in[0], in[2])

Step 2: Identify structural patterns.
  Confirmed bit mappings: bit1<-in[2](shift=1), bit2<-in[3](shift=1), bit3<-in[4](shift=1), bit4<-in[5](shift=1), bit5<-in[6](shift=1)
  Dominant shift = 1 (weight 15)

Step 3: Resolve ambiguous bits using structural patterns.
  Bit 1: Using shift=1, source = in[2] -> value = 1
  Bit 4: Using shift=1, source = in[5] -> value = 1
  Bit 5: Using shift=1, source = in[6] -> value = 0
  Bit 6: Using shift=1, source = in[7] -> value = 0
  Bit 7: Using shift=1, source = in[0] -> value = 0

Step 4: All bits resolved without brute-force.

Step 5: Combine all bits to form the output.
  bit0=1(unambig) | bit1=1(ctx) | bit2=1(unambig) | bit3=0(unambig) | bit4=1(ctx) | bit5=0(ctx) | bit6=0(ctx) | bit7=0(ctx)

The answer is 11101000.",Bit Manipulation,high,ctx,0,11101000
93955d17,"In Alice's Wonderland, a secret bit manipulation rule transforms 8-bit binary numbers. The transformation involves operations like bit shifts, rotations, XOR, AND, OR, NOT, and possibly majority or choice functions.

Here are some examples of input -> output:
11100101 -> 01110000
11110111 -> 11111001
11010100 -> 00100000
11011100 -> 00100110
00110111 -> 11001001
00000010 -> 10000000
00011010 -> 10000100
00011101 -> 01000110

Now, determine the output for: 01011010",10000100,"I need to find the secret bit manipulation rule from the examples.

Given 8 examples:
  11100101 -> 01110000
  11110111 -> 11111001
  11010100 -> 00100000
  11011100 -> 00100110
  00110111 -> 11001001
  00000010 -> 10000000
  00011010 -> 10000100
  00011101 -> 01000110

Query: 01011010

Step 1: Check for whole-byte patterns.
  Mixed shift pattern detected.
  Rule: some output bits are shifted copies, rest use a uniform 2-input function.

Step 2: Apply the pattern to the query.
  01011010 -> 10000100

The answer is 10000100.",Bit Manipulation,high,w_mix,0,10000100
947a029b,"In Alice's Wonderland, a secret bit manipulation rule transforms 8-bit binary numbers. The transformation involves operations like bit shifts, rotations, XOR, AND, OR, NOT, and possibly majority or choice functions.

Here are some examples of input -> output:
10100100 -> 01001001
11110110 -> 11101101
10011111 -> 00111111
00111010 -> 01110100
01011101 -> 10111010
01101101 -> 11011010
00100000 -> 01000000
10101000 -> 01010001

Now, determine the output for: 11111110",11111101,"I need to find the secret bit manipulation rule from the examples.

Given 8 examples:
  10100100 -> 01001001
  11110110 -> 11101101
  10011111 -> 00111111
  00111010 -> 01110100
  01011101 -> 10111010
  01101101 -> 11011010
  00100000 -> 01000000
  10101000 -> 01010001

Query: 11111110

Step 1: Check for whole-byte patterns.
  Rotation pattern detected.
  Rule: output = rotate(input, k) for some shift k.

Step 2: Apply the pattern to the query.
  11111110 -> 11111101

The answer is 11111101.",Bit Manipulation,high,w_rot,0,11111101
94c25c56,"In Alice's Wonderland, a secret bit manipulation rule transforms 8-bit binary numbers. The transformation involves operations like bit shifts, rotations, XOR, AND, OR, NOT, and possibly majority or choice functions.

Here are some examples of input -> output:
01001000 -> 11111111
01010010 -> 11111111
10101110 -> 11111110
11100101 -> 11111111
01000011 -> 11111111
10101101 -> 11111110
10010100 -> 11111110
10111000 -> 11111110

Now, determine the output for: 11011100",11111111,"I need to find the secret bit manipulation rule from the examples.

Given 8 examples:
  01001000 -> 11111111
  01010010 -> 11111111
  10101110 -> 11111110
  11100101 -> 11111111
  01000011 -> 11111111
  10101101 -> 11111110
  10010100 -> 11111110
  10111000 -> 11111110

Query: 11011100

Step 1: Analyze each output bit as an independent boolean function of input bits.

  Output bit 0: All 5 candidates agree -> value = 1
    Best match: OR(in[0], in[1]) = 1
  Output bit 1: All 5 candidates agree -> value = 1
    Best match: OR(in[0], in[1]) = 1
  Output bit 2: All 5 candidates agree -> value = 1
    Best match: OR(in[0], in[1]) = 1
  Output bit 3: All 5 candidates agree -> value = 1
    Best match: OR(in[0], in[1]) = 1
  Output bit 4: All 5 candidates agree -> value = 1
    Best match: OR(in[0], in[1]) = 1
  Output bit 5: All 5 candidates agree -> value = 1
    Best match: OR(in[0], in[1]) = 1
  Output bit 6: All 5 candidates agree -> value = 1
    Best match: OR(in[0], in[1]) = 1
  Output bit 7: All 2 candidates agree -> value = 1
    Best match: ID(in[1]) = 1

Step 2: Identify structural patterns.
  Confirmed bit mappings: bit7<-in[1](shift=2)
  Dominant shift = 2 (weight 5)

Step 3: No additional bits resolved by context propagation.

Step 4: All bits resolved without brute-force.

Step 5: Combine all bits to form the output.
  bit0=1(unambig) | bit1=1(unambig) | bit2=1(unambig) | bit3=1(unambig) | bit4=1(unambig) | bit5=1(unambig) | bit6=1(unambig) | bit7=1(unambig)

The answer is 11111111.",Bit Manipulation,high,ctx,0,11111111
9972f3f1,"In Alice's Wonderland, a secret bit manipulation rule transforms 8-bit binary numbers. The transformation involves operations like bit shifts, rotations, XOR, AND, OR, NOT, and possibly majority or choice functions.

Here are some examples of input -> output:
11010000 -> 00000001
00000110 -> 11000000
11011110 -> 11000001
11010100 -> 10000001
10001110 -> 11000001
01000101 -> 10100000
10100110 -> 11000001
11110000 -> 00000001
01000001 -> 00100000

Now, determine the output for: 11010110",11000001,"I need to find the secret bit manipulation rule from the examples.

Given 9 examples:
  11010000 -> 00000001
  00000110 -> 11000000
  11011110 -> 11000001
  11010100 -> 10000001
  10001110 -> 11000001
  01000101 -> 10100000
  10100110 -> 11000001
  11110000 -> 00000001
  01000001 -> 00100000

Query: 11010110

Step 1: Analyze each output bit as an independent boolean function of input bits.

  Output bit 0: All 4 candidates agree -> value = 1
    Best match: ID(in[5]) = 1
  Output bit 1: Ambiguous (1 candidates predict 0, 5 predict 1)
    For 0: IMPL(in[1], in[4])
    For 1: ID(in[6]), AND(in[5], in[6]), OR(in[4], in[6])
  Output bit 2: All 12 candidates agree -> value = 0
    Best match: ID(in[7]) = 0
  Output bit 3: All 17 candidates agree -> value = 0
    Best match: AND(in[0], in[7]) = 0
  Output bit 4: All 17 candidates agree -> value = 0
    Best match: AND(in[0], in[7]) = 0
  Output bit 5: All 17 candidates agree -> value = 0
    Best match: AND(in[0], in[7]) = 0
  Output bit 6: All 17 candidates agree -> value = 0
    Best match: AND(in[0], in[7]) = 0
  Output bit 7: All 5 candidates agree -> value = 1
    Best match: ID(in[0]) = 1

Step 2: Identify structural patterns.
  Confirmed bit mappings: bit0<-in[5](shift=5), bit1<-in[6](shift=5), bit2<-in[7](shift=5), bit7<-in[0](shift=1)
  Dominant shift = 5 (weight 11)

Step 3: Resolve ambiguous bits using structural patterns.
  Bit 1: Using shift=5, source = in[6] -> value = 1

Step 4: All bits resolved without brute-force.

Step 5: Combine all bits to form the output.
  bit0=1(unambig) | bit1=1(ctx) | bit2=0(unambig) | bit3=0(unambig) | bit4=0(unambig) | bit5=0(unambig) | bit6=0(unambig) | bit7=1(unambig)

The answer is 11000001.",Bit Manipulation,high,ctx,0,11000001
9992bbd0,"In Alice's Wonderland, a secret bit manipulation rule transforms 8-bit binary numbers. The transformation involves operations like bit shifts, rotations, XOR, AND, OR, NOT, and possibly majority or choice functions.

Here are some examples of input -> output:
10000110 -> 10000011
10000111 -> 00100011
01000000 -> 00100000
11110100 -> 11111010
00010010 -> 01001001
01001110 -> 11100111
10010010 -> 00001001

Now, determine the output for: 11101100",11110110,"I need to find the secret bit manipulation rule from the examples.

Given 7 examples:
  10000110 -> 10000011
  10000111 -> 00100011
  01000000 -> 00100000
  11110100 -> 11111010
  00010010 -> 01001001
  01001110 -> 11100111
  10010010 -> 00001001

Query: 11101100

Step 1: Check for whole-byte patterns.
  Mixed shift pattern detected.
  Rule: some output bits are shifted copies, rest use a uniform 2-input function.

Step 2: Apply the pattern to the query.
  11101100 -> 11110110

The answer is 11110110.",Bit Manipulation,high,w_mix,0,11110110
99bda3b2,"In Alice's Wonderland, a secret bit manipulation rule transforms 8-bit binary numbers. The transformation involves operations like bit shifts, rotations, XOR, AND, OR, NOT, and possibly majority or choice functions.

Here are some examples of input -> output:
10001010 -> 00101010
00101111 -> 00111100
01001101 -> 00110101
00111111 -> 00111100
00101000 -> 10100000
00000000 -> 00000000
01101110 -> 00111001
00110100 -> 11010000

Now, determine the output for: 10110100",11010010,"I need to find the secret bit manipulation rule from the examples.

Given 8 examples:
  10001010 -> 00101010
  00101111 -> 00111100
  01001101 -> 00110101
  00111111 -> 00111100
  00101000 -> 10100000
  00000000 -> 00000000
  01101110 -> 00111001
  00110100 -> 11010000

Query: 10110100

Step 1: Analyze each output bit as an independent boolean function of input bits.

  Output bit 0: All 1 candidates agree -> value = 1
    Best match: INHIB(in[2], in[6]) = 1
  Output bit 1: All 5 candidates agree -> value = 1
    Best match: INHIB(in[2], in[4]) = 1
  Output bit 2: Ambiguous (4 candidates predict 0, 1 predict 1)
    For 0: ID(in[4]), OR(in[1], in[4]), OR(in[4], in[6])
    For 1: OR(in[0], in[4])
  Output bit 3: Ambiguous (1 candidates predict 0, 4 predict 1)
    For 0: INHIB(in[5], in[0])
    For 1: ID(in[5]), OR(in[1], in[5]), OR(in[3], in[5])
  Output bit 4: Ambiguous (2 candidates predict 0, 1 predict 1)
    For 0: ID(in[6]), AND(in[4], in[6])
    For 1: OR(in[0], in[6])
  Output bit 5: All 4 candidates agree -> value = 0
    Best match: ID(in[7]) = 0
  Output bit 6: Ambiguous (7 candidates predict 0, 3 predict 1)
    For 0: AND(in[0], in[4]), AND(in[0], in[6]), INHIB(in[0], in[2])
    For 1: ID(in[0]), INHIB(in[0], in[1]), INHIB(in[0], in[7])
  Output bit 7: All 5 candidates agree -> value = 0
    Best match: ID(in[1]) = 0

Step 2: Identify structural patterns.
  Confirmed bit mappings: bit2<-in[4](shift=2), bit3<-in[5](shift=2), bit4<-in[6](shift=2), bit5<-in[7](shift=2), bit6<-in[0](shift=2)
  Dominant shift = 2 (weight 14)

Step 3: Resolve ambiguous bits using structural patterns.
  Bit 2: Using shift=2, source = in[4] -> value = 0
  Bit 3: Using shift=2, source = in[5] -> value = 1
  Bit 4: Using shift=2, source = in[6] -> value = 0
  Bit 6: Using shift=2, source = in[0] -> value = 1

Step 4: All bits resolved without brute-force.

Step 5: Combine all bits to form the output.
  bit0=1(unambig) | bit1=1(unambig) | bit2=0(ctx) | bit3=1(ctx) | bit4=0(ctx) | bit5=0(unambig) | bit6=1(ctx) | bit7=0(unambig)

The answer is 11010010.",Bit Manipulation,high,ctx,0,11010010
9bfb1cc6,"In Alice's Wonderland, a secret bit manipulation rule transforms 8-bit binary numbers. The transformation involves operations like bit shifts, rotations, XOR, AND, OR, NOT, and possibly majority or choice functions.

Here are some examples of input -> output:
00111101 -> 01001111
11000011 -> 11110000
11111100 -> 00111111
10000000 -> 00100000
01100010 -> 10011000
01011111 -> 11010111
01101101 -> 01011011

Now, determine the output for: 00110110",10001101,"I need to find the secret bit manipulation rule from the examples.

Given 7 examples:
  00111101 -> 01001111
  11000011 -> 11110000
  11111100 -> 00111111
  10000000 -> 00100000
  01100010 -> 10011000
  01011111 -> 11010111
  01101101 -> 01011011

Query: 00110110

Step 1: Check for whole-byte patterns.
  Rotation pattern detected.
  Rule: output = rotate(input, k) for some shift k.

Step 2: Apply the pattern to the query.
  00110110 -> 10001101

The answer is 10001101.",Bit Manipulation,high,w_rot,0,10001101
9cecae80,"In Alice's Wonderland, a secret bit manipulation rule transforms 8-bit binary numbers. The transformation involves operations like bit shifts, rotations, XOR, AND, OR, NOT, and possibly majority or choice functions.

Here are some examples of input -> output:
10110001 -> 01110100
01001000 -> 10011001
01111000 -> 11111111
01000100 -> 10000000
10000111 -> 00011110
01100101 -> 11000110
10101001 -> 01000111
01010010 -> 10101110

Now, determine the output for: 11100001",11011110,"I need to find the secret bit manipulation rule from the examples.

Given 8 examples:
  10110001 -> 01110100
  01001000 -> 10011001
  01111000 -> 11111111
  01000100 -> 10000000
  10000111 -> 00011110
  01100101 -> 11000110
  10101001 -> 01000111
  01010010 -> 10101110

Query: 11100001

Step 1: Analyze each output bit as an independent boolean function of input bits.

  Output bit 0: Ambiguous (3 candidates predict 0, 3 predict 1)
    For 0: NOT(in[0]), NAND(in[0], in[7]), INHIB(in[1], in[0])
    For 1: ID(in[1]), IMPL(in[0], in[1]), IMPL(in[7], in[1])
  Output bit 1: All 2 candidates agree -> value = 1
    Best match: ID(in[2]) = 1
  Output bit 2: All 2 candidates agree -> value = 0
    Best match: ID(in[3]) = 0
  Output bit 3: Ambiguous (1 candidates predict 0, 1 predict 1)
    For 0: XNOR(in[1], in[4])
    For 1: XOR(in[0], in[4])
  Output bit 4: Ambiguous (1 candidates predict 0, 1 predict 1)
    For 0: XNOR(in[0], in[5])
    For 1: XOR(in[1], in[5])
  Output bit 5: All 3 candidates agree -> value = 1
    Best match: XOR(in[2], in[6]) = 1
  Output bit 6: All 1 candidates agree -> value = 1
    Best match: XOR(in[3], in[7]) = 1
  Output bit 7: All 3 candidates agree -> value = 0
    Best match: ID(in[4]) = 0

Step 2: Identify structural patterns.
  Confirmed bit mappings: bit0<-in[1](shift=1), bit1<-in[2](shift=1), bit2<-in[3](shift=1), bit7<-in[4](shift=5)
  Dominant shift = 1 (weight 11)

Step 3: Resolve ambiguous bits using structural patterns.
  Bit 0: Using shift=1, source = in[1] -> value = 1
  Bit 3: Resolved via pair/structure pattern -> value = 1
  Bit 4: Resolved via pair/structure pattern -> value = 1

Step 4: All bits resolved without brute-force.

Step 5: Combine all bits to form the output.
  bit0=1(ctx) | bit1=1(unambig) | bit2=0(unambig) | bit3=1(ctx) | bit4=1(ctx) | bit5=1(unambig) | bit6=1(unambig) | bit7=0(unambig)

The answer is 11011110.",Bit Manipulation,high,ctx,0,11011110
9d8897e8,"In Alice's Wonderland, a secret bit manipulation rule transforms 8-bit binary numbers. The transformation involves operations like bit shifts, rotations, XOR, AND, OR, NOT, and possibly majority or choice functions.

Here are some examples of input -> output:
00100000 -> 10000000
00100110 -> 10011000
01000110 -> 00011000
01111110 -> 11111000
00110011 -> 11001100
00111000 -> 11100000
10000111 -> 00011101
00000110 -> 00011000
11111110 -> 11111001
10010001 -> 01000101

Now, determine the output for: 10111110",11111001,"I need to find the secret bit manipulation rule from the examples.

Given 10 examples:
  00100000 -> 10000000
  00100110 -> 10011000
  01000110 -> 00011000
  01111110 -> 11111000
  00110011 -> 11001100
  00111000 -> 11100000
  10000111 -> 00011101
  00000110 -> 00011000
  11111110 -> 11111001
  10010001 -> 01000101

Query: 10111110

Step 1: Analyze each output bit as an independent boolean function of input bits.

  Output bit 0: All 2 candidates agree -> value = 1
    Best match: ID(in[2]) = 1
  Output bit 1: All 2 candidates agree -> value = 1
    Best match: ID(in[3]) = 1
  Output bit 2: All 5 candidates agree -> value = 1
    Best match: ID(in[4]) = 1
  Output bit 3: All 3 candidates agree -> value = 1
    Best match: ID(in[5]) = 1
  Output bit 4: All 3 candidates agree -> value = 1
    Best match: ID(in[6]) = 1
  Output bit 5: All 3 candidates agree -> value = 0
    Best match: ID(in[7]) = 0
  Output bit 6: All 8 candidates agree -> value = 0
    Best match: AND(in[1], in[7]) = 0
  Output bit 7: All 1 candidates agree -> value = 1
    Best match: ID(in[0]) = 1

Step 2: Identify structural patterns.
  Confirmed bit mappings: bit0<-in[2](shift=2), bit1<-in[3](shift=2), bit2<-in[4](shift=2), bit3<-in[5](shift=2), bit4<-in[6](shift=2)
  Dominant shift = 2 (weight 30)

Step 3: No additional bits resolved by context propagation.

Step 4: All bits resolved without brute-force.

Step 5: Combine all bits to form the output.
  bit0=1(unambig) | bit1=1(unambig) | bit2=1(unambig) | bit3=1(unambig) | bit4=1(unambig) | bit5=0(unambig) | bit6=0(unambig) | bit7=1(unambig)

The answer is 11111001.",Bit Manipulation,high,ctx,0,11111001
9dc1a759,"In Alice's Wonderland, a secret bit manipulation rule transforms 8-bit binary numbers. The transformation involves operations like bit shifts, rotations, XOR, AND, OR, NOT, and possibly majority or choice functions.

Here are some examples of input -> output:
00001101 -> 01011011
11000001 -> 11110010
10010111 -> 11101111
11011110 -> 10111111
11100011 -> 11111110
00010011 -> 11100110
10110001 -> 01101110

Now, determine the output for: 00110011",11101110,"I need to find the secret bit manipulation rule from the examples.

Given 7 examples:
  00001101 -> 01011011
  11000001 -> 11110010
  10010111 -> 11101111
  11011110 -> 10111111
  11100011 -> 11111110
  00010011 -> 11100110
  10110001 -> 01101110

Query: 00110011

Step 1: Analyze each output bit as an independent boolean function of input bits.

  Output bit 0: All 1 candidates agree -> value = 1
    Best match: OR(in[1], in[6]) = 1
  Output bit 1: All 14 candidates agree -> value = 1
    Best match: ID(in[7]) = 1
  Output bit 2: All 12 candidates agree -> value = 1
    Best match: XOR(in[4], in[7]) = 1
  Output bit 3: All 5 candidates agree -> value = 0
    Best match: XOR(in[3], in[7]) = 0
  Output bit 4: All 2 candidates agree -> value = 1
    Best match: XOR(in[2], in[5]) = 1
  Output bit 5: All 3 candidates agree -> value = 1
    Best match: OR(in[2], in[3]) = 1
  Output bit 6: Ambiguous (1 candidates predict 0, 12 predict 1)
    For 0: IMPL(in[2], in[0])
    For 1: OR(in[0], in[7]), OR(in[1], in[7]), OR(in[3], in[7])
  Output bit 7: All 4 candidates agree -> value = 0
    Best match: ID(in[5]) = 0

Step 2: Identify structural patterns.
  Confirmed bit mappings: bit1<-in[7](shift=6), bit7<-in[5](shift=6)
  Dominant shift = 6 (weight 10)

Step 3: Resolve ambiguous bits using structural patterns.
  Bit 6: Resolved via pair/structure pattern -> value = 1

Step 4: All bits resolved without brute-force.

Step 5: Combine all bits to form the output.
  bit0=1(unambig) | bit1=1(unambig) | bit2=1(unambig) | bit3=0(unambig) | bit4=1(unambig) | bit5=1(unambig) | bit6=1(ctx) | bit7=0(unambig)

The answer is 11101110.",Bit Manipulation,high,ctx,0,11101110
9e61762f,"In Alice's Wonderland, a secret bit manipulation rule transforms 8-bit binary numbers. The transformation involves operations like bit shifts, rotations, XOR, AND, OR, NOT, and possibly majority or choice functions.

Here are some examples of input -> output:
01110011 -> 11111010
11000110 -> 10111101
00010010 -> 00100000
10100101 -> 01100011
01111100 -> 11100111
10000100 -> 00101001
10010011 -> 00000010
10001010 -> 00110110
10111100 -> 01010111
00111010 -> 01111010

Now, determine the output for: 01110010",11111000,"I need to find the secret bit manipulation rule from the examples.

Given 10 examples:
  01110011 -> 11111010
  11000110 -> 10111101
  00010010 -> 00100000
  10100101 -> 01100011
  01111100 -> 11100111
  10000100 -> 00101001
  10010011 -> 00000010
  10001010 -> 00110110
  10111100 -> 01010111
  00111010 -> 01111010

Query: 01110010

Step 1: Analyze each output bit as an independent boolean function of input bits.

  Output bit 0: All 1 candidates agree -> value = 1
    Best match: ID(in[1]) = 1
  Output bit 1: All 1 candidates agree -> value = 1
    Best match: ID(in[2]) = 1
  Output bit 2: All 2 candidates agree -> value = 1
    Best match: XOR(in[0], in[3]) = 1
  Output bit 3: All 1 candidates agree -> value = 1
    Best match: XOR(in[1], in[4]) = 1
  Output bit 4: All 1 candidates agree -> value = 1
    Best match: XOR(in[2], in[5]) = 1
  Output bit 5: All 1 candidates agree -> value = 0
    Best match: XOR(in[3], in[6]) = 0
  Output bit 6: All 2 candidates agree -> value = 0
    Best match: XOR(in[4], in[7]) = 0
  Output bit 7: All 2 candidates agree -> value = 0
    Best match: ID(in[5]) = 0

Step 2: Identify structural patterns.
  Confirmed bit mappings: bit0<-in[1](shift=1), bit1<-in[2](shift=1), bit7<-in[5](shift=6)
  Dominant shift = 1 (weight 10)

Step 3: No additional bits resolved by context propagation.

Step 4: All bits resolved without brute-force.

Step 5: Combine all bits to form the output.
  bit0=1(unambig) | bit1=1(unambig) | bit2=1(unambig) | bit3=1(unambig) | bit4=1(unambig) | bit5=0(unambig) | bit6=0(unambig) | bit7=0(unambig)

The answer is 11111000.",Bit Manipulation,high,ctx,0,11111000
9f2e45e7,"In Alice's Wonderland, a secret bit manipulation rule transforms 8-bit binary numbers. The transformation involves operations like bit shifts, rotations, XOR, AND, OR, NOT, and possibly majority or choice functions.

Here are some examples of input -> output:
01100010 -> 10001100
00001111 -> 11000001
00110111 -> 11000110
11110110 -> 10011110
01110000 -> 00001110
11110101 -> 01011110
10000111 -> 11010000
01010011 -> 11001010
01100110 -> 10001100
00111111 -> 11000111

Now, determine the output for: 10010111",11010010,"I need to find the secret bit manipulation rule from the examples.

Given 10 examples:
  01100010 -> 10001100
  00001111 -> 11000001
  00110111 -> 11000110
  11110110 -> 10011110
  01110000 -> 00001110
  11110101 -> 01011110
  10000111 -> 11010000
  01010011 -> 11001010
  01100110 -> 10001100
  00111111 -> 11000111

Query: 10010111

Step 1: Analyze each output bit as an independent boolean function of input bits.

  Output bit 0: All 5 candidates agree -> value = 1
    Best match: ID(in[6]) = 1
  Output bit 1: All 4 candidates agree -> value = 1
    Best match: ID(in[7]) = 1
  Output bit 2: All 13 candidates agree -> value = 0
    Best match: AND(in[0], in[4]) = 0
  Output bit 3: All 3 candidates agree -> value = 1
    Best match: ID(in[0]) = 1
  Output bit 4: All 5 candidates agree -> value = 0
    Best match: ID(in[1]) = 0
  Output bit 5: All 3 candidates agree -> value = 0
    Best match: ID(in[2]) = 0
  Output bit 6: All 2 candidates agree -> value = 1
    Best match: ID(in[3]) = 1
  Output bit 7: All 6 candidates agree -> value = 0
    Best match: ID(in[4]) = 0

Step 2: Identify structural patterns.
  Confirmed bit mappings: bit0<-in[6](shift=6), bit1<-in[7](shift=6), bit3<-in[0](shift=5), bit4<-in[1](shift=5), bit5<-in[2](shift=5)
  Dominant shift = 5 (weight 25)

Step 3: No additional bits resolved by context propagation.

Step 4: All bits resolved without brute-force.

Step 5: Combine all bits to form the output.
  bit0=1(unambig) | bit1=1(unambig) | bit2=0(unambig) | bit3=1(unambig) | bit4=0(unambig) | bit5=0(unambig) | bit6=1(unambig) | bit7=0(unambig)

The answer is 11010010.",Bit Manipulation,high,ctx,0,11010010
a00fe76a,"In Alice's Wonderland, a secret bit manipulation rule transforms 8-bit binary numbers. The transformation involves operations like bit shifts, rotations, XOR, AND, OR, NOT, and possibly majority or choice functions.

Here are some examples of input -> output:
11010011 -> 11110100
10010001 -> 01100100
00100001 -> 01001000
10101011 -> 11101010
10010111 -> 11100101
11010010 -> 10110100
01100110 -> 10011001
10101010 -> 10101010
00111101 -> 01001111

Now, determine the output for: 11101110",10111011,"I need to find the secret bit manipulation rule from the examples.

Given 9 examples:
  11010011 -> 11110100
  10010001 -> 01100100
  00100001 -> 01001000
  10101011 -> 11101010
  10010111 -> 11100101
  11010010 -> 10110100
  01100110 -> 10011001
  10101010 -> 10101010
  00111101 -> 01001111

Query: 11101110

Step 1: Check for whole-byte patterns.
  Rotation pattern detected.
  Rule: output = rotate(input, k) for some shift k.

Step 2: Apply the pattern to the query.
  11101110 -> 10111011

The answer is 10111011.",Bit Manipulation,high,w_rot,0,10111011
a19734b3,"In Alice's Wonderland, a secret bit manipulation rule transforms 8-bit binary numbers. The transformation involves operations like bit shifts, rotations, XOR, AND, OR, NOT, and possibly majority or choice functions.

Here are some examples of input -> output:
01101010 -> 00110110
10111010 -> 00101011
01100000 -> 11110111
11000100 -> 01101111
00000111 -> 11011111
00111011 -> 01011011
10010001 -> 10001101
00101100 -> 01111010

Now, determine the output for: 01001110",10110110,"I need to find the secret bit manipulation rule from the examples.

Given 8 examples:
  01101010 -> 00110110
  10111010 -> 00101011
  01100000 -> 11110111
  11000100 -> 01101111
  00000111 -> 11011111
  00111011 -> 01011011
  10010001 -> 10001101
  00101100 -> 01111010

Query: 01001110

Step 1: Analyze each output bit as an independent boolean function of input bits.

  Output bit 0: All 1 candidates agree -> value = 1
    Best match: XNOR(in[5], in[6]) = 1
  Output bit 1: All 1 candidates agree -> value = 0
    Best match: XNOR(in[6], in[7]) = 0
  Output bit 2: All 2 candidates agree -> value = 1
    Best match: NOT(in[7]) = 1
  Output bit 3: All 1 candidates agree -> value = 1
    Best match: NOT(in[0]) = 1
  Output bit 4: Ambiguous (1 candidates predict 0, 4 predict 1)
    For 0: IMPL(in[1], in[0])
    For 1: XOR(in[3], in[5]), OR(in[3], in[5]), NAND(in[1], in[2])
  Output bit 5: All 2 candidates agree -> value = 1
    Best match: IMPL(in[2], in[1]) = 1
  Output bit 6: All 6 candidates agree -> value = 1
    Best match: OR(in[2], in[5]) = 1
  Output bit 7: All 1 candidates agree -> value = 0
    Best match: IMPL(in[4], in[3]) = 0

Step 2: Identify structural patterns.
  Confirmed bit mappings: bit2<-in[7](shift=5), bit3<-in[0](shift=5)
  Dominant shift = 5 (weight 10)

Step 3: Resolve ambiguous bits using structural patterns.
  Bit 4: Resolved via pair/structure pattern -> value = 0

Step 4: All bits resolved without brute-force.

Step 5: Combine all bits to form the output.
  bit0=1(unambig) | bit1=0(unambig) | bit2=1(unambig) | bit3=1(unambig) | bit4=0(ctx) | bit5=1(unambig) | bit6=1(unambig) | bit7=0(unambig)

The answer is 10110110.",Bit Manipulation,high,ctx,0,10110110
a1a61c77,"In Alice's Wonderland, a secret bit manipulation rule transforms 8-bit binary numbers. The transformation involves operations like bit shifts, rotations, XOR, AND, OR, NOT, and possibly majority or choice functions.

Here are some examples of input -> output:
00010100 -> 00000101
10011101 -> 01100111
00111011 -> 11001110
01111100 -> 00011111
11111111 -> 11111111
11100011 -> 11111000
10101010 -> 10101010
00011001 -> 01000110

Now, determine the output for: 01111111",11011111,"I need to find the secret bit manipulation rule from the examples.

Given 8 examples:
  00010100 -> 00000101
  10011101 -> 01100111
  00111011 -> 11001110
  01111100 -> 00011111
  11111111 -> 11111111
  11100011 -> 11111000
  10101010 -> 10101010
  00011001 -> 01000110

Query: 01111111

Step 1: Check for whole-byte patterns.
  Rotation pattern detected.
  Rule: output = rotate(input, k) for some shift k.

Step 2: Apply the pattern to the query.
  01111111 -> 11011111

The answer is 11011111.",Bit Manipulation,high,w_rot,0,11011111
a365e304,"In Alice's Wonderland, a secret bit manipulation rule transforms 8-bit binary numbers. The transformation involves operations like bit shifts, rotations, XOR, AND, OR, NOT, and possibly majority or choice functions.

Here are some examples of input -> output:
11110101 -> 10111001
10110100 -> 10010011
01001111 -> 11101011
11111010 -> 01011000
00100001 -> 00100101
00100110 -> 11000101
10011010 -> 01010111

Now, determine the output for: 11100110",11011011,"I need to find the secret bit manipulation rule from the examples.

Given 7 examples:
  11110101 -> 10111001
  10110100 -> 10010011
  01001111 -> 11101011
  11111010 -> 01011000
  00100001 -> 00100101
  00100110 -> 11000101
  10011010 -> 01010111

Query: 11100110

Step 1: Check for whole-byte patterns.
  Mixed shift pattern detected.
  Rule: some output bits are shifted copies, rest use a uniform 2-input function.

Step 2: Apply the pattern to the query.
  11100110 -> 11011011

The answer is 11011011.",Bit Manipulation,high,w_mix,0,11011011
a41a3626,"In Alice's Wonderland, a secret bit manipulation rule transforms 8-bit binary numbers. The transformation involves operations like bit shifts, rotations, XOR, AND, OR, NOT, and possibly majority or choice functions.

Here are some examples of input -> output:
00011111 -> 01110001
01110100 -> 01000111
11000010 -> 00101100
00001001 -> 00010000
10001100 -> 11001000
11110000 -> 00001111
01001000 -> 10000100
11100101 -> 11011110
10010110 -> 01101001

Now, determine the output for: 10110011",10111011,"I need to find the secret bit manipulation rule from the examples.

Given 9 examples:
  00011111 -> 01110001
  01110100 -> 01000111
  11000010 -> 00101100
  00001001 -> 00010000
  10001100 -> 11001000
  11110000 -> 00001111
  01001000 -> 10000100
  11100101 -> 11011110
  10010110 -> 01101001

Query: 10110011

Step 1: Check for whole-byte patterns.
  Mixed shift pattern detected.
  Rule: some output bits are shifted copies, rest use a uniform 2-input function.

Step 2: Apply the pattern to the query.
  10110011 -> 10111011

The answer is 10111011.",Bit Manipulation,high,w_mix,0,10111011
a4770481,"In Alice's Wonderland, a secret bit manipulation rule transforms 8-bit binary numbers. The transformation involves operations like bit shifts, rotations, XOR, AND, OR, NOT, and possibly majority or choice functions.

Here are some examples of input -> output:
11101101 -> 10111111
10110001 -> 00111110
00000101 -> 10100001
00101110 -> 11001111
11011100 -> 10111111
11110010 -> 01111110
10101000 -> 00111111
00101010 -> 01001111
11000010 -> 01111000
10110011 -> 01111110

Now, determine the output for: 00011100",10000111,"I need to find the secret bit manipulation rule from the examples.

Given 10 examples:
  11101101 -> 10111111
  10110001 -> 00111110
  00000101 -> 10100001
  00101110 -> 11001111
  11011100 -> 10111111
  11110010 -> 01111110
  10101000 -> 00111111
  00101010 -> 01001111
  11000010 -> 01111000
  10110011 -> 01111110

Query: 00011100

Step 1: Check for whole-byte patterns.
  Mixed shift pattern detected.
  Rule: some output bits are shifted copies, rest use a uniform 2-input function.

Step 2: Apply the pattern to the query.
  00011100 -> 10000111

The answer is 10000111.",Bit Manipulation,high,w_mix,0,10000111
a50e5d7e,"In Alice's Wonderland, a secret bit manipulation rule transforms 8-bit binary numbers. The transformation involves operations like bit shifts, rotations, XOR, AND, OR, NOT, and possibly majority or choice functions.

Here are some examples of input -> output:
01010110 -> 00101111
01000101 -> 10100110
11100010 -> 01111111
11010111 -> 11101111
11111011 -> 11111111
11110110 -> 01111111
10001011 -> 11001101
01011101 -> 10101111
01101001 -> 10110110

Now, determine the output for: 01101011",10110111,"I need to find the secret bit manipulation rule from the examples.

Given 9 examples:
  01010110 -> 00101111
  01000101 -> 10100110
  11100010 -> 01111111
  11010111 -> 11101111
  11111011 -> 11111111
  11110110 -> 01111111
  10001011 -> 11001101
  01011101 -> 10101111
  01101001 -> 10110110

Query: 01101011

Step 1: Check for whole-byte patterns.
  Mixed shift pattern detected.
  Rule: some output bits are shifted copies, rest use a uniform 2-input function.

Step 2: Apply the pattern to the query.
  01101011 -> 10110111

The answer is 10110111.",Bit Manipulation,high,w_mix,0,10110111
a521be72,"In Alice's Wonderland, a secret bit manipulation rule transforms 8-bit binary numbers. The transformation involves operations like bit shifts, rotations, XOR, AND, OR, NOT, and possibly majority or choice functions.

Here are some examples of input -> output:
11100110 -> 01001101
01111000 -> 11000011
11010011 -> 01110111
01010110 -> 00010100
10110011 -> 01000111
01111011 -> 00100010
00000110 -> 00111100
01111101 -> 11100001
10001000 -> 10111011

Now, determine the output for: 01000000",11011111,"I need to find the secret bit manipulation rule from the examples.

Given 9 examples:
  11100110 -> 01001101
  01111000 -> 11000011
  11010011 -> 01110111
  01010110 -> 00010100
  10110011 -> 01000111
  01111011 -> 00100010
  00000110 -> 00111100
  01111101 -> 11100001
  10001000 -> 10111011

Query: 01000000

Step 1: Analyze each output bit as an independent boolean function of input bits.

  Output bit 0: Ambiguous (1 candidates predict 0, 2 predict 1)
    For 0: INHIB(in[4], in[6])
    For 1: XNOR(in[5], in[7]), NOT(in[6])
  Output bit 1: All 1 candidates agree -> value = 1
    Best match: XNOR(in[0], in[6]) = 1
  Output bit 2: All 1 candidates agree -> value = 0
    Best match: XNOR(in[1], in[7]) = 0
  Output bit 3: All 1 candidates agree -> value = 1
    Best match: NOT(in[2]) = 1
  Output bit 4: All 2 candidates agree -> value = 1
    Best match: NOR(in[3], in[7]) = 1
  Output bit 5: Ambiguous (1 candidates predict 0, 1 predict 1)
    For 0: INHIB(in[6], in[4])
    For 1: NOT(in[4])
  Output bit 6: All 2 candidates agree -> value = 1
    Best match: XNOR(in[6], in[7]) = 1
  Output bit 7: All 1 candidates agree -> value = 1
    Best match: IMPL(in[6], in[0]) = 1

Step 2: Identify structural patterns.
  Confirmed bit mappings: bit3<-in[2](shift=7), bit4<-in[3](shift=7), bit5<-in[4](shift=7), bit6<-in[5](shift=7)
  Dominant shift = 7 (weight 16)

Step 3: Resolve ambiguous bits using structural patterns.
  Bit 0: Resolved via pair/structure pattern -> value = 1
  Bit 5: Using shift=7, source = in[4] -> value = 1

Step 4: All bits resolved without brute-force.

Step 5: Combine all bits to form the output.
  bit0=1(ctx) | bit1=1(unambig) | bit2=0(unambig) | bit3=1(unambig) | bit4=1(unambig) | bit5=1(ctx) | bit6=1(unambig) | bit7=1(unambig)

The answer is 11011111.",Bit Manipulation,high,ctx,0,11011111
a63f9c85,"In Alice's Wonderland, a secret bit manipulation rule transforms 8-bit binary numbers. The transformation involves operations like bit shifts, rotations, XOR, AND, OR, NOT, and possibly majority or choice functions.

Here are some examples of input -> output:
10111111 -> 11111111
11111011 -> 11111110
11001111 -> 11111111
11010100 -> 11111101
11001010 -> 11111110
11000100 -> 11111101
11111010 -> 11111110

Now, determine the output for: 10011101",11111111,"I need to find the secret bit manipulation rule from the examples.

Given 7 examples:
  10111111 -> 11111111
  11111011 -> 11111110
  11001111 -> 11111111
  11010100 -> 11111101
  11001010 -> 11111110
  11000100 -> 11111101
  11111010 -> 11111110

Query: 10011101

Step 1: Check for whole-byte patterns.
  Permutation pattern detected.
  Rule: each output bit is copied (possibly inverted) from a specific input bit.

Step 2: Apply the pattern to the query.
  10011101 -> 11111111

The answer is 11111111.",Bit Manipulation,high,w_perm,0,11111111
a8f2c2b9,"In Alice's Wonderland, a secret bit manipulation rule transforms 8-bit binary numbers. The transformation involves operations like bit shifts, rotations, XOR, AND, OR, NOT, and possibly majority or choice functions.

Here are some examples of input -> output:
10011111 -> 11000111
00011111 -> 11100111
00010101 -> 11110111
11000010 -> 10111001
10110001 -> 01111110
11100000 -> 11111000
10110011 -> 00101110
01110100 -> 11011101
11100010 -> 10111000
00101100 -> 00011111

Now, determine the output for: 01111100",10011111,"I need to find the secret bit manipulation rule from the examples.

Given 10 examples:
  10011111 -> 11000111
  00011111 -> 11100111
  00010101 -> 11110111
  11000010 -> 10111001
  10110001 -> 01111110
  11100000 -> 11111000
  10110011 -> 00101110
  01110100 -> 11011101
  11100010 -> 10111000
  00101100 -> 00011111

Query: 01111100

Step 1: Analyze each output bit as an independent boolean function of input bits.

  Output bit 0: All 2 candidates agree -> value = 1
    Best match: XNOR(in[3], in[5]) = 1
  Output bit 1: All 1 candidates agree -> value = 0
    Best match: XNOR(in[4], in[6]) = 0
  Output bit 2: All 1 candidates agree -> value = 0
    Best match: XOR(OR)(in[0], in[2], in[5]) = 0
  Output bit 3: All 3 candidates agree -> value = 1
    Best match: NAND(in[3], in[6]) = 1
  Output bit 4: All 5 candidates agree -> value = 1
    Best match: OR(in[1], in[2]) = 1
  Output bit 5: All 8 candidates agree -> value = 1
    Best match: OR(in[3], in[4]) = 1
  Output bit 6: Ambiguous (2 candidates predict 0, 2 predict 1)
    For 0: NOT(in[1]), IMPL(in[1], in[7])
    For 1: OR(in[4], in[7]), IMPL(in[1], in[4])
  Output bit 7: All 2 candidates agree -> value = 1
    Best match: NAND(in[0], in[2]) = 1

Step 2: No strong shift pattern detected.

Step 3: Resolve ambiguous bits using structural patterns.
  Bit 6: Resolved via pair/structure pattern -> value = 1

Step 4: All bits resolved without brute-force.

Step 5: Combine all bits to form the output.
  bit0=1(unambig) | bit1=0(unambig) | bit2=0(unambig) | bit3=1(unambig) | bit4=1(unambig) | bit5=1(unambig) | bit6=1(ctx) | bit7=1(unambig)

The answer is 10011111.",Bit Manipulation,high,ctx,0,10011111
a8f5ad76,"In Alice's Wonderland, a secret bit manipulation rule transforms 8-bit binary numbers. The transformation involves operations like bit shifts, rotations, XOR, AND, OR, NOT, and possibly majority or choice functions.

Here are some examples of input -> output:
00101010 -> 10100101
01101010 -> 10101101
10100010 -> 00110100
10001101 -> 11000001
10111011 -> 10100111
00101110 -> 11100101
01110010 -> 00101110

Now, determine the output for: 10001111",11100001,"I need to find the secret bit manipulation rule from the examples.

Given 7 examples:
  00101010 -> 10100101
  01101010 -> 10101101
  10100010 -> 00110100
  10001101 -> 11000001
  10111011 -> 10100111
  00101110 -> 11100101
  01110010 -> 00101110

Query: 10001111

Step 1: Analyze each output bit as an independent boolean function of input bits.

  Output bit 0: All 5 candidates agree -> value = 1
    Best match: ID(in[4]) = 1
  Output bit 1: All 6 candidates agree -> value = 1
    Best match: ID(in[5]) = 1
  Output bit 2: Ambiguous (11 candidates predict 0, 8 predict 1)
    For 0: ID(in[2]), AND(in[2], in[6]), OR(in[1], in[2])
    For 1: ID(in[6]), OR(in[1], in[6]), OR(in[2], in[6])
  Output bit 3: All 5 candidates agree -> value = 0
    Best match: XOR(in[0], in[7]) = 0
  Output bit 4: All 6 candidates agree -> value = 0
    Best match: ID(in[1]) = 0
  Output bit 5: Ambiguous (11 candidates predict 0, 8 predict 1)
    For 0: ID(in[2]), AND(in[2], in[6]), OR(in[1], in[2])
    For 1: ID(in[6]), OR(in[1], in[6]), OR(in[2], in[6])
  Output bit 6: All 4 candidates agree -> value = 0
    Best match: ID(in[3]) = 0
  Output bit 7: All 5 candidates agree -> value = 1
    Best match: ID(in[4]) = 1

Step 2: Identify structural patterns.
  Confirmed bit mappings: bit0<-in[4](shift=4), bit1<-in[5](shift=4), bit2<-in[6](shift=4), bit4<-in[1](shift=5), bit5<-in[2](shift=5)
  Dominant shift = 5 (weight 16)

Step 3: Resolve ambiguous bits using structural patterns.
  Bit 2: Using shift=4, source = in[6] -> value = 1
  Bit 5: Using shift=5, source = in[2] -> value = 0

Step 4: All bits resolved without brute-force.

Step 5: Combine all bits to form the output.
  bit0=1(unambig) | bit1=1(unambig) | bit2=1(ctx) | bit3=0(unambig) | bit4=0(unambig) | bit5=0(ctx) | bit6=0(unambig) | bit7=1(unambig)

The answer is 11100001.",Bit Manipulation,high,ctx,0,11100001
aa0f7c7d,"In Alice's Wonderland, a secret bit manipulation rule transforms 8-bit binary numbers. The transformation involves operations like bit shifts, rotations, XOR, AND, OR, NOT, and possibly majority or choice functions.

Here are some examples of input -> output:
11101011 -> 11011110
00001010 -> 11100000
00111000 -> 10000011
11010110 -> 10101101
01000000 -> 00000100
00000110 -> 10100000
01110110 -> 10100111
00111011 -> 11010011
00010011 -> 01010001

Now, determine the output for: 01010100",11000101,"I need to find the secret bit manipulation rule from the examples.

Given 9 examples:
  11101011 -> 11011110
  00001010 -> 11100000
  00111000 -> 10000011
  11010110 -> 10101101
  01000000 -> 00000100
  00000110 -> 10100000
  01110110 -> 10100111
  00111011 -> 11010011
  00010011 -> 01010001

Query: 01010100

Step 1: Check for whole-byte patterns.
  Mixed shift pattern detected.
  Rule: some output bits are shifted copies, rest use a uniform 2-input function.

Step 2: Apply the pattern to the query.
  01010100 -> 11000101

The answer is 11000101.",Bit Manipulation,high,w_mix,0,11000101
aa3ae31f,"In Alice's Wonderland, a secret bit manipulation rule transforms 8-bit binary numbers. The transformation involves operations like bit shifts, rotations, XOR, AND, OR, NOT, and possibly majority or choice functions.

Here are some examples of input -> output:
11111100 -> 11110111
10001101 -> 00010010
11000110 -> 10000000
01101010 -> 11010010
00010000 -> 00100001
01111110 -> 11111011
00000101 -> 00001010
11100000 -> 11001110

Now, determine the output for: 01001100",10011100,"I need to find the secret bit manipulation rule from the examples.

Given 8 examples:
  11111100 -> 11110111
  10001101 -> 00010010
  11000110 -> 10000000
  01101010 -> 11010010
  00010000 -> 00100001
  01111110 -> 11111011
  00000101 -> 00001010
  11100000 -> 11001110

Query: 01001100

Step 1: Analyze each output bit as an independent boolean function of input bits.

  Output bit 0: Ambiguous (1 candidates predict 0, 4 predict 1)
    For 0: OR(in[2], in[6])
    For 1: ID(in[1]), OR(in[1], in[2]), OR(in[1], in[6])
  Output bit 1: All 4 candidates agree -> value = 0
    Best match: ID(in[2]) = 0
  Output bit 2: All 3 candidates agree -> value = 0
    Best match: ID(in[3]) = 0
  Output bit 3: All 1 candidates agree -> value = 1
    Best match: ID(in[4]) = 1
  Output bit 4: All 1 candidates agree -> value = 1
    Best match: XOR(in[0], in[5]) = 1
  Output bit 5: Ambiguous (2 candidates predict 0, 2 predict 1)
    For 0: AND(in[0], in[2]), INHIB(in[2], in[6])
    For 1: XOR(in[1], in[6]), INHIB(in[1], in[6])
  Output bit 6: All 2 candidates agree -> value = 0
    Best match: XOR(in[2], in[7]) = 0
  Output bit 7: All 3 candidates agree -> value = 0
    Best match: ID(in[3]) = 0

Step 2: Identify structural patterns.
  Confirmed bit mappings: bit0<-in[1](shift=1), bit1<-in[2](shift=1), bit2<-in[3](shift=1), bit3<-in[4](shift=1), bit7<-in[3](shift=4)
  Dominant shift = 1 (weight 16)

Step 3: Resolve ambiguous bits using structural patterns.
  Bit 0: Using shift=1, source = in[1] -> value = 1
  Bit 5: Resolved via pair/structure pattern -> value = 1

Step 4: All bits resolved without brute-force.

Step 5: Combine all bits to form the output.
  bit0=1(ctx) | bit1=0(unambig) | bit2=0(unambig) | bit3=1(unambig) | bit4=1(unambig) | bit5=1(ctx) | bit6=0(unambig) | bit7=0(unambig)

The answer is 10011100.",Bit Manipulation,high,ctx,0,10011100
ab104009,"In Alice's Wonderland, a secret bit manipulation rule transforms 8-bit binary numbers. The transformation involves operations like bit shifts, rotations, XOR, AND, OR, NOT, and possibly majority or choice functions.

Here are some examples of input -> output:
00100111 -> 11110001
00000000 -> 00000000
10100101 -> 01000001
00001011 -> 10011010
01001011 -> 10001010
11111011 -> 00100110
11110111 -> 01000101
11000001 -> 01111000

Now, determine the output for: 10000110",10010001,"I need to find the secret bit manipulation rule from the examples.

Given 8 examples:
  00100111 -> 11110001
  00000000 -> 00000000
  10100101 -> 01000001
  00001011 -> 10011010
  01001011 -> 10001010
  11111011 -> 00100110
  11110111 -> 01000101
  11000001 -> 01111000

Query: 10000110

Step 1: Check for whole-byte patterns.
  Mixed shift pattern detected.
  Rule: some output bits are shifted copies, rest use a uniform 2-input function.

Step 2: Apply the pattern to the query.
  10000110 -> 10010001

The answer is 10010001.",Bit Manipulation,high,w_mix,0,10010001
ab5f7c7f,"In Alice's Wonderland, a secret bit manipulation rule transforms 8-bit binary numbers. The transformation involves operations like bit shifts, rotations, XOR, AND, OR, NOT, and possibly majority or choice functions.

Here are some examples of input -> output:
10101101 -> 01000011
10001000 -> 01100010
10011101 -> 11001111
01011101 -> 11111111
11010000 -> 10110100
00011100 -> 11100111
01011010 -> 11000110
00111110 -> 11111111
00011000 -> 11000110

Now, determine the output for: 11111001",11110110,"I need to find the secret bit manipulation rule from the examples.

Given 9 examples:
  10101101 -> 01000011
  10001000 -> 01100010
  10011101 -> 11001111
  01011101 -> 11111111
  11010000 -> 10110100
  00011100 -> 11100111
  01011010 -> 11000110
  00111110 -> 11111111
  00011000 -> 11000110

Query: 11111001

Step 1: Analyze each output bit as an independent boolean function of input bits.

  Output bit 0: All 5 candidates agree -> value = 1
    Best match: ID(in[3]) = 1
  Output bit 1: Ambiguous (1 candidates predict 0, 8 predict 1)
    For 0: NAND(in[0], in[1])
    For 1: ID(in[4]), OR(in[2], in[4]), OR(in[4], in[5])
  Output bit 2: All 1 candidates agree -> value = 1
    Best match: XOR(in[0], in[5]) = 1
  Output bit 3: All 1 candidates agree -> value = 1
    Best match: XOR(in[1], in[6]) = 1
  Output bit 4: All 1 candidates agree -> value = 0
    Best match: XOR(in[2], in[7]) = 0
  Output bit 5: All 5 candidates agree -> value = 1
    Best match: ID(in[3]) = 1
  Output bit 6: Ambiguous (1 candidates predict 0, 8 predict 1)
    For 0: NAND(in[0], in[1])
    For 1: ID(in[4]), OR(in[2], in[4]), OR(in[4], in[5])
  Output bit 7: Ambiguous (2 candidates predict 0, 2 predict 1)
    For 0: ID(in[5]), AND(in[4], in[5])
    For 1: OR(in[2], in[5]), OR(in[5], in[7])

Step 2: Identify structural patterns.
  Confirmed bit mappings: bit0<-in[3](shift=3), bit1<-in[4](shift=3), bit5<-in[3](shift=6), bit6<-in[4](shift=6), bit7<-in[5](shift=6)
  Dominant shift = 6 (weight 7)

Step 3: Resolve ambiguous bits using structural patterns.
  Bit 1: Using shift=3, source = in[4] -> value = 1
  Bit 6: Using shift=6, source = in[4] -> value = 1
  Bit 7: Using shift=6, source = in[5] -> value = 0

Step 4: All bits resolved without brute-force.

Step 5: Combine all bits to form the output.
  bit0=1(unambig) | bit1=1(ctx) | bit2=1(unambig) | bit3=1(unambig) | bit4=0(unambig) | bit5=1(unambig) | bit6=1(ctx) | bit7=0(ctx)

The answer is 11110110.",Bit Manipulation,high,ctx,0,11110110
ad7edc85,"In Alice's Wonderland, a secret bit manipulation rule transforms 8-bit binary numbers. The transformation involves operations like bit shifts, rotations, XOR, AND, OR, NOT, and possibly majority or choice functions.

Here are some examples of input -> output:
10000010 -> 00001000
00000111 -> 00011100
00111001 -> 11100100
11100111 -> 10011111
11101000 -> 10100000
01111010 -> 11101001
10100010 -> 10001000
00011011 -> 01101100
11110001 -> 11000100

Now, determine the output for: 01110101",11010100,"I need to find the secret bit manipulation rule from the examples.

Given 9 examples:
  10000010 -> 00001000
  00000111 -> 00011100
  00111001 -> 11100100
  11100111 -> 10011111
  11101000 -> 10100000
  01111010 -> 11101001
  10100010 -> 10001000
  00011011 -> 01101100
  11110001 -> 11000100

Query: 01110101

Step 1: Check for whole-byte patterns.
  Mixed shift pattern detected.
  Rule: some output bits are shifted copies, rest use a uniform 2-input function.

Step 2: Apply the pattern to the query.
  01110101 -> 11010100

The answer is 11010100.",Bit Manipulation,high,w_mix,0,11010100
ada01a20,"In Alice's Wonderland, a secret bit manipulation rule transforms 8-bit binary numbers. The transformation involves operations like bit shifts, rotations, XOR, AND, OR, NOT, and possibly majority or choice functions.

Here are some examples of input -> output:
00011101 -> 10000001
01001011 -> 01101001
00110100 -> 10000110
11011001 -> 00001011
10010110 -> 11010010
01100011 -> 00101000
00001000 -> 00000001
01010010 -> 01001010
10111011 -> 00000011

Now, determine the output for: 00100110",10000000,"I need to find the secret bit manipulation rule from the examples.

Given 9 examples:
  00011101 -> 10000001
  01001011 -> 01101001
  00110100 -> 10000110
  11011001 -> 00001011
  10010110 -> 11010010
  01100011 -> 00101000
  00001000 -> 00000001
  01010010 -> 01001010
  10111011 -> 00000011

Query: 00100110

Step 1: Analyze each output bit as an independent boolean function of input bits.

  Output bit 0: Ambiguous (1 candidates predict 0, 2 predict 1)
    For 0: AND(in[3], in[5])
    For 1: ID(in[5]), INHIB(in[5], in[1])
  Output bit 1: All 1 candidates agree -> value = 0
    Best match: INHIB(in[6], in[2]) = 0
  Output bit 2: Ambiguous (2 candidates predict 0, 1 predict 1)
    For 0: INHIB(in[1], in[3]), INHIB(in[7], in[3])
    For 1: INHIB(in[6], in[3])
  Output bit 3: Ambiguous (3 candidates predict 0, 1 predict 1)
    For 0: AND(in[0], in[5]), INHIB(in[0], in[4]), INHIB(in[0], in[7])
    For 1: AND(in[5], in[6])
  Output bit 4: Ambiguous (2 candidates predict 0, 1 predict 1)
    For 0: ID(in[1]), INHIB(in[1], in[5])
    For 1: XOR(in[0], in[6])
  Output bit 5: Ambiguous (2 candidates predict 0, 2 predict 1)
    For 0: NOR(in[4], in[6]), INHIB(in[2], in[6])
    For 1: AND(in[2], in[5]), INHIB(in[2], in[7])
  Output bit 6: All 1 candidates agree -> value = 0
    Best match: XOR(AND)(in[4], in[5], in[3]) = 0
  Output bit 7: All 1 candidates agree -> value = 0
    Best match: ID(in[4]) = 0

Step 2: Identify structural patterns.
  Confirmed bit mappings: bit0<-in[5](shift=5), bit4<-in[1](shift=5), bit7<-in[4](shift=5)
  Dominant shift = 5 (weight 7)

Step 3: Resolve ambiguous bits using structural patterns.
  Bit 0: Using shift=5, source = in[5] -> value = 1
  Bit 2: Resolved via pair/structure pattern -> value = 0
  Bit 3: Resolved via pair/structure pattern -> value = 0
  Bit 4: Using shift=5, source = in[1] -> value = 0
  Bit 5: Resolved via pair/structure pattern -> value = 0

Step 4: All bits resolved without brute-force.

Step 5: Combine all bits to form the output.
  bit0=1(ctx) | bit1=0(unambig) | bit2=0(ctx) | bit3=0(ctx) | bit4=0(ctx) | bit5=0(ctx) | bit6=0(unambig) | bit7=0(unambig)

The answer is 10000000.",Bit Manipulation,high,ctx,0,10000000
adeac6af,"In Alice's Wonderland, a secret bit manipulation rule transforms 8-bit binary numbers. The transformation involves operations like bit shifts, rotations, XOR, AND, OR, NOT, and possibly majority or choice functions.

Here are some examples of input -> output:
11100111 -> 00010011
10110110 -> 10010010
01011010 -> 01001001
10110101 -> 10010110
11100011 -> 00001011
10011001 -> 01000110
10011000 -> 01000010
01001010 -> 00101001

Now, determine the output for: 10100101",10010110,"I need to find the secret bit manipulation rule from the examples.

Given 8 examples:
  11100111 -> 00010011
  10110110 -> 10010010
  01011010 -> 01001001
  10110101 -> 10010110
  11100011 -> 00001011
  10011001 -> 01000110
  10011000 -> 01000010
  01001010 -> 00101001

Query: 10100101

Step 1: Analyze each output bit as an independent boolean function of input bits.

  Output bit 0: Ambiguous (3 candidates predict 0, 3 predict 1)
    For 0: AND(in[2], in[3]), AND(in[3], in[5]), INHIB(in[3], in[4])
    For 1: NOR(in[1], in[4]), INHIB(in[2], in[1]), INHIB(in[5], in[1])
  Output bit 1: All 3 candidates agree -> value = 0
    Best match: AND(in[3], in[4]) = 0
  Output bit 2: All 4 candidates agree -> value = 0
    Best match: NOR(in[0], in[3]) = 0
  Output bit 3: All 4 candidates agree -> value = 1
    Best match: ID(in[5]) = 1
  Output bit 4: All 2 candidates agree -> value = 0
    Best match: INHIB(in[1], in[5]) = 0
  Output bit 5: Ambiguous (1 candidates predict 0, 2 predict 1)
    For 0: AND(in[3], in[7])
    For 1: INHIB(in[7], in[1]), INHIB(in[7], in[6])
  Output bit 6: All 12 candidates agree -> value = 1
    Best match: ID(in[0]) = 1
  Output bit 7: Ambiguous (3 candidates predict 0, 2 predict 1)
    For 0: ID(in[1]), AND(in[1], in[6]), IMPL(in[0], in[1])
    For 1: NAND(in[0], in[3]), IMPL(in[3], in[1])

Step 2: Identify structural patterns.
  Confirmed bit mappings: bit3<-in[5](shift=2), bit6<-in[0](shift=2), bit7<-in[1](shift=2)
  Dominant shift = 2 (weight 11)

Step 3: Resolve ambiguous bits using structural patterns.
  Bit 0: Resolved via pair/structure pattern -> value = 1
  Bit 5: Resolved via pair/structure pattern -> value = 1
  Bit 7: Using shift=2, source = in[1] -> value = 0

Step 4: All bits resolved without brute-force.

Step 5: Combine all bits to form the output.
  bit0=1(ctx) | bit1=0(unambig) | bit2=0(unambig) | bit3=1(unambig) | bit4=0(unambig) | bit5=1(ctx) | bit6=1(unambig) | bit7=0(ctx)

The answer is 10010110.",Bit Manipulation,high,ctx,0,10010110
ae006a91,"In Alice's Wonderland, a secret bit manipulation rule transforms 8-bit binary numbers. The transformation involves operations like bit shifts, rotations, XOR, AND, OR, NOT, and possibly majority or choice functions.

Here are some examples of input -> output:
00111000 -> 00011111
11110110 -> 00100101
00101100 -> 01001111
01110000 -> 00111110
01000111 -> 01100010
01010100 -> 10101110
01100011 -> 11110010

Now, determine the output for: 01100111",11100010,"I need to find the secret bit manipulation rule from the examples.

Given 7 examples:
  00111000 -> 00011111
  11110110 -> 00100101
  00101100 -> 01001111
  01110000 -> 00111110
  01000111 -> 01100010
  01010100 -> 10101110
  01100011 -> 11110010

Query: 01100111

Step 1: Analyze each output bit as an independent boolean function of input bits.

  Output bit 0: All 1 candidates agree -> value = 1
    Best match: XNOR(in[2], in[7]) = 1
  Output bit 1: All 3 candidates agree -> value = 1
    Best match: NOR(in[0], in[3]) = 1
  Output bit 2: All 12 candidates agree -> value = 1
    Best match: ID(in[1]) = 1
  Output bit 3: All 3 candidates agree -> value = 0
    Best match: NOR(in[0], in[5]) = 0
  Output bit 4: All 7 candidates agree -> value = 0
    Best match: XNOR(in[0], in[7]) = 0
  Output bit 5: All 11 candidates agree -> value = 0
    Best match: XNOR(in[0], in[6]) = 0
  Output bit 6: All 11 candidates agree -> value = 1
    Best match: XNOR(in[6], in[7]) = 1
  Output bit 7: All 4 candidates agree -> value = 0
    Best match: XOR(in[0], in[4]) = 0

Step 2: Identify structural patterns.
  Confirmed bit mappings: bit1<-in[3](shift=2), bit2<-in[4](shift=2), bit3<-in[5](shift=2), bit4<-in[6](shift=2), bit5<-in[7](shift=2)
  Dominant shift = 2 (weight 30)

Step 3: No additional bits resolved by context propagation.

Step 4: All bits resolved without brute-force.

Step 5: Combine all bits to form the output.
  bit0=1(unambig) | bit1=1(unambig) | bit2=1(unambig) | bit3=0(unambig) | bit4=0(unambig) | bit5=0(unambig) | bit6=1(unambig) | bit7=0(unambig)

The answer is 11100010.",Bit Manipulation,high,ctx,0,11100010
aea14651,"In Alice's Wonderland, a secret bit manipulation rule transforms 8-bit binary numbers. The transformation involves operations like bit shifts, rotations, XOR, AND, OR, NOT, and possibly majority or choice functions.

Here are some examples of input -> output:
10100010 -> 10101000
01010001 -> 01010100
01111100 -> 11011111
00101111 -> 11111011
11101011 -> 11111010
10010110 -> 11100101
10000100 -> 01100001
10000000 -> 00100000

Now, determine the output for: 01110011",11111100,"I need to find the secret bit manipulation rule from the examples.

Given 8 examples:
  10100010 -> 10101000
  01010001 -> 01010100
  01111100 -> 11011111
  00101111 -> 11111011
  11101011 -> 11111010
  10010110 -> 11100101
  10000100 -> 01100001
  10000000 -> 00100000

Query: 01110011

Step 1: Check for whole-byte patterns.
  Mixed shift pattern detected.
  Rule: some output bits are shifted copies, rest use a uniform 2-input function.

Step 2: Apply the pattern to the query.
  01110011 -> 11111100

The answer is 11111100.",Bit Manipulation,high,w_mix,0,11111100
af0fd8f6,"In Alice's Wonderland, a secret bit manipulation rule transforms 8-bit binary numbers. The transformation involves operations like bit shifts, rotations, XOR, AND, OR, NOT, and possibly majority or choice functions.

Here are some examples of input -> output:
10111010 -> 00101110
00110100 -> 00001101
10010011 -> 10100100
00011000 -> 00000110
00011111 -> 10000111
10101000 -> 00101010
00000101 -> 10000001

Now, determine the output for: 10011011",10100110,"I need to find the secret bit manipulation rule from the examples.

Given 7 examples:
  10111010 -> 00101110
  00110100 -> 00001101
  10010011 -> 10100100
  00011000 -> 00000110
  00011111 -> 10000111
  10101000 -> 00101010
  00000101 -> 10000001

Query: 10011011

Step 1: Check for whole-byte patterns.
  Permutation pattern detected.
  Rule: each output bit is copied (possibly inverted) from a specific input bit.

Step 2: Apply the pattern to the query.
  10011011 -> 10100110

The answer is 10100110.",Bit Manipulation,high,w_perm,0,10100110
af5e4060,"In Alice's Wonderland, a secret bit manipulation rule transforms 8-bit binary numbers. The transformation involves operations like bit shifts, rotations, XOR, AND, OR, NOT, and possibly majority or choice functions.

Here are some examples of input -> output:
01010010 -> 10011010
10011111 -> 11111111
11110100 -> 10111111
11111001 -> 11011111
11111010 -> 11011111
01100100 -> 00101111
01011110 -> 11111011
10011100 -> 11110111

Now, determine the output for: 00111001",11001111,"I need to find the secret bit manipulation rule from the examples.

Given 8 examples:
  01010010 -> 10011010
  10011111 -> 11111111
  11110100 -> 10111111
  11111001 -> 11011111
  11111010 -> 11011111
  01100100 -> 00101111
  01011110 -> 11111011
  10011100 -> 11110111

Query: 00111001

Step 1: Check for whole-byte patterns.
  Mixed shift pattern detected.
  Rule: some output bits are shifted copies, rest use a uniform 2-input function.

Step 2: Apply the pattern to the query.
  00111001 -> 11001111

The answer is 11001111.",Bit Manipulation,high,w_mix,0,11001111
b0bc11f1,"In Alice's Wonderland, a secret bit manipulation rule transforms 8-bit binary numbers. The transformation involves operations like bit shifts, rotations, XOR, AND, OR, NOT, and possibly majority or choice functions.

Here are some examples of input -> output:
00100101 -> 01011001
10000001 -> 00110000
11010111 -> 01000101
11101111 -> 11001011
01000100 -> 01010001
01000111 -> 01100001
00100001 -> 00011000
10001100 -> 11100011
10000110 -> 01000001
11111011 -> 10001110

Now, determine the output for: 11011011",10000110,"I need to find the secret bit manipulation rule from the examples.

Given 10 examples:
  00100101 -> 01011001
  10000001 -> 00110000
  11010111 -> 01000101
  11101111 -> 11001011
  01000100 -> 01010001
  01000111 -> 01100001
  00100001 -> 00011000
  10001100 -> 11100011
  10000110 -> 01000001
  11111011 -> 10001110

Query: 11011011

Step 1: Analyze each output bit as an independent boolean function of input bits.

  Output bit 0: All 2 candidates agree -> value = 1
    Best match: ID(in[4]) = 1
  Output bit 1: All 2 candidates agree -> value = 0
    Best match: ID(in[5]) = 0
  Output bit 2: All 1 candidates agree -> value = 0
    Best match: XOR(in[0], in[6]) = 0
  Output bit 3: All 2 candidates agree -> value = 0
    Best match: XOR(in[1], in[7]) = 0
  Output bit 4: All 2 candidates agree -> value = 0
    Best match: ID(in[2]) = 0
  Output bit 5: All 5 candidates agree -> value = 1
    Best match: ID(in[3]) = 1
  Output bit 6: All 2 candidates agree -> value = 1
    Best match: ID(in[4]) = 1
  Output bit 7: All 2 candidates agree -> value = 0
    Best match: ID(in[5]) = 0

Step 2: Identify structural patterns.
  Confirmed bit mappings: bit0<-in[4](shift=4), bit1<-in[5](shift=4), bit4<-in[2](shift=6), bit5<-in[3](shift=6), bit6<-in[4](shift=6)
  Dominant shift = 6 (weight 20)

Step 3: No additional bits resolved by context propagation.

Step 4: All bits resolved without brute-force.

Step 5: Combine all bits to form the output.
  bit0=1(unambig) | bit1=0(unambig) | bit2=0(unambig) | bit3=0(unambig) | bit4=0(unambig) | bit5=1(unambig) | bit6=1(unambig) | bit7=0(unambig)

The answer is 10000110.",Bit Manipulation,high,ctx,0,10000110
b102a8a8,"In Alice's Wonderland, a secret bit manipulation rule transforms 8-bit binary numbers. The transformation involves operations like bit shifts, rotations, XOR, AND, OR, NOT, and possibly majority or choice functions.

Here are some examples of input -> output:
10001101 -> 00000110
00001010 -> 00000101
00011011 -> 00001101
00110000 -> 00011000
11010100 -> 00101010
01111100 -> 00111110
10001100 -> 00000110
00100111 -> 10000011

Now, determine the output for: 00010101",10001010,"I need to find the secret bit manipulation rule from the examples.

Given 8 examples:
  10001101 -> 00000110
  00001010 -> 00000101
  00011011 -> 00001101
  00110000 -> 00011000
  11010100 -> 00101010
  01111100 -> 00111110
  10001100 -> 00000110
  00100111 -> 10000011

Query: 00010101

Step 1: Analyze each output bit as an independent boolean function of input bits.

  Output bit 0: Ambiguous (6 candidates predict 0, 1 predict 1)
    For 0: AND(in[2], in[6]), AND(in[2], in[7]), AND(in[5], in[6])
    For 1: INHIB(in[7], in[4])
  Output bit 1: All 8 candidates agree -> value = 0
    Best match: AND(in[0], in[2]) = 0
  Output bit 2: Ambiguous (5 candidates predict 0, 2 predict 1)
    For 0: ID(in[1]), AND(in[1], in[3]), AND(in[1], in[5])
    For 1: AND(in[3], in[5]), XNOR(in[2], in[4])
  Output bit 3: Ambiguous (3 candidates predict 0, 2 predict 1)
    For 0: AND(in[2], in[3]), INHIB(in[2], in[6]), INHIB(in[2], in[7])
    For 1: XNOR(in[0], in[6]), NOR(in[0], in[6])
  Output bit 4: All 2 candidates agree -> value = 1
    Best match: ID(in[3]) = 1
  Output bit 5: Ambiguous (1 candidates predict 0, 1 predict 1)
    For 0: ID(in[4])
    For 1: XNOR(in[1], in[2])
  Output bit 6: All 3 candidates agree -> value = 1
    Best match: ID(in[5]) = 1
  Output bit 7: All 3 candidates agree -> value = 0
    Best match: ID(in[6]) = 0

Step 2: Identify structural patterns.
  Confirmed bit mappings: bit2<-in[1](shift=7), bit4<-in[3](shift=7), bit5<-in[4](shift=7), bit6<-in[5](shift=7), bit7<-in[6](shift=7)
  Dominant shift = 7 (weight 17)

Step 3: Resolve ambiguous bits using structural patterns.
  Bit 0: Resolved via pair/structure pattern -> value = 1
  Bit 2: Using shift=7, source = in[1] -> value = 0
  Bit 3: Resolved via pair/structure pattern -> value = 0
  Bit 5: Using shift=7, source = in[4] -> value = 0

Step 4: All bits resolved without brute-force.

Step 5: Combine all bits to form the output.
  bit0=1(ctx) | bit1=0(unambig) | bit2=0(ctx) | bit3=0(ctx) | bit4=1(unambig) | bit5=0(ctx) | bit6=1(unambig) | bit7=0(unambig)

The answer is 10001010.",Bit Manipulation,high,ctx,0,10001010
b14f7be3,"In Alice's Wonderland, a secret bit manipulation rule transforms 8-bit binary numbers. The transformation involves operations like bit shifts, rotations, XOR, AND, OR, NOT, and possibly majority or choice functions.

Here are some examples of input -> output:
00111110 -> 11111111
11001100 -> 10100110
01110111 -> 01001011
00010111 -> 01111011
11111011 -> 11001101
11000100 -> 00100010
01110101 -> 01101010
11011011 -> 11011101
00000000 -> 00000000

Now, determine the output for: 11111100",10111110,"I need to find the secret bit manipulation rule from the examples.

Given 9 examples:
  00111110 -> 11111111
  11001100 -> 10100110
  01110111 -> 01001011
  00010111 -> 01111011
  11111011 -> 11001101
  11000100 -> 00100010
  01110101 -> 01101010
  11011011 -> 11011101
  00000000 -> 00000000

Query: 11111100

Step 1: Analyze each output bit as an independent boolean function of input bits.

  Output bit 0: All 1 candidates agree -> value = 1
    Best match: ID(in[4]) = 1
  Output bit 1: Ambiguous (2 candidates predict 0, 6 predict 1)
    For 0: XOR(in[0], in[5]), OR(in[6], in[7])
    For 1: ID(in[3]), OR(in[2], in[3]), OR(in[2], in[6])
  Output bit 2: All 1 candidates agree -> value = 1
    Best match: XOR(in[1], in[6]) = 1
  Output bit 3: All 1 candidates agree -> value = 1
    Best match: XOR(in[2], in[7]) = 1
  Output bit 4: Ambiguous (2 candidates predict 0, 6 predict 1)
    For 0: XOR(in[0], in[5]), OR(in[6], in[7])
    For 1: ID(in[3]), OR(in[2], in[3]), OR(in[2], in[6])
  Output bit 5: All 1 candidates agree -> value = 1
    Best match: ID(in[4]) = 1
  Output bit 6: Ambiguous (1 candidates predict 0, 1 predict 1)
    For 0: XOR(in[0], in[3])
    For 1: ID(in[5])
  Output bit 7: All 2 candidates agree -> value = 0
    Best match: ID(in[6]) = 0

Step 2: Identify structural patterns.
  Confirmed bit mappings: bit0<-in[4](shift=4), bit4<-in[3](shift=7), bit5<-in[4](shift=7), bit6<-in[5](shift=7), bit7<-in[6](shift=7)
  Dominant shift = 7 (weight 12)

Step 3: Resolve ambiguous bits using structural patterns.
  Bit 1: Resolved via pair/structure pattern -> value = 0
  Bit 4: Using shift=7, source = in[3] -> value = 1
  Bit 6: Using shift=7, source = in[5] -> value = 1

Step 4: All bits resolved without brute-force.

Step 5: Combine all bits to form the output.
  bit0=1(unambig) | bit1=0(ctx) | bit2=1(unambig) | bit3=1(unambig) | bit4=1(ctx) | bit5=1(unambig) | bit6=1(ctx) | bit7=0(unambig)

The answer is 10111110.",Bit Manipulation,high,ctx,0,10111110
b16455a2,"In Alice's Wonderland, a secret bit manipulation rule transforms 8-bit binary numbers. The transformation involves operations like bit shifts, rotations, XOR, AND, OR, NOT, and possibly majority or choice functions.

Here are some examples of input -> output:
10001111 -> 00110011
00001010 -> 10010110
11111011 -> 01101101
10110100 -> 10111001
00011000 -> 10011100
11101101 -> 11110111
11100011 -> 00001111
00111101 -> 10101100
10110001 -> 00001101

Now, determine the output for: 11001011",10101011,"I need to find the secret bit manipulation rule from the examples.

Given 9 examples:
  10001111 -> 00110011
  00001010 -> 10010110
  11111011 -> 01101101
  10110100 -> 10111001
  00011000 -> 10011100
  11101101 -> 11110111
  11100011 -> 00001111
  00111101 -> 10101100
  10110001 -> 00001101

Query: 11001011

Step 1: Analyze each output bit as an independent boolean function of input bits.

  Output bit 0: All 1 candidates agree -> value = 1
    Best match: XNOR(in[2], in[5]) = 1
  Output bit 1: Ambiguous (1 candidates predict 0, 1 predict 1)
    For 0: XNOR(in[3], in[6])
    For 1: AND(in[1], in[4])
  Output bit 2: All 1 candidates agree -> value = 1
    Best match: XNOR(in[4], in[7]) = 1
  Output bit 3: All 1 candidates agree -> value = 0
    Best match: XNOR(in[0], in[5]) = 0
  Output bit 4: Ambiguous (1 candidates predict 0, 1 predict 1)
    For 0: IMPL(in[4], in[3])
    For 1: XNOR(in[1], in[6])
  Output bit 5: All 1 candidates agree -> value = 0
    Best match: XNOR(in[2], in[7]) = 0
  Output bit 6: All 1 candidates agree -> value = 1
    Best match: NOT(in[3]) = 1
  Output bit 7: All 3 candidates agree -> value = 1
    Best match: ID(in[0]) = 1

Step 2: Identify structural patterns.
  Confirmed bit mappings: bit6<-in[3](shift=5), bit7<-in[0](shift=1)
  Dominant shift = 5 (weight 5)

Step 3: Resolve ambiguous bits using structural patterns.
  Bit 1: Resolved via pair/structure pattern -> value = 0
  Bit 4: Resolved via pair/structure pattern -> value = 1

Step 4: All bits resolved without brute-force.

Step 5: Combine all bits to form the output.
  bit0=1(unambig) | bit1=0(ctx) | bit2=1(unambig) | bit3=0(unambig) | bit4=1(ctx) | bit5=0(unambig) | bit6=1(unambig) | bit7=1(unambig)

The answer is 10101011.",Bit Manipulation,high,ctx,0,10101011
b30f8610,"In Alice's Wonderland, a secret bit manipulation rule transforms 8-bit binary numbers. The transformation involves operations like bit shifts, rotations, XOR, AND, OR, NOT, and possibly majority or choice functions.

Here are some examples of input -> output:
11100010 -> 01111101
01010011 -> 10101011
10111011 -> 11011111
11101110 -> 01111111
11001110 -> 01111111
11000010 -> 01111001
01001110 -> 00101111

Now, determine the output for: 00000111",10000011,"I need to find the secret bit manipulation rule from the examples.

Given 7 examples:
  11100010 -> 01111101
  01010011 -> 10101011
  10111011 -> 11011111
  11101110 -> 01111111
  11001110 -> 01111111
  11000010 -> 01111001
  01001110 -> 00101111

Query: 00000111

Step 1: Check for whole-byte patterns.
  Mixed shift pattern detected.
  Rule: some output bits are shifted copies, rest use a uniform 2-input function.

Step 2: Apply the pattern to the query.
  00000111 -> 10000011

The answer is 10000011.",Bit Manipulation,high,w_mix,0,10000011
b3785949,"In Alice's Wonderland, a secret bit manipulation rule transforms 8-bit binary numbers. The transformation involves operations like bit shifts, rotations, XOR, AND, OR, NOT, and possibly majority or choice functions.

Here are some examples of input -> output:
00001001 -> 00110111
11001001 -> 00110011
00011110 -> 00001111
01001010 -> 10101101
10011001 -> 10110011
00000111 -> 01000111
00000101 -> 01010111
10010111 -> 11000011
11010111 -> 11000011
00101011 -> 00100110

Now, determine the output for: 10010011",11100011,"I need to find the secret bit manipulation rule from the examples.

Given 10 examples:
  00001001 -> 00110111
  11001001 -> 00110011
  00011110 -> 00001111
  01001010 -> 10101101
  10011001 -> 10110011
  00000111 -> 01000111
  00000101 -> 01010111
  10010111 -> 11000011
  11010111 -> 11000011
  00101011 -> 00100110

Query: 10010011

Step 1: Analyze each output bit as an independent boolean function of input bits.

  Output bit 0: All 1 candidates agree -> value = 1
    Best match: XNOR(in[3], in[7]) = 1
  Output bit 1: Ambiguous (2 candidates predict 0, 3 predict 1)
    For 0: AND(in[5], in[7]), INHIB(in[5], in[4])
    For 1: NOR(in[2], in[4]), NOT(in[4]), INHIB(in[7], in[4])
  Output bit 2: Ambiguous (1 candidates predict 0, 2 predict 1)
    For 0: INHIB(in[4], in[5])
    For 1: NOT(in[5]), IMPL(in[5], in[2])
  Output bit 3: All 3 candidates agree -> value = 0
    Best match: NOR(in[2], in[6]) = 0
  Output bit 4: All 5 candidates agree -> value = 0
    Best match: NOR(in[0], in[7]) = 0
  Output bit 5: All 3 candidates agree -> value = 0
    Best match: NOT(in[0]) = 0
  Output bit 6: All 4 candidates agree -> value = 1
    Best match: OR(in[3], in[7]) = 1
  Output bit 7: All 8 candidates agree -> value = 1
    Best match: NOT(in[2]) = 1

Step 2: Identify structural patterns.
  Confirmed bit mappings: bit1<-in[4](shift=3), bit2<-in[5](shift=3), bit3<-in[6](shift=3), bit4<-in[7](shift=3), bit5<-in[0](shift=3)
  Dominant shift = 3 (weight 22)

Step 3: Resolve ambiguous bits using structural patterns.
  Bit 1: Using shift=3, source = in[4] -> value = 1
  Bit 2: Using shift=3, source = in[5] -> value = 1

Step 4: All bits resolved without brute-force.

Step 5: Combine all bits to form the output.
  bit0=1(unambig) | bit1=1(ctx) | bit2=1(ctx) | bit3=0(unambig) | bit4=0(unambig) | bit5=0(unambig) | bit6=1(unambig) | bit7=1(unambig)

The answer is 11100011.",Bit Manipulation,high,ctx,0,11100011
b43d9cd5,"In Alice's Wonderland, a secret bit manipulation rule transforms 8-bit binary numbers. The transformation involves operations like bit shifts, rotations, XOR, AND, OR, NOT, and possibly majority or choice functions.

Here are some examples of input -> output:
01010000 -> 01000001
10000000 -> 00000010
10011010 -> 01101010
11010100 -> 01010011
01101110 -> 10111001
11110100 -> 11010011
11100000 -> 10000011

Now, determine the output for: 00111001",11100100,"I need to find the secret bit manipulation rule from the examples.

Given 7 examples:
  01010000 -> 01000001
  10000000 -> 00000010
  10011010 -> 01101010
  11010100 -> 01010011
  01101110 -> 10111001
  11110100 -> 11010011
  11100000 -> 10000011

Query: 00111001

Step 1: Check for whole-byte patterns.
  Rotation pattern detected.
  Rule: output = rotate(input, k) for some shift k.

Step 2: Apply the pattern to the query.
  00111001 -> 11100100

The answer is 11100100.",Bit Manipulation,high,w_rot,0,11100100
b4549ab9,"In Alice's Wonderland, a secret bit manipulation rule transforms 8-bit binary numbers. The transformation involves operations like bit shifts, rotations, XOR, AND, OR, NOT, and possibly majority or choice functions.

Here are some examples of input -> output:
10111101 -> 10010111
01100000 -> 11001111
00001010 -> 10111011
10101111 -> 11011101
00000110 -> 00111100
00110100 -> 01100111
01111000 -> 11001111
10101100 -> 00111101
10010101 -> 10010111
00101100 -> 01101101

Now, determine the output for: 10011000",10110011,"I need to find the secret bit manipulation rule from the examples.

Given 10 examples:
  10111101 -> 10010111
  01100000 -> 11001111
  00001010 -> 10111011
  10101111 -> 11011101
  00000110 -> 00111100
  00110100 -> 01100111
  01111000 -> 11001111
  10101100 -> 00111101
  10010101 -> 10010111
  00101100 -> 01101101

Query: 10011000

Step 1: Analyze each output bit as an independent boolean function of input bits.

  Output bit 0: All 2 candidates agree -> value = 1
    Best match: XNOR(in[5], in[7]) = 1
  Output bit 1: All 1 candidates agree -> value = 0
    Best match: XNOR(in[0], in[6]) = 0
  Output bit 2: All 2 candidates agree -> value = 1
    Best match: XNOR(in[1], in[7]) = 1
  Output bit 3: All 2 candidates agree -> value = 1
    Best match: OR(in[0], in[6]) = 1
  Output bit 4: Ambiguous (1 candidates predict 0, 1 predict 1)
    For 0: IMPL(in[3], in[1])
    For 1: NAND(in[3], in[5])
  Output bit 5: Ambiguous (4 candidates predict 0, 1 predict 1)
    For 0: XOR(in[1], in[5]), OR(in[1], in[5]), OR(in[2], in[5])
    For 1: IMPL(in[6], in[5])
  Output bit 6: All 1 candidates agree -> value = 1
    Best match: IMPL(in[5], in[3]) = 1
  Output bit 7: All 1 candidates agree -> value = 1
    Best match: IMPL(in[6], in[4]) = 1

Step 2: No strong shift pattern detected.

Step 3: Resolve ambiguous bits using structural patterns.
  Bit 4: Resolved via pair/structure pattern -> value = 0
  Bit 5: Resolved via pair/structure pattern -> value = 0

Step 4: All bits resolved without brute-force.

Step 5: Combine all bits to form the output.
  bit0=1(unambig) | bit1=0(unambig) | bit2=1(unambig) | bit3=1(unambig) | bit4=0(ctx) | bit5=0(ctx) | bit6=1(unambig) | bit7=1(unambig)

The answer is 10110011.",Bit Manipulation,high,ctx,0,10110011
b52a8017,"In Alice's Wonderland, a secret bit manipulation rule transforms 8-bit binary numbers. The transformation involves operations like bit shifts, rotations, XOR, AND, OR, NOT, and possibly majority or choice functions.

Here are some examples of input -> output:
11100101 -> 10111100
10001101 -> 10110001
11011000 -> 00011011
00110001 -> 10100110
10101110 -> 11010101
01011110 -> 11001011
00100001 -> 10100100

Now, determine the output for: 00101011",11100101,"I need to find the secret bit manipulation rule from the examples.

Given 7 examples:
  11100101 -> 10111100
  10001101 -> 10110001
  11011000 -> 00011011
  00110001 -> 10100110
  10101110 -> 11010101
  01011110 -> 11001011
  00100001 -> 10100100

Query: 00101011

Step 1: Check for whole-byte patterns.
  Mixed shift pattern detected.
  Rule: some output bits are shifted copies, rest use a uniform 2-input function.

Step 2: Apply the pattern to the query.
  00101011 -> 11100101

The answer is 11100101.",Bit Manipulation,high,w_mix,0,11100101
b558c74d,"In Alice's Wonderland, a secret bit manipulation rule transforms 8-bit binary numbers. The transformation involves operations like bit shifts, rotations, XOR, AND, OR, NOT, and possibly majority or choice functions.

Here are some examples of input -> output:
11110011 -> 00111111
00110010 -> 00100011
11100000 -> 00001110
00010010 -> 00100001
11010011 -> 00111101
10100100 -> 01001010
10010100 -> 01001001

Now, determine the output for: 01011010",10100101,"I need to find the secret bit manipulation rule from the examples.

Given 7 examples:
  11110011 -> 00111111
  00110010 -> 00100011
  11100000 -> 00001110
  00010010 -> 00100001
  11010011 -> 00111101
  10100100 -> 01001010
  10010100 -> 01001001

Query: 01011010

Step 1: Check for whole-byte patterns.
  Rotation pattern detected.
  Rule: output = rotate(input, k) for some shift k.

Step 2: Apply the pattern to the query.
  01011010 -> 10100101

The answer is 10100101.",Bit Manipulation,high,w_rot,0,10100101
b595b6e8,"In Alice's Wonderland, a secret bit manipulation rule transforms 8-bit binary numbers. The transformation involves operations like bit shifts, rotations, XOR, AND, OR, NOT, and possibly majority or choice functions.

Here are some examples of input -> output:
11010111 -> 01110001
00101010 -> 10000000
11111011 -> 10110000
11010001 -> 00010000
01010110 -> 00000000
01010011 -> 00010000
10100010 -> 00100000
00110011 -> 00000000
01000000 -> 00000000

Now, determine the output for: 11101010",10100000,"I need to find the secret bit manipulation rule from the examples.

Given 9 examples:
  11010111 -> 01110001
  00101010 -> 10000000
  11111011 -> 10110000
  11010001 -> 00010000
  01010110 -> 00000000
  01010011 -> 00010000
  10100010 -> 00100000
  00110011 -> 00000000
  01000000 -> 00000000

Query: 11101010

Step 1: Analyze each output bit as an independent boolean function of input bits.

  Output bit 0: All 4 candidates agree -> value = 1
    Best match: ID(in[4]) = 1
  Output bit 1: All 2 candidates agree -> value = 0
    Best match: AND(in[0], in[5]) = 0
  Output bit 2: All 1 candidates agree -> value = 1
    Best match: AND(in[0], in[6]) = 1
  Output bit 3: All 1 candidates agree -> value = 0
    Best match: AND(in[1], in[7]) = 0
  Output bit 4: All 12 candidates agree -> value = 0
    Best match: AND(in[2], in[5]) = 0
  Output bit 5: All 12 candidates agree -> value = 0
    Best match: AND(in[2], in[5]) = 0
  Output bit 6: All 12 candidates agree -> value = 0
    Best match: AND(in[2], in[5]) = 0
  Output bit 7: All 2 candidates agree -> value = 0
    Best match: AND(in[0], in[5]) = 0

Step 2: Identify structural patterns.
  Confirmed bit mappings: bit0<-in[4](shift=4)
  Dominant shift = 4 (weight 5)

Step 3: No additional bits resolved by context propagation.

Step 4: All bits resolved without brute-force.

Step 5: Combine all bits to form the output.
  bit0=1(unambig) | bit1=0(unambig) | bit2=1(unambig) | bit3=0(unambig) | bit4=0(unambig) | bit5=0(unambig) | bit6=0(unambig) | bit7=0(unambig)

The answer is 10100000.",Bit Manipulation,high,ctx,0,10100000
b5e40e49,"In Alice's Wonderland, a secret bit manipulation rule transforms 8-bit binary numbers. The transformation involves operations like bit shifts, rotations, XOR, AND, OR, NOT, and possibly majority or choice functions.

Here are some examples of input -> output:
11110111 -> 00010000
10100110 -> 10011000
01001101 -> 00110011
11000111 -> 01110110
11011110 -> 01100111
11111100 -> 01100111
00111010 -> 00110011
10000010 -> 01010100
00101000 -> 01010101
11011100 -> 00100011

Now, determine the output for: 11001001",10101011,"I need to find the secret bit manipulation rule from the examples.

Given 10 examples:
  11110111 -> 00010000
  10100110 -> 10011000
  01001101 -> 00110011
  11000111 -> 01110110
  11011110 -> 01100111
  11111100 -> 01100111
  00111010 -> 00110011
  10000010 -> 01010100
  00101000 -> 01010101
  11011100 -> 00100011

Query: 11001001

Step 1: Analyze each output bit as an independent boolean function of input bits.

  Output bit 0: Ambiguous (1 candidates predict 0, 1 predict 1)
    For 0: INHIB(in[5], in[1])
    For 1: XOR(in[1], in[5])
  Output bit 1: All 1 candidates agree -> value = 0
    Best match: XOR(in[2], in[6]) = 0
  Output bit 2: All 1 candidates agree -> value = 1
    Best match: XOR(in[3], in[7]) = 1
  Output bit 3: Ambiguous (2 candidates predict 0, 2 predict 1)
    For 0: XOR(in[0], in[4]), NAND(in[0], in[4])
    For 1: XNOR(in[1], in[7]), IMPL(in[1], in[7])
  Output bit 4: Ambiguous (1 candidates predict 0, 1 predict 1)
    For 0: INHIB(in[5], in[1])
    For 1: XOR(in[1], in[5])
  Output bit 5: All 1 candidates agree -> value = 0
    Best match: XOR(in[2], in[6]) = 0
  Output bit 6: All 1 candidates agree -> value = 1
    Best match: XOR(in[3], in[7]) = 1
  Output bit 7: All 3 candidates agree -> value = 1
    Best match: ID(in[4]) = 1

Step 2: Identify structural patterns.
  Confirmed bit mappings: bit7<-in[4](shift=5)
  Dominant shift = 5 (weight 5)

Step 3: Resolve ambiguous bits using structural patterns.
  Bit 0: Resolved via pair/structure pattern -> value = 1
  Bit 3: Resolved via pair/structure pattern -> value = 0
  Bit 4: Resolved via pair/structure pattern -> value = 1

Step 4: All bits resolved without brute-force.

Step 5: Combine all bits to form the output.
  bit0=1(ctx) | bit1=0(unambig) | bit2=1(unambig) | bit3=0(ctx) | bit4=1(ctx) | bit5=0(unambig) | bit6=1(unambig) | bit7=1(unambig)

The answer is 10101011.",Bit Manipulation,high,ctx,0,10101011
b67194af,"In Alice's Wonderland, a secret bit manipulation rule transforms 8-bit binary numbers. The transformation involves operations like bit shifts, rotations, XOR, AND, OR, NOT, and possibly majority or choice functions.

Here are some examples of input -> output:
11101101 -> 10110111
01100011 -> 10001101
11110110 -> 11011011
01001010 -> 00101001
01011101 -> 01110101
00011100 -> 01110000
01111100 -> 11110001

Now, determine the output for: 10101001",10100110,"I need to find the secret bit manipulation rule from the examples.

Given 7 examples:
  11101101 -> 10110111
  01100011 -> 10001101
  11110110 -> 11011011
  01001010 -> 00101001
  01011101 -> 01110101
  00011100 -> 01110000
  01111100 -> 11110001

Query: 10101001

Step 1: Check for whole-byte patterns.
  Rotation pattern detected.
  Rule: output = rotate(input, k) for some shift k.

Step 2: Apply the pattern to the query.
  10101001 -> 10100110

The answer is 10100110.",Bit Manipulation,high,w_rot,0,10100110
b69238c1,"In Alice's Wonderland, a secret bit manipulation rule transforms 8-bit binary numbers. The transformation involves operations like bit shifts, rotations, XOR, AND, OR, NOT, and possibly majority or choice functions.

Here are some examples of input -> output:
00011000 -> 11001100
00000110 -> 00110011
11110111 -> 11111111
01111011 -> 11111111
00111100 -> 11111111
00100110 -> 00110011
10111111 -> 11111111
01110110 -> 10111011
01001001 -> 01101110
11101111 -> 01111111

Now, determine the output for: 11010001",11101110,"I need to find the secret bit manipulation rule from the examples.

Given 10 examples:
  00011000 -> 11001100
  00000110 -> 00110011
  11110111 -> 11111111
  01111011 -> 11111111
  00111100 -> 11111111
  00100110 -> 00110011
  10111111 -> 11111111
  01110110 -> 10111011
  01001001 -> 01101110
  11101111 -> 01111111

Query: 11010001

Step 1: Analyze each output bit as an independent boolean function of input bits.

  Output bit 0: All 1 candidates agree -> value = 1
    Best match: ID(in[3]) = 1
  Output bit 1: All 3 candidates agree -> value = 1
    Best match: OR(in[0], in[4]) = 1
  Output bit 2: Ambiguous (1 candidates predict 0, 2 predict 1)
    For 0: IMPL(in[3], in[2])
    For 1: OR(in[1], in[5]), OR(in[5], in[7])
  Output bit 3: Ambiguous (3 candidates predict 0, 1 predict 1)
    For 0: OR(in[2], in[5]), OR(in[2], in[6]), OR(in[5], in[6])
    For 1: IMPL(in[4], in[2])
  Output bit 4: All 4 candidates agree -> value = 1
    Best match: OR(in[1], in[3]) = 1
  Output bit 5: All 3 candidates agree -> value = 1
    Best match: OR(in[0], in[4]) = 1
  Output bit 6: Ambiguous (1 candidates predict 0, 2 predict 1)
    For 0: IMPL(in[3], in[2])
    For 1: OR(in[1], in[5]), OR(in[5], in[7])
  Output bit 7: Ambiguous (3 candidates predict 0, 1 predict 1)
    For 0: OR(in[2], in[5]), OR(in[2], in[6]), OR(in[5], in[6])
    For 1: IMPL(in[4], in[2])

Step 2: Identify structural patterns.
  Confirmed bit mappings: bit0<-in[3](shift=3)
  Dominant shift = 3 (weight 5)

Step 3: Resolve ambiguous bits using structural patterns.
  Bit 2: Resolved via pair/structure pattern -> value = 1
  Bit 3: Resolved via pair/structure pattern -> value = 0
  Bit 6: Resolved via pair/structure pattern -> value = 1
  Bit 7: Resolved via pair/structure pattern -> value = 0

Step 4: All bits resolved without brute-force.

Step 5: Combine all bits to form the output.
  bit0=1(unambig) | bit1=1(unambig) | bit2=1(ctx) | bit3=0(ctx) | bit4=1(unambig) | bit5=1(unambig) | bit6=1(ctx) | bit7=0(ctx)

The answer is 11101110.",Bit Manipulation,high,ctx,0,11101110
b8954f14,"In Alice's Wonderland, a secret bit manipulation rule transforms 8-bit binary numbers. The transformation involves operations like bit shifts, rotations, XOR, AND, OR, NOT, and possibly majority or choice functions.

Here are some examples of input -> output:
01111100 -> 11110111
01010101 -> 01010001
00000010 -> 00001000
11110001 -> 11001011
00111110 -> 11111011
10110010 -> 11000011
10011110 -> 01110001
00101000 -> 10100010
10100110 -> 10010010
00111100 -> 11110011

Now, determine the output for: 01110001",11000011,"I need to find the secret bit manipulation rule from the examples.

Given 10 examples:
  01111100 -> 11110111
  01010101 -> 01010001
  00000010 -> 00001000
  11110001 -> 11001011
  00111110 -> 11111011
  10110010 -> 11000011
  10011110 -> 01110001
  00101000 -> 10100010
  10100110 -> 10010010
  00111100 -> 11110011

Query: 01110001

Step 1: Analyze each output bit as an independent boolean function of input bits.

  Output bit 0: Ambiguous (1 candidates predict 0, 1 predict 1)
    For 0: XOR(in[0], in[4])
    For 1: ID(in[2])
  Output bit 1: All 3 candidates agree -> value = 1
    Best match: ID(in[3]) = 1
  Output bit 2: Ambiguous (2 candidates predict 0, 1 predict 1)
    For 0: ID(in[4]), INHIB(in[4], in[7])
    For 1: XOR(in[0], in[2])
  Output bit 3: All 1 candidates agree -> value = 0
    Best match: ID(in[5]) = 0
  Output bit 4: All 1 candidates agree -> value = 0
    Best match: XOR(in[0], in[6]) = 0
  Output bit 5: All 3 candidates agree -> value = 0
    Best match: AND(in[1], in[4]) = 0
  Output bit 6: Ambiguous (1 candidates predict 0, 1 predict 1)
    For 0: XOR(in[0], in[4])
    For 1: ID(in[2])
  Output bit 7: All 3 candidates agree -> value = 1
    Best match: ID(in[3]) = 1

Step 2: Identify structural patterns.
  Confirmed bit mappings: bit0<-in[2](shift=2), bit1<-in[3](shift=2), bit2<-in[4](shift=2), bit3<-in[5](shift=2), bit6<-in[2](shift=4)
  Dominant shift = 2 (weight 12)

Step 3: Resolve ambiguous bits using structural patterns.
  Bit 0: Using shift=2, source = in[2] -> value = 1
  Bit 2: Using shift=2, source = in[4] -> value = 0
  Bit 6: Using shift=4, source = in[2] -> value = 1

Step 4: All bits resolved without brute-force.

Step 5: Combine all bits to form the output.
  bit0=1(ctx) | bit1=1(unambig) | bit2=0(ctx) | bit3=0(unambig) | bit4=0(unambig) | bit5=0(unambig) | bit6=1(ctx) | bit7=1(unambig)

The answer is 11000011.",Bit Manipulation,high,ctx,0,11000011
b8e38a49,"In Alice's Wonderland, a secret bit manipulation rule transforms 8-bit binary numbers. The transformation involves operations like bit shifts, rotations, XOR, AND, OR, NOT, and possibly majority or choice functions.

Here are some examples of input -> output:
01101010 -> 00000110
00001101 -> 11000000
10010011 -> 00111001
10101101 -> 01001010
00100100 -> 01000010
00010010 -> 00100001
10111001 -> 00011011
01101111 -> 01000110
11111001 -> 00011111
10011110 -> 10001001

Now, determine the output for: 11011011",10011101,"I need to find the secret bit manipulation rule from the examples.

Given 10 examples:
  01101010 -> 00000110
  00001101 -> 11000000
  10010011 -> 00111001
  10101101 -> 01001010
  00100100 -> 01000010
  00010010 -> 00100001
  10111001 -> 00011011
  01101111 -> 01000110
  11111001 -> 00011111
  10011110 -> 10001001

Query: 11011011

Step 1: Analyze each output bit as an independent boolean function of input bits.

  Output bit 0: Ambiguous (1 candidates predict 0, 1 predict 1)
    For 0: INHIB(in[5], in[2])
    For 1: INHIB(in[4], in[2])
  Output bit 1: All 1 candidates agree -> value = 0
    Best match: INHIB(in[5], in[3]) = 0
  Output bit 2: Ambiguous (4 candidates predict 0, 1 predict 1)
    For 0: NOR(in[2], in[4]), NOR(in[4], in[5]), INHIB(in[3], in[4])
    For 1: NOR(in[2], in[5])
  Output bit 3: All 3 candidates agree -> value = 1
    Best match: AND(in[3], in[7]) = 1
  Output bit 4: All 1 candidates agree -> value = 1
    Best match: ID(in[0]) = 1
  Output bit 5: Ambiguous (1 candidates predict 0, 2 predict 1)
    For 0: AND(in[1], in[2])
    For 1: ID(in[1]), AND(in[1], in[4])
  Output bit 6: Ambiguous (1 candidates predict 0, 1 predict 1)
    For 0: ID(in[2])
    For 1: OR(in[1], in[2])
  Output bit 7: All 1 candidates agree -> value = 1
    Best match: ID(in[3]) = 1

Step 2: Identify structural patterns.
  Confirmed bit mappings: bit4<-in[0](shift=4), bit5<-in[1](shift=4), bit6<-in[2](shift=4), bit7<-in[3](shift=4)
  Dominant shift = 4 (weight 12)

Step 3: Resolve ambiguous bits using structural patterns.
  Bit 0: Resolved via pair/structure pattern -> value = 1
  Bit 2: Resolved via pair/structure pattern -> value = 0
  Bit 5: Using shift=4, source = in[1] -> value = 1
  Bit 6: Using shift=4, source = in[2] -> value = 0

Step 4: All bits resolved without brute-force.

Step 5: Combine all bits to form the output.
  bit0=1(ctx) | bit1=0(unambig) | bit2=0(ctx) | bit3=1(unambig) | bit4=1(unambig) | bit5=1(ctx) | bit6=0(ctx) | bit7=1(unambig)

The answer is 10011101.",Bit Manipulation,high,ctx,0,10011101
b9500f41,"In Alice's Wonderland, a secret bit manipulation rule transforms 8-bit binary numbers. The transformation involves operations like bit shifts, rotations, XOR, AND, OR, NOT, and possibly majority or choice functions.

Here are some examples of input -> output:
00110000 -> 10000001
01010000 -> 10000010
01111011 -> 11011011
10101011 -> 01011101
11000111 -> 00111110
10010010 -> 10010100
10101101 -> 01101101
10010101 -> 10101100
11000011 -> 00011110
10111100 -> 11100101

Now, determine the output for: 00011110",11110000,"I need to find the secret bit manipulation rule from the examples.

Given 10 examples:
  00110000 -> 10000001
  01010000 -> 10000010
  01111011 -> 11011011
  10101011 -> 01011101
  11000111 -> 00111110
  10010010 -> 10010100
  10101101 -> 01101101
  10010101 -> 10101100
  11000011 -> 00011110
  10111100 -> 11100101

Query: 00011110

Step 1: Check for whole-byte patterns.
  Rotation pattern detected.
  Rule: output = rotate(input, k) for some shift k.

Step 2: Apply the pattern to the query.
  00011110 -> 11110000

The answer is 11110000.",Bit Manipulation,high,w_rot,0,11110000
b9f42afb,"In Alice's Wonderland, a secret bit manipulation rule transforms 8-bit binary numbers. The transformation involves operations like bit shifts, rotations, XOR, AND, OR, NOT, and possibly majority or choice functions.

Here are some examples of input -> output:
10111010 -> 11111110
00001011 -> 01011010
11100101 -> 00010001
00001010 -> 01010010
11101100 -> 01011011
00010100 -> 10100101
10001001 -> 01101010
11110000 -> 10111100

Now, determine the output for: 01110000",10011100,"I need to find the secret bit manipulation rule from the examples.

Given 8 examples:
  10111010 -> 11111110
  00001011 -> 01011010
  11100101 -> 00010001
  00001010 -> 01010010
  11101100 -> 01011011
  00010100 -> 10100101
  10001001 -> 01101010
  11110000 -> 10111100

Query: 01110000

Step 1: Analyze each output bit as an independent boolean function of input bits.

  Output bit 0: All 3 candidates agree -> value = 1
    Best match: ID(in[3]) = 1
  Output bit 1: All 2 candidates agree -> value = 0
    Best match: ID(in[4]) = 0
  Output bit 2: All 1 candidates agree -> value = 0
    Best match: XOR(in[0], in[5]) = 0
  Output bit 3: All 3 candidates agree -> value = 1
    Best match: XOR(in[1], in[6]) = 1
  Output bit 4: All 1 candidates agree -> value = 1
    Best match: XOR(in[2], in[7]) = 1
  Output bit 5: All 3 candidates agree -> value = 1
    Best match: ID(in[3]) = 1
  Output bit 6: All 2 candidates agree -> value = 0
    Best match: ID(in[4]) = 0
  Output bit 7: All 3 candidates agree -> value = 0
    Best match: ID(in[5]) = 0

Step 2: Identify structural patterns.
  Confirmed bit mappings: bit0<-in[3](shift=3), bit1<-in[4](shift=3), bit5<-in[3](shift=6), bit6<-in[4](shift=6), bit7<-in[5](shift=6)
  Dominant shift = 6 (weight 15)

Step 3: No additional bits resolved by context propagation.

Step 4: All bits resolved without brute-force.

Step 5: Combine all bits to form the output.
  bit0=1(unambig) | bit1=0(unambig) | bit2=0(unambig) | bit3=1(unambig) | bit4=1(unambig) | bit5=1(unambig) | bit6=0(unambig) | bit7=0(unambig)

The answer is 10011100.",Bit Manipulation,high,ctx,0,10011100
baf66f84,"In Alice's Wonderland, a secret bit manipulation rule transforms 8-bit binary numbers. The transformation involves operations like bit shifts, rotations, XOR, AND, OR, NOT, and possibly majority or choice functions.

Here are some examples of input -> output:
10001110 -> 00110011
11001011 -> 00011001
00001011 -> 10001001
11010101 -> 11111110
00111010 -> 11001111
10111011 -> 11111111
00111000 -> 10001111
11101101 -> 10011101
10111100 -> 00010111
11010011 -> 00111010

Now, determine the output for: 10010011",10111010,"I need to find the secret bit manipulation rule from the examples.

Given 10 examples:
  10001110 -> 00110011
  11001011 -> 00011001
  00001011 -> 10001001
  11010101 -> 11111110
  00111010 -> 11001111
  10111011 -> 11111111
  00111000 -> 10001111
  11101101 -> 10011101
  10111100 -> 00010111
  11010011 -> 00111010

Query: 10010011

Step 1: Analyze each output bit as an independent boolean function of input bits.

  Output bit 0: All 1 candidates agree -> value = 1
    Best match: XNOR(in[1], in[5]) = 1
  Output bit 1: All 1 candidates agree -> value = 0
    Best match: XNOR(in[2], in[6]) = 0
  Output bit 2: All 1 candidates agree -> value = 1
    Best match: XNOR(in[3], in[7]) = 1
  Output bit 3: All 4 candidates agree -> value = 1
    Best match: ID(in[0]) = 1
  Output bit 4: All 3 candidates agree -> value = 1
    Best match: IMPL(in[0], in[7]) = 1
  Output bit 5: All 1 candidates agree -> value = 0
    Best match: IMPL(in[6], in[2]) = 0
  Output bit 6: All 1 candidates agree -> value = 1
    Best match: IMPL(in[7], in[3]) = 1
  Output bit 7: Ambiguous (6 candidates predict 0, 2 predict 1)
    For 0: ID(in[4]), OR(in[2], in[4]), IMPL(in[0], in[4])
    For 1: NAND(in[1], in[3]), IMPL(in[1], in[4])

Step 2: Identify structural patterns.
  Confirmed bit mappings: bit3<-in[0](shift=5), bit7<-in[4](shift=5)
  Dominant shift = 5 (weight 6)

Step 3: Resolve ambiguous bits using structural patterns.
  Bit 7: Using shift=5, source = in[4] -> value = 0

Step 4: All bits resolved without brute-force.

Step 5: Combine all bits to form the output.
  bit0=1(unambig) | bit1=0(unambig) | bit2=1(unambig) | bit3=1(unambig) | bit4=1(unambig) | bit5=0(unambig) | bit6=1(unambig) | bit7=0(ctx)

The answer is 10111010.",Bit Manipulation,high,ctx,0,10111010
bc19cd14,"In Alice's Wonderland, a secret bit manipulation rule transforms 8-bit binary numbers. The transformation involves operations like bit shifts, rotations, XOR, AND, OR, NOT, and possibly majority or choice functions.

Here are some examples of input -> output:
00110011 -> 10101110
01010111 -> 01101010
01110010 -> 10011110
10110010 -> 10010110
00011110 -> 11011111
11010011 -> 10111010
11110010 -> 10011110
00001001 -> 01001111
00111011 -> 00101111
10100111 -> 01110101

Now, determine the output for: 10110001",11010110,"I need to find the secret bit manipulation rule from the examples.

Given 10 examples:
  00110011 -> 10101110
  01010111 -> 01101010
  01110010 -> 10011110
  10110010 -> 10010110
  00011110 -> 11011111
  11010011 -> 10111010
  11110010 -> 10011110
  00001001 -> 01001111
  00111011 -> 00101111
  10100111 -> 01110101

Query: 10110001

Step 1: Analyze each output bit as an independent boolean function of input bits.

  Output bit 0: All 1 candidates agree -> value = 1
    Best match: XNOR(in[4], in[5]) = 1
  Output bit 1: Ambiguous (1 candidates predict 0, 2 predict 1)
    For 0: IMPL(in[3], in[5])
    For 1: XNOR(in[5], in[6]), IMPL(in[6], in[5])
  Output bit 2: All 2 candidates agree -> value = 0
    Best match: AND(in[6], in[7]) = 0
  Output bit 3: All 1 candidates agree -> value = 1
    Best match: IMPL(in[7], in[0]) = 1
  Output bit 4: All 1 candidates agree -> value = 0
    Best match: IMPL(in[0], in[1]) = 0
  Output bit 5: All 3 candidates agree -> value = 1
    Best match: OR(in[2], in[4]) = 1
  Output bit 6: Ambiguous (1 candidates predict 0, 7 predict 1)
    For 0: XNOR(in[3], in[6])
    For 1: OR(in[3], in[4]), NAND(in[0], in[5]), NAND(in[2], in[5])
  Output bit 7: All 1 candidates agree -> value = 0
    Best match: IMPL(in[3], in[4]) = 0

Step 2: No strong shift pattern detected.

Step 3: Resolve ambiguous bits using structural patterns.
  Bit 1: Resolved via pair/structure pattern -> value = 1
  Bit 6: Resolved via pair/structure pattern -> value = 1

Step 4: All bits resolved without brute-force.

Step 5: Combine all bits to form the output.
  bit0=1(unambig) | bit1=1(ctx) | bit2=0(unambig) | bit3=1(unambig) | bit4=0(unambig) | bit5=1(unambig) | bit6=1(ctx) | bit7=0(unambig)

The answer is 11010110.",Bit Manipulation,high,ctx,0,11010110
bdb72adf,"In Alice's Wonderland, a secret bit manipulation rule transforms 8-bit binary numbers. The transformation involves operations like bit shifts, rotations, XOR, AND, OR, NOT, and possibly majority or choice functions.

Here are some examples of input -> output:
10101100 -> 01100000
11111011 -> 11011111
00010111 -> 10111000
01010100 -> 10100000
11100000 -> 00000110
11110011 -> 10011111
10110100 -> 10100001
11000110 -> 00110100
00011111 -> 11111000

Now, determine the output for: 01011001",11001000,"I need to find the secret bit manipulation rule from the examples.

Given 9 examples:
  10101100 -> 01100000
  11111011 -> 11011111
  00010111 -> 10111000
  01010100 -> 10100000
  11100000 -> 00000110
  11110011 -> 10011111
  10110100 -> 10100001
  11000110 -> 00110100
  00011111 -> 11111000

Query: 01011001

Step 1: Check for whole-byte patterns.
  Mixed shift pattern detected.
  Rule: some output bits are shifted copies, rest use a uniform 2-input function.

Step 2: Apply the pattern to the query.
  01011001 -> 11001000

The answer is 11001000.",Bit Manipulation,high,w_mix,0,11001000
bf002000,"In Alice's Wonderland, a secret bit manipulation rule transforms 8-bit binary numbers. The transformation involves operations like bit shifts, rotations, XOR, AND, OR, NOT, and possibly majority or choice functions.

Here are some examples of input -> output:
11101010 -> 01010110
01000101 -> 00101010
11100100 -> 00100110
11010111 -> 10111111
11000011 -> 00011111
10111011 -> 11011100
01010000 -> 10000010
00010101 -> 10101000
11111111 -> 11111110

Now, determine the output for: 00011001",11001000,"I need to find the secret bit manipulation rule from the examples.

Given 9 examples:
  11101010 -> 01010110
  01000101 -> 00101010
  11100100 -> 00100110
  11010111 -> 10111111
  11000011 -> 00011111
  10111011 -> 11011100
  01010000 -> 10000010
  00010101 -> 10101000
  11111111 -> 11111110

Query: 00011001

Step 1: Check for whole-byte patterns.
  Mixed shift pattern detected.
  Rule: some output bits are shifted copies, rest use a uniform 2-input function.

Step 2: Apply the pattern to the query.
  00011001 -> 11001000

The answer is 11001000.",Bit Manipulation,high,w_mix,0,11001000
c0788894,"In Alice's Wonderland, a secret bit manipulation rule transforms 8-bit binary numbers. The transformation involves operations like bit shifts, rotations, XOR, AND, OR, NOT, and possibly majority or choice functions.

Here are some examples of input -> output:
00111110 -> 11111111
11101011 -> 01111111
10000000 -> 01000100
11110011 -> 11111111
10111101 -> 11111111
10110101 -> 11111111
10001001 -> 01001100
00000011 -> 00011001
01010101 -> 10101010
01100101 -> 00111011

Now, determine the output for: 01111101",11111111,"I need to find the secret bit manipulation rule from the examples.

Given 10 examples:
  00111110 -> 11111111
  11101011 -> 01111111
  10000000 -> 01000100
  11110011 -> 11111111
  10111101 -> 11111111
  10110101 -> 11111111
  10001001 -> 01001100
  00000011 -> 00011001
  01010101 -> 10101010
  01100101 -> 00111011

Query: 01111101

Step 1: Analyze each output bit as an independent boolean function of input bits.

  Output bit 0: All 1 candidates agree -> value = 1
    Best match: ID(in[3]) = 1
  Output bit 1: Ambiguous (1 candidates predict 0, 1 predict 1)
    For 0: IMPL(in[7], in[0])
    For 1: OR(in[0], in[4])
  Output bit 2: All 5 candidates agree -> value = 1
    Best match: OR(in[1], in[2]) = 1
  Output bit 3: All 1 candidates agree -> value = 1
    Best match: OR(in[2], in[6]) = 1
  Output bit 4: All 6 candidates agree -> value = 1
    Best match: OR(in[2], in[7]) = 1
  Output bit 5: Ambiguous (1 candidates predict 0, 1 predict 1)
    For 0: IMPL(in[7], in[0])
    For 1: OR(in[0], in[4])
  Output bit 6: All 5 candidates agree -> value = 1
    Best match: OR(in[1], in[2]) = 1
  Output bit 7: All 1 candidates agree -> value = 1
    Best match: OR(in[2], in[6]) = 1

Step 2: Identify structural patterns.
  Confirmed bit mappings: bit0<-in[3](shift=3)
  Dominant shift = 3 (weight 5)

Step 3: Resolve ambiguous bits using structural patterns.
  Bit 1: Resolved via pair/structure pattern -> value = 1
  Bit 5: Resolved via pair/structure pattern -> value = 1

Step 4: All bits resolved without brute-force.

Step 5: Combine all bits to form the output.
  bit0=1(unambig) | bit1=1(ctx) | bit2=1(unambig) | bit3=1(unambig) | bit4=1(unambig) | bit5=1(ctx) | bit6=1(unambig) | bit7=1(unambig)

The answer is 11111111.",Bit Manipulation,high,ctx,0,11111111
c095f799,"In Alice's Wonderland, a secret bit manipulation rule transforms 8-bit binary numbers. The transformation involves operations like bit shifts, rotations, XOR, AND, OR, NOT, and possibly majority or choice functions.

Here are some examples of input -> output:
00001011 -> 00100010
10110000 -> 00100111
10000111 -> 00000101
01000100 -> 11111101
01110011 -> 11011110
01101111 -> 00110000
01100111 -> 01110100

Now, determine the output for: 11000000",10011111,"I need to find the secret bit manipulation rule from the examples.

Given 7 examples:
  00001011 -> 00100010
  10110000 -> 00100111
  10000111 -> 00000101
  01000100 -> 11111101
  01110011 -> 11011110
  01101111 -> 00110000
  01100111 -> 01110100

Query: 11000000

Step 1: Analyze each output bit as an independent boolean function of input bits.

  Output bit 0: All 2 candidates agree -> value = 1
    Best match: XNOR(in[3], in[6]) = 1
  Output bit 1: Ambiguous (2 candidates predict 0, 1 predict 1)
    For 0: XNOR(in[0], in[4]), NOR(in[0], in[4])
    For 1: INHIB(in[1], in[4])
  Output bit 2: All 2 candidates agree -> value = 0
    Best match: XNOR(in[0], in[3]) = 0
  Output bit 3: Ambiguous (1 candidates predict 0, 3 predict 1)
    For 0: INHIB(in[1], in[0])
    For 1: ID(in[1]), XNOR(in[2], in[6]), XNOR(in[2], in[7])
  Output bit 4: All 2 candidates agree -> value = 1
    Best match: XNOR(in[3], in[6]) = 1
  Output bit 5: All 5 candidates agree -> value = 1
    Best match: NOT(in[4]) = 1
  Output bit 6: All 2 candidates agree -> value = 1
    Best match: NOT(in[5]) = 1
  Output bit 7: All 2 candidates agree -> value = 1
    Best match: IMPL(in[6], in[0]) = 1

Step 2: Identify structural patterns.
  Confirmed bit mappings: bit5<-in[4](shift=7), bit6<-in[5](shift=7)
  Dominant shift = 7 (weight 10)

Step 3: Resolve ambiguous bits using structural patterns.
  Bit 1: Resolved via pair/structure pattern -> value = 0
  Bit 3: Resolved via pair/structure pattern -> value = 1

Step 4: All bits resolved without brute-force.

Step 5: Combine all bits to form the output.
  bit0=1(unambig) | bit1=0(ctx) | bit2=0(unambig) | bit3=1(ctx) | bit4=1(unambig) | bit5=1(unambig) | bit6=1(unambig) | bit7=1(unambig)

The answer is 10011111.",Bit Manipulation,high,ctx,0,10011111
c27fd09b,"In Alice's Wonderland, a secret bit manipulation rule transforms 8-bit binary numbers. The transformation involves operations like bit shifts, rotations, XOR, AND, OR, NOT, and possibly majority or choice functions.

Here are some examples of input -> output:
11101101 -> 01011011
00111011 -> 00010110
10111110 -> 00111101
00111001 -> 01010010
01110010 -> 10100100
01101011 -> 10010110
00110011 -> 00000110
10101110 -> 00011101
11110111 -> 00001111
00100110 -> 00001100

Now, determine the output for: 11110010",10100101,"I need to find the secret bit manipulation rule from the examples.

Given 10 examples:
  11101101 -> 01011011
  00111011 -> 00010110
  10111110 -> 00111101
  00111001 -> 01010010
  01110010 -> 10100100
  01101011 -> 10010110
  00110011 -> 00000110
  10101110 -> 00011101
  11110111 -> 00001111
  00100110 -> 00001100

Query: 11110010

Step 1: Analyze each output bit as an independent boolean function of input bits.

  Output bit 0: Ambiguous (1 candidates predict 0, 1 predict 1)
    For 0: INHIB(in[1], in[0])
    For 1: INHIB(in[1], in[5])
  Output bit 1: All 6 candidates agree -> value = 0
    Best match: XOR(in[2], in[6]) = 0
  Output bit 2: All 1 candidates agree -> value = 1
    Best match: INHIB(in[3], in[7]) = 1
  Output bit 3: All 5 candidates agree -> value = 0
    Best match: ID(in[4]) = 0
  Output bit 4: Ambiguous (4 candidates predict 0, 1 predict 1)
    For 0: ID(in[5]), AND(in[2], in[5]), XNOR(in[2], in[5])
    For 1: OR(in[0], in[5])
  Output bit 5: All 6 candidates agree -> value = 1
    Best match: ID(in[6]) = 1
  Output bit 6: All 5 candidates agree -> value = 0
    Best match: ID(in[7]) = 0
  Output bit 7: Ambiguous (1 candidates predict 0, 4 predict 1)
    For 0: AND(in[0], in[5])
    For 1: ID(in[0]), AND(in[0], in[2]), XNOR(in[0], in[2])

Step 2: Identify structural patterns.
  Confirmed bit mappings: bit1<-in[6](shift=5), bit3<-in[4](shift=1), bit4<-in[5](shift=1), bit5<-in[6](shift=1), bit6<-in[7](shift=1)
  Dominant shift = 1 (weight 17)

Step 3: Resolve ambiguous bits using structural patterns.
  Bit 0: Resolved via pair/structure pattern -> value = 1
  Bit 4: Using shift=1, source = in[5] -> value = 0
  Bit 7: Using shift=1, source = in[0] -> value = 1

Step 4: All bits resolved without brute-force.

Step 5: Combine all bits to form the output.
  bit0=1(ctx) | bit1=0(unambig) | bit2=1(unambig) | bit3=0(unambig) | bit4=0(ctx) | bit5=1(unambig) | bit6=0(unambig) | bit7=1(ctx)

The answer is 10100101.",Bit Manipulation,high,ctx,0,10100101
c2985c8e,"In Alice's Wonderland, a secret bit manipulation rule transforms 8-bit binary numbers. The transformation involves operations like bit shifts, rotations, XOR, AND, OR, NOT, and possibly majority or choice functions.

Here are some examples of input -> output:
01101110 -> 11011100
11101011 -> 11010111
10100110 -> 11001101
10001111 -> 11011111
10110110 -> 11101101
11011010 -> 10110101
01011100 -> 10111000
11011000 -> 10110001

Now, determine the output for: 11100111",11001111,"I need to find the secret bit manipulation rule from the examples.

Given 8 examples:
  01101110 -> 11011100
  11101011 -> 11010111
  10100110 -> 11001101
  10001111 -> 11011111
  10110110 -> 11101101
  11011010 -> 10110101
  01011100 -> 10111000
  11011000 -> 10110001

Query: 11100111

Step 1: Check for whole-byte patterns.
  Mixed shift pattern detected.
  Rule: some output bits are shifted copies, rest use a uniform 2-input function.

Step 2: Apply the pattern to the query.
  11100111 -> 11001111

The answer is 11001111.",Bit Manipulation,high,w_mix,0,11001111
c29cdaed,"In Alice's Wonderland, a secret bit manipulation rule transforms 8-bit binary numbers. The transformation involves operations like bit shifts, rotations, XOR, AND, OR, NOT, and possibly majority or choice functions.

Here are some examples of input -> output:
10011011 -> 11110111
01101101 -> 10011010
10100110 -> 11001101
10000000 -> 00000001
01001011 -> 01010110
10110100 -> 01101001
11100000 -> 11000001
01011010 -> 00110100

Now, determine the output for: 01010101",11101010,"I need to find the secret bit manipulation rule from the examples.

Given 8 examples:
  10011011 -> 11110111
  01101101 -> 10011010
  10100110 -> 11001101
  10000000 -> 00000001
  01001011 -> 01010110
  10110100 -> 01101001
  11100000 -> 11000001
  01011010 -> 00110100

Query: 01010101

Step 1: Check for whole-byte patterns.
  Mixed shift pattern detected.
  Rule: some output bits are shifted copies, rest use a uniform 2-input function.

Step 2: Apply the pattern to the query.
  01010101 -> 11101010

The answer is 11101010.",Bit Manipulation,high,w_mix,0,11101010
c2dacc5b,"In Alice's Wonderland, a secret bit manipulation rule transforms 8-bit binary numbers. The transformation involves operations like bit shifts, rotations, XOR, AND, OR, NOT, and possibly majority or choice functions.

Here are some examples of input -> output:
01011010 -> 10001101
11011100 -> 10101110
10010010 -> 01101001
10100100 -> 00010010
01101011 -> 10000101
01100001 -> 00100000
10101010 -> 11110101
00001001 -> 10010100

Now, determine the output for: 01001010",10000101,"I need to find the secret bit manipulation rule from the examples.

Given 8 examples:
  01011010 -> 10001101
  11011100 -> 10101110
  10010010 -> 01101001
  10100100 -> 00010010
  01101011 -> 10000101
  01100001 -> 00100000
  10101010 -> 11110101
  00001001 -> 10010100

Query: 01001010

Step 1: Analyze each output bit as an independent boolean function of input bits.

  Output bit 0: All 1 candidates agree -> value = 1
    Best match: ID(in[4]) = 1
  Output bit 1: All 4 candidates agree -> value = 0
    Best match: AND(in[0], in[6]) = 0
  Output bit 2: All 1 candidates agree -> value = 0
    Best match: XOR(in[1], in[6]) = 0
  Output bit 3: All 2 candidates agree -> value = 0
    Best match: XOR(in[2], in[7]) = 0
  Output bit 4: Ambiguous (3 candidates predict 0, 1 predict 1)
    For 0: ID(in[3]), INHIB(in[3], in[2]), INHIB(in[3], in[7])
    For 1: NOR(in[2], in[7])
  Output bit 5: All 1 candidates agree -> value = 1
    Best match: ID(in[4]) = 1
  Output bit 6: All 6 candidates agree -> value = 0
    Best match: ID(in[5]) = 0
  Output bit 7: All 2 candidates agree -> value = 1
    Best match: ID(in[6]) = 1

Step 2: Identify structural patterns.
  Confirmed bit mappings: bit0<-in[4](shift=4), bit4<-in[3](shift=7), bit5<-in[4](shift=7), bit6<-in[5](shift=7), bit7<-in[6](shift=7)
  Dominant shift = 7 (weight 16)

Step 3: Resolve ambiguous bits using structural patterns.
  Bit 4: Using shift=7, source = in[3] -> value = 0

Step 4: All bits resolved without brute-force.

Step 5: Combine all bits to form the output.
  bit0=1(unambig) | bit1=0(unambig) | bit2=0(unambig) | bit3=0(unambig) | bit4=0(ctx) | bit5=1(unambig) | bit6=0(unambig) | bit7=1(unambig)

The answer is 10000101.",Bit Manipulation,high,ctx,0,10000101
c4d2cf2c,"In Alice's Wonderland, a secret bit manipulation rule transforms 8-bit binary numbers. The transformation involves operations like bit shifts, rotations, XOR, AND, OR, NOT, and possibly majority or choice functions.

Here are some examples of input -> output:
10110010 -> 10000000
11011011 -> 11000000
11010110 -> 10000000
01011010 -> 10000000
00010111 -> 11000000
01110101 -> 01000000
11110010 -> 10000000
10001101 -> 01000000
01000111 -> 11000000

Now, determine the output for: 10110111",11000000,"I need to find the secret bit manipulation rule from the examples.

Given 9 examples:
  10110010 -> 10000000
  11011011 -> 11000000
  11010110 -> 10000000
  01011010 -> 10000000
  00010111 -> 11000000
  01110101 -> 01000000
  11110010 -> 10000000
  10001101 -> 01000000
  01000111 -> 11000000

Query: 10110111

Step 1: Analyze each output bit as an independent boolean function of input bits.

  Output bit 0: All 3 candidates agree -> value = 1
    Best match: ID(in[6]) = 1
  Output bit 1: Ambiguous (1 candidates predict 0, 3 predict 1)
    For 0: XNOR(in[0], in[4])
    For 1: ID(in[7]), IMPL(in[3], in[7]), IMPL(in[6], in[7])
  Output bit 2: All 7 candidates agree -> value = 0
    Best match: AND(in[2], in[4]) = 0
  Output bit 3: All 7 candidates agree -> value = 0
    Best match: AND(in[2], in[4]) = 0
  Output bit 4: All 7 candidates agree -> value = 0
    Best match: AND(in[2], in[4]) = 0
  Output bit 5: All 7 candidates agree -> value = 0
    Best match: AND(in[2], in[4]) = 0
  Output bit 6: All 7 candidates agree -> value = 0
    Best match: AND(in[2], in[4]) = 0
  Output bit 7: All 7 candidates agree -> value = 0
    Best match: AND(in[2], in[4]) = 0

Step 2: Identify structural patterns.
  Confirmed bit mappings: bit0<-in[6](shift=6), bit1<-in[7](shift=6)
  Dominant shift = 6 (weight 6)

Step 3: Resolve ambiguous bits using structural patterns.
  Bit 1: Using shift=6, source = in[7] -> value = 1

Step 4: All bits resolved without brute-force.

Step 5: Combine all bits to form the output.
  bit0=1(unambig) | bit1=1(ctx) | bit2=0(unambig) | bit3=0(unambig) | bit4=0(unambig) | bit5=0(unambig) | bit6=0(unambig) | bit7=0(unambig)

The answer is 11000000.",Bit Manipulation,high,ctx,0,11000000
c54d890e,"In Alice's Wonderland, a secret bit manipulation rule transforms 8-bit binary numbers. The transformation involves operations like bit shifts, rotations, XOR, AND, OR, NOT, and possibly majority or choice functions.

Here are some examples of input -> output:
11101110 -> 01111001
00110100 -> 10100010
11011001 -> 11000011
10110001 -> 10000110
11000001 -> 00000010
11101100 -> 01101001
11000111 -> 00110010

Now, determine the output for: 11011011",11010011,"I need to find the secret bit manipulation rule from the examples.

Given 7 examples:
  11101110 -> 01111001
  00110100 -> 10100010
  11011001 -> 11000011
  10110001 -> 10000110
  11000001 -> 00000010
  11101100 -> 01101001
  11000111 -> 00110010

Query: 11011011

Step 1: Check for whole-byte patterns.
  Mixed shift pattern detected.
  Rule: some output bits are shifted copies, rest use a uniform 2-input function.

Step 2: Apply the pattern to the query.
  11011011 -> 11010011

The answer is 11010011.",Bit Manipulation,high,w_mix,0,11010011
c5ce7236,"In Alice's Wonderland, a secret bit manipulation rule transforms 8-bit binary numbers. The transformation involves operations like bit shifts, rotations, XOR, AND, OR, NOT, and possibly majority or choice functions.

Here are some examples of input -> output:
01011100 -> 00110111
10101010 -> 00101011
01100111 -> 10111101
01101000 -> 10011110
11111110 -> 11111111
00111010 -> 01101111
00011111 -> 10111111
01001101 -> 01010011
01000111 -> 01111101
01101110 -> 10011011

Now, determine the output for: 01100001",10111000,"I need to find the secret bit manipulation rule from the examples.

Given 10 examples:
  01011100 -> 00110111
  10101010 -> 00101011
  01100111 -> 10111101
  01101000 -> 10011110
  11111110 -> 11111111
  00111010 -> 01101111
  00011111 -> 10111111
  01001101 -> 01010011
  01000111 -> 01111101
  01101110 -> 10011011

Query: 01100001

Step 1: Analyze each output bit as an independent boolean function of input bits.

  Output bit 0: All 1 candidates agree -> value = 1
    Best match: XNOR(in[1], in[2]) = 1
  Output bit 1: All 1 candidates agree -> value = 0
    Best match: XNOR(in[2], in[3]) = 0
  Output bit 2: All 1 candidates agree -> value = 1
    Best match: XNOR(OR)(in[0], in[3], in[4]) = 1
  Output bit 3: All 4 candidates agree -> value = 1
    Best match: OR(in[1], in[5]) = 1
  Output bit 4: All 2 candidates agree -> value = 1
    Best match: OR(in[2], in[6]) = 1
  Output bit 5: All 1 candidates agree -> value = 0
    Best match: OR(XNOR)(in[6], in[7], in[3]) = 0
  Output bit 6: Ambiguous (5 candidates predict 0, 2 predict 1)
    For 0: ID(in[4]), OR(in[0], in[4]), OR(in[3], in[4])
    For 1: IMPL(in[5], in[4]), IMPL(in[6], in[4])
  Output bit 7: All 3 candidates agree -> value = 0
    Best match: OR(in[5], in[6]) = 0

Step 2: No strong shift pattern detected.

Step 3: Resolve ambiguous bits using structural patterns.
  Bit 6: Resolved via pair/structure pattern -> value = 0

Step 4: All bits resolved without brute-force.

Step 5: Combine all bits to form the output.
  bit0=1(unambig) | bit1=0(unambig) | bit2=1(unambig) | bit3=1(unambig) | bit4=1(unambig) | bit5=0(unambig) | bit6=0(ctx) | bit7=0(unambig)

The answer is 10111000.",Bit Manipulation,high,ctx,0,10111000
c628dd06,"In Alice's Wonderland, a secret bit manipulation rule transforms 8-bit binary numbers. The transformation involves operations like bit shifts, rotations, XOR, AND, OR, NOT, and possibly majority or choice functions.

Here are some examples of input -> output:
10111011 -> 00111011
10010000 -> 00001001
00000010 -> 00000000
11100110 -> 01001110
11100001 -> 00001110
11000010 -> 00001100
00100010 -> 00000010
10101111 -> 01011010
10011111 -> 00111001
10000010 -> 00001000

Now, determine the output for: 01101011",10010110,"I need to find the secret bit manipulation rule from the examples.

Given 10 examples:
  10111011 -> 00111011
  10010000 -> 00001001
  00000010 -> 00000000
  11100110 -> 01001110
  11100001 -> 00001110
  11000010 -> 00001100
  00100010 -> 00000010
  10101111 -> 01011010
  10011111 -> 00111001
  10000010 -> 00001000

Query: 01101011

Step 1: Check for whole-byte patterns.
  Mixed shift pattern detected.
  Rule: some output bits are shifted copies, rest use a uniform 2-input function.

Step 2: Apply the pattern to the query.
  01101011 -> 10010110

The answer is 10010110.",Bit Manipulation,high,w_mix,0,10010110
c69805fe,"In Alice's Wonderland, a secret bit manipulation rule transforms 8-bit binary numbers. The transformation involves operations like bit shifts, rotations, XOR, AND, OR, NOT, and possibly majority or choice functions.

Here are some examples of input -> output:
10010011 -> 11001001
01010110 -> 00101011
11000111 -> 11100011
00101000 -> 00010100
10011111 -> 11001111
01000011 -> 10100001
01001000 -> 00100100
11100011 -> 11110001
10011110 -> 01001111
00001110 -> 00000111

Now, determine the output for: 10010111",11001011,"I need to find the secret bit manipulation rule from the examples.

Given 10 examples:
  10010011 -> 11001001
  01010110 -> 00101011
  11000111 -> 11100011
  00101000 -> 00010100
  10011111 -> 11001111
  01000011 -> 10100001
  01001000 -> 00100100
  11100011 -> 11110001
  10011110 -> 01001111
  00001110 -> 00000111

Query: 10010111

Step 1: Check for whole-byte patterns.
  Rotation pattern detected.
  Rule: output = rotate(input, k) for some shift k.

Step 2: Apply the pattern to the query.
  10010111 -> 11001011

The answer is 11001011.",Bit Manipulation,high,w_rot,0,11001011
c71f26d6,"In Alice's Wonderland, a secret bit manipulation rule transforms 8-bit binary numbers. The transformation involves operations like bit shifts, rotations, XOR, AND, OR, NOT, and possibly majority or choice functions.

Here are some examples of input -> output:
00000011 -> 10000001
00111101 -> 10011110
00001011 -> 10000101
10110000 -> 01011000
01111110 -> 00111111
10010000 -> 01001000
10101000 -> 01010100

Now, determine the output for: 01110111",10111011,"I need to find the secret bit manipulation rule from the examples.

Given 7 examples:
  00000011 -> 10000001
  00111101 -> 10011110
  00001011 -> 10000101
  10110000 -> 01011000
  01111110 -> 00111111
  10010000 -> 01001000
  10101000 -> 01010100

Query: 01110111

Step 1: Check for whole-byte patterns.
  Rotation pattern detected.
  Rule: output = rotate(input, k) for some shift k.

Step 2: Apply the pattern to the query.
  01110111 -> 10111011

The answer is 10111011.",Bit Manipulation,high,w_rot,0,10111011
c728dd09,"In Alice's Wonderland, a secret bit manipulation rule transforms 8-bit binary numbers. The transformation involves operations like bit shifts, rotations, XOR, AND, OR, NOT, and possibly majority or choice functions.

Here are some examples of input -> output:
10101011 -> 01100001
01000011 -> 01100000
11110101 -> 10100001
00011011 -> 01100000
11001110 -> 11000001
00100101 -> 10100000
10111110 -> 11000001
10011100 -> 10000001

Now, determine the output for: 11001101",10100001,"I need to find the secret bit manipulation rule from the examples.

Given 8 examples:
  10101011 -> 01100001
  01000011 -> 01100000
  11110101 -> 10100001
  00011011 -> 01100000
  11001110 -> 11000001
  00100101 -> 10100000
  10111110 -> 11000001
  10011100 -> 10000001

Query: 11001101

Step 1: Analyze each output bit as an independent boolean function of input bits.

  Output bit 0: All 4 candidates agree -> value = 1
    Best match: ID(in[5]) = 1
  Output bit 1: All 2 candidates agree -> value = 0
    Best match: ID(in[6]) = 0
  Output bit 2: Ambiguous (1 candidates predict 0, 4 predict 1)
    For 0: NAND(in[4], in[5])
    For 1: ID(in[7]), IMPL(in[0], in[7]), IMPL(in[4], in[7])
  Output bit 3: All 5 candidates agree -> value = 0
    Best match: NOR(in[0], in[7]) = 0
  Output bit 4: All 5 candidates agree -> value = 0
    Best match: NOR(in[0], in[7]) = 0
  Output bit 5: All 5 candidates agree -> value = 0
    Best match: NOR(in[0], in[7]) = 0
  Output bit 6: All 5 candidates agree -> value = 0
    Best match: NOR(in[0], in[7]) = 0
  Output bit 7: All 2 candidates agree -> value = 1
    Best match: ID(in[0]) = 1

Step 2: Identify structural patterns.
  Confirmed bit mappings: bit0<-in[5](shift=5), bit1<-in[6](shift=5), bit2<-in[7](shift=5), bit7<-in[0](shift=1)
  Dominant shift = 5 (weight 11)

Step 3: Resolve ambiguous bits using structural patterns.
  Bit 2: Using shift=5, source = in[7] -> value = 1

Step 4: All bits resolved without brute-force.

Step 5: Combine all bits to form the output.
  bit0=1(unambig) | bit1=0(unambig) | bit2=1(ctx) | bit3=0(unambig) | bit4=0(unambig) | bit5=0(unambig) | bit6=0(unambig) | bit7=1(unambig)

The answer is 10100001.",Bit Manipulation,high,ctx,0,10100001
c7a37cda,"In Alice's Wonderland, a secret bit manipulation rule transforms 8-bit binary numbers. The transformation involves operations like bit shifts, rotations, XOR, AND, OR, NOT, and possibly majority or choice functions.

Here are some examples of input -> output:
00100100 -> 10010010
11001101 -> 11000110
00011110 -> 11001111
00010011 -> 01101001
11111100 -> 11111110
10000011 -> 00100001
01101111 -> 11010111
00111101 -> 10111110

Now, determine the output for: 00100101",10110010,"I need to find the secret bit manipulation rule from the examples.

Given 8 examples:
  00100100 -> 10010010
  11001101 -> 11000110
  00011110 -> 11001111
  00010011 -> 01101001
  11111100 -> 11111110
  10000011 -> 00100001
  01101111 -> 11010111
  00111101 -> 10111110

Query: 00100101

Step 1: Analyze each output bit as an independent boolean function of input bits.

  Output bit 0: Ambiguous (1 candidates predict 0, 8 predict 1)
    For 0: IMPL(in[7], in[4])
    For 1: ID(in[5]), OR(in[1], in[5]), OR(in[2], in[4])
  Output bit 1: All 1 candidates agree -> value = 0
    Best match: XOR(in[0], in[6]) = 0
  Output bit 2: All 1 candidates agree -> value = 1
    Best match: XOR(in[1], in[7]) = 1
  Output bit 3: All 2 candidates agree -> value = 1
    Best match: ID(in[2]) = 1
  Output bit 4: All 1 candidates agree -> value = 0
    Best match: ID(in[3]) = 0
  Output bit 5: All 3 candidates agree -> value = 0
    Best match: ID(in[4]) = 0
  Output bit 6: Ambiguous (1 candidates predict 0, 8 predict 1)
    For 0: IMPL(in[7], in[4])
    For 1: ID(in[5]), OR(in[1], in[5]), OR(in[2], in[4])
  Output bit 7: All 2 candidates agree -> value = 0
    Best match: ID(in[6]) = 0

Step 2: Identify structural patterns.
  Confirmed bit mappings: bit0<-in[5](shift=5), bit3<-in[2](shift=7), bit4<-in[3](shift=7), bit5<-in[4](shift=7), bit6<-in[5](shift=7)
  Dominant shift = 7 (weight 21)

Step 3: Resolve ambiguous bits using structural patterns.
  Bit 0: Using shift=5, source = in[5] -> value = 1
  Bit 6: Using shift=7, source = in[5] -> value = 1

Step 4: All bits resolved without brute-force.

Step 5: Combine all bits to form the output.
  bit0=1(ctx) | bit1=0(unambig) | bit2=1(unambig) | bit3=1(unambig) | bit4=0(unambig) | bit5=0(unambig) | bit6=1(ctx) | bit7=0(unambig)

The answer is 10110010.",Bit Manipulation,high,ctx,0,10110010
c7e6e08f,"In Alice's Wonderland, a secret bit manipulation rule transforms 8-bit binary numbers. The transformation involves operations like bit shifts, rotations, XOR, AND, OR, NOT, and possibly majority or choice functions.

Here are some examples of input -> output:
10000110 -> 01101010
00000111 -> 01110000
11001000 -> 10001111
10011111 -> 11111011
00101101 -> 11010010
10101000 -> 10001000
01100111 -> 01110111

Now, determine the output for: 11011000",10001110,"I need to find the secret bit manipulation rule from the examples.

Given 7 examples:
  10000110 -> 01101010
  00000111 -> 01110000
  11001000 -> 10001111
  10011111 -> 11111011
  00101101 -> 11010010
  10101000 -> 10001000
  01100111 -> 01110111

Query: 11011000

Step 1: Check for whole-byte patterns.
  Mixed shift pattern detected.
  Rule: some output bits are shifted copies, rest use a uniform 2-input function.

Step 2: Apply the pattern to the query.
  11011000 -> 10001110

The answer is 10001110.",Bit Manipulation,high,w_mix,0,10001110
c8084977,"In Alice's Wonderland, a secret bit manipulation rule transforms 8-bit binary numbers. The transformation involves operations like bit shifts, rotations, XOR, AND, OR, NOT, and possibly majority or choice functions.

Here are some examples of input -> output:
01101110 -> 00111001
11101111 -> 01111111
11010101 -> 00010111
10110100 -> 11010010
00100000 -> 10000000
10000000 -> 00000010
11001010 -> 10101011
01100011 -> 01001101
10001010 -> 10101010

Now, determine the output for: 00010011",10001100,"I need to find the secret bit manipulation rule from the examples.

Given 9 examples:
  01101110 -> 00111001
  11101111 -> 01111111
  11010101 -> 00010111
  10110100 -> 11010010
  00100000 -> 10000000
  10000000 -> 00000010
  11001010 -> 10101011
  01100011 -> 01001101
  10001010 -> 10101010

Query: 00010011

Step 1: Check for whole-byte patterns.
  Mixed shift pattern detected.
  Rule: some output bits are shifted copies, rest use a uniform 2-input function.

Step 2: Apply the pattern to the query.
  00010011 -> 10001100

The answer is 10001100.",Bit Manipulation,high,w_mix,0,10001100
c987c34f,"In Alice's Wonderland, a secret bit manipulation rule transforms 8-bit binary numbers. The transformation involves operations like bit shifts, rotations, XOR, AND, OR, NOT, and possibly majority or choice functions.

Here are some examples of input -> output:
11000000 -> 01100000
10101100 -> 01010110
10101111 -> 00010111
00010000 -> 00001000
11010100 -> 01101010
11000111 -> 00000011
01110101 -> 00011010
01011011 -> 10001101
01000101 -> 00000010

Now, determine the output for: 10010011",10001001,"I need to find the secret bit manipulation rule from the examples.

Given 9 examples:
  11000000 -> 01100000
  10101100 -> 01010110
  10101111 -> 00010111
  00010000 -> 00001000
  11010100 -> 01101010
  11000111 -> 00000011
  01110101 -> 00011010
  01011011 -> 10001101
  01000101 -> 00000010

Query: 10010011

Step 1: Analyze each output bit as an independent boolean function of input bits.

  Output bit 0: Ambiguous (6 candidates predict 0, 3 predict 1)
    For 0: AND(in[1], in[4]), AND(in[3], in[4]), INHIB(in[4], in[0])
    For 1: AND(in[3], in[6]), INHIB(in[6], in[5]), INHIB(in[7], in[5])
  Output bit 1: All 2 candidates agree -> value = 0
    Best match: INHIB(in[0], in[6]) = 0
  Output bit 2: All 1 candidates agree -> value = 0
    Best match: INHIB(in[1], in[7]) = 0
  Output bit 3: All 2 candidates agree -> value = 0
    Best match: ID(in[2]) = 0
  Output bit 4: All 1 candidates agree -> value = 1
    Best match: ID(in[3]) = 1
  Output bit 5: All 1 candidates agree -> value = 0
    Best match: ID(in[4]) = 0
  Output bit 6: All 2 candidates agree -> value = 0
    Best match: ID(in[5]) = 0
  Output bit 7: All 2 candidates agree -> value = 1
    Best match: ID(in[6]) = 1

Step 2: Identify structural patterns.
  Confirmed bit mappings: bit3<-in[2](shift=7), bit4<-in[3](shift=7), bit5<-in[4](shift=7), bit6<-in[5](shift=7), bit7<-in[6](shift=7)
  Dominant shift = 7 (weight 25)

Step 3: Resolve ambiguous bits using structural patterns.
  Bit 0: Resolved via pair/structure pattern -> value = 1

Step 4: All bits resolved without brute-force.

Step 5: Combine all bits to form the output.
  bit0=1(ctx) | bit1=0(unambig) | bit2=0(unambig) | bit3=0(unambig) | bit4=1(unambig) | bit5=0(unambig) | bit6=0(unambig) | bit7=1(unambig)

The answer is 10001001.",Bit Manipulation,high,ctx,0,10001001
ca14582d,"In Alice's Wonderland, a secret bit manipulation rule transforms 8-bit binary numbers. The transformation involves operations like bit shifts, rotations, XOR, AND, OR, NOT, and possibly majority or choice functions.

Here are some examples of input -> output:
01100011 -> 11110000
01011011 -> 00000011
01111100 -> 00111111
10011110 -> 11010101
01001101 -> 01001110
11011101 -> 01100111
11110000 -> 11101111
11110111 -> 10010001
00000110 -> 01101100

Now, determine the output for: 01110100",10101111,"I need to find the secret bit manipulation rule from the examples.

Given 9 examples:
  01100011 -> 11110000
  01011011 -> 00000011
  01111100 -> 00111111
  10011110 -> 11010101
  01001101 -> 01001110
  11011101 -> 01100111
  11110000 -> 11101111
  11110111 -> 10010001
  00000110 -> 01101100

Query: 01110100

Step 1: Analyze each output bit as an independent boolean function of input bits.

  Output bit 0: All 1 candidates agree -> value = 1
    Best match: XOR(in[1], in[4]) = 1
  Output bit 1: All 1 candidates agree -> value = 0
    Best match: XOR(in[2], in[5]) = 0
  Output bit 2: All 1 candidates agree -> value = 1
    Best match: XOR(in[3], in[6]) = 1
  Output bit 3: All 1 candidates agree -> value = 0
    Best match: XOR(in[4], in[7]) = 0
  Output bit 4: All 1 candidates agree -> value = 1
    Best match: XOR(in[0], in[5]) = 1
  Output bit 5: All 3 candidates agree -> value = 1
    Best match: XOR(in[1], in[6]) = 1
  Output bit 6: All 1 candidates agree -> value = 1
    Best match: XOR(in[2], in[7]) = 1
  Output bit 7: All 2 candidates agree -> value = 1
    Best match: ID(in[3]) = 1

Step 2: Identify structural patterns.
  Confirmed bit mappings: bit7<-in[3](shift=4)
  Dominant shift = 4 (weight 5)

Step 3: No additional bits resolved by context propagation.

Step 4: All bits resolved without brute-force.

Step 5: Combine all bits to form the output.
  bit0=1(unambig) | bit1=0(unambig) | bit2=1(unambig) | bit3=0(unambig) | bit4=1(unambig) | bit5=1(unambig) | bit6=1(unambig) | bit7=1(unambig)

The answer is 10101111.",Bit Manipulation,high,ctx,0,10101111
ca72b5b3,"In Alice's Wonderland, a secret bit manipulation rule transforms 8-bit binary numbers. The transformation involves operations like bit shifts, rotations, XOR, AND, OR, NOT, and possibly majority or choice functions.

Here are some examples of input -> output:
00101000 -> 01010100
10010100 -> 11101010
00010001 -> 10001000
00101011 -> 11011101
10101010 -> 01010101
01101000 -> 01110100
00011010 -> 11011101
00100100 -> 00110010

Now, determine the output for: 11111011",11111101,"I need to find the secret bit manipulation rule from the examples.

Given 8 examples:
  00101000 -> 01010100
  10010100 -> 11101010
  00010001 -> 10001000
  00101011 -> 11011101
  10101010 -> 01010101
  01101000 -> 01110100
  00011010 -> 11011101
  00100100 -> 00110010

Query: 11111011

Step 1: Check for whole-byte patterns.
  Mixed shift pattern detected.
  Rule: some output bits are shifted copies, rest use a uniform 2-input function.

Step 2: Apply the pattern to the query.
  11111011 -> 11111101

The answer is 11111101.",Bit Manipulation,high,w_mix,0,11111101
cc5011ac,"In Alice's Wonderland, a secret bit manipulation rule transforms 8-bit binary numbers. The transformation involves operations like bit shifts, rotations, XOR, AND, OR, NOT, and possibly majority or choice functions.

Here are some examples of input -> output:
10101110 -> 01011101
00111011 -> 01110111
00001101 -> 00011011
11011001 -> 10111011
00011000 -> 00110011
01010100 -> 10101010
10001110 -> 00011101
11001100 -> 10011001

Now, determine the output for: 11101110",11011101,"I need to find the secret bit manipulation rule from the examples.

Given 8 examples:
  10101110 -> 01011101
  00111011 -> 01110111
  00001101 -> 00011011
  11011001 -> 10111011
  00011000 -> 00110011
  01010100 -> 10101010
  10001110 -> 00011101
  11001100 -> 10011001

Query: 11101110

Step 1: Check for whole-byte patterns.
  Mixed shift pattern detected.
  Rule: some output bits are shifted copies, rest use a uniform 2-input function.

Step 2: Apply the pattern to the query.
  11101110 -> 11011101

The answer is 11011101.",Bit Manipulation,high,w_mix,0,11011101
ccfd3fe3,"In Alice's Wonderland, a secret bit manipulation rule transforms 8-bit binary numbers. The transformation involves operations like bit shifts, rotations, XOR, AND, OR, NOT, and possibly majority or choice functions.

Here are some examples of input -> output:
00001101 -> 11010011
01110101 -> 01011101
11101001 -> 11111010
11111011 -> 11111110
01000000 -> 00010000
01011101 -> 11010111
01010011 -> 11110100

Now, determine the output for: 01001011",11110010,"I need to find the secret bit manipulation rule from the examples.

Given 7 examples:
  00001101 -> 11010011
  01110101 -> 01011101
  11101001 -> 11111010
  11111011 -> 11111110
  01000000 -> 00010000
  01011101 -> 11010111
  01010011 -> 11110100

Query: 01001011

Step 1: Check for whole-byte patterns.
  Mixed shift pattern detected.
  Rule: some output bits are shifted copies, rest use a uniform 2-input function.

Step 2: Apply the pattern to the query.
  01001011 -> 11110010

The answer is 11110010.",Bit Manipulation,high,w_mix,0,11110010
cf447906,"In Alice's Wonderland, a secret bit manipulation rule transforms 8-bit binary numbers. The transformation involves operations like bit shifts, rotations, XOR, AND, OR, NOT, and possibly majority or choice functions.

Here are some examples of input -> output:
00111001 -> 01001000
11111111 -> 11110011
00001001 -> 01001110
10001110 -> 11001110
11010101 -> 00010111
00011101 -> 10001100
10010000 -> 11101111
01110001 -> 11000001
11110100 -> 00100011
10110100 -> 00101011

Now, determine the output for: 11000010",10000111,"I need to find the secret bit manipulation rule from the examples.

Given 10 examples:
  00111001 -> 01001000
  11111111 -> 11110011
  00001001 -> 01001110
  10001110 -> 11001110
  11010101 -> 00010111
  00011101 -> 10001100
  10010000 -> 11101111
  01110001 -> 11000001
  11110100 -> 00100011
  10110100 -> 00101011

Query: 11000010

Step 1: Analyze each output bit as an independent boolean function of input bits.

  Output bit 0: All 1 candidates agree -> value = 1
    Best match: XNOR(in[4], in[5]) = 1
  Output bit 1: Ambiguous (1 candidates predict 0, 1 predict 1)
    For 0: XNOR(in[5], in[6])
    For 1: IMPL(in[5], in[6])
  Output bit 2: All 1 candidates agree -> value = 0
    Best match: XNOR(in[6], in[7]) = 0
  Output bit 3: All 2 candidates agree -> value = 0
    Best match: AND(in[0], in[7]) = 0
  Output bit 4: Ambiguous (1 candidates predict 0, 1 predict 1)
    For 0: NOT(in[1])
    For 1: NAND(in[1], in[3])
  Output bit 5: All 2 candidates agree -> value = 1
    Best match: NOT(in[2]) = 1
  Output bit 6: All 1 candidates agree -> value = 1
    Best match: IMPL(in[3], in[0]) = 1
  Output bit 7: All 1 candidates agree -> value = 1
    Best match: IMPL(in[4], in[1]) = 1

Step 2: Identify structural patterns.
  Confirmed bit mappings: bit4<-in[1](shift=5), bit5<-in[2](shift=5)
  Dominant shift = 5 (weight 6)

Step 3: Resolve ambiguous bits using structural patterns.
  Bit 1: Resolved via pair/structure pattern -> value = 0
  Bit 4: Using shift=5, source = in[1] -> value = 0

Step 4: All bits resolved without brute-force.

Step 5: Combine all bits to form the output.
  bit0=1(unambig) | bit1=0(ctx) | bit2=0(unambig) | bit3=0(unambig) | bit4=0(ctx) | bit5=1(unambig) | bit6=1(unambig) | bit7=1(unambig)

The answer is 10000111.",Bit Manipulation,high,ctx,0,10000111
d0ea0b5f,"In Alice's Wonderland, a secret bit manipulation rule transforms 8-bit binary numbers. The transformation involves operations like bit shifts, rotations, XOR, AND, OR, NOT, and possibly majority or choice functions.

Here are some examples of input -> output:
01000010 -> 00000000
11100111 -> 01111000
11111111 -> 11111111
00010010 -> 00000000
00011100 -> 10000011
10000010 -> 00100000
10101001 -> 00110000
01101101 -> 10011001

Now, determine the output for: 10101101",10110001,"I need to find the secret bit manipulation rule from the examples.

Given 8 examples:
  01000010 -> 00000000
  11100111 -> 01111000
  11111111 -> 11111111
  00010010 -> 00000000
  00011100 -> 10000011
  10000010 -> 00100000
  10101001 -> 00110000
  01101101 -> 10011001

Query: 10101101

Step 1: Analyze each output bit as an independent boolean function of input bits.

  Output bit 0: All 1 candidates agree -> value = 1
    Best match: AND(in[4], in[5]) = 1
  Output bit 1: Ambiguous (4 candidates predict 0, 1 predict 1)
    For 0: AND(in[0], in[1]), AND(in[2], in[6]), AND(in[5], in[6])
    For 1: AND(in[0], in[5])
  Output bit 2: All 1 candidates agree -> value = 1
    Best match: ID(in[0]) = 1
  Output bit 3: All 4 candidates agree -> value = 1
    Best match: ID(in[2]) = 1
  Output bit 4: Ambiguous (3 candidates predict 0, 2 predict 1)
    For 0: AND(in[1], in[2]), AND(in[1], in[5]), AND(in[1], in[7])
    For 1: AND(in[2], in[5]), AND(in[5], in[7])
  Output bit 5: All 6 candidates agree -> value = 0
    Best match: AND(in[0], in[3]) = 0
  Output bit 6: All 2 candidates agree -> value = 0
    Best match: AND(in[3], in[4]) = 0
  Output bit 7: All 1 candidates agree -> value = 1
    Best match: AND(in[4], in[5]) = 1

Step 2: Identify structural patterns.
  Confirmed bit mappings: bit2<-in[0](shift=6), bit3<-in[7](shift=4)
  Dominant shift = 6 (weight 5)

Step 3: Resolve ambiguous bits using structural patterns.
  Bit 1: Resolved via pair/structure pattern -> value = 0
  Bit 4: Resolved via pair/structure pattern -> value = 0

Step 4: All bits resolved without brute-force.

Step 5: Combine all bits to form the output.
  bit0=1(unambig) | bit1=0(ctx) | bit2=1(unambig) | bit3=1(unambig) | bit4=0(ctx) | bit5=0(unambig) | bit6=0(unambig) | bit7=1(unambig)

The answer is 10110001.",Bit Manipulation,high,ctx,0,10110001
d1ecdd11,"In Alice's Wonderland, a secret bit manipulation rule transforms 8-bit binary numbers. The transformation involves operations like bit shifts, rotations, XOR, AND, OR, NOT, and possibly majority or choice functions.

Here are some examples of input -> output:
00011011 -> 00100010
11000111 -> 10001000
01110110 -> 11001100
01101111 -> 11001100
00111001 -> 00100010
10001111 -> 00010000
11101110 -> 11011100
11001001 -> 00010000
11111110 -> 11011100

Now, determine the output for: 01100111",11001100,"I need to find the secret bit manipulation rule from the examples.

Given 9 examples:
  00011011 -> 00100010
  11000111 -> 10001000
  01110110 -> 11001100
  01101111 -> 11001100
  00111001 -> 00100010
  10001111 -> 00010000
  11101110 -> 11011100
  11001001 -> 00010000
  11111110 -> 11011100

Query: 01100111

Step 1: Analyze each output bit as an independent boolean function of input bits.

  Output bit 0: All 2 candidates agree -> value = 1
    Best match: AND(in[1], in[5]) = 1
  Output bit 1: All 3 candidates agree -> value = 1
    Best match: AND(in[1], in[2]) = 1
  Output bit 2: All 6 candidates agree -> value = 0
    Best match: AND(in[3], in[7]) = 0
  Output bit 3: All 1 candidates agree -> value = 0
    Best match: AND(in[0], in[4]) = 0
  Output bit 4: All 2 candidates agree -> value = 1
    Best match: AND(in[1], in[5]) = 1
  Output bit 5: All 3 candidates agree -> value = 1
    Best match: AND(in[1], in[2]) = 1
  Output bit 6: All 6 candidates agree -> value = 0
    Best match: AND(in[3], in[7]) = 0
  Output bit 7: All 9 candidates agree -> value = 0
    Best match: NOR(in[1], in[4]) = 0

Step 2: No strong shift pattern detected.

Step 3: No additional bits resolved by context propagation.

Step 4: All bits resolved without brute-force.

Step 5: Combine all bits to form the output.
  bit0=1(unambig) | bit1=1(unambig) | bit2=0(unambig) | bit3=0(unambig) | bit4=1(unambig) | bit5=1(unambig) | bit6=0(unambig) | bit7=0(unambig)

The answer is 11001100.",Bit Manipulation,high,ctx,0,11001100
d3c6596e,"In Alice's Wonderland, a secret bit manipulation rule transforms 8-bit binary numbers. The transformation involves operations like bit shifts, rotations, XOR, AND, OR, NOT, and possibly majority or choice functions.

Here are some examples of input -> output:
01101101 -> 10110110
10111000 -> 01011100
01111000 -> 00111100
10110110 -> 01011011
11000100 -> 01100010
00111000 -> 00011100
00010100 -> 00001010
10011110 -> 01001111
10110001 -> 11011000
00101101 -> 10010110

Now, determine the output for: 01110101",10111010,"I need to find the secret bit manipulation rule from the examples.

Given 10 examples:
  01101101 -> 10110110
  10111000 -> 01011100
  01111000 -> 00111100
  10110110 -> 01011011
  11000100 -> 01100010
  00111000 -> 00011100
  00010100 -> 00001010
  10011110 -> 01001111
  10110001 -> 11011000
  00101101 -> 10010110

Query: 01110101

Step 1: Check for whole-byte patterns.
  Rotation pattern detected.
  Rule: output = rotate(input, k) for some shift k.

Step 2: Apply the pattern to the query.
  01110101 -> 10111010

The answer is 10111010.",Bit Manipulation,high,w_rot,0,10111010
d452141e,"In Alice's Wonderland, a secret bit manipulation rule transforms 8-bit binary numbers. The transformation involves operations like bit shifts, rotations, XOR, AND, OR, NOT, and possibly majority or choice functions.

Here are some examples of input -> output:
11001101 -> 10011001
01111010 -> 11110101
00101000 -> 01010000
01101101 -> 11011011
11011100 -> 10111011
00110010 -> 01100100
01001101 -> 10011011
11100010 -> 11000111
11110001 -> 11100001

Now, determine the output for: 01111101",11111011,"I need to find the secret bit manipulation rule from the examples.

Given 9 examples:
  11001101 -> 10011001
  01111010 -> 11110101
  00101000 -> 01010000
  01101101 -> 11011011
  11011100 -> 10111011
  00110010 -> 01100100
  01001101 -> 10011011
  11100010 -> 11000111
  11110001 -> 11100001

Query: 01111101

Step 1: Analyze each output bit as an independent boolean function of input bits.

  Output bit 0: All 5 candidates agree -> value = 1
    Best match: ID(in[1]) = 1
  Output bit 1: All 5 candidates agree -> value = 1
    Best match: ID(in[2]) = 1
  Output bit 2: All 1 candidates agree -> value = 1
    Best match: ID(in[3]) = 1
  Output bit 3: All 3 candidates agree -> value = 1
    Best match: ID(in[4]) = 1
  Output bit 4: All 5 candidates agree -> value = 1
    Best match: ID(in[5]) = 1
  Output bit 5: All 4 candidates agree -> value = 0
    Best match: ID(in[6]) = 0
  Output bit 6: All 1 candidates agree -> value = 1
    Best match: XOR(in[0], in[7]) = 1
  Output bit 7: All 5 candidates agree -> value = 1
    Best match: ID(in[1]) = 1

Step 2: Identify structural patterns.
  Confirmed bit mappings: bit0<-in[1](shift=1), bit1<-in[2](shift=1), bit2<-in[3](shift=1), bit3<-in[4](shift=1), bit4<-in[5](shift=1)
  Dominant shift = 1 (weight 30)

Step 3: No additional bits resolved by context propagation.

Step 4: All bits resolved without brute-force.

Step 5: Combine all bits to form the output.
  bit0=1(unambig) | bit1=1(unambig) | bit2=1(unambig) | bit3=1(unambig) | bit4=1(unambig) | bit5=0(unambig) | bit6=1(unambig) | bit7=1(unambig)

The answer is 11111011.",Bit Manipulation,high,ctx,0,11111011
d4e29ed7,"In Alice's Wonderland, a secret bit manipulation rule transforms 8-bit binary numbers. The transformation involves operations like bit shifts, rotations, XOR, AND, OR, NOT, and possibly majority or choice functions.

Here are some examples of input -> output:
10101101 -> 10001011
11101011 -> 01011010
11001110 -> 11110011
10110100 -> 10101101
00010001 -> 00100100
00011011 -> 01100110
00101011 -> 01101010
10011010 -> 01100110
01110010 -> 01011100

Now, determine the output for: 01101111",11111011,"I need to find the secret bit manipulation rule from the examples.

Given 9 examples:
  10101101 -> 10001011
  11101011 -> 01011010
  11001110 -> 11110011
  10110100 -> 10101101
  00010001 -> 00100100
  00011011 -> 01100110
  00101011 -> 01101010
  10011010 -> 01100110
  01110010 -> 01011100

Query: 01101111

Step 1: Analyze each output bit as an independent boolean function of input bits.

  Output bit 0: Ambiguous (1 candidates predict 0, 1 predict 1)
    For 0: AND(in[0], in[5])
    For 1: ID(in[5])
  Output bit 1: All 2 candidates agree -> value = 1
    Best match: ID(in[6]) = 1
  Output bit 2: All 1 candidates agree -> value = 1
    Best match: XOR(in[0], in[7]) = 1
  Output bit 3: All 2 candidates agree -> value = 1
    Best match: ID(in[1]) = 1
  Output bit 4: All 1 candidates agree -> value = 1
    Best match: ID(in[2]) = 1
  Output bit 5: All 2 candidates agree -> value = 0
    Best match: ID(in[3]) = 0
  Output bit 6: All 2 candidates agree -> value = 1
    Best match: ID(in[4]) = 1
  Output bit 7: Ambiguous (1 candidates predict 0, 1 predict 1)
    For 0: AND(in[0], in[5])
    For 1: ID(in[5])

Step 2: Identify structural patterns.
  Confirmed bit mappings: bit0<-in[5](shift=5), bit1<-in[6](shift=5), bit3<-in[1](shift=6), bit4<-in[2](shift=6), bit5<-in[3](shift=6)
  Dominant shift = 6 (weight 21)

Step 3: Resolve ambiguous bits using structural patterns.
  Bit 0: Using shift=5, source = in[5] -> value = 1
  Bit 7: Using shift=6, source = in[5] -> value = 1

Step 4: All bits resolved without brute-force.

Step 5: Combine all bits to form the output.
  bit0=1(ctx) | bit1=1(unambig) | bit2=1(unambig) | bit3=1(unambig) | bit4=1(unambig) | bit5=0(unambig) | bit6=1(unambig) | bit7=1(ctx)

The answer is 11111011.",Bit Manipulation,high,ctx,0,11111011
d85d7964,"In Alice's Wonderland, a secret bit manipulation rule transforms 8-bit binary numbers. The transformation involves operations like bit shifts, rotations, XOR, AND, OR, NOT, and possibly majority or choice functions.

Here are some examples of input -> output:
01111100 -> 11011101
00011001 -> 11000100
10010001 -> 11000100
10001100 -> 00100010
10011100 -> 10101010
10000100 -> 01100110
00001111 -> 01111111
11011001 -> 10100010
10001000 -> 00000000
10100000 -> 01010101

Now, determine the output for: 11011000",10101010,"I need to find the secret bit manipulation rule from the examples.

Given 10 examples:
  01111100 -> 11011101
  00011001 -> 11000100
  10010001 -> 11000100
  10001100 -> 00100010
  10011100 -> 10101010
  10000100 -> 01100110
  00001111 -> 01111111
  11011001 -> 10100010
  10001000 -> 00000000
  10100000 -> 01010101

Query: 11011000

Step 1: Analyze each output bit as an independent boolean function of input bits.

  Output bit 0: All 3 candidates agree -> value = 1
    Best match: ID(in[3]) = 1
  Output bit 1: All 2 candidates agree -> value = 0
    Best match: XOR(in[0], in[4]) = 0
  Output bit 2: All 1 candidates agree -> value = 1
    Best match: XOR(in[1], in[5]) = 1
  Output bit 3: All 2 candidates agree -> value = 0
    Best match: XOR(in[2], in[6]) = 0
  Output bit 4: All 1 candidates agree -> value = 1
    Best match: XOR(in[3], in[7]) = 1
  Output bit 5: All 2 candidates agree -> value = 0
    Best match: XOR(in[0], in[4]) = 0
  Output bit 6: All 1 candidates agree -> value = 1
    Best match: XOR(in[1], in[5]) = 1
  Output bit 7: All 2 candidates agree -> value = 0
    Best match: XOR(in[2], in[6]) = 0

Step 2: Identify structural patterns.
  Confirmed bit mappings: bit0<-in[3](shift=3)
  Dominant shift = 3 (weight 5)

Step 3: No additional bits resolved by context propagation.

Step 4: All bits resolved without brute-force.

Step 5: Combine all bits to form the output.
  bit0=1(unambig) | bit1=0(unambig) | bit2=1(unambig) | bit3=0(unambig) | bit4=1(unambig) | bit5=0(unambig) | bit6=1(unambig) | bit7=0(unambig)

The answer is 10101010.",Bit Manipulation,high,ctx,0,10101010
d87caad1,"In Alice's Wonderland, a secret bit manipulation rule transforms 8-bit binary numbers. The transformation involves operations like bit shifts, rotations, XOR, AND, OR, NOT, and possibly majority or choice functions.

Here are some examples of input -> output:
01101111 -> 11001001
00010001 -> 11110111
00010110 -> 11110100
10110011 -> 10100110
01000001 -> 11011111
10010010 -> 10110110
11011110 -> 10010011
00000010 -> 11111110

Now, determine the output for: 10100001",10101111,"I need to find the secret bit manipulation rule from the examples.

Given 8 examples:
  01101111 -> 11001001
  00010001 -> 11110111
  00010110 -> 11110100
  10110011 -> 10100110
  01000001 -> 11011111
  10010010 -> 10110110
  11011110 -> 10010011
  00000010 -> 11111110

Query: 10100001

Step 1: Analyze each output bit as an independent boolean function of input bits.

  Output bit 0: Ambiguous (3 candidates predict 0, 7 predict 1)
    For 0: IMPL(in[0], in[3]), IMPL(in[0], in[6]), IMPL(in[2], in[6])
    For 1: OR(in[6], in[7]), IMPL(in[2], in[7]), IMPL(in[4], in[1])
  Output bit 1: Ambiguous (1 candidates predict 0, 2 predict 1)
    For 0: NOT(in[0])
    For 1: NAND(in[0], in[3]), NAND(in[0], in[6])
  Output bit 2: All 2 candidates agree -> value = 1
    Best match: NOR(in[1], in[4]) = 1
  Output bit 3: Ambiguous (2 candidates predict 0, 3 predict 1)
    For 0: NOT(in[2]), NAND(in[2], in[7])
    For 1: XOR(in[6], in[7]), NAND(in[2], in[6]), NAND(in[6], in[7])
  Output bit 4: Ambiguous (1 candidates predict 0, 1 predict 1)
    For 0: NOR(in[0], in[3])
    For 1: NOT(in[3])
  Output bit 5: All 6 candidates agree -> value = 1
    Best match: NOT(in[4]) = 1
  Output bit 6: All 1 candidates agree -> value = 1
    Best match: IMPL(in[5], in[0]) = 1
  Output bit 7: All 3 candidates agree -> value = 1
    Best match: XNOR(in[4], in[6]) = 1

Step 2: Identify structural patterns.
  Confirmed bit mappings: bit1<-in[0](shift=7), bit2<-in[1](shift=7), bit3<-in[2](shift=7), bit4<-in[3](shift=7), bit5<-in[4](shift=7)
  Dominant shift = 7 (weight 13)

Step 3: Resolve ambiguous bits using structural patterns.
  Bit 0: Resolved via pair/structure pattern -> value = 1
  Bit 1: Using shift=7, source = in[0] -> value = 0
  Bit 3: Using shift=7, source = in[2] -> value = 0
  Bit 4: Using shift=7, source = in[3] -> value = 1

Step 4: All bits resolved without brute-force.

Step 5: Combine all bits to form the output.
  bit0=1(ctx) | bit1=0(ctx) | bit2=1(unambig) | bit3=0(ctx) | bit4=1(ctx) | bit5=1(unambig) | bit6=1(unambig) | bit7=1(unambig)

The answer is 10101111.",Bit Manipulation,high,ctx,0,10101111
d8ef1dae,"In Alice's Wonderland, a secret bit manipulation rule transforms 8-bit binary numbers. The transformation involves operations like bit shifts, rotations, XOR, AND, OR, NOT, and possibly majority or choice functions.

Here are some examples of input -> output:
11010011 -> 00101010
01110000 -> 00001110
11000000 -> 00011000
00000110 -> 01100000
11110011 -> 00101110
10101111 -> 11100101
01001111 -> 11111001
10111001 -> 10000111
10110110 -> 01110110

Now, determine the output for: 01011101",11011011,"I need to find the secret bit manipulation rule from the examples.

Given 9 examples:
  11010011 -> 00101010
  01110000 -> 00001110
  11000000 -> 00011000
  00000110 -> 01100000
  11110011 -> 00101110
  10101111 -> 11100101
  01001111 -> 11111001
  10111001 -> 10000111
  10110110 -> 01110110

Query: 01011101

Step 1: Analyze each output bit as an independent boolean function of input bits.

  Output bit 0: All 2 candidates agree -> value = 1
    Best match: ID(in[4]) = 1
  Output bit 1: Ambiguous (1 candidates predict 0, 1 predict 1)
    For 0: AND(in[5], in[6])
    For 1: ID(in[5])
  Output bit 2: Ambiguous (1 candidates predict 0, 1 predict 1)
    For 0: ID(in[6])
    For 1: OR(in[5], in[6])
  Output bit 3: All 1 candidates agree -> value = 1
    Best match: XOR(in[0], in[7]) = 1
  Output bit 4: All 1 candidates agree -> value = 1
    Best match: ID(in[1]) = 1
  Output bit 5: All 1 candidates agree -> value = 0
    Best match: ID(in[2]) = 0
  Output bit 6: All 1 candidates agree -> value = 1
    Best match: ID(in[3]) = 1
  Output bit 7: All 2 candidates agree -> value = 1
    Best match: ID(in[4]) = 1

Step 2: Identify structural patterns.
  Confirmed bit mappings: bit0<-in[4](shift=4), bit1<-in[5](shift=4), bit2<-in[6](shift=4), bit4<-in[1](shift=5), bit5<-in[2](shift=5)
  Dominant shift = 5 (weight 20)

Step 3: Resolve ambiguous bits using structural patterns.
  Bit 1: Using shift=4, source = in[5] -> value = 1
  Bit 2: Using shift=4, source = in[6] -> value = 0

Step 4: All bits resolved without brute-force.

Step 5: Combine all bits to form the output.
  bit0=1(unambig) | bit1=1(ctx) | bit2=0(ctx) | bit3=1(unambig) | bit4=1(unambig) | bit5=0(unambig) | bit6=1(unambig) | bit7=1(unambig)

The answer is 11011011.",Bit Manipulation,high,ctx,0,11011011
d9cd73c2,"In Alice's Wonderland, a secret bit manipulation rule transforms 8-bit binary numbers. The transformation involves operations like bit shifts, rotations, XOR, AND, OR, NOT, and possibly majority or choice functions.

Here are some examples of input -> output:
00101101 -> 10101011
00011000 -> 00000110
10001011 -> 01000010
01110110 -> 11011101
10000000 -> 00100000
11101010 -> 01111010
10001101 -> 10000011
11000111 -> 11010001

Now, determine the output for: 10100111",11001001,"I need to find the secret bit manipulation rule from the examples.

Given 8 examples:
  00101101 -> 10101011
  00011000 -> 00000110
  10001011 -> 01000010
  01110110 -> 11011101
  10000000 -> 00100000
  11101010 -> 01111010
  10001101 -> 10000011
  11000111 -> 11010001

Query: 10100111

Step 1: Analyze each output bit as an independent boolean function of input bits.

  Output bit 0: All 1 candidates agree -> value = 1
    Best match: ID(in[5]) = 1
  Output bit 1: All 2 candidates agree -> value = 1
    Best match: ID(in[6]) = 1
  Output bit 2: All 1 candidates agree -> value = 0
    Best match: XOR(in[0], in[7]) = 0
  Output bit 3: All 2 candidates agree -> value = 0
    Best match: ID(in[1]) = 0
  Output bit 4: All 1 candidates agree -> value = 1
    Best match: ID(in[2]) = 1
  Output bit 5: All 4 candidates agree -> value = 0
    Best match: ID(in[3]) = 0
  Output bit 6: All 1 candidates agree -> value = 0
    Best match: ID(in[4]) = 0
  Output bit 7: All 1 candidates agree -> value = 1
    Best match: ID(in[5]) = 1

Step 2: Identify structural patterns.
  Confirmed bit mappings: bit0<-in[5](shift=5), bit1<-in[6](shift=5), bit3<-in[1](shift=6), bit4<-in[2](shift=6), bit5<-in[3](shift=6)
  Dominant shift = 6 (weight 25)

Step 3: No additional bits resolved by context propagation.

Step 4: All bits resolved without brute-force.

Step 5: Combine all bits to form the output.
  bit0=1(unambig) | bit1=1(unambig) | bit2=0(unambig) | bit3=0(unambig) | bit4=1(unambig) | bit5=0(unambig) | bit6=0(unambig) | bit7=1(unambig)

The answer is 11001001.",Bit Manipulation,high,ctx,0,11001001
dbf2b40f,"In Alice's Wonderland, a secret bit manipulation rule transforms 8-bit binary numbers. The transformation involves operations like bit shifts, rotations, XOR, AND, OR, NOT, and possibly majority or choice functions.

Here are some examples of input -> output:
11101110 -> 11111011
11110010 -> 01111100
01100000 -> 00011000
10110000 -> 00101100
00001000 -> 00000010
01010100 -> 10010101
10100001 -> 00001000

Now, determine the output for: 10110101",10001101,"I need to find the secret bit manipulation rule from the examples.

Given 7 examples:
  11101110 -> 11111011
  11110010 -> 01111100
  01100000 -> 00011000
  10110000 -> 00101100
  00001000 -> 00000010
  01010100 -> 10010101
  10100001 -> 00001000

Query: 10110101

Step 1: Analyze each output bit as an independent boolean function of input bits.

  Output bit 0: Ambiguous (3 candidates predict 0, 1 predict 1)
    For 0: AND(in[1], in[5]), XNOR(in[2], in[4]), INHIB(in[5], in[7])
    For 1: ID(in[5])
  Output bit 1: All 6 candidates agree -> value = 0
    Best match: ID(in[6]) = 0
  Output bit 2: All 3 candidates agree -> value = 0
    Best match: XOR(in[0], in[7]) = 0
  Output bit 3: Ambiguous (3 candidates predict 0, 1 predict 1)
    For 0: ID(in[1]), OR(in[1], in[6]), INHIB(in[1], in[7])
    For 1: OR(in[1], in[5])
  Output bit 4: Ambiguous (1 candidates predict 0, 4 predict 1)
    For 0: XNOR(in[4], in[5])
    For 1: ID(in[2]), OR(in[0], in[2]), OR(in[2], in[6])
  Output bit 5: Ambiguous (1 candidates predict 0, 2 predict 1)
    For 0: INHIB(in[3], in[7])
    For 1: ID(in[3]), INHIB(in[3], in[4])
  Output bit 6: Ambiguous (3 candidates predict 0, 1 predict 1)
    For 0: ID(in[4]), INHIB(in[4], in[3]), INHIB(in[4], in[7])
    For 1: XNOR(in[2], in[5])
  Output bit 7: Ambiguous (3 candidates predict 0, 1 predict 1)
    For 0: AND(in[1], in[5]), XNOR(in[2], in[4]), INHIB(in[5], in[7])
    For 1: ID(in[5])

Step 2: Identify structural patterns.
  Confirmed bit mappings: bit0<-in[5](shift=5), bit1<-in[6](shift=5), bit3<-in[1](shift=6), bit4<-in[2](shift=6), bit5<-in[3](shift=6)
  Dominant shift = 5 (weight 6)

Step 3: Resolve ambiguous bits using structural patterns.
  Bit 0: Using shift=5, source = in[5] -> value = 1
  Bit 3: Using shift=6, source = in[1] -> value = 0
  Bit 4: Using shift=6, source = in[2] -> value = 1
  Bit 5: Using shift=6, source = in[3] -> value = 1
  Bit 6: Using shift=6, source = in[4] -> value = 0
  Bit 7: Using shift=6, source = in[5] -> value = 1

Step 4: All bits resolved without brute-force.

Step 5: Combine all bits to form the output.
  bit0=1(ctx) | bit1=0(unambig) | bit2=0(unambig) | bit3=0(ctx) | bit4=1(ctx) | bit5=1(ctx) | bit6=0(ctx) | bit7=1(ctx)

The answer is 10001101.",Bit Manipulation,high,ctx,0,10001101
dc7f150a,"In Alice's Wonderland, a secret bit manipulation rule transforms 8-bit binary numbers. The transformation involves operations like bit shifts, rotations, XOR, AND, OR, NOT, and possibly majority or choice functions.

Here are some examples of input -> output:
11101001 -> 11110100
00000011 -> 10000001
11111001 -> 11111100
01001000 -> 00100100
01001110 -> 00100111
01110111 -> 10111011
10101010 -> 01010101

Now, determine the output for: 10010111",11001011,"I need to find the secret bit manipulation rule from the examples.

Given 7 examples:
  11101001 -> 11110100
  00000011 -> 10000001
  11111001 -> 11111100
  01001000 -> 00100100
  01001110 -> 00100111
  01110111 -> 10111011
  10101010 -> 01010101

Query: 10010111

Step 1: Check for whole-byte patterns.
  Rotation pattern detected.
  Rule: output = rotate(input, k) for some shift k.

Step 2: Apply the pattern to the query.
  10010111 -> 11001011

The answer is 11001011.",Bit Manipulation,high,w_rot,0,11001011
dd900b68,"In Alice's Wonderland, a secret bit manipulation rule transforms 8-bit binary numbers. The transformation involves operations like bit shifts, rotations, XOR, AND, OR, NOT, and possibly majority or choice functions.

Here are some examples of input -> output:
00000101 -> 10101010
11000100 -> 11011111
11111111 -> 11111111
00010000 -> 10111011
10001100 -> 11101110
11001011 -> 00100011
00000010 -> 01110111
01110101 -> 01110111
01000101 -> 10111011

Now, determine the output for: 11001100",11111111,"I need to find the secret bit manipulation rule from the examples.

Given 9 examples:
  00000101 -> 10101010
  11000100 -> 11011111
  11111111 -> 11111111
  00010000 -> 10111011
  10001100 -> 11101110
  11001011 -> 00100011
  00000010 -> 01110111
  01110101 -> 01110111
  01000101 -> 10111011

Query: 11001100

Step 1: Analyze each output bit as an independent boolean function of input bits.

  Output bit 0: All 1 candidates agree -> value = 1
    Best match: XNOR(in[2], in[6]) = 1
  Output bit 1: All 1 candidates agree -> value = 1
    Best match: XNOR(in[3], in[7]) = 1
  Output bit 2: Ambiguous (1 candidates predict 0, 2 predict 1)
    For 0: IMPL(in[1], in[7])
    For 1: XNOR(in[0], in[4]), IMPL(in[0], in[4])
  Output bit 3: All 1 candidates agree -> value = 1
    Best match: XNOR(in[1], in[5]) = 1
  Output bit 4: All 1 candidates agree -> value = 1
    Best match: XNOR(in[2], in[6]) = 1
  Output bit 5: All 1 candidates agree -> value = 1
    Best match: XNOR(in[3], in[7]) = 1
  Output bit 6: All 6 candidates agree -> value = 1
    Best match: IMPL(in[2], in[1]) = 1
  Output bit 7: All 1 candidates agree -> value = 1
    Best match: IMPL(in[5], in[1]) = 1

Step 2: No strong shift pattern detected.

Step 3: Resolve ambiguous bits using structural patterns.
  Bit 2: Resolved via pair/structure pattern -> value = 1

Step 4: All bits resolved without brute-force.

Step 5: Combine all bits to form the output.
  bit0=1(unambig) | bit1=1(unambig) | bit2=1(ctx) | bit3=1(unambig) | bit4=1(unambig) | bit5=1(unambig) | bit6=1(unambig) | bit7=1(unambig)

The answer is 11111111.",Bit Manipulation,high,ctx,0,11111111
dfd704f8,"In Alice's Wonderland, a secret bit manipulation rule transforms 8-bit binary numbers. The transformation involves operations like bit shifts, rotations, XOR, AND, OR, NOT, and possibly majority or choice functions.

Here are some examples of input -> output:
00001101 -> 00110010
01101011 -> 10011001
11010100 -> 00111010
10111010 -> 10110101
00010011 -> 01000101
11011010 -> 00000101
11101100 -> 11000110
11001110 -> 01011111

Now, determine the output for: 00111100",11101110,"I need to find the secret bit manipulation rule from the examples.

Given 8 examples:
  00001101 -> 00110010
  01101011 -> 10011001
  11010100 -> 00111010
  10111010 -> 10110101
  00010011 -> 01000101
  11011010 -> 00000101
  11101100 -> 11000110
  11001110 -> 01011111

Query: 00111100

Step 1: Analyze each output bit as an independent boolean function of input bits.

  Output bit 0: All 2 candidates agree -> value = 1
    Best match: ID(in[2]) = 1
  Output bit 1: Ambiguous (1 candidates predict 0, 1 predict 1)
    For 0: XNOR(in[3], in[7])
    For 1: XOR(in[0], in[3])
  Output bit 2: All 1 candidates agree -> value = 1
    Best match: XOR(in[1], in[4]) = 1
  Output bit 3: All 1 candidates agree -> value = 0
    Best match: XOR(in[2], in[5]) = 0
  Output bit 4: All 1 candidates agree -> value = 1
    Best match: XOR(in[3], in[6]) = 1
  Output bit 5: Ambiguous (1 candidates predict 0, 1 predict 1)
    For 0: XNOR(in[0], in[4])
    For 1: XOR(in[4], in[7])
  Output bit 6: All 2 candidates agree -> value = 1
    Best match: ID(in[5]) = 1
  Output bit 7: All 2 candidates agree -> value = 0
    Best match: ID(in[6]) = 0

Step 2: Identify structural patterns.
  Confirmed bit mappings: bit0<-in[2](shift=2), bit6<-in[5](shift=7), bit7<-in[6](shift=7)
  Dominant shift = 7 (weight 10)

Step 3: Resolve ambiguous bits using structural patterns.
  Bit 1: Resolved via pair/structure pattern -> value = 1
  Bit 5: Resolved via pair/structure pattern -> value = 1

Step 4: All bits resolved without brute-force.

Step 5: Combine all bits to form the output.
  bit0=1(unambig) | bit1=1(ctx) | bit2=1(unambig) | bit3=0(unambig) | bit4=1(unambig) | bit5=1(ctx) | bit6=1(unambig) | bit7=0(unambig)

The answer is 11101110.",Bit Manipulation,high,ctx,0,11101110
e124d12a,"In Alice's Wonderland, a secret bit manipulation rule transforms 8-bit binary numbers. The transformation involves operations like bit shifts, rotations, XOR, AND, OR, NOT, and possibly majority or choice functions.

Here are some examples of input -> output:
11111000 -> 11111100
10000010 -> 11110111
10101110 -> 11110111
10101100 -> 11110111
11000111 -> 11110011
00011011 -> 11111111
00010101 -> 11111110
10011010 -> 11111111
00010000 -> 11111110

Now, determine the output for: 11111010",11111101,"I need to find the secret bit manipulation rule from the examples.

Given 9 examples:
  11111000 -> 11111100
  10000010 -> 11110111
  10101110 -> 11110111
  10101100 -> 11110111
  11000111 -> 11110011
  00011011 -> 11111111
  00010101 -> 11111110
  10011010 -> 11111111
  00010000 -> 11111110

Query: 11111010

Step 1: Analyze each output bit as an independent boolean function of input bits.

  Output bit 0: All 6 candidates agree -> value = 1
    Best match: OR(in[0], in[3]) = 1
  Output bit 1: All 6 candidates agree -> value = 1
    Best match: OR(in[0], in[3]) = 1
  Output bit 2: All 6 candidates agree -> value = 1
    Best match: OR(in[0], in[3]) = 1
  Output bit 3: All 6 candidates agree -> value = 1
    Best match: OR(in[0], in[3]) = 1
  Output bit 4: All 2 candidates agree -> value = 1
    Best match: ID(in[3]) = 1
  Output bit 5: Ambiguous (1 candidates predict 0, 7 predict 1)
    For 0: NAND(in[1], in[6])
    For 1: NAND(in[0], in[7]), NAND(in[1], in[5]), NAND(in[1], in[7])
  Output bit 6: Ambiguous (7 candidates predict 0, 1 predict 1)
    For 0: NAND(in[1], in[2]), NAND(in[1], in[3]), NAND(in[1], in[4])
    For 1: IMPL(in[1], in[6])
  Output bit 7: All 1 candidates agree -> value = 1
    Best match: IMPL(in[3], in[6]) = 1

Step 2: Identify structural patterns.
  Confirmed bit mappings: bit4<-in[3](shift=7)
  Dominant shift = 7 (weight 5)

Step 3: Resolve ambiguous bits using structural patterns.
  Bit 5: Resolved via pair/structure pattern -> value = 1
  Bit 6: Resolved via pair/structure pattern -> value = 0

Step 4: All bits resolved without brute-force.

Step 5: Combine all bits to form the output.
  bit0=1(unambig) | bit1=1(unambig) | bit2=1(unambig) | bit3=1(unambig) | bit4=1(unambig) | bit5=1(ctx) | bit6=0(ctx) | bit7=1(unambig)

The answer is 11111101.",Bit Manipulation,high,ctx,0,11111101
e20d3f48,"In Alice's Wonderland, a secret bit manipulation rule transforms 8-bit binary numbers. The transformation involves operations like bit shifts, rotations, XOR, AND, OR, NOT, and possibly majority or choice functions.

Here are some examples of input -> output:
10110011 -> 01001100
11101000 -> 00111010
01100011 -> 01111000
10011011 -> 01000110
11100110 -> 11111001
00100000 -> 00001000
11111000 -> 00111110

Now, determine the output for: 01010101",10110101,"I need to find the secret bit manipulation rule from the examples.

Given 7 examples:
  10110011 -> 01001100
  11101000 -> 00111010
  01100011 -> 01111000
  10011011 -> 01000110
  11100110 -> 11111001
  00100000 -> 00001000
  11111000 -> 00111110

Query: 01010101

Step 1: Check for whole-byte patterns.
  Permutation pattern detected.
  Rule: each output bit is copied (possibly inverted) from a specific input bit.

Step 2: Apply the pattern to the query.
  01010101 -> 10110101

The answer is 10110101.",Bit Manipulation,high,w_perm,0,10110101
e3c672be,"In Alice's Wonderland, a secret bit manipulation rule transforms 8-bit binary numbers. The transformation involves operations like bit shifts, rotations, XOR, AND, OR, NOT, and possibly majority or choice functions.

Here are some examples of input -> output:
00111001 -> 11110010
00100010 -> 01000100
01000110 -> 10001100
01001101 -> 10011010
00001101 -> 10011010
00011001 -> 10110010
10010101 -> 10101011

Now, determine the output for: 10001001",10010011,"I need to find the secret bit manipulation rule from the examples.

Given 7 examples:
  00111001 -> 11110010
  00100010 -> 01000100
  01000110 -> 10001100
  01001101 -> 10011010
  00001101 -> 10011010
  00011001 -> 10110010
  10010101 -> 10101011

Query: 10001001

Step 1: Check for whole-byte patterns.
  Mixed shift pattern detected.
  Rule: some output bits are shifted copies, rest use a uniform 2-input function.

Step 2: Apply the pattern to the query.
  10001001 -> 10010011

The answer is 10010011.",Bit Manipulation,high,w_mix,0,10010011
e40635a7,"In Alice's Wonderland, a secret bit manipulation rule transforms 8-bit binary numbers. The transformation involves operations like bit shifts, rotations, XOR, AND, OR, NOT, and possibly majority or choice functions.

Here are some examples of input -> output:
10011111 -> 11011111
11010111 -> 01001111
11001110 -> 01011101
00100011 -> 00100110
01111110 -> 00111100
00101111 -> 10111110
10001101 -> 10111011
11110001 -> 11000011

Now, determine the output for: 10100111",10101111,"I need to find the secret bit manipulation rule from the examples.

Given 8 examples:
  10011111 -> 11011111
  11010111 -> 01001111
  11001110 -> 01011101
  00100011 -> 00100110
  01111110 -> 00111100
  00101111 -> 10111110
  10001101 -> 10111011
  11110001 -> 11000011

Query: 10100111

Step 1: Check for whole-byte patterns.
  Mixed shift pattern detected.
  Rule: some output bits are shifted copies, rest use a uniform 2-input function.

Step 2: Apply the pattern to the query.
  10100111 -> 10101111

The answer is 10101111.",Bit Manipulation,high,w_mix,0,10101111
e568d07b,"In Alice's Wonderland, a secret bit manipulation rule transforms 8-bit binary numbers. The transformation involves operations like bit shifts, rotations, XOR, AND, OR, NOT, and possibly majority or choice functions.

Here are some examples of input -> output:
10111000 -> 10001011
11011100 -> 11001101
10001010 -> 11101000
01111000 -> 10000111
00011100 -> 11000001
01111011 -> 11110111
00001010 -> 11100000
11111001 -> 10111111
11010100 -> 11001101
10101111 -> 11111010

Now, determine the output for: 00010101",11110001,"I need to find the secret bit manipulation rule from the examples.

Given 10 examples:
  10111000 -> 10001011
  11011100 -> 11001101
  10001010 -> 11101000
  01111000 -> 10000111
  00011100 -> 11000001
  01111011 -> 11110111
  00001010 -> 11100000
  11111001 -> 10111111
  11010100 -> 11001101
  10101111 -> 11111010

Query: 00010101

Step 1: Check for whole-byte patterns.
  Mixed shift pattern detected.
  Rule: some output bits are shifted copies, rest use a uniform 2-input function.

Step 2: Apply the pattern to the query.
  00010101 -> 11110001

The answer is 11110001.",Bit Manipulation,high,w_mix,0,11110001
e5bb9b26,"In Alice's Wonderland, a secret bit manipulation rule transforms 8-bit binary numbers. The transformation involves operations like bit shifts, rotations, XOR, AND, OR, NOT, and possibly majority or choice functions.

Here are some examples of input -> output:
00110000 -> 00001100
10000101 -> 11100001
00111110 -> 10001111
10110001 -> 11101100
01100010 -> 10011000
01101100 -> 00011011
00101010 -> 10001010

Now, determine the output for: 11000111",11110001,"I need to find the secret bit manipulation rule from the examples.

Given 7 examples:
  00110000 -> 00001100
  10000101 -> 11100001
  00111110 -> 10001111
  10110001 -> 11101100
  01100010 -> 10011000
  01101100 -> 00011011
  00101010 -> 10001010

Query: 11000111

Step 1: Check for whole-byte patterns.
  Mixed shift pattern detected.
  Rule: some output bits are shifted copies, rest use a uniform 2-input function.

Step 2: Apply the pattern to the query.
  11000111 -> 11110001

The answer is 11110001.",Bit Manipulation,high,w_mix,0,11110001
e6d3a97b,"In Alice's Wonderland, a secret bit manipulation rule transforms 8-bit binary numbers. The transformation involves operations like bit shifts, rotations, XOR, AND, OR, NOT, and possibly majority or choice functions.

Here are some examples of input -> output:
00111110 -> 01110010
00011000 -> 00001111
01111010 -> 11011000
11010110 -> 11100101
11101010 -> 01111101
00100000 -> 10111110
00111000 -> 01001110
11111111 -> 11111111
00001000 -> 10101111

Now, determine the output for: 01111011",11010010,"I need to find the secret bit manipulation rule from the examples.

Given 9 examples:
  00111110 -> 01110010
  00011000 -> 00001111
  01111010 -> 11011000
  11010110 -> 11100101
  11101010 -> 01111101
  00100000 -> 10111110
  00111000 -> 01001110
  11111111 -> 11111111
  00001000 -> 10101111

Query: 01111011

Step 1: Analyze each output bit as an independent boolean function of input bits.

  Output bit 0: All 1 candidates agree -> value = 1
    Best match: XNOR(in[1], in[3]) = 1
  Output bit 1: All 1 candidates agree -> value = 1
    Best match: XNOR(in[2], in[4]) = 1
  Output bit 2: All 2 candidates agree -> value = 0
    Best match: XNOR(in[3], in[5]) = 0
  Output bit 3: All 1 candidates agree -> value = 1
    Best match: XNOR(in[4], in[6]) = 1
  Output bit 4: Ambiguous (1 candidates predict 0, 1 predict 1)
    For 0: XNOR(in[5], in[7])
    For 1: IMPL(in[5], in[7])
  Output bit 5: All 2 candidates agree -> value = 0
    Best match: XNOR(in[0], in[6]) = 0
  Output bit 6: All 2 candidates agree -> value = 1
    Best match: XNOR(in[1], in[7]) = 1
  Output bit 7: All 1 candidates agree -> value = 0
    Best match: IMPL(in[2], in[0]) = 0

Step 2: No strong shift pattern detected.

Step 3: Resolve ambiguous bits using structural patterns.
  Bit 4: Resolved via pair/structure pattern -> value = 0

Step 4: All bits resolved without brute-force.

Step 5: Combine all bits to form the output.
  bit0=1(unambig) | bit1=1(unambig) | bit2=0(unambig) | bit3=1(unambig) | bit4=0(ctx) | bit5=0(unambig) | bit6=1(unambig) | bit7=0(unambig)

The answer is 11010010.",Bit Manipulation,high,ctx,0,11010010
e79c8c5a,"In Alice's Wonderland, a secret bit manipulation rule transforms 8-bit binary numbers. The transformation involves operations like bit shifts, rotations, XOR, AND, OR, NOT, and possibly majority or choice functions.

Here are some examples of input -> output:
01000100 -> 11011101
10100111 -> 10101110
11011000 -> 10010011
10100001 -> 10101111
01011110 -> 11010001
00000011 -> 11111110
01010100 -> 11010101
10000000 -> 10111111
11010100 -> 10010111
00101111 -> 11101000

Now, determine the output for: 11111001",10000011,"I need to find the secret bit manipulation rule from the examples.

Given 10 examples:
  01000100 -> 11011101
  10100111 -> 10101110
  11011000 -> 10010011
  10100001 -> 10101111
  01011110 -> 11010001
  00000011 -> 11111110
  01010100 -> 11010101
  10000000 -> 10111111
  11010100 -> 10010111
  00101111 -> 11101000

Query: 11111001

Step 1: Analyze each output bit as an independent boolean function of input bits.

  Output bit 0: Ambiguous (4 candidates predict 0, 3 predict 1)
    For 0: NAND(in[1], in[2]), NAND(in[1], in[7]), NAND(in[2], in[3])
    For 1: IMPL(in[2], in[7]), IMPL(in[3], in[1]), C1
  Output bit 1: All 1 candidates agree -> value = 0
    Best match: NOT(in[0]) = 0
  Output bit 2: Ambiguous (2 candidates predict 0, 2 predict 1)
    For 0: NOR(in[1], in[3]), NOT(in[1])
    For 1: IMPL(in[1], in[2]), IMPL(in[1], in[7])
  Output bit 3: Ambiguous (2 candidates predict 0, 2 predict 1)
    For 0: NOT(in[2]), NAND(in[2], in[7])
    For 1: IMPL(in[2], in[1]), IMPL(in[2], in[3])
  Output bit 4: Ambiguous (2 candidates predict 0, 2 predict 1)
    For 0: NOT(in[3]), NAND(in[1], in[3])
    For 1: IMPL(in[3], in[2]), IMPL(in[3], in[7])
  Output bit 5: All 1 candidates agree -> value = 0
    Best match: NOT(in[4]) = 0
  Output bit 6: All 1 candidates agree -> value = 1
    Best match: IMPL(in[5], in[0]) = 1
  Output bit 7: All 3 candidates agree -> value = 1
    Best match: NAND(in[6], in[7]) = 1

Step 2: Identify structural patterns.
  Confirmed bit mappings: bit1<-in[0](shift=7), bit2<-in[1](shift=7), bit3<-in[2](shift=7), bit4<-in[3](shift=7), bit5<-in[4](shift=7)
  Dominant shift = 7 (weight 13)

Step 3: Resolve ambiguous bits using structural patterns.
  Bit 0: Resolved via pair/structure pattern -> value = 1
  Bit 2: Using shift=7, source = in[1] -> value = 0
  Bit 3: Using shift=7, source = in[2] -> value = 0
  Bit 4: Using shift=7, source = in[3] -> value = 0

Step 4: All bits resolved without brute-force.

Step 5: Combine all bits to form the output.
  bit0=1(ctx) | bit1=0(unambig) | bit2=0(ctx) | bit3=0(ctx) | bit4=0(ctx) | bit5=0(unambig) | bit6=1(unambig) | bit7=1(unambig)

The answer is 10000011.",Bit Manipulation,high,ctx,0,10000011
e818def8,"In Alice's Wonderland, a secret bit manipulation rule transforms 8-bit binary numbers. The transformation involves operations like bit shifts, rotations, XOR, AND, OR, NOT, and possibly majority or choice functions.

Here are some examples of input -> output:
11100001 -> 11110000
11001000 -> 01100100
00000001 -> 10100000
00111101 -> 10111110
01010000 -> 00101000
11010101 -> 11101010
11011100 -> 11101110

Now, determine the output for: 01010101",10101010,"I need to find the secret bit manipulation rule from the examples.

Given 7 examples:
  11100001 -> 11110000
  11001000 -> 01100100
  00000001 -> 10100000
  00111101 -> 10111110
  01010000 -> 00101000
  11010101 -> 11101010
  11011100 -> 11101110

Query: 01010101

Step 1: Check for whole-byte patterns.
  Mixed shift pattern detected.
  Rule: some output bits are shifted copies, rest use a uniform 2-input function.

Step 2: Apply the pattern to the query.
  01010101 -> 10101010

The answer is 10101010.",Bit Manipulation,high,w_mix,0,10101010
e870e852,"In Alice's Wonderland, a secret bit manipulation rule transforms 8-bit binary numbers. The transformation involves operations like bit shifts, rotations, XOR, AND, OR, NOT, and possibly majority or choice functions.

Here are some examples of input -> output:
11000010 -> 01111000
00011100 -> 00000011
11110101 -> 10111110
00100000 -> 00000100
01110000 -> 00001110
01100111 -> 10011100
00101011 -> 01000101
10001010 -> 01110001

Now, determine the output for: 01110111",10011110,"I need to find the secret bit manipulation rule from the examples.

Given 8 examples:
  11000010 -> 01111000
  00011100 -> 00000011
  11110101 -> 10111110
  00100000 -> 00000100
  01110000 -> 00001110
  01100111 -> 10011100
  00101011 -> 01000101
  10001010 -> 01110001

Query: 01110111

Step 1: Analyze each output bit as an independent boolean function of input bits.

  Output bit 0: All 6 candidates agree -> value = 1
    Best match: AND(in[1], in[5]) = 1
  Output bit 1: All 1 candidates agree -> value = 0
    Best match: INHIB(in[6], in[5]) = 0
  Output bit 2: All 2 candidates agree -> value = 0
    Best match: ID(in[0]) = 0
  Output bit 3: All 1 candidates agree -> value = 1
    Best match: XNOR(in[2], in[5]) = 1
  Output bit 4: All 2 candidates agree -> value = 1
    Best match: ID(in[1]) = 1
  Output bit 5: All 2 candidates agree -> value = 1
    Best match: ID(in[2]) = 1
  Output bit 6: Ambiguous (1 candidates predict 0, 1 predict 1)
    For 0: INHIB(in[3], in[6])
    For 1: ID(in[3])
  Output bit 7: All 2 candidates agree -> value = 0
    Best match: ID(in[4]) = 0

Step 2: Identify structural patterns.
  Confirmed bit mappings: bit2<-in[0](shift=6), bit4<-in[1](shift=5), bit5<-in[2](shift=5), bit6<-in[3](shift=5), bit7<-in[4](shift=5)
  Dominant shift = 5 (weight 16)

Step 3: Resolve ambiguous bits using structural patterns.
  Bit 6: Using shift=5, source = in[3] -> value = 1

Step 4: All bits resolved without brute-force.

Step 5: Combine all bits to form the output.
  bit0=1(unambig) | bit1=0(unambig) | bit2=0(unambig) | bit3=1(unambig) | bit4=1(unambig) | bit5=1(unambig) | bit6=1(ctx) | bit7=0(unambig)

The answer is 10011110.",Bit Manipulation,high,ctx,0,10011110
e928acf8,"In Alice's Wonderland, a secret bit manipulation rule transforms 8-bit binary numbers. The transformation involves operations like bit shifts, rotations, XOR, AND, OR, NOT, and possibly majority or choice functions.

Here are some examples of input -> output:
11100110 -> 00111110
01011101 -> 11101101
11000001 -> 00000100
01100001 -> 00001110
00110010 -> 10010011
01010000 -> 10000101
01011000 -> 11000101
10111111 -> 11110011
10110001 -> 10000011
00000010 -> 00010000

Now, determine the output for: 01110001",10001111,"I need to find the secret bit manipulation rule from the examples.

Given 10 examples:
  11100110 -> 00111110
  01011101 -> 11101101
  11000001 -> 00000100
  01100001 -> 00001110
  00110010 -> 10010011
  01010000 -> 10000101
  01011000 -> 11000101
  10111111 -> 11110011
  10110001 -> 10000011
  00000010 -> 00010000

Query: 01110001

Step 1: Analyze each output bit as an independent boolean function of input bits.

  Output bit 0: All 2 candidates agree -> value = 1
    Best match: ID(in[3]) = 1
  Output bit 1: All 2 candidates agree -> value = 0
    Best match: ID(in[4]) = 0
  Output bit 2: All 1 candidates agree -> value = 0
    Best match: ID(in[5]) = 0
  Output bit 3: All 1 candidates agree -> value = 0
    Best match: ID(in[6]) = 0
  Output bit 4: All 1 candidates agree -> value = 1
    Best match: XOR(in[0], in[7]) = 1
  Output bit 5: All 1 candidates agree -> value = 1
    Best match: ID(in[1]) = 1
  Output bit 6: All 1 candidates agree -> value = 1
    Best match: ID(in[2]) = 1
  Output bit 7: All 2 candidates agree -> value = 1
    Best match: ID(in[3]) = 1

Step 2: Identify structural patterns.
  Confirmed bit mappings: bit0<-in[3](shift=3), bit1<-in[4](shift=3), bit2<-in[5](shift=3), bit3<-in[6](shift=3), bit5<-in[1](shift=4)
  Dominant shift = 3 (weight 20)

Step 3: No additional bits resolved by context propagation.

Step 4: All bits resolved without brute-force.

Step 5: Combine all bits to form the output.
  bit0=1(unambig) | bit1=0(unambig) | bit2=0(unambig) | bit3=0(unambig) | bit4=1(unambig) | bit5=1(unambig) | bit6=1(unambig) | bit7=1(unambig)

The answer is 10001111.",Bit Manipulation,high,ctx,0,10001111
e97d9519,"In Alice's Wonderland, a secret bit manipulation rule transforms 8-bit binary numbers. The transformation involves operations like bit shifts, rotations, XOR, AND, OR, NOT, and possibly majority or choice functions.

Here are some examples of input -> output:
01101110 -> 10111000
01011011 -> 01101100
10111111 -> 11111101
11101000 -> 10100001
01011110 -> 01111000
11000100 -> 00010001
11101100 -> 10110001
00001010 -> 00101000
00010000 -> 01000000
00110010 -> 11001000

Now, determine the output for: 10100110",10011001,"I need to find the secret bit manipulation rule from the examples.

Given 10 examples:
  01101110 -> 10111000
  01011011 -> 01101100
  10111111 -> 11111101
  11101000 -> 10100001
  01011110 -> 01111000
  11000100 -> 00010001
  11101100 -> 10110001
  00001010 -> 00101000
  00010000 -> 01000000
  00110010 -> 11001000

Query: 10100110

Step 1: Analyze each output bit as an independent boolean function of input bits.

  Output bit 0: All 1 candidates agree -> value = 1
    Best match: ID(in[2]) = 1
  Output bit 1: All 2 candidates agree -> value = 0
    Best match: ID(in[3]) = 0
  Output bit 2: All 2 candidates agree -> value = 0
    Best match: ID(in[4]) = 0
  Output bit 3: All 1 candidates agree -> value = 1
    Best match: ID(in[5]) = 1
  Output bit 4: All 2 candidates agree -> value = 1
    Best match: ID(in[6]) = 1
  Output bit 5: All 4 candidates agree -> value = 0
    Best match: ID(in[7]) = 0
  Output bit 6: All 4 candidates agree -> value = 0
    Best match: INHIB(in[7], in[3]) = 0
  Output bit 7: All 1 candidates agree -> value = 1
    Best match: ID(in[0]) = 1

Step 2: Identify structural patterns.
  Confirmed bit mappings: bit0<-in[2](shift=2), bit1<-in[3](shift=2), bit2<-in[4](shift=2), bit3<-in[5](shift=2), bit4<-in[6](shift=2)
  Dominant shift = 2 (weight 30)

Step 3: No additional bits resolved by context propagation.

Step 4: All bits resolved without brute-force.

Step 5: Combine all bits to form the output.
  bit0=1(unambig) | bit1=0(unambig) | bit2=0(unambig) | bit3=1(unambig) | bit4=1(unambig) | bit5=0(unambig) | bit6=0(unambig) | bit7=1(unambig)

The answer is 10011001.",Bit Manipulation,high,ctx,0,10011001
ec2e58ea,"In Alice's Wonderland, a secret bit manipulation rule transforms 8-bit binary numbers. The transformation involves operations like bit shifts, rotations, XOR, AND, OR, NOT, and possibly majority or choice functions.

Here are some examples of input -> output:
01010100 -> 10000000
10111001 -> 00100001
01111000 -> 00000000
10010001 -> 00100001
01101110 -> 11000000
01100001 -> 00100000
10111010 -> 01000001
01100101 -> 10100000
10100001 -> 00100001
10001010 -> 01000001

Now, determine the output for: 01010101",10100000,"I need to find the secret bit manipulation rule from the examples.

Given 10 examples:
  01010100 -> 10000000
  10111001 -> 00100001
  01111000 -> 00000000
  10010001 -> 00100001
  01101110 -> 11000000
  01100001 -> 00100000
  10111010 -> 01000001
  01100101 -> 10100000
  10100001 -> 00100001
  10001010 -> 01000001

Query: 01010101

Step 1: Analyze each output bit as an independent boolean function of input bits.

  Output bit 0: All 3 candidates agree -> value = 1
    Best match: ID(in[5]) = 1
  Output bit 1: All 3 candidates agree -> value = 0
    Best match: ID(in[6]) = 0
  Output bit 2: All 2 candidates agree -> value = 1
    Best match: ID(in[7]) = 1
  Output bit 3: All 8 candidates agree -> value = 0
    Best match: AND(in[0], in[1]) = 0
  Output bit 4: All 8 candidates agree -> value = 0
    Best match: AND(in[0], in[1]) = 0
  Output bit 5: All 8 candidates agree -> value = 0
    Best match: AND(in[0], in[1]) = 0
  Output bit 6: All 8 candidates agree -> value = 0
    Best match: AND(in[0], in[1]) = 0
  Output bit 7: All 6 candidates agree -> value = 0
    Best match: ID(in[0]) = 0

Step 2: Identify structural patterns.
  Confirmed bit mappings: bit0<-in[5](shift=5), bit1<-in[6](shift=5), bit2<-in[7](shift=5), bit7<-in[1](shift=2)
  Dominant shift = 5 (weight 15)

Step 3: No additional bits resolved by context propagation.

Step 4: All bits resolved without brute-force.

Step 5: Combine all bits to form the output.
  bit0=1(unambig) | bit1=0(unambig) | bit2=1(unambig) | bit3=0(unambig) | bit4=0(unambig) | bit5=0(unambig) | bit6=0(unambig) | bit7=0(unambig)

The answer is 10100000.",Bit Manipulation,high,ctx,0,10100000
ec46d596,"In Alice's Wonderland, a secret bit manipulation rule transforms 8-bit binary numbers. The transformation involves operations like bit shifts, rotations, XOR, AND, OR, NOT, and possibly majority or choice functions.

Here are some examples of input -> output:
10100000 -> 11111011
10100011 -> 00011011
01110000 -> 11111001
01001101 -> 00110110
11101001 -> 11110110
10001001 -> 11001110
11001111 -> 10100111
01101011 -> 01110111

Now, determine the output for: 00011110",10111111,"I need to find the secret bit manipulation rule from the examples.

Given 8 examples:
  10100000 -> 11111011
  10100011 -> 00011011
  01110000 -> 11111001
  01001101 -> 00110110
  11101001 -> 11110110
  10001001 -> 11001110
  11001111 -> 10100111
  01101011 -> 01110111

Query: 00011110

Step 1: Analyze each output bit as an independent boolean function of input bits.

  Output bit 0: All 1 candidates agree -> value = 1
    Best match: XNOR(in[5], in[6]) = 1
  Output bit 1: All 1 candidates agree -> value = 0
    Best match: XOR3(in[0], in[3], in[6]) = 0
  Output bit 2: All 1 candidates agree -> value = 1
    Best match: IMPL(in[7], in[1]) = 1
  Output bit 3: All 1 candidates agree -> value = 1
    Best match: IMPL(in[0], in[2]) = 1
  Output bit 4: Ambiguous (1 candidates predict 0, 3 predict 1)
    For 0: XNOR(in[1], in[3])
    For 1: NAND(in[1], in[4]), NAND(in[1], in[7]), IMPL(in[1], in[3])
  Output bit 5: Ambiguous (2 candidates predict 0, 3 predict 1)
    For 0: AND(in[4], in[7]), INHIB(in[4], in[3])
    For 1: ID(in[4]), OR(in[4], in[5]), IMPL(in[2], in[4])
  Output bit 6: Ambiguous (4 candidates predict 0, 8 predict 1)
    For 0: OR(in[0], in[7]), NOT(in[3]), IMPL(in[3], in[0])
    For 1: OR(in[0], in[4]), NAND(in[1], in[3]), NAND(in[2], in[3])
  Output bit 7: Ambiguous (1 candidates predict 0, 2 predict 1)
    For 0: XNOR(in[6], in[7])
    For 1: IMPL(in[4], in[6]), IMPL(in[7], in[6])

Step 2: No strong shift pattern detected.

Step 3: Resolve ambiguous bits using structural patterns.
  Bit 4: Resolved via pair/structure pattern -> value = 1
  Bit 5: Resolved via pair/structure pattern -> value = 1
  Bit 6: Resolved via pair/structure pattern -> value = 1
  Bit 7: Resolved via pair/structure pattern -> value = 1

Step 4: All bits resolved without brute-force.

Step 5: Combine all bits to form the output.
  bit0=1(unambig) | bit1=0(unambig) | bit2=1(unambig) | bit3=1(unambig) | bit4=1(ctx) | bit5=1(ctx) | bit6=1(ctx) | bit7=1(ctx)

The answer is 10111111.",Bit Manipulation,high,ctx,0,10111111
eda44942,"In Alice's Wonderland, a secret bit manipulation rule transforms 8-bit binary numbers. The transformation involves operations like bit shifts, rotations, XOR, AND, OR, NOT, and possibly majority or choice functions.

Here are some examples of input -> output:
10100100 -> 01001000
01100100 -> 01000111
00011010 -> 10100001
11111000 -> 10001100
01101011 -> 10110111
11111110 -> 11101100
11101101 -> 11011101
11100101 -> 01011101
00101001 -> 10010010
11010111 -> 01111110

Now, determine the output for: 00011100",11000001,"I need to find the secret bit manipulation rule from the examples.

Given 10 examples:
  10100100 -> 01001000
  01100100 -> 01000111
  00011010 -> 10100001
  11111000 -> 10001100
  01101011 -> 10110111
  11111110 -> 11101100
  11101101 -> 11011101
  11100101 -> 01011101
  00101001 -> 10010010
  11010111 -> 01111110

Query: 00011100

Step 1: Check for whole-byte patterns.
  Mixed shift pattern detected.
  Rule: some output bits are shifted copies, rest use a uniform 2-input function.

Step 2: Apply the pattern to the query.
  00011100 -> 11000001

The answer is 11000001.",Bit Manipulation,high,w_mix,0,11000001
ee2e608e,"In Alice's Wonderland, a secret bit manipulation rule transforms 8-bit binary numbers. The transformation involves operations like bit shifts, rotations, XOR, AND, OR, NOT, and possibly majority or choice functions.

Here are some examples of input -> output:
10101111 -> 01010011
10111100 -> 11001111
00000011 -> 00011000
10001010 -> 01110010
01010010 -> 10000100
00100011 -> 00010000
11011111 -> 11001111

Now, determine the output for: 01110110",10101101,"I need to find the secret bit manipulation rule from the examples.

Given 7 examples:
  10101111 -> 01010011
  10111100 -> 11001111
  00000011 -> 00011000
  10001010 -> 01110010
  01010010 -> 10000100
  00100011 -> 00010000
  11011111 -> 11001111

Query: 01110110

Step 1: Analyze each output bit as an independent boolean function of input bits.

  Output bit 0: All 5 candidates agree -> value = 1
    Best match: ID(in[3]) = 1
  Output bit 1: Ambiguous (6 candidates predict 0, 2 predict 1)
    For 0: ID(in[0]), ID(in[4]), AND(in[0], in[4])
    For 1: OR(in[0], in[5]), OR(in[4], in[5])
  Output bit 2: Ambiguous (3 candidates predict 0, 2 predict 1)
    For 0: NOR(in[3], in[7]), INHIB(in[0], in[5]), INHIB(in[4], in[5])
    For 1: XOR(in[0], in[5]), XOR(in[4], in[5])
  Output bit 3: All 5 candidates agree -> value = 0
    Best match: XOR(in[1], in[6]) = 0
  Output bit 4: All 1 candidates agree -> value = 1
    Best match: XOR(in[2], in[7]) = 1
  Output bit 5: All 5 candidates agree -> value = 1
    Best match: ID(in[3]) = 1
  Output bit 6: Ambiguous (6 candidates predict 0, 2 predict 1)
    For 0: ID(in[0]), ID(in[4]), AND(in[0], in[4])
    For 1: OR(in[0], in[5]), OR(in[4], in[5])
  Output bit 7: Ambiguous (2 candidates predict 0, 2 predict 1)
    For 0: AND(in[0], in[5]), AND(in[4], in[5])
    For 1: ID(in[5]), IMPL(in[6], in[5])

Step 2: Identify structural patterns.
  Confirmed bit mappings: bit0<-in[3](shift=3), bit1<-in[4](shift=3), bit3<-in[3](shift=0), bit5<-in[3](shift=6), bit6<-in[4](shift=6)
  Dominant shift = 6 (weight 7)

Step 3: Resolve ambiguous bits using structural patterns.
  Bit 1: Using shift=3, source = in[4] -> value = 0
  Bit 2: Resolved via pair/structure pattern -> value = 1
  Bit 6: Using shift=6, source = in[4] -> value = 0
  Bit 7: Using shift=6, source = in[5] -> value = 1

Step 4: All bits resolved without brute-force.

Step 5: Combine all bits to form the output.
  bit0=1(unambig) | bit1=0(ctx) | bit2=1(ctx) | bit3=0(unambig) | bit4=1(unambig) | bit5=1(unambig) | bit6=0(ctx) | bit7=1(ctx)

The answer is 10101101.",Bit Manipulation,high,ctx,0,10101101
eeda9bd9,"In Alice's Wonderland, a secret bit manipulation rule transforms 8-bit binary numbers. The transformation involves operations like bit shifts, rotations, XOR, AND, OR, NOT, and possibly majority or choice functions.

Here are some examples of input -> output:
01101101 -> 10110111
01000100 -> 00010010
10000000 -> 00000100
01101010 -> 10101011
11110010 -> 11001111
00011011 -> 01101100
10100010 -> 10001101
01011001 -> 01100110
10101011 -> 10101001
10011100 -> 01110100

Now, determine the output for: 01111110",11111011,"I need to find the secret bit manipulation rule from the examples.

Given 10 examples:
  01101101 -> 10110111
  01000100 -> 00010010
  10000000 -> 00000100
  01101010 -> 10101011
  11110010 -> 11001111
  00011011 -> 01101100
  10100010 -> 10001101
  01011001 -> 01100110
  10101011 -> 10101001
  10011100 -> 01110100

Query: 01111110

Step 1: Analyze each output bit as an independent boolean function of input bits.

  Output bit 0: All 1 candidates agree -> value = 1
    Best match: ID(in[2]) = 1
  Output bit 1: All 1 candidates agree -> value = 1
    Best match: ID(in[3]) = 1
  Output bit 2: All 2 candidates agree -> value = 1
    Best match: ID(in[4]) = 1
  Output bit 3: Ambiguous (1 candidates predict 0, 1 predict 1)
    For 0: INHIB(in[5], in[6])
    For 1: ID(in[5])
  Output bit 4: Ambiguous (1 candidates predict 0, 1 predict 1)
    For 0: INHIB(in[6], in[5])
    For 1: ID(in[6])
  Output bit 5: All 1 candidates agree -> value = 0
    Best match: XOR(in[0], in[7]) = 0
  Output bit 6: All 1 candidates agree -> value = 1
    Best match: ID(in[1]) = 1
  Output bit 7: All 1 candidates agree -> value = 1
    Best match: ID(in[2]) = 1

Step 2: Identify structural patterns.
  Confirmed bit mappings: bit0<-in[2](shift=2), bit1<-in[3](shift=2), bit2<-in[4](shift=2), bit3<-in[5](shift=2), bit4<-in[6](shift=2)
  Dominant shift = 2 (weight 17)

Step 3: Resolve ambiguous bits using structural patterns.
  Bit 3: Using shift=2, source = in[5] -> value = 1
  Bit 4: Using shift=2, source = in[6] -> value = 1

Step 4: All bits resolved without brute-force.

Step 5: Combine all bits to form the output.
  bit0=1(unambig) | bit1=1(unambig) | bit2=1(unambig) | bit3=1(ctx) | bit4=1(ctx) | bit5=0(unambig) | bit6=1(unambig) | bit7=1(unambig)

The answer is 11111011.",Bit Manipulation,high,ctx,0,11111011
efc2b69d,"In Alice's Wonderland, a secret bit manipulation rule transforms 8-bit binary numbers. The transformation involves operations like bit shifts, rotations, XOR, AND, OR, NOT, and possibly majority or choice functions.

Here are some examples of input -> output:
00101110 -> 11000101
11101001 -> 00111101
11110000 -> 00011110
00100001 -> 00100100
00111111 -> 11100111
10001110 -> 11010001
11011101 -> 10111011

Now, determine the output for: 11100101",10111100,"I need to find the secret bit manipulation rule from the examples.

Given 7 examples:
  00101110 -> 11000101
  11101001 -> 00111101
  11110000 -> 00011110
  00100001 -> 00100100
  00111111 -> 11100111
  10001110 -> 11010001
  11011101 -> 10111011

Query: 11100101

Step 1: Check for whole-byte patterns.
  Rotation pattern detected.
  Rule: output = rotate(input, k) for some shift k.

Step 2: Apply the pattern to the query.
  11100101 -> 10111100

The answer is 10111100.",Bit Manipulation,high,w_rot,0,10111100
f0007ca0,"In Alice's Wonderland, a secret bit manipulation rule transforms 8-bit binary numbers. The transformation involves operations like bit shifts, rotations, XOR, AND, OR, NOT, and possibly majority or choice functions.

Here are some examples of input -> output:
01010010 -> 10010010
11100011 -> 00011111
11110111 -> 10111111
11000001 -> 00001110
00000010 -> 00010000
01000010 -> 00010010
00110001 -> 10001001
00011011 -> 11011000

Now, determine the output for: 11011000",11000110,"I need to find the secret bit manipulation rule from the examples.

Given 8 examples:
  01010010 -> 10010010
  11100011 -> 00011111
  11110111 -> 10111111
  11000001 -> 00001110
  00000010 -> 00010000
  01000010 -> 00010010
  00110001 -> 10001001
  00011011 -> 11011000

Query: 11011000

Step 1: Check for whole-byte patterns.
  Rotation pattern detected.
  Rule: output = rotate(input, k) for some shift k.

Step 2: Apply the pattern to the query.
  11011000 -> 11000110

The answer is 11000110.",Bit Manipulation,high,w_rot,0,11000110
f2014638,"In Alice's Wonderland, a secret bit manipulation rule transforms 8-bit binary numbers. The transformation involves operations like bit shifts, rotations, XOR, AND, OR, NOT, and possibly majority or choice functions.

Here are some examples of input -> output:
10110001 -> 01101100
10100011 -> 11101000
11111111 -> 11111111
00100111 -> 11001001
00110100 -> 00001101
11000100 -> 00110001
01011011 -> 11010110
11101110 -> 10111011
10001010 -> 10100010

Now, determine the output for: 01101010",10011010,"I need to find the secret bit manipulation rule from the examples.

Given 9 examples:
  10110001 -> 01101100
  10100011 -> 11101000
  11111111 -> 11111111
  00100111 -> 11001001
  00110100 -> 00001101
  11000100 -> 00110001
  01011011 -> 11010110
  11101110 -> 10111011
  10001010 -> 10100010

Query: 01101010

Step 1: Check for whole-byte patterns.
  Rotation pattern detected.
  Rule: output = rotate(input, k) for some shift k.

Step 2: Apply the pattern to the query.
  01101010 -> 10011010

The answer is 10011010.",Bit Manipulation,high,w_rot,0,10011010
f24b8bee,"In Alice's Wonderland, a secret bit manipulation rule transforms 8-bit binary numbers. The transformation involves operations like bit shifts, rotations, XOR, AND, OR, NOT, and possibly majority or choice functions.

Here are some examples of input -> output:
11010100 -> 10011010
10110011 -> 01110110
11111001 -> 00111111
00111111 -> 11100111
00010010 -> 01000010
01111000 -> 00001111
10110110 -> 11010110
10010100 -> 10010010
01101000 -> 00001101

Now, determine the output for: 11000110",11011000,"I need to find the secret bit manipulation rule from the examples.

Given 9 examples:
  11010100 -> 10011010
  10110011 -> 01110110
  11111001 -> 00111111
  00111111 -> 11100111
  00010010 -> 01000010
  01111000 -> 00001111
  10110110 -> 11010110
  10010100 -> 10010010
  01101000 -> 00001101

Query: 11000110

Step 1: Check for whole-byte patterns.
  Rotation pattern detected.
  Rule: output = rotate(input, k) for some shift k.

Step 2: Apply the pattern to the query.
  11000110 -> 11011000

The answer is 11011000.",Bit Manipulation,high,w_rot,0,11011000
f2a167e5,"In Alice's Wonderland, a secret bit manipulation rule transforms 8-bit binary numbers. The transformation involves operations like bit shifts, rotations, XOR, AND, OR, NOT, and possibly majority or choice functions.

Here are some examples of input -> output:
01000110 -> 01011011
11101011 -> 00100001
11001100 -> 10110011
01001100 -> 10111011
10001011 -> 00100111
01111101 -> 10001000
11010001 -> 11000011
00011001 -> 01001110
11001101 -> 10000011
01110001 -> 11001000

Now, determine the output for: 00010011",10101110,"I need to find the secret bit manipulation rule from the examples.

Given 10 examples:
  01000110 -> 01011011
  11101011 -> 00100001
  11001100 -> 10110011
  01001100 -> 10111011
  10001011 -> 00100111
  01111101 -> 10001000
  11010001 -> 11000011
  00011001 -> 01001110
  11001101 -> 10000011
  01110001 -> 11001000

Query: 00010011

Step 1: Analyze each output bit as an independent boolean function of input bits.

  Output bit 0: Ambiguous (1 candidates predict 0, 1 predict 1)
    For 0: INHIB(in[1], in[6])
    For 1: XNOR(in[4], in[5])
  Output bit 1: All 1 candidates agree -> value = 0
    Best match: XNOR(in[5], in[6]) = 0
  Output bit 2: All 1 candidates agree -> value = 1
    Best match: XNOR(in[6], in[7]) = 1
  Output bit 3: All 5 candidates agree -> value = 0
    Best match: NOR(in[2], in[7]) = 0
  Output bit 4: All 1 candidates agree -> value = 1
    Best match: NOT(in[0]) = 1
  Output bit 5: Ambiguous (1 candidates predict 0, 4 predict 1)
    For 0: INHIB(in[4], in[1])
    For 1: NOR(in[1], in[2]), NOR(in[1], in[5]), NOT(in[1])
  Output bit 6: All 3 candidates agree -> value = 1
    Best match: NOT(in[2]) = 1
  Output bit 7: All 2 candidates agree -> value = 0
    Best match: IMPL(in[3], in[0]) = 0

Step 2: Identify structural patterns.
  Confirmed bit mappings: bit3<-in[7](shift=4), bit4<-in[0](shift=4), bit5<-in[1](shift=4), bit6<-in[2](shift=4)
  Dominant shift = 4 (weight 16)

Step 3: Resolve ambiguous bits using structural patterns.
  Bit 0: Resolved via pair/structure pattern -> value = 1
  Bit 5: Using shift=4, source = in[1] -> value = 1

Step 4: All bits resolved without brute-force.

Step 5: Combine all bits to form the output.
  bit0=1(ctx) | bit1=0(unambig) | bit2=1(unambig) | bit3=0(unambig) | bit4=1(unambig) | bit5=1(ctx) | bit6=1(unambig) | bit7=0(unambig)

The answer is 10101110.",Bit Manipulation,high,ctx,0,10101110
f2b23d11,"In Alice's Wonderland, a secret bit manipulation rule transforms 8-bit binary numbers. The transformation involves operations like bit shifts, rotations, XOR, AND, OR, NOT, and possibly majority or choice functions.

Here are some examples of input -> output:
10111010 -> 01000000
10010101 -> 10100000
01011000 -> 00000000
11000111 -> 00100000
10001110 -> 01000000
11110000 -> 00000000
01100101 -> 00100000
00011011 -> 01000000

Now, determine the output for: 01111100",10000000,"I need to find the secret bit manipulation rule from the examples.

Given 8 examples:
  10111010 -> 01000000
  10010101 -> 10100000
  01011000 -> 00000000
  11000111 -> 00100000
  10001110 -> 01000000
  11110000 -> 00000000
  01100101 -> 00100000
  00011011 -> 01000000

Query: 01111100

Step 1: Analyze each output bit as an independent boolean function of input bits.

  Output bit 0: Ambiguous (2 candidates predict 0, 2 predict 1)
    For 0: NOR(in[1], in[4]), NOR(in[1], in[6])
    For 1: AND(in[3], in[5]), XNOR(in[3], in[5])
  Output bit 1: All 3 candidates agree -> value = 0
    Best match: AND(in[4], in[6]) = 0
  Output bit 2: All 3 candidates agree -> value = 0
    Best match: AND(in[5], in[7]) = 0
  Output bit 3: All 2 candidates agree -> value = 0
    Best match: NOR(in[3], in[5]) = 0
  Output bit 4: All 2 candidates agree -> value = 0
    Best match: NOR(in[3], in[5]) = 0
  Output bit 5: All 2 candidates agree -> value = 0
    Best match: NOR(in[3], in[5]) = 0
  Output bit 6: All 2 candidates agree -> value = 0
    Best match: NOR(in[3], in[5]) = 0
  Output bit 7: All 2 candidates agree -> value = 0
    Best match: NOR(in[3], in[5]) = 0

Step 2: No strong shift pattern detected.

Step 3: Resolve ambiguous bits using structural patterns.
  Bit 0: Resolved via pair/structure pattern -> value = 1

Step 4: All bits resolved without brute-force.

Step 5: Combine all bits to form the output.
  bit0=1(ctx) | bit1=0(unambig) | bit2=0(unambig) | bit3=0(unambig) | bit4=0(unambig) | bit5=0(unambig) | bit6=0(unambig) | bit7=0(unambig)

The answer is 10000000.",Bit Manipulation,high,ctx,0,10000000
f2f257ed,"In Alice's Wonderland, a secret bit manipulation rule transforms 8-bit binary numbers. The transformation involves operations like bit shifts, rotations, XOR, AND, OR, NOT, and possibly majority or choice functions.

Here are some examples of input -> output:
00100101 -> 10101001
01011100 -> 10010111
11011101 -> 10010111
11010000 -> 00110100
00000111 -> 11100001
00111000 -> 00001110
01101100 -> 10011011

Now, determine the output for: 10000110",11100001,"I need to find the secret bit manipulation rule from the examples.

Given 7 examples:
  00100101 -> 10101001
  01011100 -> 10010111
  11011101 -> 10010111
  11010000 -> 00110100
  00000111 -> 11100001
  00111000 -> 00001110
  01101100 -> 10011011

Query: 10000110

Step 1: Check for whole-byte patterns.
  Permutation pattern detected.
  Rule: each output bit is copied (possibly inverted) from a specific input bit.

Step 2: Apply the pattern to the query.
  10000110 -> 11100001

The answer is 11100001.",Bit Manipulation,high,w_perm,0,11100001
f30b205e,"In Alice's Wonderland, a secret bit manipulation rule transforms 8-bit binary numbers. The transformation involves operations like bit shifts, rotations, XOR, AND, OR, NOT, and possibly majority or choice functions.

Here are some examples of input -> output:
01101110 -> 11001110
11110010 -> 01011001
11101100 -> 10011010
10001110 -> 11010101
00000111 -> 11100000
11011011 -> 01111101
01111110 -> 11001100
10100111 -> 11110001
11011110 -> 11011101
01110001 -> 00101101

Now, determine the output for: 01001100",10001011,"I need to find the secret bit manipulation rule from the examples.

Given 10 examples:
  01101110 -> 11001110
  11110010 -> 01011001
  11101100 -> 10011010
  10001110 -> 11010101
  00000111 -> 11100000
  11011011 -> 01111101
  01111110 -> 11001100
  10100111 -> 11110001
  11011110 -> 11011101
  01110001 -> 00101101

Query: 01001100

Step 1: Check for whole-byte patterns.
  Mixed shift pattern detected.
  Rule: some output bits are shifted copies, rest use a uniform 2-input function.

Step 2: Apply the pattern to the query.
  01001100 -> 10001011

The answer is 10001011.",Bit Manipulation,high,w_mix,0,10001011
f376c085,"In Alice's Wonderland, a secret bit manipulation rule transforms 8-bit binary numbers. The transformation involves operations like bit shifts, rotations, XOR, AND, OR, NOT, and possibly majority or choice functions.

Here are some examples of input -> output:
10001101 -> 11010111
10101011 -> 11010101
10100000 -> 01010100
00110011 -> 10011111
10011101 -> 11011111
11011000 -> 01111111
11110100 -> 01111110
01101000 -> 00111101
11010101 -> 11111010
01111011 -> 10111111

Now, determine the output for: 10001001",11010101,"I need to find the secret bit manipulation rule from the examples.

Given 10 examples:
  10001101 -> 11010111
  10101011 -> 11010101
  10100000 -> 01010100
  00110011 -> 10011111
  10011101 -> 11011111
  11011000 -> 01111111
  11110100 -> 01111110
  01101000 -> 00111101
  11010101 -> 11111010
  01111011 -> 10111111

Query: 10001001

Step 1: Check for whole-byte patterns.
  Mixed shift pattern detected.
  Rule: some output bits are shifted copies, rest use a uniform 2-input function.

Step 2: Apply the pattern to the query.
  10001001 -> 11010101

The answer is 11010101.",Bit Manipulation,high,w_mix,0,11010101
f5d74f50,"In Alice's Wonderland, a secret bit manipulation rule transforms 8-bit binary numbers. The transformation involves operations like bit shifts, rotations, XOR, AND, OR, NOT, and possibly majority or choice functions.

Here are some examples of input -> output:
01110011 -> 11111100
00100100 -> 10001001
11110011 -> 11111100
10110000 -> 00101100
00100110 -> 11001001
10000101 -> 11100001
10100100 -> 10101001

Now, determine the output for: 00000101",11100001,"I need to find the secret bit manipulation rule from the examples.

Given 7 examples:
  01110011 -> 11111100
  00100100 -> 10001001
  11110011 -> 11111100
  10110000 -> 00101100
  00100110 -> 11001001
  10000101 -> 11100001
  10100100 -> 10101001

Query: 00000101

Step 1: Check for whole-byte patterns.
  Mixed shift pattern detected.
  Rule: some output bits are shifted copies, rest use a uniform 2-input function.

Step 2: Apply the pattern to the query.
  00000101 -> 11100001

The answer is 11100001.",Bit Manipulation,high,w_mix,0,11100001
f6a95641,"In Alice's Wonderland, a secret bit manipulation rule transforms 8-bit binary numbers. The transformation involves operations like bit shifts, rotations, XOR, AND, OR, NOT, and possibly majority or choice functions.

Here are some examples of input -> output:
11001011 -> 10110010
10100101 -> 10101001
00000101 -> 10000001
11110110 -> 00111101
11110111 -> 10111101
10110000 -> 00101100
01100000 -> 00011000
11001111 -> 10110011

Now, determine the output for: 11100111",10111001,"I need to find the secret bit manipulation rule from the examples.

Given 8 examples:
  11001011 -> 10110010
  10100101 -> 10101001
  00000101 -> 10000001
  11110110 -> 00111101
  11110111 -> 10111101
  10110000 -> 00101100
  01100000 -> 00011000
  11001111 -> 10110011

Query: 11100111

Step 1: Analyze each output bit as an independent boolean function of input bits.

  Output bit 0: All 3 candidates agree -> value = 1
    Best match: ID(in[7]) = 1
  Output bit 1: All 12 candidates agree -> value = 0
    Best match: AND(in[2], in[4]) = 0
  Output bit 2: All 4 candidates agree -> value = 1
    Best match: ID(in[0]) = 1
  Output bit 3: All 3 candidates agree -> value = 1
    Best match: ID(in[1]) = 1
  Output bit 4: All 4 candidates agree -> value = 1
    Best match: ID(in[2]) = 1
  Output bit 5: All 4 candidates agree -> value = 0
    Best match: ID(in[3]) = 0
  Output bit 6: Ambiguous (10 candidates predict 0, 1 predict 1)
    For 0: ID(in[4]), AND(in[0], in[4]), AND(in[1], in[4])
    For 1: INHIB(in[6], in[3])
  Output bit 7: All 1 candidates agree -> value = 1
    Best match: ID(in[5]) = 1

Step 2: Identify structural patterns.
  Confirmed bit mappings: bit0<-in[7](shift=7), bit2<-in[0](shift=6), bit3<-in[1](shift=6), bit4<-in[2](shift=6), bit5<-in[3](shift=6)
  Dominant shift = 6 (weight 26)

Step 3: Resolve ambiguous bits using structural patterns.
  Bit 6: Using shift=6, source = in[4] -> value = 0

Step 4: All bits resolved without brute-force.

Step 5: Combine all bits to form the output.
  bit0=1(unambig) | bit1=0(unambig) | bit2=1(unambig) | bit3=1(unambig) | bit4=1(unambig) | bit5=0(unambig) | bit6=0(ctx) | bit7=1(unambig)

The answer is 10111001.",Bit Manipulation,high,ctx,0,10111001
f7346f0c,"In Alice's Wonderland, a secret bit manipulation rule transforms 8-bit binary numbers. The transformation involves operations like bit shifts, rotations, XOR, AND, OR, NOT, and possibly majority or choice functions.

Here are some examples of input -> output:
10110011 -> 01110110
10011111 -> 11110011
11101111 -> 11111101
00010110 -> 11000010
10100011 -> 01110100
10010000 -> 00010010
01111111 -> 11101111
01101011 -> 01101101
01011010 -> 01001011

Now, determine the output for: 00101111",11100101,"I need to find the secret bit manipulation rule from the examples.

Given 9 examples:
  10110011 -> 01110110
  10011111 -> 11110011
  11101111 -> 11111101
  00010110 -> 11000010
  10100011 -> 01110100
  10010000 -> 00010010
  01111111 -> 11101111
  01101011 -> 01101101
  01011010 -> 01001011

Query: 00101111

Step 1: Check for whole-byte patterns.
  Rotation pattern detected.
  Rule: output = rotate(input, k) for some shift k.

Step 2: Apply the pattern to the query.
  00101111 -> 11100101

The answer is 11100101.",Bit Manipulation,high,w_rot,0,11100101
f8fc43d2,"In Alice's Wonderland, a secret bit manipulation rule transforms 8-bit binary numbers. The transformation involves operations like bit shifts, rotations, XOR, AND, OR, NOT, and possibly majority or choice functions.

Here are some examples of input -> output:
11101010 -> 01101101
10110110 -> 10011000
11111111 -> 11000000
01000111 -> 00101011
10000000 -> 00100100
11110111 -> 10000010
01101111 -> 01100000
10110101 -> 10000000

Now, determine the output for: 01111111",11100100,"I need to find the secret bit manipulation rule from the examples.

Given 8 examples:
  11101010 -> 01101101
  10110110 -> 10011000
  11111111 -> 11000000
  01000111 -> 00101011
  10000000 -> 00100100
  11110111 -> 10000010
  01101111 -> 01100000
  10110101 -> 10000000

Query: 01111111

Step 1: Analyze each output bit as an independent boolean function of input bits.

  Output bit 0: Ambiguous (3 candidates predict 0, 3 predict 1)
    For 0: AND(in[0], in[3]), AND(in[0], in[5]), XNOR(in[0], in[5])
    For 1: ID(in[3]), AND(in[2], in[3]), AND(in[3], in[5])
  Output bit 1: All 4 candidates agree -> value = 1
    Best match: ID(in[4]) = 1
  Output bit 2: Ambiguous (3 candidates predict 0, 3 predict 1)
    For 0: NOT(in[3]), NAND(in[2], in[3]), NAND(in[3], in[5])
    For 1: XOR(in[0], in[5]), NAND(in[0], in[3]), NAND(in[0], in[5])
  Output bit 3: All 5 candidates agree -> value = 0
    Best match: XOR(in[1], in[6]) = 0
  Output bit 4: All 1 candidates agree -> value = 0
    Best match: XOR(in[2], in[7]) = 0
  Output bit 5: Ambiguous (6 candidates predict 0, 1 predict 1)
    For 0: NOR(in[3], in[5]), NOR(in[3], in[7]), NOR(in[5], in[7])
    For 1: XOR(in[0], in[3])
  Output bit 6: All 2 candidates agree -> value = 0
    Best match: XOR(in[1], in[4]) = 0
  Output bit 7: All 1 candidates agree -> value = 0
    Best match: XOR(in[2], in[5]) = 0

Step 2: Identify structural patterns.
  Confirmed bit mappings: bit0<-in[3](shift=3), bit1<-in[4](shift=3)
  Dominant shift = 3 (weight 6)

Step 3: Resolve ambiguous bits using structural patterns.
  Bit 0: Using shift=3, source = in[3] -> value = 1
  Bit 2: Resolved via pair/structure pattern -> value = 1
  Bit 5: Resolved via pair/structure pattern -> value = 1

Step 4: All bits resolved without brute-force.

Step 5: Combine all bits to form the output.
  bit0=1(ctx) | bit1=1(unambig) | bit2=1(ctx) | bit3=0(unambig) | bit4=0(unambig) | bit5=1(ctx) | bit6=0(unambig) | bit7=0(unambig)

The answer is 11100100.",Bit Manipulation,high,ctx,0,11100100
f929c6cc,"In Alice's Wonderland, a secret bit manipulation rule transforms 8-bit binary numbers. The transformation involves operations like bit shifts, rotations, XOR, AND, OR, NOT, and possibly majority or choice functions.

Here are some examples of input -> output:
11011110 -> 11011011
11011011 -> 01111011
00011101 -> 10100011
01110100 -> 10001110
01111000 -> 00001111
10000101 -> 10110000
11111011 -> 01111111
11011100 -> 10011011
01001100 -> 10001001
11010001 -> 00111010

Now, determine the output for: 10001100",10010001,"I need to find the secret bit manipulation rule from the examples.

Given 10 examples:
  11011110 -> 11011011
  11011011 -> 01111011
  00011101 -> 10100011
  01110100 -> 10001110
  01111000 -> 00001111
  10000101 -> 10110000
  11111011 -> 01111111
  11011100 -> 10011011
  01001100 -> 10001001
  11010001 -> 00111010

Query: 10001100

Step 1: Check for whole-byte patterns.
  Rotation pattern detected.
  Rule: output = rotate(input, k) for some shift k.

Step 2: Apply the pattern to the query.
  10001100 -> 10010001

The answer is 10010001.",Bit Manipulation,high,w_rot,0,10010001
f94ed862,"In Alice's Wonderland, a secret bit manipulation rule transforms 8-bit binary numbers. The transformation involves operations like bit shifts, rotations, XOR, AND, OR, NOT, and possibly majority or choice functions.

Here are some examples of input -> output:
11111110 -> 11110111
11000000 -> 00000110
01010111 -> 11111010
11110001 -> 10011111
11010111 -> 11111110
01011100 -> 11100010
00100110 -> 01110001
10111000 -> 11000101

Now, determine the output for: 00110110",11110001,"I need to find the secret bit manipulation rule from the examples.

Given 8 examples:
  11111110 -> 11110111
  11000000 -> 00000110
  01010111 -> 11111010
  11110001 -> 10011111
  11010111 -> 11111110
  01011100 -> 11100010
  00100110 -> 01110001
  10111000 -> 11000101

Query: 00110110

Step 1: Check for whole-byte patterns.
  Mixed shift pattern detected.
  Rule: some output bits are shifted copies, rest use a uniform 2-input function.

Step 2: Apply the pattern to the query.
  00110110 -> 11110001

The answer is 11110001.",Bit Manipulation,high,w_mix,0,11110001
fa553b92,"In Alice's Wonderland, a secret bit manipulation rule transforms 8-bit binary numbers. The transformation involves operations like bit shifts, rotations, XOR, AND, OR, NOT, and possibly majority or choice functions.

Here are some examples of input -> output:
01010001 -> 11010111
00001000 -> 10101111
01010100 -> 11110101
01000110 -> 01000001
10101110 -> 11010110
11110011 -> 10000101
00101101 -> 11001100
01101001 -> 01100111
00000111 -> 11001001

Now, determine the output for: 01010011",11000011,"I need to find the secret bit manipulation rule from the examples.

Given 9 examples:
  01010001 -> 11010111
  00001000 -> 10101111
  01010100 -> 11110101
  01000110 -> 01000001
  10101110 -> 11010110
  11110011 -> 10000101
  00101101 -> 11001100
  01101001 -> 01100111
  00000111 -> 11001001

Query: 01010011

Step 1: Analyze each output bit as an independent boolean function of input bits.

  Output bit 0: All 2 candidates agree -> value = 1
    Best match: XNOR(in[1], in[3]) = 1
  Output bit 1: All 1 candidates agree -> value = 1
    Best match: XNOR(in[2], in[4]) = 1
  Output bit 2: All 1 candidates agree -> value = 0
    Best match: XNOR(in[3], in[5]) = 0
  Output bit 3: Ambiguous (1 candidates predict 0, 1 predict 1)
    For 0: XNOR(in[4], in[6])
    For 1: XOR(in[0], in[3])
  Output bit 4: All 2 candidates agree -> value = 0
    Best match: XNOR(in[5], in[7]) = 0
  Output bit 5: Ambiguous (3 candidates predict 0, 2 predict 1)
    For 0: XNOR(in[0], in[6]), IMPL(in[6], in[0]), IMPL(in[6], in[2])
    For 1: XOR(in[3], in[4]), OR(in[3], in[4])
  Output bit 6: All 1 candidates agree -> value = 1
    Best match: XNOR(in[0], in[5]) = 1
  Output bit 7: All 3 candidates agree -> value = 1
    Best match: NAND(in[2], in[5]) = 1

Step 2: No strong shift pattern detected.

Step 3: Resolve ambiguous bits using structural patterns.
  Bit 3: Resolved via pair/structure pattern -> value = 0
  Bit 5: Resolved via pair/structure pattern -> value = 0

Step 4: All bits resolved without brute-force.

Step 5: Combine all bits to form the output.
  bit0=1(unambig) | bit1=1(unambig) | bit2=0(unambig) | bit3=0(ctx) | bit4=0(unambig) | bit5=0(ctx) | bit6=1(unambig) | bit7=1(unambig)

The answer is 11000011.",Bit Manipulation,high,ctx,0,11000011
fa67da07,"In Alice's Wonderland, a secret bit manipulation rule transforms 8-bit binary numbers. The transformation involves operations like bit shifts, rotations, XOR, AND, OR, NOT, and possibly majority or choice functions.

Here are some examples of input -> output:
10000011 -> 00001110
10101010 -> 10101010
01011010 -> 01101001
10001100 -> 00110010
00000111 -> 00011100
00001101 -> 00110100
10101101 -> 10110110
11110110 -> 11011011
01101101 -> 10110101
10110111 -> 11011110

Now, determine the output for: 11111010",11101011,"I need to find the secret bit manipulation rule from the examples.

Given 10 examples:
  10000011 -> 00001110
  10101010 -> 10101010
  01011010 -> 01101001
  10001100 -> 00110010
  00000111 -> 00011100
  00001101 -> 00110100
  10101101 -> 10110110
  11110110 -> 11011011
  01101101 -> 10110101
  10110111 -> 11011110

Query: 11111010

Step 1: Check for whole-byte patterns.
  Rotation pattern detected.
  Rule: output = rotate(input, k) for some shift k.

Step 2: Apply the pattern to the query.
  11111010 -> 11101011

The answer is 11101011.",Bit Manipulation,high,w_rot,0,11101011
fd03c3d3,"In Alice's Wonderland, a secret bit manipulation rule transforms 8-bit binary numbers. The transformation involves operations like bit shifts, rotations, XOR, AND, OR, NOT, and possibly majority or choice functions.

Here are some examples of input -> output:
01011100 -> 11110001
01110001 -> 11100101
00110000 -> 11000000
01111101 -> 01010101
11100011 -> 11101111
10111001 -> 11000110
00110010 -> 10001000

Now, determine the output for: 00100010",11001000,"I need to find the secret bit manipulation rule from the examples.

Given 7 examples:
  01011100 -> 11110001
  01110001 -> 11100101
  00110000 -> 11000000
  01111101 -> 01010101
  11100011 -> 11101111
  10111001 -> 11000110
  00110010 -> 10001000

Query: 00100010

Step 1: Check for whole-byte patterns.
  Mixed shift pattern detected.
  Rule: some output bits are shifted copies, rest use a uniform 2-input function.

Step 2: Apply the pattern to the query.
  00100010 -> 11001000

The answer is 11001000.",Bit Manipulation,high,w_mix,0,11001000
fd48ee2f,"In Alice's Wonderland, a secret bit manipulation rule transforms 8-bit binary numbers. The transformation involves operations like bit shifts, rotations, XOR, AND, OR, NOT, and possibly majority or choice functions.

Here are some examples of input -> output:
10111101 -> 11110100
11110010 -> 11001000
10011100 -> 01110000
01010101 -> 01010100
01101001 -> 10100100
10101100 -> 10110000
11010000 -> 01000000
11000100 -> 00010000
10010011 -> 01001100
10111000 -> 11100000

Now, determine the output for: 01101101",10110100,"I need to find the secret bit manipulation rule from the examples.

Given 10 examples:
  10111101 -> 11110100
  11110010 -> 11001000
  10011100 -> 01110000
  01010101 -> 01010100
  01101001 -> 10100100
  10101100 -> 10110000
  11010000 -> 01000000
  11000100 -> 00010000
  10010011 -> 01001100
  10111000 -> 11100000

Query: 01101101

Step 1: Check for whole-byte patterns.
  Mixed shift pattern detected.
  Rule: some output bits are shifted copies, rest use a uniform 2-input function.

Step 2: Apply the pattern to the query.
  01101101 -> 10110100

The answer is 10110100.",Bit Manipulation,high,w_mix,0,10110100
fe6d3aa3,"In Alice's Wonderland, a secret bit manipulation rule transforms 8-bit binary numbers. The transformation involves operations like bit shifts, rotations, XOR, AND, OR, NOT, and possibly majority or choice functions.

Here are some examples of input -> output:
11011001 -> 10100110
01011000 -> 10010110
01110110 -> 01111101
00001011 -> 10110010
11111001 -> 10101110
00010001 -> 00010100
10110111 -> 01011101
11010100 -> 01110101
10111011 -> 10011110
10101101 -> 11111011

Now, determine the output for: 11001001",10100010,"I need to find the secret bit manipulation rule from the examples.

Given 10 examples:
  11011001 -> 10100110
  01011000 -> 10010110
  01110110 -> 01111101
  00001011 -> 10110010
  11111001 -> 10101110
  00010001 -> 00010100
  10110111 -> 01011101
  11010100 -> 01110101
  10111011 -> 10011110
  10101101 -> 11111011

Query: 11001001

Step 1: Analyze each output bit as an independent boolean function of input bits.

  Output bit 0: All 2 candidates agree -> value = 1
    Best match: ID(in[4]) = 1
  Output bit 1: All 1 candidates agree -> value = 0
    Best match: ID(in[5]) = 0
  Output bit 2: All 1 candidates agree -> value = 1
    Best match: XOR(in[0], in[6]) = 1
  Output bit 3: All 2 candidates agree -> value = 0
    Best match: XOR(in[1], in[7]) = 0
  Output bit 4: All 1 candidates agree -> value = 0
    Best match: ID(in[2]) = 0
  Output bit 5: Ambiguous (3 candidates predict 0, 1 predict 1)
    For 0: ID(in[3]), IMPL(in[4], in[3]), IMPL(in[7], in[3])
    For 1: OR(in[1], in[3])
  Output bit 6: All 2 candidates agree -> value = 1
    Best match: ID(in[4]) = 1
  Output bit 7: All 1 candidates agree -> value = 0
    Best match: ID(in[5]) = 0

Step 2: Identify structural patterns.
  Confirmed bit mappings: bit0<-in[4](shift=4), bit1<-in[5](shift=4), bit4<-in[2](shift=6), bit5<-in[3](shift=6), bit6<-in[4](shift=6)
  Dominant shift = 6 (weight 16)

Step 3: Resolve ambiguous bits using structural patterns.
  Bit 5: Using shift=6, source = in[3] -> value = 0

Step 4: All bits resolved without brute-force.

Step 5: Combine all bits to form the output.
  bit0=1(unambig) | bit1=0(unambig) | bit2=1(unambig) | bit3=0(unambig) | bit4=0(unambig) | bit5=0(ctx) | bit6=1(unambig) | bit7=0(unambig)

The answer is 10100010.",Bit Manipulation,high,ctx,0,10100010
fec1ea92,"In Alice's Wonderland, a secret bit manipulation rule transforms 8-bit binary numbers. The transformation involves operations like bit shifts, rotations, XOR, AND, OR, NOT, and possibly majority or choice functions.

Here are some examples of input -> output:
11011000 -> 01101111
01001101 -> 00110101
10000111 -> 00011110
01100110 -> 10011111
01011101 -> 01110101
01101100 -> 10110111
00010100 -> 01010001
00101010 -> 10101010

Now, determine the output for: 11110010",11001111,"I need to find the secret bit manipulation rule from the examples.

Given 8 examples:
  11011000 -> 01101111
  01001101 -> 00110101
  10000111 -> 00011110
  01100110 -> 10011111
  01011101 -> 01110101
  01101100 -> 10110111
  00010100 -> 01010001
  00101010 -> 10101010

Query: 11110010

Step 1: Check for whole-byte patterns.
  Mixed shift pattern detected.
  Rule: some output bits are shifted copies, rest use a uniform 2-input function.

Step 2: Apply the pattern to the query.
  11110010 -> 11001111

The answer is 11001111.",Bit Manipulation,high,w_mix,0,11001111
